date,season,week,season_type,game_id,player_id,player_name,team,opponent,xp_made,xp_attempts,fg_made,fg_attempts,fg_made_distances,gsis_url
1998-09-06,1998,1,REG,1998_01_BUF_SD,nfl-john-carney,John Carney,SD,BUF,1,1,3,3,"48,47,54",https://nflgsis.com/1998/reg/01/319/Gamebook.pdf
1998-09-06,1998,1,REG,1998_01_DET_GB,nfl-jason-hanson-2,Jason Hanson,DET,GB,1,1,2,2,"47,43",https://nflgsis.com/1998/reg/01/320/Gamebook.pdf
1998-09-06,1998,1,REG,1998_01_JAX_CHI,nfl-jeff-jaeger,Jeff Jaeger,CHI,JAX,2,2,3,4,"45,35,19",https://nflgsis.com/1998/reg/01/321/Gamebook.pdf
1998-09-06,1998,1,REG,1998_01_MIA_IND,nfl-mike-vanderjagt,Mike Vanderjagt,IND,MIA,0,0,3,3,"51,27,20",https://nflgsis.com/1998/reg/01/322/Gamebook.pdf
1998-09-07,1998,1,REG,1998_01_NE_DEN,nfl-jason-elam,Jason Elam,DEN,NE,3,3,2,2,"53,42",https://nflgsis.com/1998/reg/01/331/Gamebook.pdf
1998-09-06,1998,1,REG,1998_01_NYJ_SF,nfl-john-hall,John Hall,NYJ,SF,3,3,3,4,"24,32,31",https://nflgsis.com/1998/reg/01/324/Gamebook.pdf
1998-09-06,1998,1,REG,1998_01_OAK_KC,nfl-pete-stoyanovich,Pete Stoyanovich,KC,OAK,2,2,4,5,"28,19,48,33",https://nflgsis.com/1998/reg/01/330/Gamebook.pdf
1998-09-06,1998,1,REG,1998_01_PIT_BAL,nfl-matt-stover,Matt Stover,BAL,PIT,1,1,2,5,"41,25",https://nflgsis.com/1998/reg/01/325/Gamebook.pdf
1998-09-06,1998,1,REG,1998_01_PIT_BAL,nfl-norm-johnson,Norm Johnson,PIT,BAL,2,2,2,2,"27,49",https://nflgsis.com/1998/reg/01/325/Gamebook.pdf
1998-09-06,1998,1,REG,1998_01_TEN_CIN,nfl-al-del-greco,Al Del Greco,TEN,CIN,2,2,3,4,"38,31,48",https://nflgsis.com/1998/reg/01/328/Gamebook.pdf
1998-09-13,1998,2,REG,1998_02_ARI_SEA,nfl-todd-peterson-2,Todd Peterson,SEA,ARI,3,3,2,2,"51,22",https://nflgsis.com/1998/reg/02/332/Gamebook.pdf
1998-09-13,1998,2,REG,1998_02_BUF_MIA,nfl-olindo-mare,Olindo Mare,MIA,BUF,1,1,2,2,"33,27",https://nflgsis.com/1998/reg/02/334/Gamebook.pdf
1998-09-13,1998,2,REG,1998_02_CAR_NO,nfl-doug-brien,Doug Brien,NO,CAR,1,1,2,2,"46,56",https://nflgsis.com/1998/reg/02/335/Gamebook.pdf
1998-09-13,1998,2,REG,1998_02_CHI_PIT,nfl-jeff-jaeger,Jeff Jaeger,CHI,PIT,0,1,2,2,"19,36",https://nflgsis.com/1998/reg/02/336/Gamebook.pdf
1998-09-13,1998,2,REG,1998_02_DAL_DEN,nfl-richie-cunningham,Richie Cunningham,DAL,DEN,2,2,3,3,"30,54,26",https://nflgsis.com/1998/reg/02/338/Gamebook.pdf
1998-09-13,1998,2,REG,1998_02_IND_NE,nfl-adam-vinatieri,Adam Vinatieri,NE,IND,2,2,3,4,"19,23,52",https://nflgsis.com/1998/reg/02/345/Gamebook.pdf
1998-09-13,1998,2,REG,1998_02_KC_JAX,nfl-pete-stoyanovich,Pete Stoyanovich,KC,JAX,1,1,3,3,"36,43,29",https://nflgsis.com/1998/reg/02/339/Gamebook.pdf
1998-09-13,1998,2,REG,1998_02_NYG_OAK,nfl-greg-davis,Greg Davis,OAK,NYG,2,2,2,2,"41,26",https://nflgsis.com/1998/reg/02/341/Gamebook.pdf
1998-09-13,1998,2,REG,1998_02_PHI_ATL,nfl-chris-boniol,Chris Boniol,PHI,ATL,0,1,2,3,"24,42",https://nflgsis.com/1998/reg/02/342/Gamebook.pdf
1998-09-13,1998,2,REG,1998_02_SD_TEN,nfl-john-carney,John Carney,SD,TEN,1,1,2,3,"48,23",https://nflgsis.com/1998/reg/02/343/Gamebook.pdf
1998-09-13,1998,2,REG,1998_02_TB_GB,nfl-ryan-longwell,Ryan Longwell,GB,TB,2,2,3,3,"38,27,20",https://nflgsis.com/1998/reg/02/344/Gamebook.pdf
1998-09-20,1998,3,REG,1998_03_CHI_TB,nfl-jeff-jaeger,Jeff Jaeger,CHI,TB,1,1,2,3,"26,52",https://nflgsis.com/1998/reg/03/348/Gamebook.pdf
1998-09-20,1998,3,REG,1998_03_DEN_OAK,nfl-jason-elam,Jason Elam,DEN,OAK,4,4,2,2,"35,35",https://nflgsis.com/1998/reg/03/349/Gamebook.pdf
1998-09-20,1998,3,REG,1998_03_DET_MIN,nfl-gary-anderson,Gary Anderson,MIN,DET,2,2,5,5,"27,28,42,29,34",https://nflgsis.com/1998/reg/03/350/Gamebook.pdf
1998-09-20,1998,3,REG,1998_03_DET_MIN,nfl-jason-hanson-2,Jason Hanson,DET,MIN,0,0,2,2,"37,49",https://nflgsis.com/1998/reg/03/350/Gamebook.pdf
1998-09-20,1998,3,REG,1998_03_GB_CIN,nfl-doug-pelfrey,Doug Pelfrey,CIN,GB,0,0,2,2,"37,19",https://nflgsis.com/1998/reg/03/351/Gamebook.pdf
1998-09-20,1998,3,REG,1998_03_GB_CIN,nfl-ryan-longwell,Ryan Longwell,GB,CIN,1,1,2,2,"30,35",https://nflgsis.com/1998/reg/03/351/Gamebook.pdf
1998-09-20,1998,3,REG,1998_03_IND_NYJ,nfl-mike-vanderjagt,Mike Vanderjagt,IND,NYJ,0,0,2,2,"43,24",https://nflgsis.com/1998/reg/03/352/Gamebook.pdf
1998-09-20,1998,3,REG,1998_03_SD_KC,nfl-pete-stoyanovich,Pete Stoyanovich,KC,SD,2,2,3,3,"35,31,33",https://nflgsis.com/1998/reg/03/355/Gamebook.pdf
1998-09-20,1998,3,REG,1998_03_STL_BUF,nfl-jeff-wilkins,Jeff Wilkins,STL,BUF,2,2,2,2,"27,25",https://nflgsis.com/1998/reg/03/354/Gamebook.pdf
1998-09-20,1998,3,REG,1998_03_TEN_NE,nfl-adam-vinatieri,Adam Vinatieri,NE,TEN,3,3,2,2,"43,41",https://nflgsis.com/1998/reg/03/356/Gamebook.pdf
1998-09-20,1998,3,REG,1998_03_TEN_NE,nfl-al-del-greco,Al Del Greco,TEN,NE,1,1,3,3,"34,26,45",https://nflgsis.com/1998/reg/03/356/Gamebook.pdf
1998-09-27,1998,4,REG,1998_04_ARI_STL,nfl-joe-nedney,Joe Nedney,ARI,STL,2,2,2,3,"22,29",https://nflgsis.com/1998/reg/04/360/Gamebook.pdf
1998-09-27,1998,4,REG,1998_04_GB_CAR,nfl-john-kasay,John Kasay,CAR,GB,3,3,3,3,"42,42,56",https://nflgsis.com/1998/reg/04/363/Gamebook.pdf
1998-09-27,1998,4,REG,1998_04_JAX_TEN,nfl-al-del-greco,Al Del Greco,TEN,JAX,1,1,3,3,"34,32,32",https://nflgsis.com/1998/reg/04/364/Gamebook.pdf
1998-09-27,1998,4,REG,1998_04_JAX_TEN,nfl-mike-hollis,Mike Hollis,JAX,TEN,3,3,2,2,"18,36",https://nflgsis.com/1998/reg/04/364/Gamebook.pdf
1998-09-27,1998,4,REG,1998_04_NO_IND,nfl-doug-brien,Doug Brien,NO,IND,1,1,2,2,"22,20",https://nflgsis.com/1998/reg/04/367/Gamebook.pdf
1998-09-27,1998,4,REG,1998_04_NO_IND,nfl-mike-vanderjagt,Mike Vanderjagt,IND,NO,1,1,2,2,"52,19",https://nflgsis.com/1998/reg/04/367/Gamebook.pdf
1998-09-27,1998,4,REG,1998_04_NYG_SD,nfl-brad-daluiso,Brad Daluiso,NYG,SD,4,4,2,2,"32,19",https://nflgsis.com/1998/reg/04/368/Gamebook.pdf
1998-09-27,1998,4,REG,1998_04_NYG_SD,nfl-john-carney,John Carney,SD,NYG,1,1,3,3,"41,46,34",https://nflgsis.com/1998/reg/04/368/Gamebook.pdf
1998-09-27,1998,4,REG,1998_04_OAK_DAL,nfl-greg-davis,Greg Davis,OAK,DAL,1,1,2,3,"30,38",https://nflgsis.com/1998/reg/04/369/Gamebook.pdf
1998-09-27,1998,4,REG,1998_04_SEA_PIT,nfl-norm-johnson,Norm Johnson,PIT,SEA,1,1,2,3,"33,25",https://nflgsis.com/1998/reg/04/370/Gamebook.pdf
1998-09-28,1998,4,REG,1998_04_TB_DET,nfl-jason-hanson-2,Jason Hanson,DET,TB,3,3,2,2,"27,25",https://nflgsis.com/1998/reg/04/372/Gamebook.pdf
1998-09-28,1998,4,REG,1998_04_TB_DET,nfl-michael-husted,Michael Husted,TB,DET,0,0,2,2,"43,47",https://nflgsis.com/1998/reg/04/372/Gamebook.pdf
1998-10-04,1998,5,REG,1998_05_CAR_ATL,nfl-morten-andersen,Morten Andersen,ATL,CAR,6,6,3,3,"23,25,28",https://nflgsis.com/1998/reg/05/373/Gamebook.pdf
1998-10-04,1998,5,REG,1998_05_DET_CHI,nfl-jason-hanson-2,Jason Hanson,DET,CHI,3,3,2,3,"28,43",https://nflgsis.com/1998/reg/05/375/Gamebook.pdf
1998-10-04,1998,5,REG,1998_05_MIA_NYJ,nfl-john-hall,John Hall,NYJ,MIA,2,2,2,3,"47,25",https://nflgsis.com/1998/reg/05/376/Gamebook.pdf
1998-10-05,1998,5,REG,1998_05_MIN_GB,nfl-gary-anderson,Gary Anderson,MIN,GB,4,4,3,3,"33,25,19",https://nflgsis.com/1998/reg/05/384/Gamebook.pdf
1998-10-04,1998,5,REG,1998_05_NE_NO,nfl-adam-vinatieri,Adam Vinatieri,NE,NO,3,3,3,3,"34,49,27",https://nflgsis.com/1998/reg/05/377/Gamebook.pdf
1998-10-04,1998,5,REG,1998_05_NE_NO,nfl-doug-brien,Doug Brien,NO,NE,3,3,2,2,"21,37",https://nflgsis.com/1998/reg/05/377/Gamebook.pdf
1998-10-04,1998,5,REG,1998_05_NYG_TB,nfl-michael-husted,Michael Husted,TB,NYG,2,2,2,2,"35,26",https://nflgsis.com/1998/reg/05/378/Gamebook.pdf
1998-10-04,1998,5,REG,1998_05_OAK_ARI,nfl-greg-davis,Greg Davis,OAK,ARI,2,2,3,3,"51,40,34",https://nflgsis.com/1998/reg/05/379/Gamebook.pdf
1998-10-04,1998,5,REG,1998_05_OAK_ARI,nfl-joe-nedney,Joe Nedney,ARI,OAK,2,2,2,2,"41,29",https://nflgsis.com/1998/reg/05/379/Gamebook.pdf
1998-10-04,1998,5,REG,1998_05_SD_IND,nfl-john-carney,John Carney,SD,IND,0,0,2,3,"50,25",https://nflgsis.com/1998/reg/05/381/Gamebook.pdf
1998-10-04,1998,5,REG,1998_05_SD_IND,nfl-mike-vanderjagt,Mike Vanderjagt,IND,SD,0,0,3,4,"48,51,40",https://nflgsis.com/1998/reg/05/381/Gamebook.pdf
1998-10-04,1998,5,REG,1998_05_SEA_KC,nfl-todd-peterson-2,Todd Peterson,SEA,KC,0,0,2,3,"22,28",https://nflgsis.com/1998/reg/05/383/Gamebook.pdf
1998-10-04,1998,5,REG,1998_05_SF_BUF,nfl-steve-christie,Steve Christie,BUF,SF,2,2,4,5,"24,19,38,45",https://nflgsis.com/1998/reg/05/382/Gamebook.pdf
1998-10-11,1998,6,REG,1998_06_ATL_NYG,nfl-brad-daluiso,Brad Daluiso,NYG,ATL,2,2,2,2,"47,45",https://nflgsis.com/1998/reg/06/396/Gamebook.pdf
1998-10-11,1998,6,REG,1998_06_ATL_NYG,nfl-morten-andersen,Morten Andersen,ATL,NYG,4,4,2,2,"26,33",https://nflgsis.com/1998/reg/06/396/Gamebook.pdf
1998-10-11,1998,6,REG,1998_06_BUF_IND,nfl-mike-vanderjagt,Mike Vanderjagt,IND,BUF,0,0,4,4,"22,33,43,41",https://nflgsis.com/1998/reg/06/385/Gamebook.pdf
1998-10-11,1998,6,REG,1998_06_CAR_DAL,nfl-richie-cunningham,Richie Cunningham,DAL,CAR,3,3,2,3,"27,38",https://nflgsis.com/1998/reg/06/386/Gamebook.pdf
1998-10-11,1998,6,REG,1998_06_CHI_ARI,nfl-joe-nedney,Joe Nedney,ARI,CHI,2,2,2,3,"49,40",https://nflgsis.com/1998/reg/06/387/Gamebook.pdf
1998-10-11,1998,6,REG,1998_06_KC_NE,nfl-adam-vinatieri,Adam Vinatieri,NE,KC,4,4,4,4,"32,38,27,20",https://nflgsis.com/1998/reg/06/389/Gamebook.pdf
1998-10-11,1998,6,REG,1998_06_NYJ_STL,nfl-jeff-wilkins,Jeff Wilkins,STL,NYJ,3,3,3,4,"52,30,34",https://nflgsis.com/1998/reg/06/390/Gamebook.pdf
1998-10-11,1998,6,REG,1998_06_PIT_CIN,nfl-doug-pelfrey,Doug Pelfrey,CIN,PIT,1,1,2,2,"44,48",https://nflgsis.com/1998/reg/06/391/Gamebook.pdf
1998-10-11,1998,6,REG,1998_06_PIT_CIN,nfl-norm-johnson,Norm Johnson,PIT,CIN,2,2,2,2,"40,40",https://nflgsis.com/1998/reg/06/391/Gamebook.pdf
1998-10-11,1998,6,REG,1998_06_SD_OAK,nfl-john-carney,John Carney,SD,OAK,0,0,2,2,"39,48",https://nflgsis.com/1998/reg/06/392/Gamebook.pdf
1998-10-11,1998,6,REG,1998_06_SF_NO,nfl-wade-richey,Wade Richey,SF,NO,2,2,3,4,"42,37,43",https://nflgsis.com/1998/reg/06/393/Gamebook.pdf
1998-10-11,1998,6,REG,1998_06_TEN_BAL,nfl-al-del-greco,Al Del Greco,TEN,BAL,0,0,2,3,"26,29",https://nflgsis.com/1998/reg/06/394/Gamebook.pdf
1998-10-11,1998,6,REG,1998_06_TEN_BAL,nfl-matt-stover,Matt Stover,BAL,TEN,0,0,2,2,"21,45",https://nflgsis.com/1998/reg/06/394/Gamebook.pdf
1998-10-11,1998,6,REG,1998_06_WAS_PHI,nfl-cary-blanchard,Cary Blanchard,WAS,PHI,0,0,2,3,"46,34",https://nflgsis.com/1998/reg/06/395/Gamebook.pdf
1998-10-18,1998,7,REG,1998_07_ARI_NYG,nfl-brad-daluiso,Brad Daluiso,NYG,ARI,4,4,2,3,"26,34",https://nflgsis.com/1998/reg/07/399/Gamebook.pdf
1998-10-18,1998,7,REG,1998_07_BAL_PIT,nfl-matt-stover,Matt Stover,BAL,PIT,0,0,2,2,"41,40",https://nflgsis.com/1998/reg/07/400/Gamebook.pdf
1998-10-18,1998,7,REG,1998_07_BAL_PIT,nfl-norm-johnson,Norm Johnson,PIT,BAL,1,1,3,3,"41,42,40",https://nflgsis.com/1998/reg/07/400/Gamebook.pdf
1998-10-18,1998,7,REG,1998_07_CAR_TB,nfl-john-kasay,John Kasay,CAR,TB,1,1,2,3,"53,20",https://nflgsis.com/1998/reg/07/401/Gamebook.pdf
1998-10-18,1998,7,REG,1998_07_CIN_TEN,nfl-al-del-greco,Al Del Greco,TEN,CIN,5,5,3,3,"35,38,42",https://nflgsis.com/1998/reg/07/402/Gamebook.pdf
1998-10-18,1998,7,REG,1998_07_DAL_CHI,nfl-jeff-jaeger,Jeff Jaeger,CHI,DAL,1,1,2,2,"22,29",https://nflgsis.com/1998/reg/07/403/Gamebook.pdf
1998-10-18,1998,7,REG,1998_07_DAL_CHI,nfl-richie-cunningham,Richie Cunningham,DAL,CHI,0,0,2,2,"23,23",https://nflgsis.com/1998/reg/07/403/Gamebook.pdf
1998-10-15,1998,7,REG,1998_07_GB_DET,nfl-jason-hanson-2,Jason Hanson,DET,GB,3,3,2,2,"25,36",https://nflgsis.com/1998/reg/07/398/Gamebook.pdf
1998-10-15,1998,7,REG,1998_07_GB_DET,nfl-ryan-longwell,Ryan Longwell,GB,DET,2,2,2,2,"28,40",https://nflgsis.com/1998/reg/07/398/Gamebook.pdf
1998-10-18,1998,7,REG,1998_07_IND_SF,nfl-wade-richey,Wade Richey,SF,IND,2,2,2,3,"43,24",https://nflgsis.com/1998/reg/07/404/Gamebook.pdf
1998-10-18,1998,7,REG,1998_07_JAX_BUF,nfl-mike-hollis,Mike Hollis,JAX,BUF,1,1,3,3,"35,23,27",https://nflgsis.com/1998/reg/07/405/Gamebook.pdf
1998-10-18,1998,7,REG,1998_07_PHI_SD,nfl-john-carney,John Carney,SD,PHI,1,1,2,2,"23,26",https://nflgsis.com/1998/reg/07/407/Gamebook.pdf
1998-10-18,1998,7,REG,1998_07_WAS_MIN,nfl-gary-anderson,Gary Anderson,MIN,WAS,5,5,2,2,"49,46",https://nflgsis.com/1998/reg/07/409/Gamebook.pdf
1998-10-25,1998,8,REG,1998_08_BUF_CAR,nfl-steve-christie,Steve Christie,BUF,CAR,3,3,3,3,"42,47,44",https://nflgsis.com/1998/reg/08/421/Gamebook.pdf
1998-10-25,1998,8,REG,1998_08_CHI_TEN,nfl-al-del-greco,Al Del Greco,TEN,CHI,2,2,2,2,"29,19",https://nflgsis.com/1998/reg/08/413/Gamebook.pdf
1998-10-25,1998,8,REG,1998_08_CHI_TEN,nfl-jeff-jaeger,Jeff Jaeger,CHI,TEN,2,2,3,4,"39,26,33",https://nflgsis.com/1998/reg/08/413/Gamebook.pdf
1998-10-25,1998,8,REG,1998_08_CIN_OAK,nfl-greg-davis,Greg Davis,OAK,CIN,3,3,2,4,"22,48",https://nflgsis.com/1998/reg/08/414/Gamebook.pdf
1998-10-25,1998,8,REG,1998_08_JAX_DEN,nfl-jason-elam,Jason Elam,DEN,JAX,4,4,3,3,"31,63,32",https://nflgsis.com/1998/reg/08/415/Gamebook.pdf
1998-10-25,1998,8,REG,1998_08_MIN_DET,nfl-gary-anderson,Gary Anderson,MIN,DET,4,4,2,2,"35,44",https://nflgsis.com/1998/reg/08/416/Gamebook.pdf
1998-10-25,1998,8,REG,1998_08_MIN_DET,nfl-jason-hanson-2,Jason Hanson,DET,MIN,1,1,2,2,"47,48",https://nflgsis.com/1998/reg/08/416/Gamebook.pdf
1998-10-25,1998,8,REG,1998_08_NE_MIA,nfl-adam-vinatieri,Adam Vinatieri,NE,MIA,0,0,3,4,"41,30,36",https://nflgsis.com/1998/reg/08/417/Gamebook.pdf
1998-10-25,1998,8,REG,1998_08_NE_MIA,nfl-olindo-mare,Olindo Mare,MIA,NE,0,0,4,4,"48,38,25,43",https://nflgsis.com/1998/reg/08/417/Gamebook.pdf
1998-10-26,1998,8,REG,1998_08_PIT_KC,nfl-norm-johnson,Norm Johnson,PIT,KC,2,2,2,2,"34,22",https://nflgsis.com/1998/reg/08/556/Gamebook.pdf
1998-10-26,1998,8,REG,1998_08_PIT_KC,nfl-pete-stoyanovich,Pete Stoyanovich,KC,PIT,1,1,2,2,"20,28",https://nflgsis.com/1998/reg/08/556/Gamebook.pdf
1998-10-25,1998,8,REG,1998_08_SEA_SD,nfl-john-carney,John Carney,SD,SEA,2,2,2,2,"21,45",https://nflgsis.com/1998/reg/08/419/Gamebook.pdf
1998-10-25,1998,8,REG,1998_08_SEA_SD,nfl-todd-peterson-2,Todd Peterson,SEA,SD,3,3,2,2,"40,23",https://nflgsis.com/1998/reg/08/419/Gamebook.pdf
1998-10-25,1998,8,REG,1998_08_TB_NO,nfl-doug-brien,Doug Brien,NO,TB,0,0,3,3,"46,50,41",https://nflgsis.com/1998/reg/08/420/Gamebook.pdf
1998-11-01,1998,9,REG,1998_09_ARI_DET,nfl-jason-hanson-2,Jason Hanson,DET,ARI,0,0,3,3,"28,47,44",https://nflgsis.com/1998/reg/09/422/Gamebook.pdf
1998-11-02,1998,9,REG,1998_09_DAL_PHI,nfl-richie-cunningham,Richie Cunningham,DAL,PHI,4,4,2,2,"33,25",https://nflgsis.com/1998/reg/09/435/Gamebook.pdf
1998-11-01,1998,9,REG,1998_09_DEN_CIN,nfl-doug-pelfrey,Doug Pelfrey,CIN,DEN,0,0,2,3,"26,23",https://nflgsis.com/1998/reg/09/423/Gamebook.pdf
1998-11-01,1998,9,REG,1998_09_DEN_CIN,nfl-jason-elam,Jason Elam,DEN,CIN,3,3,2,2,"33,37",https://nflgsis.com/1998/reg/09/423/Gamebook.pdf
1998-11-01,1998,9,REG,1998_09_MIA_BUF,nfl-steve-christie,Steve Christie,BUF,MIA,3,3,3,4,"22,36,25",https://nflgsis.com/1998/reg/09/425/Gamebook.pdf
1998-11-01,1998,9,REG,1998_09_MIN_TB,nfl-michael-husted,Michael Husted,TB,MIN,3,3,2,2,"29,38",https://nflgsis.com/1998/reg/09/426/Gamebook.pdf
1998-11-01,1998,9,REG,1998_09_NYJ_KC,nfl-john-hall,John Hall,NYJ,KC,2,2,2,4,"20,32",https://nflgsis.com/1998/reg/09/430/Gamebook.pdf
1998-11-01,1998,9,REG,1998_09_SF_GB,nfl-ryan-longwell,Ryan Longwell,GB,SF,4,4,2,2,"26,45",https://nflgsis.com/1998/reg/09/432/Gamebook.pdf
1998-11-01,1998,9,REG,1998_09_STL_ATL,nfl-morten-andersen,Morten Andersen,ATL,STL,4,4,3,4,"23,23,43",https://nflgsis.com/1998/reg/09/431/Gamebook.pdf
1998-11-01,1998,9,REG,1998_09_TEN_PIT,nfl-al-del-greco,Al Del Greco,TEN,PIT,5,5,2,2,"43,32",https://nflgsis.com/1998/reg/09/433/Gamebook.pdf
1998-11-08,1998,10,REG,1998_10_ATL_NE,nfl-morten-andersen,Morten Andersen,ATL,NE,5,5,2,3,"40,32",https://nflgsis.com/1998/reg/10/436/Gamebook.pdf
1998-11-08,1998,10,REG,1998_10_BUF_NYJ,nfl-john-hall,John Hall,NYJ,BUF,4,4,2,2,"49,43",https://nflgsis.com/1998/reg/10/437/Gamebook.pdf
1998-11-08,1998,10,REG,1998_10_BUF_NYJ,nfl-steve-christie,Steve Christie,BUF,NYJ,0,0,4,4,"40,37,44,21",https://nflgsis.com/1998/reg/10/437/Gamebook.pdf
1998-11-08,1998,10,REG,1998_10_CAR_SF,nfl-john-kasay,John Kasay,CAR,SF,2,2,3,6,"50,42,41",https://nflgsis.com/1998/reg/10/438/Gamebook.pdf
1998-11-08,1998,10,REG,1998_10_DET_PHI,nfl-jason-hanson-2,Jason Hanson,DET,PHI,0,0,3,4,"41,48,35",https://nflgsis.com/1998/reg/10/440/Gamebook.pdf
1998-11-09,1998,10,REG,1998_10_GB_PIT,nfl-norm-johnson,Norm Johnson,PIT,GB,3,3,2,2,"45,21",https://nflgsis.com/1998/reg/10/450/Gamebook.pdf
1998-11-09,1998,10,REG,1998_10_GB_PIT,nfl-ryan-longwell,Ryan Longwell,GB,PIT,0,0,2,3,"42,37",https://nflgsis.com/1998/reg/10/450/Gamebook.pdf
1998-11-08,1998,10,REG,1998_10_IND_MIA,nfl-olindo-mare,Olindo Mare,MIA,IND,3,3,2,2,"21,23",https://nflgsis.com/1998/reg/10/441/Gamebook.pdf
1998-11-08,1998,10,REG,1998_10_KC_SEA,nfl-pete-stoyanovich,Pete Stoyanovich,KC,SEA,0,0,2,3,"54,38",https://nflgsis.com/1998/reg/10/442/Gamebook.pdf
1998-11-08,1998,10,REG,1998_10_NYG_DAL,nfl-brad-daluiso,Brad Daluiso,NYG,DAL,0,0,2,2,"32,23",https://nflgsis.com/1998/reg/10/444/Gamebook.pdf
1998-11-08,1998,10,REG,1998_10_NYG_DAL,nfl-richie-cunningham,Richie Cunningham,DAL,NYG,1,1,3,4,"37,40,19",https://nflgsis.com/1998/reg/10/444/Gamebook.pdf
1998-11-08,1998,10,REG,1998_10_OAK_BAL,nfl-matt-stover,Matt Stover,BAL,OAK,1,1,2,3,"30,30",https://nflgsis.com/1998/reg/10/445/Gamebook.pdf
1998-11-08,1998,10,REG,1998_10_SD_DEN,nfl-jason-elam,Jason Elam,DEN,SD,3,3,2,2,"31,26",https://nflgsis.com/1998/reg/10/447/Gamebook.pdf
1998-11-08,1998,10,REG,1998_10_STL_CHI,nfl-jeff-wilkins,Jeff Wilkins,STL,CHI,2,2,2,2,"24,33",https://nflgsis.com/1998/reg/10/446/Gamebook.pdf
1998-11-08,1998,10,REG,1998_10_TEN_TB,nfl-michael-husted,Michael Husted,TB,TEN,1,1,3,3,"46,30,24",https://nflgsis.com/1998/reg/10/449/Gamebook.pdf
1998-11-08,1998,10,REG,1998_10_WAS_ARI,nfl-cary-blanchard,Cary Blanchard,WAS,ARI,3,3,2,2,"34,54",https://nflgsis.com/1998/reg/10/448/Gamebook.pdf
1998-11-08,1998,10,REG,1998_10_WAS_ARI,nfl-joe-nedney,Joe Nedney,ARI,WAS,3,3,2,2,"26,47",https://nflgsis.com/1998/reg/10/448/Gamebook.pdf
1998-11-15,1998,11,REG,1998_11_BAL_SD,nfl-matt-stover,Matt Stover,BAL,SD,1,1,2,2,"42,42",https://nflgsis.com/1998/reg/11/451/Gamebook.pdf
1998-11-15,1998,11,REG,1998_11_CHI_DET,nfl-jason-hanson-2,Jason Hanson,DET,CHI,2,3,2,2,"24,25",https://nflgsis.com/1998/reg/11/464/Gamebook.pdf
1998-11-16,1998,11,REG,1998_11_DEN_KC,nfl-jason-elam,Jason Elam,DEN,KC,3,3,3,3,"42,46,35",https://nflgsis.com/1998/reg/11/465/Gamebook.pdf
1998-11-15,1998,11,REG,1998_11_GB_NYG,nfl-ryan-longwell,Ryan Longwell,GB,NYG,4,4,3,5,"39,24,31",https://nflgsis.com/1998/reg/11/454/Gamebook.pdf
1998-11-15,1998,11,REG,1998_11_MIA_CAR,nfl-john-kasay,John Kasay,CAR,MIA,0,0,3,3,"32,27,43",https://nflgsis.com/1998/reg/11/455/Gamebook.pdf
1998-11-15,1998,11,REG,1998_11_MIA_CAR,nfl-olindo-mare,Olindo Mare,MIA,CAR,1,1,2,2,"22,23",https://nflgsis.com/1998/reg/11/455/Gamebook.pdf
1998-11-15,1998,11,REG,1998_11_NE_BUF,nfl-steve-christie,Steve Christie,BUF,NE,1,1,2,3,"31,20",https://nflgsis.com/1998/reg/11/456/Gamebook.pdf
1998-11-15,1998,11,REG,1998_11_NYJ_IND,nfl-john-hall,John Hall,NYJ,IND,2,2,3,4,"37,40,25",https://nflgsis.com/1998/reg/11/457/Gamebook.pdf
1998-11-15,1998,11,REG,1998_11_PIT_TEN,nfl-al-del-greco,Al Del Greco,TEN,PIT,2,2,3,3,"46,24,22",https://nflgsis.com/1998/reg/11/459/Gamebook.pdf
1998-11-15,1998,11,REG,1998_11_SEA_OAK,nfl-greg-davis,Greg Davis,OAK,SEA,2,2,2,3,"26,38",https://nflgsis.com/1998/reg/11/462/Gamebook.pdf
1998-11-15,1998,11,REG,1998_11_SF_ATL,nfl-wade-richey,Wade Richey,SF,ATL,1,1,2,2,"24,28",https://nflgsis.com/1998/reg/11/461/Gamebook.pdf
1998-11-15,1998,11,REG,1998_11_TB_JAX,nfl-mike-hollis,Mike Hollis,JAX,TB,2,2,3,3,"31,27,34",https://nflgsis.com/1998/reg/11/463/Gamebook.pdf
1998-11-22,1998,12,REG,1998_12_BAL_CIN,nfl-doug-pelfrey,Doug Pelfrey,CIN,BAL,1,1,2,2,"40,34",https://nflgsis.com/1998/reg/12/467/Gamebook.pdf
1998-11-22,1998,12,REG,1998_12_BAL_CIN,nfl-matt-stover,Matt Stover,BAL,CIN,2,2,2,2,"34,23",https://nflgsis.com/1998/reg/12/467/Gamebook.pdf
1998-11-22,1998,12,REG,1998_12_CAR_STL,nfl-jeff-wilkins,Jeff Wilkins,STL,CAR,2,2,2,2,"39,41",https://nflgsis.com/1998/reg/12/468/Gamebook.pdf
1998-11-22,1998,12,REG,1998_12_CHI_ATL,nfl-jeff-jaeger,Jeff Jaeger,CHI,ATL,1,1,2,2,"35,32",https://nflgsis.com/1998/reg/12/469/Gamebook.pdf
1998-11-22,1998,12,REG,1998_12_CHI_ATL,nfl-morten-andersen,Morten Andersen,ATL,CHI,2,2,2,2,"50,44",https://nflgsis.com/1998/reg/12/469/Gamebook.pdf
1998-11-22,1998,12,REG,1998_12_GB_MIN,nfl-gary-anderson,Gary Anderson,MIN,GB,2,2,2,2,"35,28",https://nflgsis.com/1998/reg/12/471/Gamebook.pdf
1998-11-22,1998,12,REG,1998_12_IND_BUF,nfl-steve-christie,Steve Christie,BUF,IND,4,4,2,2,"35,24",https://nflgsis.com/1998/reg/12/472/Gamebook.pdf
1998-11-22,1998,12,REG,1998_12_JAX_PIT,nfl-norm-johnson,Norm Johnson,PIT,JAX,3,3,3,3,"38,29,41",https://nflgsis.com/1998/reg/12/473/Gamebook.pdf
1998-11-22,1998,12,REG,1998_12_KC_SD,nfl-pete-stoyanovich,Pete Stoyanovich,KC,SD,4,4,3,4,"27,42,50",https://nflgsis.com/1998/reg/12/474/Gamebook.pdf
1998-11-23,1998,12,REG,1998_12_MIA_NE,nfl-adam-vinatieri,Adam Vinatieri,NE,MIA,2,2,4,4,"25,44,45,24",https://nflgsis.com/1998/reg/12/480/Gamebook.pdf
1998-11-22,1998,12,REG,1998_12_NO_SF,nfl-doug-brien,Doug Brien,NO,SF,2,2,2,3,"47,22",https://nflgsis.com/1998/reg/12/479/Gamebook.pdf
1998-11-22,1998,12,REG,1998_12_OAK_DEN,nfl-jason-elam,Jason Elam,DEN,OAK,4,4,2,2,"33,23",https://nflgsis.com/1998/reg/12/476/Gamebook.pdf
1998-11-22,1998,12,REG,1998_12_PHI_NYG,nfl-brad-daluiso,Brad Daluiso,NYG,PHI,2,2,2,2,"40,49",https://nflgsis.com/1998/reg/12/477/Gamebook.pdf
1998-11-22,1998,12,REG,1998_12_SEA_DAL,nfl-richie-cunningham,Richie Cunningham,DAL,SEA,3,3,3,3,"47,44,28",https://nflgsis.com/1998/reg/12/478/Gamebook.pdf
1998-11-29,1998,13,REG,1998_13_ARI_KC,nfl-pete-stoyanovich,Pete Stoyanovich,KC,ARI,4,4,2,2,"37,18",https://nflgsis.com/1998/reg/13/483/Gamebook.pdf
1998-11-29,1998,13,REG,1998_13_ATL_STL,nfl-morten-andersen,Morten Andersen,ATL,STL,1,1,2,2,"42,33",https://nflgsis.com/1998/reg/13/484/Gamebook.pdf
1998-11-29,1998,13,REG,1998_13_BUF_NE,nfl-steve-christie,Steve Christie,BUF,NE,0,0,3,4,"34,26,22",https://nflgsis.com/1998/reg/13/485/Gamebook.pdf
1998-11-29,1998,13,REG,1998_13_CAR_NYJ,nfl-john-hall,John Hall,NYJ,CAR,4,4,4,4,"30,37,26,38",https://nflgsis.com/1998/reg/13/486/Gamebook.pdf
1998-11-29,1998,13,REG,1998_13_IND_BAL,nfl-matt-stover,Matt Stover,BAL,IND,3,3,3,3,"43,48,47",https://nflgsis.com/1998/reg/13/487/Gamebook.pdf
1998-11-29,1998,13,REG,1998_13_JAX_CIN,nfl-mike-hollis,Mike Hollis,JAX,CIN,4,4,2,2,"23,47",https://nflgsis.com/1998/reg/13/488/Gamebook.pdf
1998-11-26,1998,13,REG,1998_13_MIN_DAL,nfl-richie-cunningham,Richie Cunningham,DAL,MIN,3,3,3,3,"30,46,47",https://nflgsis.com/1998/reg/13/481/Gamebook.pdf
1998-11-29,1998,13,REG,1998_13_NO_MIA,nfl-olindo-mare,Olindo Mare,MIA,NO,3,3,3,3,"27,32,34",https://nflgsis.com/1998/reg/13/489/Gamebook.pdf
1998-11-26,1998,13,REG,1998_13_PIT_DET,nfl-jason-hanson-2,Jason Hanson,DET,PIT,1,1,4,5,"45,51,35,42",https://nflgsis.com/1998/reg/13/482/Gamebook.pdf
1998-11-26,1998,13,REG,1998_13_PIT_DET,nfl-norm-johnson,Norm Johnson,PIT,DET,1,1,3,4,"30,38,25",https://nflgsis.com/1998/reg/13/482/Gamebook.pdf
1998-11-29,1998,13,REG,1998_13_TEN_SEA,nfl-al-del-greco,Al Del Greco,TEN,SEA,0,0,4,4,"26,30,43,43",https://nflgsis.com/1998/reg/13/492/Gamebook.pdf
1998-11-29,1998,13,REG,1998_13_TEN_SEA,nfl-todd-peterson-2,Todd Peterson,SEA,TEN,2,2,2,2,"50,48",https://nflgsis.com/1998/reg/13/492/Gamebook.pdf
1998-11-29,1998,13,REG,1998_13_WAS_OAK,nfl-cary-blanchard,Cary Blanchard,WAS,OAK,3,3,2,2,"28,47",https://nflgsis.com/1998/reg/13/493/Gamebook.pdf
1998-12-06,1998,14,REG,1998_14_BAL_TEN,nfl-al-del-greco,Al Del Greco,TEN,BAL,1,1,3,3,"48,48,34",https://nflgsis.com/1998/reg/14/497/Gamebook.pdf
1998-12-06,1998,14,REG,1998_14_BUF_CIN,nfl-steve-christie,Steve Christie,BUF,CIN,3,3,4,4,"20,52,46,35",https://nflgsis.com/1998/reg/14/498/Gamebook.pdf
1998-12-06,1998,14,REG,1998_14_CHI_MIN,nfl-gary-anderson,Gary Anderson,MIN,CHI,6,6,2,2,"30,20",https://nflgsis.com/1998/reg/14/509/Gamebook.pdf
1998-12-06,1998,14,REG,1998_14_DAL_NO,nfl-doug-brien,Doug Brien,NO,DAL,2,2,2,2,"53,53",https://nflgsis.com/1998/reg/14/499/Gamebook.pdf
1998-12-06,1998,14,REG,1998_14_DET_JAX,nfl-jason-hanson-2,Jason Hanson,DET,JAX,1,1,3,4,"34,24,45",https://nflgsis.com/1998/reg/14/500/Gamebook.pdf
1998-12-06,1998,14,REG,1998_14_DET_JAX,nfl-mike-hollis,Mike Hollis,JAX,DET,4,4,3,3,"44,43,30",https://nflgsis.com/1998/reg/14/500/Gamebook.pdf
1998-12-07,1998,14,REG,1998_14_GB_TB,nfl-ryan-longwell,Ryan Longwell,GB,TB,1,1,3,3,"33,36,35",https://nflgsis.com/1998/reg/14/510/Gamebook.pdf
1998-12-06,1998,14,REG,1998_14_MIA_OAK,nfl-olindo-mare,Olindo Mare,MIA,OAK,3,3,2,4,"25,47",https://nflgsis.com/1998/reg/14/503/Gamebook.pdf
1998-12-06,1998,14,REG,1998_14_NE_PIT,nfl-adam-vinatieri,Adam Vinatieri,NE,PIT,2,2,3,3,"21,29,35",https://nflgsis.com/1998/reg/14/504/Gamebook.pdf
1998-12-06,1998,14,REG,1998_14_NE_PIT,nfl-norm-johnson,Norm Johnson,PIT,NE,0,0,3,3,"49,26,43",https://nflgsis.com/1998/reg/14/504/Gamebook.pdf
1998-12-06,1998,14,REG,1998_14_NYG_ARI,nfl-brad-daluiso,Brad Daluiso,NYG,ARI,2,2,3,3,"51,28,45",https://nflgsis.com/1998/reg/14/505/Gamebook.pdf
1998-12-06,1998,14,REG,1998_14_SD_WAS,nfl-john-carney,John Carney,SD,WAS,0,0,4,5,"32,27,41,25",https://nflgsis.com/1998/reg/14/506/Gamebook.pdf
1998-12-06,1998,14,REG,1998_14_SEA_NYJ,nfl-john-hall,John Hall,NYJ,SEA,2,2,2,2,"20,20",https://nflgsis.com/1998/reg/14/508/Gamebook.pdf
1998-12-03,1998,14,REG,1998_14_STL_PHI,nfl-jeff-wilkins,Jeff Wilkins,STL,PHI,0,0,2,3,"46,20",https://nflgsis.com/1998/reg/14/496/Gamebook.pdf
1998-12-13,1998,15,REG,1998_15_ARI_PHI,nfl-chris-jacke,Chris Jacke,ARI,PHI,2,2,2,3,"28,32",https://nflgsis.com/1998/reg/15/511/Gamebook.pdf
1998-12-13,1998,15,REG,1998_15_ATL_NO,nfl-morten-andersen,Morten Andersen,ATL,NO,3,3,2,2,"49,33",https://nflgsis.com/1998/reg/15/512/Gamebook.pdf
1998-12-13,1998,15,REG,1998_15_CHI_GB,nfl-ryan-longwell,Ryan Longwell,GB,CHI,2,2,4,4,"35,43,40,24",https://nflgsis.com/1998/reg/15/513/Gamebook.pdf
1998-12-13,1998,15,REG,1998_15_CIN_IND,nfl-doug-pelfrey,Doug Pelfrey,CIN,IND,2,2,2,2,"41,26",https://nflgsis.com/1998/reg/15/514/Gamebook.pdf
1998-12-13,1998,15,REG,1998_15_DAL_KC,nfl-pete-stoyanovich,Pete Stoyanovich,KC,DAL,2,2,2,2,"24,37",https://nflgsis.com/1998/reg/15/515/Gamebook.pdf
1998-12-13,1998,15,REG,1998_15_DEN_NYG,nfl-brad-daluiso,Brad Daluiso,NYG,DEN,2,2,2,2,"36,19",https://nflgsis.com/1998/reg/15/516/Gamebook.pdf
1998-12-13,1998,15,REG,1998_15_DEN_NYG,nfl-jason-elam,Jason Elam,DEN,NYG,1,1,3,3,"24,38,30",https://nflgsis.com/1998/reg/15/516/Gamebook.pdf
1998-12-13,1998,15,REG,1998_15_MIN_BAL,nfl-gary-anderson,Gary Anderson,MIN,BAL,2,2,6,6,"43,31,45,24,46,20",https://nflgsis.com/1998/reg/15/517/Gamebook.pdf
1998-12-13,1998,15,REG,1998_15_NE_STL,nfl-adam-vinatieri,Adam Vinatieri,NE,STL,0,0,4,4,"37,41,56,17",https://nflgsis.com/1998/reg/15/518/Gamebook.pdf
1998-12-13,1998,15,REG,1998_15_OAK_BUF,nfl-steve-christie,Steve Christie,BUF,OAK,5,5,3,3,"32,49,32",https://nflgsis.com/1998/reg/15/519/Gamebook.pdf
1998-12-13,1998,15,REG,1998_15_PIT_TB,nfl-michael-husted,Michael Husted,TB,PIT,1,1,3,4,"39,37,21",https://nflgsis.com/1998/reg/15/520/Gamebook.pdf
1998-12-13,1998,15,REG,1998_15_TEN_JAX,nfl-al-del-greco,Al Del Greco,TEN,JAX,1,1,3,3,"28,30,41",https://nflgsis.com/1998/reg/15/522/Gamebook.pdf
1998-12-13,1998,15,REG,1998_15_TEN_JAX,nfl-mike-hollis,Mike Hollis,JAX,TEN,1,1,2,2,"21,29",https://nflgsis.com/1998/reg/15/522/Gamebook.pdf
1998-12-20,1998,16,REG,1998_16_CIN_PIT,nfl-doug-pelfrey,Doug Pelfrey,CIN,PIT,1,1,4,6,"33,37,43,21",https://nflgsis.com/1998/reg/16/530/Gamebook.pdf
1998-12-21,1998,16,REG,1998_16_DEN_MIA,nfl-jason-elam,Jason Elam,DEN,MIA,1,1,2,3,"52,44",https://nflgsis.com/1998/reg/16/540/Gamebook.pdf
1998-12-20,1998,16,REG,1998_16_IND_SEA,nfl-mike-vanderjagt,Mike Vanderjagt,IND,SEA,2,2,3,3,"32,48,20",https://nflgsis.com/1998/reg/16/531/Gamebook.pdf
1998-12-20,1998,16,REG,1998_16_IND_SEA,nfl-todd-peterson-2,Todd Peterson,SEA,IND,3,3,2,4,"42,30",https://nflgsis.com/1998/reg/16/531/Gamebook.pdf
1998-12-20,1998,16,REG,1998_16_JAX_MIN,nfl-gary-anderson,Gary Anderson,MIN,JAX,5,5,3,3,"48,53,44",https://nflgsis.com/1998/reg/16/539/Gamebook.pdf
1998-12-20,1998,16,REG,1998_16_NO_ARI,nfl-chris-jacke,Chris Jacke,ARI,NO,1,1,4,5,"21,38,46,36",https://nflgsis.com/1998/reg/16/533/Gamebook.pdf
1998-12-20,1998,16,REG,1998_16_PHI_DAL,nfl-chris-boniol,Chris Boniol,PHI,DAL,0,0,3,4,"21,41,39",https://nflgsis.com/1998/reg/16/535/Gamebook.pdf
1998-12-20,1998,16,REG,1998_16_PHI_DAL,nfl-richie-cunningham,Richie Cunningham,DAL,PHI,1,1,2,3,"42,41",https://nflgsis.com/1998/reg/16/535/Gamebook.pdf
1998-12-20,1998,16,REG,1998_16_STL_CAR,nfl-jeff-wilkins,Jeff Wilkins,STL,CAR,1,1,2,2,"43,38",https://nflgsis.com/1998/reg/16/536/Gamebook.pdf
1998-12-20,1998,16,REG,1998_16_STL_CAR,nfl-john-kasay,John Kasay,CAR,STL,2,2,2,2,"32,37",https://nflgsis.com/1998/reg/16/536/Gamebook.pdf
1998-12-19,1998,16,REG,1998_16_TB_WAS,nfl-cary-blanchard,Cary Blanchard,WAS,TB,2,2,2,2,"26,35",https://nflgsis.com/1998/reg/16/527/Gamebook.pdf
1998-12-19,1998,16,REG,1998_16_TB_WAS,nfl-michael-husted,Michael Husted,TB,WAS,1,1,3,4,"20,42,24",https://nflgsis.com/1998/reg/16/527/Gamebook.pdf
1998-12-20,1998,16,REG,1998_16_TEN_GB,nfl-ryan-longwell,Ryan Longwell,GB,TEN,3,3,3,3,"38,40,40",https://nflgsis.com/1998/reg/16/538/Gamebook.pdf
1998-12-27,1998,17,REG,1998_17_CAR_IND,nfl-john-kasay,John Kasay,CAR,IND,3,3,2,2,"44,27",https://nflgsis.com/1998/reg/17/544/Gamebook.pdf
1998-12-27,1998,17,REG,1998_17_CAR_IND,nfl-mike-vanderjagt,Mike Vanderjagt,IND,CAR,1,1,4,4,"22,28,47,42",https://nflgsis.com/1998/reg/17/544/Gamebook.pdf
1998-12-27,1998,17,REG,1998_17_GB_CHI,nfl-jeff-jaeger,Jeff Jaeger,CHI,GB,1,1,2,3,"29,21",https://nflgsis.com/1998/reg/17/546/Gamebook.pdf
1998-12-26,1998,17,REG,1998_17_MIN_TEN,nfl-al-del-greco,Al Del Greco,TEN,MIN,1,1,3,3,"36,33,45",https://nflgsis.com/1998/reg/17/542/Gamebook.pdf
1998-12-26,1998,17,REG,1998_17_MIN_TEN,nfl-gary-anderson,Gary Anderson,MIN,TEN,1,1,3,3,"39,23,39",https://nflgsis.com/1998/reg/17/542/Gamebook.pdf
1998-12-27,1998,17,REG,1998_17_NYG_PHI,nfl-brad-daluiso,Brad Daluiso,NYG,PHI,2,2,2,2,"43,33",https://nflgsis.com/1998/reg/17/549/Gamebook.pdf
1998-12-27,1998,17,REG,1998_17_SD_ARI,nfl-chris-jacke,Chris Jacke,ARI,SD,1,1,3,5,"37,36,52",https://nflgsis.com/1998/reg/17/551/Gamebook.pdf
1998-12-27,1998,17,REG,1998_17_SD_ARI,nfl-john-carney,John Carney,SD,ARI,1,1,2,2,"31,26",https://nflgsis.com/1998/reg/17/551/Gamebook.pdf
1998-12-27,1998,17,REG,1998_17_STL_SF,nfl-wade-richey,Wade Richey,SF,STL,3,3,3,3,"20,26,44",https://nflgsis.com/1998/reg/17/550/Gamebook.pdf
1998-12-27,1998,17,REG,1998_17_WAS_DAL,nfl-richie-cunningham,Richie Cunningham,DAL,WAS,2,2,3,4,"34,23,26",https://nflgsis.com/1998/reg/17/554/Gamebook.pdf
1997-09-01,1997,1,REG,1997_01_CHI_GB,nfl-ryan-longwell,Ryan Longwell,GB,CHI,3,3,3,3,"38,36,29",https://nflgsis.com/1997/reg/01/81/Gamebook.pdf
1997-08-31,1997,1,REG,1997_01_DAL_PIT,nfl-richie-cunningham,Richie Cunningham,DAL,PIT,4,4,3,3,"53,24,28",https://nflgsis.com/1997/reg/01/185/Gamebook.pdf
1997-08-31,1997,1,REG,1997_01_IND_MIA,nfl-olindo-mare,Olindo Mare,MIA,IND,1,1,3,3,"23,34,19",https://nflgsis.com/1997/reg/01/121/Gamebook.pdf
1997-08-31,1997,1,REG,1997_01_JAX_BAL,nfl-matt-stover,Matt Stover,BAL,JAX,3,3,2,2,"33,25",https://nflgsis.com/1997/reg/01/17/Gamebook.pdf
1997-08-31,1997,1,REG,1997_01_KC_DEN,nfl-jason-elam,Jason Elam,DEN,KC,1,1,4,4,"35,36,25,53",https://nflgsis.com/1997/reg/01/65/Gamebook.pdf
1997-08-31,1997,1,REG,1997_01_MIN_BUF,nfl-greg-davis,Greg Davis,MIN,BUF,4,4,2,2,"21,43",https://nflgsis.com/1997/reg/01/25/Gamebook.pdf
1997-08-31,1997,1,REG,1997_01_MIN_BUF,nfl-steve-christie,Steve Christie,BUF,MIN,1,1,2,2,"28,46",https://nflgsis.com/1997/reg/01/25/Gamebook.pdf
1997-08-31,1997,1,REG,1997_01_NO_STL,nfl-doug-brien,Doug Brien,NO,STL,1,1,3,3,"31,53,46",https://nflgsis.com/1997/reg/01/217/Gamebook.pdf
1997-08-31,1997,1,REG,1997_01_NYJ_SEA,nfl-john-hall,John Hall,NYJ,SEA,5,5,2,2,"55,28",https://nflgsis.com/1997/reg/01/209/Gamebook.pdf
1997-08-31,1997,1,REG,1997_01_OAK_TEN,nfl-al-del-greco,Al Del Greco,TEN,OAK,1,1,3,3,"30,37,33",https://nflgsis.com/1997/reg/01/89/Gamebook.pdf
1997-08-31,1997,1,REG,1997_01_SD_NE,nfl-adam-vinatieri,Adam Vinatieri,NE,SD,5,5,2,2,"21,26",https://nflgsis.com/1997/reg/01/137/Gamebook.pdf
1997-08-31,1997,1,REG,1997_01_SF_TB,nfl-gary-anderson,Gary Anderson,SF,TB,0,0,2,3,"30,40",https://nflgsis.com/1997/reg/01/225/Gamebook.pdf
1997-08-31,1997,1,REG,1997_01_SF_TB,nfl-michael-husted,Michael Husted,TB,SF,1,1,2,3,"40,34",https://nflgsis.com/1997/reg/01/225/Gamebook.pdf
1997-09-07,1997,2,REG,1997_02_BUF_NYJ,nfl-john-hall,John Hall,NYJ,BUF,1,1,3,4,"26,19,52",https://nflgsis.com/1997/reg/02/161/Gamebook.pdf
1997-09-07,1997,2,REG,1997_02_CAR_ATL,nfl-john-kasay,John Kasay,CAR,ATL,0,0,3,4,"31,31,39",https://nflgsis.com/1997/reg/02/9/Gamebook.pdf
1997-09-07,1997,2,REG,1997_02_CAR_ATL,nfl-morten-andersen,Morten Andersen,ATL,CAR,0,0,2,2,"25,28",https://nflgsis.com/1997/reg/02/9/Gamebook.pdf
1997-09-07,1997,2,REG,1997_02_CIN_BAL,nfl-matt-stover,Matt Stover,BAL,CIN,2,2,3,3,"37,32,41",https://nflgsis.com/1997/reg/02/18/Gamebook.pdf
1997-09-07,1997,2,REG,1997_02_DAL_ARI,nfl-richie-cunningham,Richie Cunningham,DAL,ARI,1,1,5,6,"24,47,37,34,28",https://nflgsis.com/1997/reg/02/1/Gamebook.pdf
1997-09-07,1997,2,REG,1997_02_DEN_SEA,nfl-jason-elam,Jason Elam,DEN,SEA,3,3,2,2,"38,51",https://nflgsis.com/1997/reg/02/210/Gamebook.pdf
1997-09-07,1997,2,REG,1997_02_GB_PHI,nfl-ryan-longwell,Ryan Longwell,GB,PHI,0,0,3,4,"22,18,27",https://nflgsis.com/1997/reg/02/177/Gamebook.pdf
1997-09-08,1997,2,REG,1997_02_KC_OAK,nfl-cole-ford,Cole Ford,OAK,KC,3,3,2,2,"32,34",https://nflgsis.com/1997/reg/02/169/Gamebook.pdf
1997-09-08,1997,2,REG,1997_02_KC_OAK,nfl-pete-stoyanovich,Pete Stoyanovich,KC,OAK,1,1,3,3,"23,24,23",https://nflgsis.com/1997/reg/02/169/Gamebook.pdf
1997-09-07,1997,2,REG,1997_02_MIN_CHI,nfl-greg-davis,Greg Davis,MIN,CHI,3,3,2,4,"33,28",https://nflgsis.com/1997/reg/02/41/Gamebook.pdf
1997-09-07,1997,2,REG,1997_02_NE_IND,nfl-cary-blanchard,Cary Blanchard,IND,NE,0,0,2,2,"45,38",https://nflgsis.com/1997/reg/02/97/Gamebook.pdf
1997-09-07,1997,2,REG,1997_02_NYG_JAX,nfl-mike-hollis,Mike Hollis,JAX,NYG,4,4,4,4,"29,52,35,42",https://nflgsis.com/1997/reg/02/105/Gamebook.pdf
1997-09-07,1997,2,REG,1997_02_SD_NO,nfl-doug-brien,Doug Brien,NO,SD,0,0,2,2,"37,31",https://nflgsis.com/1997/reg/02/145/Gamebook.pdf
1997-09-07,1997,2,REG,1997_02_SD_NO,nfl-john-carney,John Carney,SD,NO,2,2,2,2,"37,34",https://nflgsis.com/1997/reg/02/145/Gamebook.pdf
1997-09-07,1997,2,REG,1997_02_SF_STL,nfl-jeff-wilkins,Jeff Wilkins,STL,SF,0,0,4,4,"40,49,52,34",https://nflgsis.com/1997/reg/02/218/Gamebook.pdf
1997-09-07,1997,2,REG,1997_02_TEN_MIA,nfl-al-del-greco,Al Del Greco,TEN,MIA,1,1,2,3,"24,37",https://nflgsis.com/1997/reg/02/122/Gamebook.pdf
1997-09-07,1997,2,REG,1997_02_TEN_MIA,nfl-olindo-mare,Olindo Mare,MIA,TEN,1,1,3,4,"23,22,29",https://nflgsis.com/1997/reg/02/122/Gamebook.pdf
1997-09-07,1997,2,REG,1997_02_WAS_PIT,nfl-scott-blanton,Scott Blanton,WAS,PIT,1,1,2,2,"37,23",https://nflgsis.com/1997/reg/02/186/Gamebook.pdf
1997-09-14,1997,3,REG,1997_03_BUF_KC,nfl-pete-stoyanovich,Pete Stoyanovich,KC,BUF,1,2,3,4,"46,45,42",https://nflgsis.com/1997/reg/03/113/Gamebook.pdf
1997-09-14,1997,3,REG,1997_03_BUF_KC,nfl-steve-christie,Steve Christie,BUF,KC,1,1,3,3,"46,33,30",https://nflgsis.com/1997/reg/03/113/Gamebook.pdf
1997-09-14,1997,3,REG,1997_03_CAR_SD,nfl-john-kasay,John Kasay,CAR,SD,2,2,4,4,"25,36,34,28",https://nflgsis.com/1997/reg/03/193/Gamebook.pdf
1997-09-14,1997,3,REG,1997_03_DET_CHI,nfl-jason-hanson-2,Jason Hanson,DET,CHI,2,2,4,4,"23,33,29,32",https://nflgsis.com/1997/reg/03/42/Gamebook.pdf
1997-09-14,1997,3,REG,1997_03_MIA_GB,nfl-olindo-mare,Olindo Mare,MIA,GB,0,0,4,4,"24,31,22,34",https://nflgsis.com/1997/reg/03/82/Gamebook.pdf
1997-09-14,1997,3,REG,1997_03_MIA_GB,nfl-ryan-longwell,Ryan Longwell,GB,MIA,2,2,3,3,"26,24,39",https://nflgsis.com/1997/reg/03/82/Gamebook.pdf
1997-09-14,1997,3,REG,1997_03_NO_SF,nfl-gary-anderson,Gary Anderson,SF,NO,3,3,4,4,"43,22,40,38",https://nflgsis.com/1997/reg/03/201/Gamebook.pdf
1997-09-14,1997,3,REG,1997_03_NYJ_NE,nfl-adam-vinatieri,Adam Vinatieri,NE,NYJ,3,3,2,2,"33,34",https://nflgsis.com/1997/reg/03/138/Gamebook.pdf
1997-09-14,1997,3,REG,1997_03_OAK_ATL,nfl-cole-ford,Cole Ford,OAK,ATL,4,4,2,2,"49,31",https://nflgsis.com/1997/reg/03/10/Gamebook.pdf
1997-09-15,1997,3,REG,1997_03_PHI_DAL,nfl-chris-boniol,Chris Boniol,PHI,DAL,2,2,2,3,"49,44",https://nflgsis.com/1997/reg/03/57/Gamebook.pdf
1997-09-15,1997,3,REG,1997_03_PHI_DAL,nfl-richie-cunningham,Richie Cunningham,DAL,PHI,0,0,5,5,"46,48,25,23,22",https://nflgsis.com/1997/reg/03/57/Gamebook.pdf
1997-09-14,1997,3,REG,1997_03_TB_MIN,nfl-greg-davis,Greg Davis,MIN,TB,0,0,2,2,"25,24",https://nflgsis.com/1997/reg/03/129/Gamebook.pdf
1997-09-21,1997,4,REG,1997_04_ATL_SF,nfl-gary-anderson,Gary Anderson,SF,ATL,4,4,2,2,"22,32",https://nflgsis.com/1997/reg/04/202/Gamebook.pdf
1997-09-21,1997,4,REG,1997_04_BAL_TEN,nfl-matt-stover,Matt Stover,BAL,TEN,3,3,5,6,"38,42,49,35,36",https://nflgsis.com/1997/reg/04/90/Gamebook.pdf
1997-09-21,1997,4,REG,1997_04_CIN_DEN,nfl-doug-pelfrey,Doug Pelfrey,CIN,DEN,2,2,2,3,"38,43",https://nflgsis.com/1997/reg/04/67/Gamebook.pdf
1997-09-21,1997,4,REG,1997_04_IND_BUF,nfl-cary-blanchard,Cary Blanchard,IND,BUF,2,2,5,5,"39,36,49,22,25",https://nflgsis.com/1997/reg/04/26/Gamebook.pdf
1997-09-21,1997,4,REG,1997_04_NYG_STL,nfl-jeff-wilkins,Jeff Wilkins,STL,NYG,1,1,2,2,"23,21",https://nflgsis.com/1997/reg/04/219/Gamebook.pdf
1997-09-21,1997,4,REG,1997_04_OAK_NYJ,nfl-john-hall,John Hall,NYJ,OAK,2,2,3,3,"34,47,26",https://nflgsis.com/1997/reg/04/162/Gamebook.pdf
1997-09-22,1997,4,REG,1997_04_PIT_JAX,nfl-mike-hollis,Mike Hollis,JAX,PIT,3,3,3,5,"20,45,27",https://nflgsis.com/1997/reg/04/106/Gamebook.pdf
1997-09-21,1997,4,REG,1997_04_SD_SEA,nfl-john-carney,John Carney,SD,SEA,1,1,5,5,"22,27,26,41,41",https://nflgsis.com/1997/reg/04/211/Gamebook.pdf
1997-09-21,1997,4,REG,1997_04_SD_SEA,nfl-todd-peterson-2,Todd Peterson,SEA,SD,2,2,2,2,"41,47",https://nflgsis.com/1997/reg/04/211/Gamebook.pdf
1997-09-28,1997,5,REG,1997_05_BAL_SD,nfl-matt-stover,Matt Stover,BAL,SD,0,0,3,3,"47,35,28",https://nflgsis.com/1997/reg/05/194/Gamebook.pdf
1997-09-28,1997,5,REG,1997_05_CHI_DAL,nfl-richie-cunningham,Richie Cunningham,DAL,CHI,3,3,2,2,"33,23",https://nflgsis.com/1997/reg/05/58/Gamebook.pdf
1997-09-28,1997,5,REG,1997_05_GB_DET,nfl-jason-hanson-2,Jason Hanson,DET,GB,2,2,4,4,"53,44,22,39",https://nflgsis.com/1997/reg/05/75/Gamebook.pdf
1997-09-28,1997,5,REG,1997_05_GB_DET,nfl-ryan-longwell,Ryan Longwell,GB,DET,0,0,3,3,"36,19,50",https://nflgsis.com/1997/reg/05/75/Gamebook.pdf
1997-09-28,1997,5,REG,1997_05_JAX_WAS,nfl-mike-hollis,Mike Hollis,JAX,WAS,0,0,4,4,"30,42,25,47",https://nflgsis.com/1997/reg/05/234/Gamebook.pdf
1997-09-28,1997,5,REG,1997_05_NO_NYG,nfl-doug-brien,Doug Brien,NO,NYG,0,0,3,3,"36,32,39",https://nflgsis.com/1997/reg/05/155/Gamebook.pdf
1997-09-28,1997,5,REG,1997_05_PHI_MIN,nfl-chris-boniol,Chris Boniol,PHI,MIN,1,1,2,2,"47,26",https://nflgsis.com/1997/reg/05/130/Gamebook.pdf
1997-09-28,1997,5,REG,1997_05_SEA_KC,nfl-pete-stoyanovich,Pete Stoyanovich,KC,SEA,2,2,2,2,"29,41",https://nflgsis.com/1997/reg/05/114/Gamebook.pdf
1997-09-29,1997,5,REG,1997_05_SF_CAR,nfl-gary-anderson,Gary Anderson,SF,CAR,4,4,2,2,"25,48",https://nflgsis.com/1997/reg/05/35/Gamebook.pdf
1997-09-28,1997,5,REG,1997_05_TEN_PIT,nfl-al-del-greco,Al Del Greco,TEN,PIT,1,1,3,4,"37,47,26",https://nflgsis.com/1997/reg/05/187/Gamebook.pdf
1997-09-28,1997,5,REG,1997_05_TEN_PIT,nfl-norm-johnson,Norm Johnson,PIT,TEN,4,4,3,4,"48,25,44",https://nflgsis.com/1997/reg/05/187/Gamebook.pdf
1997-10-05,1997,6,REG,1997_06_DAL_NYG,nfl-brad-daluiso,Brad Daluiso,NYG,DAL,2,2,2,2,"27,22",https://nflgsis.com/1997/reg/06/156/Gamebook.pdf
1997-10-05,1997,6,REG,1997_06_DAL_NYG,nfl-richie-cunningham,Richie Cunningham,DAL,NYG,0,0,3,4,"38,31,27",https://nflgsis.com/1997/reg/06/156/Gamebook.pdf
1997-10-05,1997,6,REG,1997_06_DET_BUF,nfl-jason-hanson-2,Jason Hanson,DET,BUF,1,1,2,2,"28,30",https://nflgsis.com/1997/reg/06/27/Gamebook.pdf
1997-10-05,1997,6,REG,1997_06_DET_BUF,nfl-steve-christie,Steve Christie,BUF,DET,2,2,2,2,"47,33",https://nflgsis.com/1997/reg/06/27/Gamebook.pdf
1997-10-05,1997,6,REG,1997_06_MIN_ARI,nfl-eddie-murray,Eddie Murray,MIN,ARI,2,2,2,2,"49,38",https://nflgsis.com/1997/reg/06/2/Gamebook.pdf
1997-10-05,1997,6,REG,1997_06_MIN_ARI,nfl-kevin-butler,Kevin Butler,ARI,MIN,1,1,4,5,"23,23,28,49",https://nflgsis.com/1997/reg/06/2/Gamebook.pdf
1997-10-06,1997,6,REG,1997_06_NE_DEN,nfl-adam-vinatieri,Adam Vinatieri,NE,DEN,1,1,2,2,"26,49",https://nflgsis.com/1997/reg/06/68/Gamebook.pdf
1997-10-06,1997,6,REG,1997_06_NE_DEN,nfl-scott-bentley,Scott Bentley,DEN,NE,4,4,2,3,"21,33",https://nflgsis.com/1997/reg/06/68/Gamebook.pdf
1997-10-05,1997,6,REG,1997_06_NO_CHI,nfl-doug-brien,Doug Brien,NO,CHI,2,2,2,2,"38,48",https://nflgsis.com/1997/reg/06/43/Gamebook.pdf
1997-10-05,1997,6,REG,1997_06_NYJ_IND,nfl-john-hall,John Hall,NYJ,IND,1,1,3,3,"53,37,23",https://nflgsis.com/1997/reg/06/99/Gamebook.pdf
1997-10-05,1997,6,REG,1997_06_TEN_SEA,nfl-al-del-greco,Al Del Greco,TEN,SEA,1,1,2,2,"37,43",https://nflgsis.com/1997/reg/06/212/Gamebook.pdf
1997-10-12,1997,7,REG,1997_07_ATL_NO,nfl-morten-andersen,Morten Andersen,ATL,NO,2,2,3,3,"25,32,55",https://nflgsis.com/1997/reg/07/147/Gamebook.pdf
1997-10-12,1997,7,REG,1997_07_BUF_NE,nfl-adam-vinatieri,Adam Vinatieri,NE,BUF,3,3,4,4,"20,23,41,52",https://nflgsis.com/1997/reg/07/140/Gamebook.pdf
1997-10-12,1997,7,REG,1997_07_CIN_TEN,nfl-al-del-greco,Al Del Greco,TEN,CIN,3,3,3,4,"47,45,19",https://nflgsis.com/1997/reg/07/91/Gamebook.pdf
1997-10-12,1997,7,REG,1997_07_DET_TB,nfl-jason-hanson-2,Jason Hanson,DET,TB,3,3,2,2,"34,39",https://nflgsis.com/1997/reg/07/228/Gamebook.pdf
1997-10-12,1997,7,REG,1997_07_IND_PIT,nfl-cary-blanchard,Cary Blanchard,IND,PIT,1,1,3,4,"37,27,35",https://nflgsis.com/1997/reg/07/188/Gamebook.pdf
1997-10-12,1997,7,REG,1997_07_NYG_ARI,nfl-brad-daluiso,Brad Daluiso,NYG,ARI,3,3,2,2,"31,48",https://nflgsis.com/1997/reg/07/3/Gamebook.pdf
1997-10-12,1997,7,REG,1997_07_STL_SF,nfl-gary-anderson,Gary Anderson,SF,STL,3,3,3,3,"20,46,28",https://nflgsis.com/1997/reg/07/203/Gamebook.pdf
1997-10-19,1997,8,REG,1997_08_ARI_PHI,nfl-chris-boniol,Chris Boniol,PHI,ARI,1,1,2,3,"38,24",https://nflgsis.com/1997/reg/08/179/Gamebook.pdf
1997-10-20,1997,8,REG,1997_08_BUF_IND,nfl-cary-blanchard,Cary Blanchard,IND,BUF,0,0,2,3,"39,32",https://nflgsis.com/1997/reg/08/100/Gamebook.pdf
1997-10-20,1997,8,REG,1997_08_BUF_IND,nfl-steve-christie,Steve Christie,BUF,IND,0,0,3,4,"22,47,27",https://nflgsis.com/1997/reg/08/100/Gamebook.pdf
1997-10-19,1997,8,REG,1997_08_CAR_NO,nfl-john-kasay,John Kasay,CAR,NO,1,1,2,2,"25,23",https://nflgsis.com/1997/reg/08/148/Gamebook.pdf
1997-10-19,1997,8,REG,1997_08_JAX_DAL,nfl-richie-cunningham,Richie Cunningham,DAL,JAX,2,2,2,2,"37,21",https://nflgsis.com/1997/reg/08/59/Gamebook.pdf
1997-10-19,1997,8,REG,1997_08_MIA_BAL,nfl-matt-stover,Matt Stover,BAL,MIA,1,1,2,2,"38,23",https://nflgsis.com/1997/reg/08/20/Gamebook.pdf
1997-10-19,1997,8,REG,1997_08_NYG_DET,nfl-brad-daluiso,Brad Daluiso,NYG,DET,2,2,2,2,"52,47",https://nflgsis.com/1997/reg/08/76/Gamebook.pdf
1997-10-19,1997,8,REG,1997_08_NYG_DET,nfl-jason-hanson-2,Jason Hanson,DET,NYG,2,2,2,2,"22,28",https://nflgsis.com/1997/reg/08/76/Gamebook.pdf
1997-10-19,1997,8,REG,1997_08_PIT_CIN,nfl-norm-johnson,Norm Johnson,PIT,CIN,2,2,2,2,"43,32",https://nflgsis.com/1997/reg/08/51/Gamebook.pdf
1997-10-19,1997,8,REG,1997_08_SEA_STL,nfl-jeff-wilkins,Jeff Wilkins,STL,SEA,0,0,3,3,"51,29,46",https://nflgsis.com/1997/reg/08/220/Gamebook.pdf
1997-10-26,1997,9,REG,1997_09_ATL_CAR,nfl-morten-andersen,Morten Andersen,ATL,CAR,0,0,2,2,"34,44",https://nflgsis.com/1997/reg/09/36/Gamebook.pdf
1997-10-26,1997,9,REG,1997_09_BAL_WAS,nfl-matt-stover,Matt Stover,BAL,WAS,2,2,2,3,"34,28",https://nflgsis.com/1997/reg/09/236/Gamebook.pdf
1997-10-27,1997,9,REG,1997_09_CHI_MIA,nfl-jeff-jaeger,Jeff Jaeger,CHI,MIA,2,2,4,4,"39,23,47,35",https://nflgsis.com/1997/reg/09/124/Gamebook.pdf
1997-10-26,1997,9,REG,1997_09_DAL_PHI,nfl-chris-boniol,Chris Boniol,PHI,DAL,1,1,2,4,"29,37",https://nflgsis.com/1997/reg/09/180/Gamebook.pdf
1997-10-26,1997,9,REG,1997_09_DAL_PHI,nfl-richie-cunningham,Richie Cunningham,DAL,PHI,0,0,4,4,"26,24,35,43",https://nflgsis.com/1997/reg/09/180/Gamebook.pdf
1997-10-26,1997,9,REG,1997_09_DEN_BUF,nfl-jason-elam,Jason Elam,DEN,BUF,2,2,3,4,"23,22,33",https://nflgsis.com/1997/reg/09/28/Gamebook.pdf
1997-10-26,1997,9,REG,1997_09_DEN_BUF,nfl-steve-christie,Steve Christie,BUF,DEN,2,2,2,2,"30,55",https://nflgsis.com/1997/reg/09/28/Gamebook.pdf
1997-10-26,1997,9,REG,1997_09_KC_STL,nfl-jeff-wilkins,Jeff Wilkins,STL,KC,2,2,2,3,"25,49",https://nflgsis.com/1997/reg/09/221/Gamebook.pdf
1997-10-26,1997,9,REG,1997_09_KC_STL,nfl-pete-stoyanovich,Pete Stoyanovich,KC,STL,0,0,4,4,"25,52,41,39",https://nflgsis.com/1997/reg/09/221/Gamebook.pdf
1997-10-26,1997,9,REG,1997_09_OAK_SEA,nfl-cole-ford,Cole Ford,OAK,SEA,2,2,2,2,"53,22",https://nflgsis.com/1997/reg/09/213/Gamebook.pdf
1997-10-26,1997,9,REG,1997_09_OAK_SEA,nfl-todd-peterson-2,Todd Peterson,SEA,OAK,3,3,4,4,"21,40,38,25",https://nflgsis.com/1997/reg/09/213/Gamebook.pdf
1997-10-26,1997,9,REG,1997_09_SF_NO,nfl-gary-anderson,Gary Anderson,SF,NO,2,2,3,3,"36,51,29",https://nflgsis.com/1997/reg/09/149/Gamebook.pdf
1997-10-26,1997,9,REG,1997_09_TEN_ARI,nfl-al-del-greco,Al Del Greco,TEN,ARI,5,5,2,2,"52,42",https://nflgsis.com/1997/reg/09/4/Gamebook.pdf
1997-11-02,1997,10,REG,1997_10_BAL_NYJ,nfl-john-hall,John Hall,NYJ,BAL,1,1,4,5,"28,33,31,37",https://nflgsis.com/1997/reg/10/165/Gamebook.pdf
1997-11-02,1997,10,REG,1997_10_BAL_NYJ,nfl-matt-stover,Matt Stover,BAL,NYJ,1,1,3,3,"42,22,24",https://nflgsis.com/1997/reg/10/165/Gamebook.pdf
1997-11-02,1997,10,REG,1997_10_DET_GB,nfl-ryan-longwell,Ryan Longwell,GB,DET,2,2,2,2,"23,44",https://nflgsis.com/1997/reg/10/85/Gamebook.pdf
1997-11-02,1997,10,REG,1997_10_JAX_TEN,nfl-mike-hollis,Mike Hollis,JAX,TEN,3,3,3,3,"30,30,37",https://nflgsis.com/1997/reg/10/93/Gamebook.pdf
1997-11-02,1997,10,REG,1997_10_MIA_BUF,nfl-olindo-mare,Olindo Mare,MIA,BUF,0,0,2,3,"27,35",https://nflgsis.com/1997/reg/10/29/Gamebook.pdf
1997-11-02,1997,10,REG,1997_10_MIA_BUF,nfl-steve-christie,Steve Christie,BUF,MIA,0,0,3,5,"41,40,39",https://nflgsis.com/1997/reg/10/29/Gamebook.pdf
1997-11-02,1997,10,REG,1997_10_NE_MIN,nfl-adam-vinatieri,Adam Vinatieri,NE,MIN,0,0,2,2,"22,25",https://nflgsis.com/1997/reg/10/132/Gamebook.pdf
1997-11-02,1997,10,REG,1997_10_NE_MIN,nfl-eddie-murray,Eddie Murray,MIN,NE,2,2,3,3,"24,23,41",https://nflgsis.com/1997/reg/10/132/Gamebook.pdf
1997-11-03,1997,10,REG,1997_10_PIT_KC,nfl-pete-stoyanovich,Pete Stoyanovich,KC,PIT,1,1,2,2,"35,45",https://nflgsis.com/1997/reg/10/116/Gamebook.pdf
1997-11-02,1997,10,REG,1997_10_SEA_DEN,nfl-jason-elam,Jason Elam,DEN,SEA,3,3,3,3,"23,48,22",https://nflgsis.com/1997/reg/10/69/Gamebook.pdf
1997-11-02,1997,10,REG,1997_10_SEA_DEN,nfl-todd-peterson-2,Todd Peterson,SEA,DEN,3,3,2,2,"52,41",https://nflgsis.com/1997/reg/10/69/Gamebook.pdf
1997-11-02,1997,10,REG,1997_10_STL_ATL,nfl-morten-andersen,Morten Andersen,ATL,STL,4,4,2,2,"37,27",https://nflgsis.com/1997/reg/10/13/Gamebook.pdf
1997-11-02,1997,10,REG,1997_10_TB_IND,nfl-cary-blanchard,Cary Blanchard,IND,TB,2,2,2,3,"43,36",https://nflgsis.com/1997/reg/10/101/Gamebook.pdf
1997-11-09,1997,11,REG,1997_11_ARI_DAL,nfl-joe-nedney,Joe Nedney,ARI,DAL,0,0,2,4,"42,39",https://nflgsis.com/1997/reg/11/60/Gamebook.pdf
1997-11-09,1997,11,REG,1997_11_BAL_PIT,nfl-norm-johnson,Norm Johnson,PIT,BAL,4,4,3,3,"52,22,39",https://nflgsis.com/1997/reg/11/190/Gamebook.pdf
1997-11-09,1997,11,REG,1997_11_CAR_DEN,nfl-jason-elam,Jason Elam,DEN,CAR,4,4,2,3,"25,50",https://nflgsis.com/1997/reg/11/70/Gamebook.pdf
1997-11-09,1997,11,REG,1997_11_CHI_MIN,nfl-jeff-jaeger,Jeff Jaeger,CHI,MIN,1,1,3,3,"29,22,36",https://nflgsis.com/1997/reg/11/133/Gamebook.pdf
1997-11-09,1997,11,REG,1997_11_CIN_IND,nfl-cary-blanchard,Cary Blanchard,IND,CIN,1,1,2,3,"42,45",https://nflgsis.com/1997/reg/11/102/Gamebook.pdf
1997-11-09,1997,11,REG,1997_11_DET_WAS,nfl-scott-blanton,Scott Blanton,WAS,DET,3,3,3,5,"22,50,45",https://nflgsis.com/1997/reg/11/237/Gamebook.pdf
1997-11-09,1997,11,REG,1997_11_NO_OAK,nfl-doug-brien,Doug Brien,NO,OAK,1,1,2,2,"48,44",https://nflgsis.com/1997/reg/11/173/Gamebook.pdf
1997-11-09,1997,11,REG,1997_11_NYG_TEN,nfl-brad-daluiso,Brad Daluiso,NYG,TEN,0,0,2,2,"42,40",https://nflgsis.com/1997/reg/11/94/Gamebook.pdf
1997-11-10,1997,11,REG,1997_11_SF_PHI,nfl-chris-boniol,Chris Boniol,PHI,SF,0,0,2,2,"28,34",https://nflgsis.com/1997/reg/11/181/Gamebook.pdf
1997-11-16,1997,12,REG,1997_12_ARI_NYG,nfl-brad-daluiso,Brad Daluiso,NYG,ARI,1,2,2,2,"33,34",https://nflgsis.com/1997/reg/12/158/Gamebook.pdf
1997-11-16,1997,12,REG,1997_12_ATL_STL,nfl-morten-andersen,Morten Andersen,ATL,STL,3,3,2,2,"27,44",https://nflgsis.com/1997/reg/12/222/Gamebook.pdf
1997-11-17,1997,12,REG,1997_12_BUF_MIA,nfl-olindo-mare,Olindo Mare,MIA,BUF,3,3,3,3,"37,30,35",https://nflgsis.com/1997/reg/12/126/Gamebook.pdf
1997-11-17,1997,12,REG,1997_12_BUF_MIA,nfl-steve-christie,Steve Christie,BUF,MIA,1,1,2,2,"36,24",https://nflgsis.com/1997/reg/12/126/Gamebook.pdf
1997-11-16,1997,12,REG,1997_12_CAR_SF,nfl-gary-anderson,Gary Anderson,SF,CAR,3,3,2,3,"28,43",https://nflgsis.com/1997/reg/12/205/Gamebook.pdf
1997-11-16,1997,12,REG,1997_12_CAR_SF,nfl-john-kasay,John Kasay,CAR,SF,1,1,2,2,"46,27",https://nflgsis.com/1997/reg/12/205/Gamebook.pdf
1997-11-16,1997,12,REG,1997_12_CIN_PIT,nfl-norm-johnson,Norm Johnson,PIT,CIN,2,2,2,2,"34,25",https://nflgsis.com/1997/reg/12/191/Gamebook.pdf
1997-11-16,1997,12,REG,1997_12_DEN_KC,nfl-jason-elam,Jason Elam,DEN,KC,1,1,5,6,"21,38,38,28,34",https://nflgsis.com/1997/reg/12/117/Gamebook.pdf
1997-11-16,1997,12,REG,1997_12_GB_IND,nfl-cary-blanchard,Cary Blanchard,IND,GB,1,1,4,5,"42,41,35,20",https://nflgsis.com/1997/reg/12/103/Gamebook.pdf
1997-11-16,1997,12,REG,1997_12_NE_TB,nfl-michael-husted,Michael Husted,TB,NE,3,3,2,2,"44,44",https://nflgsis.com/1997/reg/12/230/Gamebook.pdf
1997-11-16,1997,12,REG,1997_12_NYJ_CHI,nfl-john-hall,John Hall,NYJ,CHI,2,2,3,4,"34,36,34",https://nflgsis.com/1997/reg/12/46/Gamebook.pdf
1997-11-16,1997,12,REG,1997_12_SEA_NO,nfl-doug-brien,Doug Brien,NO,SEA,2,2,2,2,"19,48",https://nflgsis.com/1997/reg/12/150/Gamebook.pdf
1997-11-16,1997,12,REG,1997_12_WAS_DAL,nfl-richie-cunningham,Richie Cunningham,DAL,WAS,0,0,3,3,"34,40,42",https://nflgsis.com/1997/reg/12/61/Gamebook.pdf
1997-11-23,1997,13,REG,1997_13_ARI_BAL,nfl-joe-nedney,Joe Nedney,ARI,BAL,1,1,3,3,"22,27,43",https://nflgsis.com/1997/reg/13/22/Gamebook.pdf
1997-11-23,1997,13,REG,1997_13_ARI_BAL,nfl-matt-stover,Matt Stover,BAL,ARI,1,1,2,2,"46,34",https://nflgsis.com/1997/reg/13/22/Gamebook.pdf
1997-11-23,1997,13,REG,1997_13_CAR_STL,nfl-john-kasay,John Kasay,CAR,STL,1,1,3,3,"36,53,27",https://nflgsis.com/1997/reg/13/223/Gamebook.pdf
1997-11-23,1997,13,REG,1997_13_IND_DET,nfl-jason-hanson-2,Jason Hanson,DET,IND,3,3,3,3,"38,52,55",https://nflgsis.com/1997/reg/13/78/Gamebook.pdf
1997-11-23,1997,13,REG,1997_13_JAX_CIN,nfl-mike-hollis,Mike Hollis,JAX,CIN,2,2,4,4,"21,35,29,25",https://nflgsis.com/1997/reg/13/53/Gamebook.pdf
1997-11-23,1997,13,REG,1997_13_MIA_NE,nfl-adam-vinatieri,Adam Vinatieri,NE,MIA,3,3,2,3,"36,27",https://nflgsis.com/1997/reg/13/142/Gamebook.pdf
1997-11-23,1997,13,REG,1997_13_MIN_NYJ,nfl-john-hall,John Hall,NYJ,MIN,2,2,3,4,"28,27,51",https://nflgsis.com/1997/reg/13/166/Gamebook.pdf
1997-11-23,1997,13,REG,1997_13_NO_ATL,nfl-morten-andersen,Morten Andersen,ATL,NO,2,2,2,3,"43,22",https://nflgsis.com/1997/reg/13/15/Gamebook.pdf
1997-11-23,1997,13,REG,1997_13_PIT_PHI,nfl-chris-boniol,Chris Boniol,PHI,PIT,2,2,3,3,"23,35,25",https://nflgsis.com/1997/reg/13/182/Gamebook.pdf
1997-11-23,1997,13,REG,1997_13_PIT_PHI,nfl-norm-johnson,Norm Johnson,PIT,PHI,2,2,2,2,"46,40",https://nflgsis.com/1997/reg/13/182/Gamebook.pdf
1997-11-23,1997,13,REG,1997_13_TB_CHI,nfl-jeff-jaeger,Jeff Jaeger,CHI,TB,1,1,2,3,"32,25",https://nflgsis.com/1997/reg/13/47/Gamebook.pdf
1997-11-30,1997,14,REG,1997_14_BAL_JAX,nfl-mike-hollis,Mike Hollis,JAX,BAL,2,2,5,5,"41,42,31,29,22",https://nflgsis.com/1997/reg/14/111/Gamebook.pdf
1997-11-27,1997,14,REG,1997_14_CHI_DET,nfl-jason-hanson-2,Jason Hanson,DET,CHI,7,7,2,2,"40,29",https://nflgsis.com/1997/reg/14/79/Gamebook.pdf
1997-11-27,1997,14,REG,1997_14_CHI_DET,nfl-jeff-jaeger,Jeff Jaeger,CHI,DET,2,2,2,3,"52,32",https://nflgsis.com/1997/reg/14/79/Gamebook.pdf
1997-11-30,1997,14,REG,1997_14_CIN_PHI,nfl-chris-boniol,Chris Boniol,PHI,CIN,5,5,3,3,"33,25,31",https://nflgsis.com/1997/reg/14/183/Gamebook.pdf
1997-12-01,1997,14,REG,1997_14_GB_MIN,nfl-ryan-longwell,Ryan Longwell,GB,MIN,3,3,2,3,"30,19",https://nflgsis.com/1997/reg/14/134/Gamebook.pdf
1997-11-30,1997,14,REG,1997_14_IND_NE,nfl-adam-vinatieri,Adam Vinatieri,NE,IND,2,2,2,2,"32,48",https://nflgsis.com/1997/reg/14/143/Gamebook.pdf
1997-11-30,1997,14,REG,1997_14_MIA_OAK,nfl-olindo-mare,Olindo Mare,MIA,OAK,4,4,2,3,"28,42",https://nflgsis.com/1997/reg/14/174/Gamebook.pdf
1997-11-30,1997,14,REG,1997_14_NO_CAR,nfl-doug-brien,Doug Brien,NO,CAR,1,1,3,3,"50,51,45",https://nflgsis.com/1997/reg/14/38/Gamebook.pdf
1997-11-30,1997,14,REG,1997_14_NO_CAR,nfl-john-kasay,John Kasay,CAR,NO,1,1,2,3,"44,31",https://nflgsis.com/1997/reg/14/38/Gamebook.pdf
1997-11-30,1997,14,REG,1997_14_NYJ_BUF,nfl-steve-christie,Steve Christie,BUF,NYJ,2,2,2,2,"49,34",https://nflgsis.com/1997/reg/14/31/Gamebook.pdf
1997-11-30,1997,14,REG,1997_14_PIT_ARI,nfl-joe-nedney,Joe Nedney,ARI,PIT,2,2,2,3,"32,19",https://nflgsis.com/1997/reg/14/6/Gamebook.pdf
1997-11-30,1997,14,REG,1997_14_PIT_ARI,nfl-norm-johnson,Norm Johnson,PIT,ARI,2,2,2,2,"40,39",https://nflgsis.com/1997/reg/14/6/Gamebook.pdf
1997-11-30,1997,14,REG,1997_14_SF_KC,nfl-gary-anderson,Gary Anderson,SF,KC,0,0,3,3,"33,33,40",https://nflgsis.com/1997/reg/14/118/Gamebook.pdf
1997-11-30,1997,14,REG,1997_14_STL_WAS,nfl-jeff-wilkins,Jeff Wilkins,STL,WAS,2,2,3,4,"30,23,25",https://nflgsis.com/1997/reg/14/239/Gamebook.pdf
1997-11-30,1997,14,REG,1997_14_STL_WAS,nfl-scott-blanton,Scott Blanton,WAS,STL,2,2,2,2,"43,19",https://nflgsis.com/1997/reg/14/239/Gamebook.pdf
1997-11-30,1997,14,REG,1997_14_TB_NYG,nfl-brad-daluiso,Brad Daluiso,NYG,TB,0,0,2,3,"45,30",https://nflgsis.com/1997/reg/14/159/Gamebook.pdf
1997-11-27,1997,14,REG,1997_14_TEN_DAL,nfl-al-del-greco,Al Del Greco,TEN,DAL,3,3,2,2,"29,19",https://nflgsis.com/1997/reg/14/62/Gamebook.pdf
1997-12-07,1997,15,REG,1997_15_BUF_CHI,nfl-jeff-jaeger,Jeff Jaeger,CHI,BUF,2,2,2,2,"41,38",https://nflgsis.com/1997/reg/15/48/Gamebook.pdf
1997-12-08,1997,15,REG,1997_15_CAR_DAL,nfl-john-kasay,John Kasay,CAR,DAL,2,2,3,3,"34,40,18",https://nflgsis.com/1997/reg/15/63/Gamebook.pdf
1997-12-08,1997,15,REG,1997_15_CAR_DAL,nfl-richie-cunningham,Richie Cunningham,DAL,CAR,1,1,2,2,"43,32",https://nflgsis.com/1997/reg/15/63/Gamebook.pdf
1997-12-07,1997,15,REG,1997_15_DET_MIA,nfl-olindo-mare,Olindo Mare,MIA,DET,3,3,4,4,"19,33,21,42",https://nflgsis.com/1997/reg/15/127/Gamebook.pdf
1997-12-07,1997,15,REG,1997_15_GB_TB,nfl-michael-husted,Michael Husted,TB,GB,0,0,2,2,"24,48",https://nflgsis.com/1997/reg/15/231/Gamebook.pdf
1997-12-07,1997,15,REG,1997_15_IND_NYJ,nfl-cary-blanchard,Cary Blanchard,IND,NYJ,1,1,3,3,"38,20,42",https://nflgsis.com/1997/reg/15/167/Gamebook.pdf
1997-12-07,1997,15,REG,1997_15_NE_JAX,nfl-adam-vinatieri,Adam Vinatieri,NE,JAX,2,2,4,5,"44,41,33,39",https://nflgsis.com/1997/reg/15/112/Gamebook.pdf
1997-12-07,1997,15,REG,1997_15_OAK_KC,nfl-pete-stoyanovich,Pete Stoyanovich,KC,OAK,3,3,3,3,"44,27,40",https://nflgsis.com/1997/reg/15/119/Gamebook.pdf
1997-12-07,1997,15,REG,1997_15_STL_NO,nfl-doug-brien,Doug Brien,NO,STL,3,3,2,2,"49,53",https://nflgsis.com/1997/reg/15/151/Gamebook.pdf
1997-12-07,1997,15,REG,1997_15_STL_NO,nfl-jeff-wilkins,Jeff Wilkins,STL,NO,4,4,2,4,"37,34",https://nflgsis.com/1997/reg/15/151/Gamebook.pdf
1997-12-04,1997,15,REG,1997_15_TEN_CIN,nfl-doug-pelfrey,Doug Pelfrey,CIN,TEN,5,5,2,2,"26,40",https://nflgsis.com/1997/reg/15/54/Gamebook.pdf
1997-12-14,1997,16,REG,1997_16_ARI_NO,nfl-doug-brien,Doug Brien,NO,ARI,3,3,2,2,"20,33",https://nflgsis.com/1997/reg/16/152/Gamebook.pdf
1997-12-14,1997,16,REG,1997_16_CHI_STL,nfl-jeff-jaeger,Jeff Jaeger,CHI,STL,1,1,2,3,"27,20",https://nflgsis.com/1997/reg/16/224/Gamebook.pdf
1997-12-15,1997,16,REG,1997_16_DEN_SF,nfl-gary-anderson,Gary Anderson,SF,DEN,4,4,2,3,"32,20",https://nflgsis.com/1997/reg/16/208/Gamebook.pdf
1997-12-14,1997,16,REG,1997_16_DET_MIN,nfl-eddie-murray,Eddie Murray,MIN,DET,1,1,2,3,"21,28",https://nflgsis.com/1997/reg/16/135/Gamebook.pdf
1997-12-14,1997,16,REG,1997_16_JAX_BUF,nfl-mike-hollis,Mike Hollis,JAX,BUF,2,2,2,2,"19,47",https://nflgsis.com/1997/reg/16/32/Gamebook.pdf
1997-12-14,1997,16,REG,1997_16_JAX_BUF,nfl-steve-christie,Steve Christie,BUF,JAX,0,0,2,2,"38,31",https://nflgsis.com/1997/reg/16/32/Gamebook.pdf
1997-12-14,1997,16,REG,1997_16_KC_SD,nfl-pete-stoyanovich,Pete Stoyanovich,KC,SD,3,3,2,2,"40,48",https://nflgsis.com/1997/reg/16/200/Gamebook.pdf
1997-12-14,1997,16,REG,1997_16_MIA_IND,nfl-cary-blanchard,Cary Blanchard,IND,MIA,5,5,2,2,"21,50",https://nflgsis.com/1997/reg/16/104/Gamebook.pdf
1997-12-14,1997,16,REG,1997_16_PHI_ATL,nfl-morten-andersen,Morten Andersen,ATL,PHI,2,2,2,3,"21,33",https://nflgsis.com/1997/reg/16/16/Gamebook.pdf
1997-12-13,1997,16,REG,1997_16_PIT_NE,nfl-norm-johnson,Norm Johnson,PIT,NE,1,1,3,3,"36,34,31",https://nflgsis.com/1997/reg/16/144/Gamebook.pdf
1997-12-14,1997,16,REG,1997_16_SEA_OAK,nfl-todd-peterson-2,Todd Peterson,SEA,OAK,1,1,3,4,"27,27,49",https://nflgsis.com/1997/reg/16/175/Gamebook.pdf
1997-12-14,1997,16,REG,1997_16_TEN_BAL,nfl-al-del-greco,Al Del Greco,TEN,BAL,1,1,2,2,"25,40",https://nflgsis.com/1997/reg/16/24/Gamebook.pdf
1997-12-13,1997,16,REG,1997_16_WAS_NYG,nfl-brad-daluiso,Brad Daluiso,NYG,WAS,3,3,3,3,"41,28,28",https://nflgsis.com/1997/reg/16/160/Gamebook.pdf
1997-12-21,1997,17,REG,1997_17_ATL_ARI,nfl-morten-andersen,Morten Andersen,ATL,ARI,2,2,4,4,"25,31,20,26",https://nflgsis.com/1997/reg/17/8/Gamebook.pdf
1997-12-21,1997,17,REG,1997_17_IND_MIN,nfl-cary-blanchard,Cary Blanchard,IND,MIN,2,2,2,2,"27,21",https://nflgsis.com/1997/reg/17/136/Gamebook.pdf
1997-12-21,1997,17,REG,1997_17_IND_MIN,nfl-eddie-murray,Eddie Murray,MIN,IND,3,4,2,2,"29,25",https://nflgsis.com/1997/reg/17/136/Gamebook.pdf
1997-12-21,1997,17,REG,1997_17_JAX_OAK,nfl-mike-hollis,Mike Hollis,JAX,OAK,2,2,2,2,"19,23",https://nflgsis.com/1997/reg/17/176/Gamebook.pdf
1997-12-22,1997,17,REG,1997_17_NE_MIA,nfl-olindo-mare,Olindo Mare,MIA,NE,0,0,2,3,"50,41",https://nflgsis.com/1997/reg/17/128/Gamebook.pdf
1997-12-21,1997,17,REG,1997_17_NO_KC,nfl-pete-stoyanovich,Pete Stoyanovich,KC,NO,1,1,2,2,"30,25",https://nflgsis.com/1997/reg/17/120/Gamebook.pdf
1997-12-21,1997,17,REG,1997_17_NYG_DAL,nfl-brad-daluiso,Brad Daluiso,NYG,DAL,2,2,2,3,"28,42",https://nflgsis.com/1997/reg/17/64/Gamebook.pdf
1997-12-21,1997,17,REG,1997_17_NYJ_DET,nfl-jason-hanson-2,Jason Hanson,DET,NYJ,1,1,2,2,"44,25",https://nflgsis.com/1997/reg/17/80/Gamebook.pdf
1997-12-21,1997,17,REG,1997_17_PIT_TEN,nfl-al-del-greco,Al Del Greco,TEN,PIT,1,1,3,3,"34,29,26",https://nflgsis.com/1997/reg/17/96/Gamebook.pdf
1997-12-21,1997,17,REG,1997_17_PIT_TEN,nfl-norm-johnson,Norm Johnson,PIT,TEN,0,0,2,2,"23,36",https://nflgsis.com/1997/reg/17/96/Gamebook.pdf
1997-12-21,1997,17,REG,1997_17_SF_SEA,nfl-gary-anderson,Gary Anderson,SF,SEA,0,0,3,3,"33,40,23",https://nflgsis.com/1997/reg/17/216/Gamebook.pdf
1997-12-20,1997,17,REG,1997_17_STL_CAR,nfl-jeff-wilkins,Jeff Wilkins,STL,CAR,3,3,3,3,"49,42,47",https://nflgsis.com/1997/reg/17/40/Gamebook.pdf
1996-09-01,1996,1,REG,1996_01_ARI_IND,nfl-cary-blanchard,Cary Blanchard,IND,ARI,2,2,2,2,"24,40",https://nflgsis.com/1996/reg/01/17429/Gamebook.pdf
1996-09-01,1996,1,REG,1996_01_ARI_IND,nfl-greg-davis,Greg Davis,ARI,IND,1,1,2,3,"24,30",https://nflgsis.com/1996/reg/01/17429/Gamebook.pdf
1996-09-01,1996,1,REG,1996_01_ATL_CAR,nfl-john-kasay,John Kasay,CAR,ATL,2,2,5,5,"32,36,53,38,42",https://nflgsis.com/1996/reg/01/17420/Gamebook.pdf
1996-09-01,1996,1,REG,1996_01_ATL_CAR,nfl-morten-andersen,Morten Andersen,ATL,CAR,0,0,2,3,"46,33",https://nflgsis.com/1996/reg/01/17420/Gamebook.pdf
1996-09-01,1996,1,REG,1996_01_BUF_NYG,nfl-brad-daluiso,Brad Daluiso,NYG,BUF,2,2,2,2,"22,34",https://nflgsis.com/1996/reg/01/17419/Gamebook.pdf
1996-09-01,1996,1,REG,1996_01_BUF_NYG,nfl-steve-christie,Steve Christie,BUF,NYG,2,2,3,3,"28,39,34",https://nflgsis.com/1996/reg/01/17419/Gamebook.pdf
1996-09-02,1996,1,REG,1996_01_DAL_CHI,nfl-carlos-huerta,Carlos Huerta,CHI,DAL,1,1,3,4,"31,42,34",https://nflgsis.com/1996/reg/01/17433/Gamebook.pdf
1996-09-02,1996,1,REG,1996_01_DAL_CHI,nfl-chris-boniol,Chris Boniol,DAL,CHI,0,0,2,3,"28,28",https://nflgsis.com/1996/reg/01/17433/Gamebook.pdf
1996-09-01,1996,1,REG,1996_01_DET_MIN,nfl-jason-hanson-2,Jason Hanson,DET,MIN,1,1,2,2,"24,39",https://nflgsis.com/1996/reg/01/17428/Gamebook.pdf
1996-09-01,1996,1,REG,1996_01_GB_TB,nfl-chris-jacke,Chris Jacke,GB,TB,4,4,2,3,"23,40",https://nflgsis.com/1996/reg/01/17425/Gamebook.pdf
1996-09-01,1996,1,REG,1996_01_KC_HOU,nfl-al-del-greco,Al Del Greco,HOU,KC,1,1,4,5,"34,44,33,22",https://nflgsis.com/1996/reg/01/17426/Gamebook.pdf
1996-09-01,1996,1,REG,1996_01_KC_HOU,nfl-pete-stoyanovich,Pete Stoyanovich,KC,HOU,2,2,2,2,"35,43",https://nflgsis.com/1996/reg/01/17426/Gamebook.pdf
1996-09-01,1996,1,REG,1996_01_NO_SF,nfl-jeff-wilkins,Jeff Wilkins,SF,NO,3,3,2,2,"29,29",https://nflgsis.com/1996/reg/01/17423/Gamebook.pdf
1996-09-01,1996,1,REG,1996_01_OAK_BAL,nfl-matt-stover,Matt Stover,BAL,OAK,1,1,2,2,"25,37",https://nflgsis.com/1996/reg/01/17432/Gamebook.pdf
1996-09-01,1996,1,REG,1996_01_PIT_JAX,nfl-norm-johnson,Norm Johnson,PIT,JAX,0,0,3,3,"48,29,23",https://nflgsis.com/1996/reg/01/17430/Gamebook.pdf
1996-09-01,1996,1,REG,1996_01_SEA_SD,nfl-john-carney,John Carney,SD,SEA,2,2,5,5,"35,53,22,50,31",https://nflgsis.com/1996/reg/01/17431/Gamebook.pdf
1996-09-08,1996,2,REG,1996_02_CAR_NO,nfl-doug-brien,Doug Brien,NO,CAR,2,2,2,2,"48,43",https://nflgsis.com/1996/reg/02/17445/Gamebook.pdf
1996-09-08,1996,2,REG,1996_02_CAR_NO,nfl-john-kasay,John Kasay,CAR,NO,1,1,5,5,"51,22,29,51,23",https://nflgsis.com/1996/reg/02/17445/Gamebook.pdf
1996-09-08,1996,2,REG,1996_02_CIN_SD,nfl-john-carney,John Carney,SD,CIN,3,3,2,2,"47,23",https://nflgsis.com/1996/reg/02/17439/Gamebook.pdf
1996-09-08,1996,2,REG,1996_02_DEN_SEA,nfl-jason-elam,Jason Elam,DEN,SEA,3,3,3,3,"18,28,33",https://nflgsis.com/1996/reg/02/17435/Gamebook.pdf
1996-09-08,1996,2,REG,1996_02_DEN_SEA,nfl-todd-peterson-2,Todd Peterson,SEA,DEN,2,2,2,2,"27,40",https://nflgsis.com/1996/reg/02/17435/Gamebook.pdf
1996-09-08,1996,2,REG,1996_02_HOU_JAX,nfl-al-del-greco,Al Del Greco,HOU,JAX,4,4,2,2,"32,29",https://nflgsis.com/1996/reg/02/17443/Gamebook.pdf
1996-09-08,1996,2,REG,1996_02_HOU_JAX,nfl-mike-hollis,Mike Hollis,JAX,HOU,3,3,2,3,"38,37",https://nflgsis.com/1996/reg/02/17443/Gamebook.pdf
1996-09-08,1996,2,REG,1996_02_MIN_ATL,nfl-scott-sisson,Scott Sisson,MIN,ATL,2,2,3,3,"26,30,21",https://nflgsis.com/1996/reg/02/17442/Gamebook.pdf
1996-09-08,1996,2,REG,1996_02_NYG_DAL,nfl-chris-boniol,Chris Boniol,DAL,NYG,3,3,2,2,"23,29",https://nflgsis.com/1996/reg/02/17446/Gamebook.pdf
1996-09-09,1996,2,REG,1996_02_PHI_GB,nfl-chris-jacke,Chris Jacke,GB,PHI,4,4,3,3,"29,44,38",https://nflgsis.com/1996/reg/02/17448/Gamebook.pdf
1996-09-08,1996,2,REG,1996_02_STL_SF,nfl-jeff-wilkins,Jeff Wilkins,SF,STL,3,3,3,4,"38,22,21",https://nflgsis.com/1996/reg/02/17436/Gamebook.pdf
1996-09-08,1996,2,REG,1996_02_TB_DET,nfl-michael-husted,Michael Husted,TB,DET,0,0,2,2,"30,41",https://nflgsis.com/1996/reg/02/17447/Gamebook.pdf
1996-09-15,1996,3,REG,1996_03_BAL_HOU,nfl-al-del-greco,Al Del Greco,HOU,BAL,3,3,2,2,"41,54",https://nflgsis.com/1996/reg/03/17449/Gamebook.pdf
1996-09-16,1996,3,REG,1996_03_BUF_PIT,nfl-steve-christie,Steve Christie,BUF,PIT,0,0,2,2,"31,45",https://nflgsis.com/1996/reg/03/17461/Gamebook.pdf
1996-09-15,1996,3,REG,1996_03_IND_DAL,nfl-cary-blanchard,Cary Blanchard,IND,DAL,1,1,4,4,"23,25,52,43",https://nflgsis.com/1996/reg/03/17455/Gamebook.pdf
1996-09-15,1996,3,REG,1996_03_MIN_CHI,nfl-scott-sisson,Scott Sisson,MIN,CHI,2,2,2,2,"33,34",https://nflgsis.com/1996/reg/03/17460/Gamebook.pdf
1996-09-15,1996,3,REG,1996_03_NO_CIN,nfl-doug-brien,Doug Brien,NO,CIN,0,0,3,3,"51,37,25",https://nflgsis.com/1996/reg/03/17454/Gamebook.pdf
1996-09-15,1996,3,REG,1996_03_NO_CIN,nfl-doug-pelfrey,Doug Pelfrey,CIN,NO,3,3,3,4,"33,21,35",https://nflgsis.com/1996/reg/03/17454/Gamebook.pdf
1996-09-15,1996,3,REG,1996_03_TB_DEN,nfl-jason-elam,Jason Elam,DEN,TB,3,3,2,2,"46,20",https://nflgsis.com/1996/reg/03/17456/Gamebook.pdf
1996-09-15,1996,3,REG,1996_03_TB_DEN,nfl-michael-husted,Michael Husted,TB,DEN,2,2,3,3,"24,35,28",https://nflgsis.com/1996/reg/03/17456/Gamebook.pdf
1996-09-22,1996,4,REG,1996_04_ARI_NO,nfl-greg-davis,Greg Davis,ARI,NO,2,2,2,2,"25,27",https://nflgsis.com/1996/reg/04/17470/Gamebook.pdf
1996-09-22,1996,4,REG,1996_04_GB_MIN,nfl-scott-sisson,Scott Sisson,MIN,GB,3,3,3,3,"34,44,33",https://nflgsis.com/1996/reg/04/17472/Gamebook.pdf
1996-09-22,1996,4,REG,1996_04_JAX_NE,nfl-adam-vinatieri,Adam Vinatieri,NE,JAX,1,2,5,6,"23,30,29,41,40",https://nflgsis.com/1996/reg/04/17463/Gamebook.pdf
1996-09-23,1996,4,REG,1996_04_MIA_IND,nfl-joe-nedney,Joe Nedney,MIA,IND,0,0,2,3,"24,29",https://nflgsis.com/1996/reg/04/17474/Gamebook.pdf
1996-09-22,1996,4,REG,1996_04_NYG_NYJ,nfl-brad-daluiso,Brad Daluiso,NYG,NYJ,1,1,2,2,"21,20",https://nflgsis.com/1996/reg/04/17468/Gamebook.pdf
1996-09-22,1996,4,REG,1996_04_NYG_NYJ,nfl-nick-lowery,Nick Lowery,NYJ,NYG,0,0,2,2,"46,39",https://nflgsis.com/1996/reg/04/17468/Gamebook.pdf
1996-09-22,1996,4,REG,1996_04_PHI_ATL,nfl-gary-anderson,Gary Anderson,PHI,ATL,3,3,4,4,"28,33,39,25",https://nflgsis.com/1996/reg/04/17469/Gamebook.pdf
1996-09-22,1996,4,REG,1996_04_SD_OAK,nfl-john-carney,John Carney,SD,OAK,4,4,2,3,"28,39",https://nflgsis.com/1996/reg/04/17473/Gamebook.pdf
1996-09-22,1996,4,REG,1996_04_SEA_TB,nfl-michael-husted,Michael Husted,TB,SEA,1,1,2,2,"33,28",https://nflgsis.com/1996/reg/04/17471/Gamebook.pdf
1996-09-22,1996,4,REG,1996_04_SF_CAR,nfl-john-kasay,John Kasay,CAR,SF,2,2,3,3,"28,35,19",https://nflgsis.com/1996/reg/04/17466/Gamebook.pdf
1996-09-29,1996,5,REG,1996_05_ATL_SF,nfl-jeff-wilkins,Jeff Wilkins,SF,ATL,3,3,6,6,"21,43,46,29,29,38",https://nflgsis.com/1996/reg/05/17482/Gamebook.pdf
1996-09-30,1996,5,REG,1996_05_DAL_PHI,nfl-chris-boniol,Chris Boniol,DAL,PHI,2,2,3,3,"47,30,21",https://nflgsis.com/1996/reg/05/17487/Gamebook.pdf
1996-09-29,1996,5,REG,1996_05_DET_TB,nfl-jason-hanson-2,Jason Hanson,DET,TB,3,3,2,3,"20,29",https://nflgsis.com/1996/reg/05/17480/Gamebook.pdf
1996-09-29,1996,5,REG,1996_05_HOU_PIT,nfl-norm-johnson,Norm Johnson,PIT,HOU,3,3,3,3,"33,36,36",https://nflgsis.com/1996/reg/05/17485/Gamebook.pdf
1996-09-29,1996,5,REG,1996_05_KC_SD,nfl-john-carney,John Carney,SD,KC,1,1,5,5,"33,38,44,39,33",https://nflgsis.com/1996/reg/05/17483/Gamebook.pdf
1996-09-29,1996,5,REG,1996_05_KC_SD,nfl-pete-stoyanovich,Pete Stoyanovich,KC,SD,1,1,4,5,"44,26,25,32",https://nflgsis.com/1996/reg/05/17483/Gamebook.pdf
1996-09-29,1996,5,REG,1996_05_MIN_NYG,nfl-brad-daluiso,Brad Daluiso,NYG,MIN,0,0,3,3,"25,27,18",https://nflgsis.com/1996/reg/05/17484/Gamebook.pdf
1996-09-29,1996,5,REG,1996_05_NYJ_WAS,nfl-nick-lowery,Nick Lowery,NYJ,WAS,1,1,3,4,"26,35,33",https://nflgsis.com/1996/reg/05/17478/Gamebook.pdf
1996-09-29,1996,5,REG,1996_05_OAK_CHI,nfl-jeff-jaeger,Jeff Jaeger,CHI,OAK,1,1,4,4,"44,24,40,30",https://nflgsis.com/1996/reg/05/17477/Gamebook.pdf
1996-10-06,1996,6,REG,1996_06_GB_CHI,nfl-jeff-jaeger,Jeff Jaeger,CHI,GB,0,0,2,2,"40,41",https://nflgsis.com/1996/reg/06/17489/Gamebook.pdf
1996-10-06,1996,6,REG,1996_06_HOU_CIN,nfl-al-del-greco,Al Del Greco,HOU,CIN,3,3,3,3,"40,32,49",https://nflgsis.com/1996/reg/06/17490/Gamebook.pdf
1996-10-06,1996,6,REG,1996_06_HOU_CIN,nfl-doug-pelfrey,Doug Pelfrey,CIN,HOU,3,3,2,3,"42,32",https://nflgsis.com/1996/reg/06/17490/Gamebook.pdf
1996-10-06,1996,6,REG,1996_06_IND_BUF,nfl-cary-blanchard,Cary Blanchard,IND,BUF,1,1,2,3,"44,41",https://nflgsis.com/1996/reg/06/17497/Gamebook.pdf
1996-10-06,1996,6,REG,1996_06_IND_BUF,nfl-steve-christie,Steve Christie,BUF,IND,1,1,3,3,"42,37,39",https://nflgsis.com/1996/reg/06/17497/Gamebook.pdf
1996-10-06,1996,6,REG,1996_06_JAX_NO,nfl-mike-hollis,Mike Hollis,JAX,NO,1,1,2,3,"36,20",https://nflgsis.com/1996/reg/06/17491/Gamebook.pdf
1996-10-06,1996,6,REG,1996_06_NE_BAL,nfl-adam-vinatieri,Adam Vinatieri,NE,BAL,3,3,3,3,"22,35,50",https://nflgsis.com/1996/reg/06/17493/Gamebook.pdf
1996-10-06,1996,6,REG,1996_06_OAK_NYJ,nfl-cole-ford,Cole Ford,OAK,NYJ,4,4,2,2,"26,35",https://nflgsis.com/1996/reg/06/17492/Gamebook.pdf
1996-10-06,1996,6,REG,1996_06_OAK_NYJ,nfl-nick-lowery,Nick Lowery,NYJ,OAK,1,1,2,3,"43,24",https://nflgsis.com/1996/reg/06/17492/Gamebook.pdf
1996-10-07,1996,6,REG,1996_06_PIT_KC,nfl-norm-johnson,Norm Johnson,PIT,KC,0,0,3,4,"22,32,43",https://nflgsis.com/1996/reg/06/17499/Gamebook.pdf
1996-10-13,1996,7,REG,1996_07_BAL_IND,nfl-cary-blanchard,Cary Blanchard,IND,BAL,2,2,2,2,"27,30",https://nflgsis.com/1996/reg/07/17508/Gamebook.pdf
1996-10-13,1996,7,REG,1996_07_CHI_NO,nfl-doug-brien,Doug Brien,NO,CHI,3,3,2,2,"34,54",https://nflgsis.com/1996/reg/07/17502/Gamebook.pdf
1996-10-13,1996,7,REG,1996_07_CIN_PIT,nfl-norm-johnson,Norm Johnson,PIT,CIN,2,2,2,2,"33,22",https://nflgsis.com/1996/reg/07/17501/Gamebook.pdf
1996-10-13,1996,7,REG,1996_07_DET_OAK,nfl-cole-ford,Cole Ford,OAK,DET,4,4,3,3,"29,23,32",https://nflgsis.com/1996/reg/07/17509/Gamebook.pdf
1996-10-13,1996,7,REG,1996_07_HOU_ATL,nfl-al-del-greco,Al Del Greco,HOU,ATL,2,2,3,4,"27,35,33",https://nflgsis.com/1996/reg/07/17505/Gamebook.pdf
1996-10-13,1996,7,REG,1996_07_MIN_TB,nfl-scott-sisson,Scott Sisson,MIN,TB,1,1,2,3,"33,32",https://nflgsis.com/1996/reg/07/17511/Gamebook.pdf
1996-10-13,1996,7,REG,1996_07_NYJ_JAX,nfl-mike-hollis,Mike Hollis,JAX,NYJ,1,1,2,2,"35,40",https://nflgsis.com/1996/reg/07/17506/Gamebook.pdf
1996-10-13,1996,7,REG,1996_07_PHI_NYG,nfl-gary-anderson,Gary Anderson,PHI,NYG,1,1,4,4,"39,46,45,29",https://nflgsis.com/1996/reg/07/17507/Gamebook.pdf
1996-10-14,1996,7,REG,1996_07_SF_GB,nfl-chris-jacke,Chris Jacke,GB,SF,0,0,5,5,"30,25,35,31,53",https://nflgsis.com/1996/reg/07/17512/Gamebook.pdf
1996-10-14,1996,7,REG,1996_07_SF_GB,nfl-jeff-wilkins,Jeff Wilkins,SF,GB,2,2,2,2,"48,28",https://nflgsis.com/1996/reg/07/17512/Gamebook.pdf
1996-10-13,1996,7,REG,1996_07_WAS_NE,nfl-adam-vinatieri,Adam Vinatieri,NE,WAS,1,1,3,4,"24,35,29",https://nflgsis.com/1996/reg/07/17500/Gamebook.pdf
1996-10-13,1996,7,REG,1996_07_WAS_NE,nfl-scott-blanton,Scott Blanton,WAS,NE,3,3,2,3,"21,24",https://nflgsis.com/1996/reg/07/17500/Gamebook.pdf
1996-10-20,1996,8,REG,1996_08_ATL_DAL,nfl-morten-andersen,Morten Andersen,ATL,DAL,1,1,5,5,"23,54,32,28,37",https://nflgsis.com/1996/reg/08/17518/Gamebook.pdf
1996-10-20,1996,8,REG,1996_08_BAL_DEN,nfl-matt-stover,Matt Stover,BAL,DEN,2,2,2,2,"45,33",https://nflgsis.com/1996/reg/08/17514/Gamebook.pdf
1996-10-20,1996,8,REG,1996_08_BUF_NYJ,nfl-steve-christie,Steve Christie,BUF,NYJ,1,1,6,7,"48,32,47,23,33,47",https://nflgsis.com/1996/reg/08/17522/Gamebook.pdf
1996-10-20,1996,8,REG,1996_08_MIA_PHI,nfl-joe-nedney,Joe Nedney,MIA,PHI,2,2,2,2,"37,39",https://nflgsis.com/1996/reg/08/17517/Gamebook.pdf
1996-10-20,1996,8,REG,1996_08_NE_IND,nfl-adam-vinatieri,Adam Vinatieri,NE,IND,3,3,2,2,"44,36",https://nflgsis.com/1996/reg/08/17521/Gamebook.pdf
1996-10-20,1996,8,REG,1996_08_NE_IND,nfl-cary-blanchard,Cary Blanchard,IND,NE,0,0,3,3,"21,45,48",https://nflgsis.com/1996/reg/08/17521/Gamebook.pdf
1996-10-20,1996,8,REG,1996_08_NO_CAR,nfl-john-kasay,John Kasay,CAR,NO,1,1,4,5,"23,40,26,39",https://nflgsis.com/1996/reg/08/17519/Gamebook.pdf
1996-10-21,1996,8,REG,1996_08_OAK_SD,nfl-cole-ford,Cole Ford,OAK,SD,2,2,3,3,"36,32,34",https://nflgsis.com/1996/reg/08/17525/Gamebook.pdf
1996-10-20,1996,8,REG,1996_08_PIT_HOU,nfl-al-del-greco,Al Del Greco,HOU,PIT,2,2,3,3,"22,33,49",https://nflgsis.com/1996/reg/08/17523/Gamebook.pdf
1996-10-20,1996,8,REG,1996_08_PIT_HOU,nfl-norm-johnson,Norm Johnson,PIT,HOU,1,1,2,3,"26,29",https://nflgsis.com/1996/reg/08/17523/Gamebook.pdf
1996-10-17,1996,8,REG,1996_08_SEA_KC,nfl-pete-stoyanovich,Pete Stoyanovich,KC,SEA,4,4,2,2,"45,43",https://nflgsis.com/1996/reg/08/17513/Gamebook.pdf
1996-10-20,1996,8,REG,1996_08_TB_ARI,nfl-greg-davis,Greg Davis,ARI,TB,1,1,2,2,"22,37",https://nflgsis.com/1996/reg/08/17524/Gamebook.pdf
1996-10-27,1996,9,REG,1996_09_BUF_NE,nfl-adam-vinatieri,Adam Vinatieri,NE,BUF,2,3,2,3,"40,32",https://nflgsis.com/1996/reg/09/17532/Gamebook.pdf
1996-10-27,1996,9,REG,1996_09_CAR_PHI,nfl-gary-anderson,Gary Anderson,PHI,CAR,2,2,2,2,"46,21",https://nflgsis.com/1996/reg/09/17535/Gamebook.pdf
1996-10-27,1996,9,REG,1996_09_CAR_PHI,nfl-john-kasay,John Kasay,CAR,PHI,0,0,3,4,"47,39,29",https://nflgsis.com/1996/reg/09/17535/Gamebook.pdf
1996-10-28,1996,9,REG,1996_09_CHI_MIN,nfl-jeff-jaeger,Jeff Jaeger,CHI,MIN,1,1,2,4,"41,44",https://nflgsis.com/1996/reg/09/17539/Gamebook.pdf
1996-10-28,1996,9,REG,1996_09_CHI_MIN,nfl-scott-sisson,Scott Sisson,MIN,CHI,1,1,2,3,"41,43",https://nflgsis.com/1996/reg/09/17539/Gamebook.pdf
1996-10-27,1996,9,REG,1996_09_DAL_MIA,nfl-chris-boniol,Chris Boniol,DAL,MIA,2,3,3,3,"33,29,24",https://nflgsis.com/1996/reg/09/17534/Gamebook.pdf
1996-10-27,1996,9,REG,1996_09_IND_WAS,nfl-cary-blanchard,Cary Blanchard,IND,WAS,1,1,3,4,"21,49,51",https://nflgsis.com/1996/reg/09/17527/Gamebook.pdf
1996-10-27,1996,9,REG,1996_09_KC_DEN,nfl-jason-elam,Jason Elam,DEN,KC,4,4,2,3,"40,29",https://nflgsis.com/1996/reg/09/17528/Gamebook.pdf
1996-10-27,1996,9,REG,1996_09_NYG_DET,nfl-brad-daluiso,Brad Daluiso,NYG,DET,3,3,2,3,"38,32",https://nflgsis.com/1996/reg/09/17536/Gamebook.pdf
1996-10-27,1996,9,REG,1996_09_PIT_ATL,nfl-norm-johnson,Norm Johnson,PIT,ATL,2,2,2,2,"27,21",https://nflgsis.com/1996/reg/09/17529/Gamebook.pdf
1996-10-27,1996,9,REG,1996_09_SD_SEA,nfl-john-carney,John Carney,SD,SEA,1,1,2,2,"41,43",https://nflgsis.com/1996/reg/09/17533/Gamebook.pdf
1996-10-27,1996,9,REG,1996_09_SD_SEA,nfl-todd-peterson-2,Todd Peterson,SEA,SD,2,2,4,4,"33,44,47,27",https://nflgsis.com/1996/reg/09/17533/Gamebook.pdf
1996-10-27,1996,9,REG,1996_09_SF_HOU,nfl-al-del-greco,Al Del Greco,HOU,SF,0,0,3,3,"38,56,39",https://nflgsis.com/1996/reg/09/17526/Gamebook.pdf
1996-10-27,1996,9,REG,1996_09_STL_BAL,nfl-chip-lohmiller,Chip Lohmiller,STL,BAL,2,2,3,3,"50,38,36",https://nflgsis.com/1996/reg/09/17537/Gamebook.pdf
1996-10-27,1996,9,REG,1996_09_TB_GB,nfl-chris-jacke,Chris Jacke,GB,TB,1,1,2,3,"40,48",https://nflgsis.com/1996/reg/09/17531/Gamebook.pdf
1996-11-03,1996,10,REG,1996_10_ARI_NYG,nfl-brad-daluiso,Brad Daluiso,NYG,ARI,1,1,3,3,"31,32,45",https://nflgsis.com/1996/reg/10/17540/Gamebook.pdf
1996-11-03,1996,10,REG,1996_10_CAR_ATL,nfl-morten-andersen,Morten Andersen,ATL,CAR,2,2,2,2,"25,45",https://nflgsis.com/1996/reg/10/17543/Gamebook.pdf
1996-11-03,1996,10,REG,1996_10_CIN_BAL,nfl-doug-pelfrey,Doug Pelfrey,CIN,BAL,1,1,3,3,"41,50,34",https://nflgsis.com/1996/reg/10/17542/Gamebook.pdf
1996-11-04,1996,10,REG,1996_10_DEN_OAK,nfl-jason-elam,Jason Elam,DEN,OAK,1,1,3,3,"36,43,28",https://nflgsis.com/1996/reg/10/17553/Gamebook.pdf
1996-11-03,1996,10,REG,1996_10_HOU_SEA,nfl-al-del-greco,Al Del Greco,HOU,SEA,1,1,3,4,"35,36,45",https://nflgsis.com/1996/reg/10/17550/Gamebook.pdf
1996-11-03,1996,10,REG,1996_10_HOU_SEA,nfl-todd-peterson-2,Todd Peterson,SEA,HOU,2,2,3,5,"25,35,44",https://nflgsis.com/1996/reg/10/17550/Gamebook.pdf
1996-11-03,1996,10,REG,1996_10_PHI_DAL,nfl-chris-boniol,Chris Boniol,DAL,PHI,1,1,2,2,"19,37",https://nflgsis.com/1996/reg/10/17551/Gamebook.pdf
1996-11-03,1996,10,REG,1996_10_SD_IND,nfl-cary-blanchard,Cary Blanchard,IND,SD,1,1,4,4,"48,40,33,20",https://nflgsis.com/1996/reg/10/17541/Gamebook.pdf
1996-11-03,1996,10,REG,1996_10_SD_IND,nfl-john-carney,John Carney,SD,IND,2,2,4,4,"28,30,47,22",https://nflgsis.com/1996/reg/10/17541/Gamebook.pdf
1996-11-03,1996,10,REG,1996_10_SF_NO,nfl-jeff-wilkins,Jeff Wilkins,SF,NO,1,1,3,3,"34,35,27",https://nflgsis.com/1996/reg/10/17547/Gamebook.pdf
1996-11-03,1996,10,REG,1996_10_STL_PIT,nfl-chip-lohmiller,Chip Lohmiller,STL,PIT,0,0,2,2,"25,27",https://nflgsis.com/1996/reg/10/17545/Gamebook.pdf
1996-11-03,1996,10,REG,1996_10_TB_CHI,nfl-jeff-jaeger,Jeff Jaeger,CHI,TB,1,1,2,3,"27,23",https://nflgsis.com/1996/reg/10/17548/Gamebook.pdf
1996-11-10,1996,11,REG,1996_11_BAL_JAX,nfl-matt-stover,Matt Stover,BAL,JAX,3,3,2,2,"21,21",https://nflgsis.com/1996/reg/11/17561/Gamebook.pdf
1996-11-10,1996,11,REG,1996_11_NYG_CAR,nfl-john-kasay,John Kasay,CAR,NYG,3,3,2,3,"42,28",https://nflgsis.com/1996/reg/11/17559/Gamebook.pdf
1996-11-10,1996,11,REG,1996_11_PIT_CIN,nfl-doug-pelfrey,Doug Pelfrey,CIN,PIT,4,4,2,2,"32,34",https://nflgsis.com/1996/reg/11/17558/Gamebook.pdf
1996-11-17,1996,12,REG,1996_12_BAL_SF,nfl-matt-stover,Matt Stover,BAL,SF,2,2,2,2,"43,25",https://nflgsis.com/1996/reg/12/17569/Gamebook.pdf
1996-11-17,1996,12,REG,1996_12_MIN_OAK,nfl-cole-ford,Cole Ford,OAK,MIN,1,1,2,2,"26,41",https://nflgsis.com/1996/reg/12/17579/Gamebook.pdf
1996-11-17,1996,12,REG,1996_12_MIN_OAK,nfl-scott-sisson,Scott Sisson,MIN,OAK,1,1,3,4,"22,25,31",https://nflgsis.com/1996/reg/12/17579/Gamebook.pdf
1996-11-24,1996,13,REG,1996_13_JAX_BAL,nfl-matt-stover,Matt Stover,BAL,JAX,1,1,4,5,"21,29,41,33",https://nflgsis.com/1996/reg/13/17597/Gamebook.pdf
1996-11-24,1996,13,REG,1996_13_NO_TB,nfl-michael-husted,Michael Husted,TB,NO,1,1,2,2,"43,38",https://nflgsis.com/1996/reg/13/17596/Gamebook.pdf
1996-11-24,1996,13,REG,1996_13_OAK_SEA,nfl-todd-peterson-2,Todd Peterson,SEA,OAK,1,1,2,2,"21,32",https://nflgsis.com/1996/reg/13/17590/Gamebook.pdf
1996-12-08,1996,15,REG,1996_15_BAL_CIN,nfl-doug-pelfrey,Doug Pelfrey,CIN,BAL,1,1,2,3,"23,26",https://nflgsis.com/1996/reg/15/17619/Gamebook.pdf
1996-12-08,1996,15,REG,1996_15_BUF_SEA,nfl-todd-peterson-2,Todd Peterson,SEA,BUF,2,2,4,5,"41,38,22,30",https://nflgsis.com/1996/reg/15/17621/Gamebook.pdf
1996-12-08,1996,15,REG,1996_15_SD_PIT,nfl-norm-johnson,Norm Johnson,PIT,SD,1,1,3,3,"49,39,21",https://nflgsis.com/1996/reg/15/17623/Gamebook.pdf
1996-12-15,1996,16,REG,1996_16_BAL_CAR,nfl-john-kasay,John Kasay,CAR,BAL,3,3,2,2,"29,44",https://nflgsis.com/1996/reg/16/17637/Gamebook.pdf
1996-12-15,1996,16,REG,1996_16_BAL_CAR,nfl-matt-stover,Matt Stover,BAL,CAR,1,1,3,3,"37,46,25",https://nflgsis.com/1996/reg/16/17637/Gamebook.pdf
1996-12-14,1996,16,REG,1996_16_PHI_NYJ,nfl-nick-lowery,Nick Lowery,NYJ,PHI,2,2,2,3,"27,29",https://nflgsis.com/1996/reg/16/17629/Gamebook.pdf
1996-12-15,1996,16,REG,1996_16_SEA_JAX,nfl-todd-peterson-2,Todd Peterson,SEA,JAX,1,1,2,2,"27,24",https://nflgsis.com/1996/reg/16/17641/Gamebook.pdf
1996-12-22,1996,17,REG,1996_17_ATL_JAX,nfl-mike-hollis,Mike Hollis,JAX,ATL,1,1,4,4,"23,26,22,4",https://nflgsis.com/1996/reg/17/17652/Gamebook.pdf
1996-12-21,1996,17,REG,1996_17_NE_NYG,nfl-brad-daluiso,Brad Daluiso,NYG,NE,2,2,2,2,"30,27",https://nflgsis.com/1996/reg/17/17645/Gamebook.pdf
1996-12-22,1996,17,REG,1996_17_PIT_CAR,nfl-john-kasay,John Kasay,CAR,PIT,1,1,3,3,"35,30,29",https://nflgsis.com/1996/reg/17/17651/Gamebook.pdf
1996-11-10,1996,11,REG,1996_11_BAL_JAX,nfl-mike-hollis,Mike Hollis,JAX,BAL,1,1,3,3,"24,23,33",https://nflgsis.com/1996/reg/11/17561/Gamebook.pdf
1996-11-10,1996,11,REG,1996_11_MIN_SEA,nfl-todd-peterson-2,Todd Peterson,SEA,MIN,4,4,2,3,"54,38",https://nflgsis.com/1996/reg/11/17556/Gamebook.pdf
1996-11-24,1996,13,REG,1996_13_JAX_BAL,nfl-mike-hollis,Mike Hollis,JAX,BAL,2,2,2,3,"29,41",https://nflgsis.com/1996/reg/13/17597/Gamebook.pdf
1996-12-01,1996,14,REG,1996_14_CIN_JAX,nfl-doug-pelfrey,Doug Pelfrey,CIN,JAX,3,3,2,3,"22,34",https://nflgsis.com/1996/reg/14/17605/Gamebook.pdf
1996-12-08,1996,15,REG,1996_15_JAX_HOU,nfl-mike-hollis,Mike Hollis,JAX,HOU,2,2,3,4,"34,38,51",https://nflgsis.com/1996/reg/15/17620/Gamebook.pdf
1996-12-15,1996,16,REG,1996_16_SEA_JAX,nfl-mike-hollis,Mike Hollis,JAX,SEA,2,2,2,3,"19,36",https://nflgsis.com/1996/reg/16/17641/Gamebook.pdf
1995-09-03,1995,1,REG,1995_01_ARI_WAS,nfl-eddie-murray,Eddie Murray,WAS,ARI,3,3,2,2,"36,22",https://nflgsis.com/1995/reg/01/17123/Gamebook.pdf
1995-09-03,1995,1,REG,1995_01_BUF_DEN,nfl-jason-elam,Jason Elam,DEN,BUF,1,1,5,6,"22,52,20,38,37",https://nflgsis.com/1995/reg/01/17115/Gamebook.pdf
1995-09-03,1995,1,REG,1995_01_CAR_ATL,nfl-john-kasay,John Kasay,CAR,ATL,2,2,2,2,"39,41",https://nflgsis.com/1995/reg/01/17113/Gamebook.pdf
1995-09-03,1995,1,REG,1995_01_CAR_ATL,nfl-morten-andersen,Morten Andersen,ATL,CAR,2,2,3,4,"27,51,34",https://nflgsis.com/1995/reg/01/17113/Gamebook.pdf
1995-09-03,1995,1,REG,1995_01_CIN_IND,nfl-doug-pelfrey,Doug Pelfrey,CIN,IND,1,1,5,5,"25,44,32,38,47",https://nflgsis.com/1995/reg/01/17120/Gamebook.pdf
1995-09-03,1995,1,REG,1995_01_CIN_IND,nfl-mike-cofer,Mike Cofer,IND,CIN,1,1,2,3,"27,40",https://nflgsis.com/1995/reg/01/17120/Gamebook.pdf
1995-09-03,1995,1,REG,1995_01_CLE_NE,nfl-matt-bahr,Matt Bahr,NE,CLE,0,0,3,3,"21,21,28",https://nflgsis.com/1995/reg/01/17122/Gamebook.pdf
1995-09-03,1995,1,REG,1995_01_DET_PIT,nfl-jason-hanson-2,Jason Hanson,DET,PIT,2,2,2,2,"44,36",https://nflgsis.com/1995/reg/01/17121/Gamebook.pdf
1995-09-03,1995,1,REG,1995_01_DET_PIT,nfl-norm-johnson,Norm Johnson,PIT,DET,2,2,3,4,"40,47,31",https://nflgsis.com/1995/reg/01/17121/Gamebook.pdf
1995-09-03,1995,1,REG,1995_01_KC_SEA,nfl-lin-elliott,Lin Elliott,KC,SEA,4,4,2,2,"46,49",https://nflgsis.com/1995/reg/01/17119/Gamebook.pdf
1995-09-03,1995,1,REG,1995_01_TB_PHI,nfl-gary-anderson,Gary Anderson,PHI,TB,0,0,2,2,"22,28",https://nflgsis.com/1995/reg/01/17118/Gamebook.pdf
1995-09-10,1995,2,REG,1995_02_OAK_WAS,nfl-cole-ford,Cole Ford,OAK,WAS,2,2,2,3,"19,34",https://nflgsis.com/1995/reg/02/17128/Gamebook.pdf
1995-09-10,1995,2,REG,1995_02_OAK_WAS,nfl-eddie-murray,Eddie Murray,WAS,OAK,0,0,2,3,"21,43",https://nflgsis.com/1995/reg/02/17128/Gamebook.pdf
1995-09-10,1995,2,REG,1995_02_PIT_HOU,nfl-norm-johnson,Norm Johnson,PIT,HOU,4,4,2,2,"42,40",https://nflgsis.com/1995/reg/02/17129/Gamebook.pdf
1995-09-17,1995,3,REG,1995_03_JAX_NYJ,nfl-nick-lowery,Nick Lowery,NYJ,JAX,3,3,2,2,"20,48",https://nflgsis.com/1995/reg/03/17143/Gamebook.pdf
1995-09-18,1995,3,REG,1995_03_PIT_MIA,nfl-pete-stoyanovich,Pete Stoyanovich,MIA,PIT,2,2,3,4,"37,39,21",https://nflgsis.com/1995/reg/03/17152/Gamebook.pdf
1995-09-24,1995,4,REG,1995_04_MIN_PIT,nfl-fuad-reveiz,Fuad Reveiz,MIN,PIT,5,5,3,3,"43,40,48",https://nflgsis.com/1995/reg/04/17158/Gamebook.pdf
1995-09-24,1995,4,REG,1995_04_MIN_PIT,nfl-norm-johnson,Norm Johnson,PIT,MIN,0,0,2,4,"32,35",https://nflgsis.com/1995/reg/04/17158/Gamebook.pdf
1995-09-24,1995,4,REG,1995_04_NYJ_ATL,nfl-morten-andersen,Morten Andersen,ATL,NYJ,1,1,2,2,"37,36",https://nflgsis.com/1995/reg/04/17159/Gamebook.pdf
1995-09-24,1995,4,REG,1995_04_PHI_OAK,nfl-cole-ford,Cole Ford,OAK,PHI,6,6,2,2,"35,28",https://nflgsis.com/1995/reg/04/17155/Gamebook.pdf
1996-11-10,1996,11,REG,1996_11_ARI_WAS,nfl-kevin-butler,Kevin Butler,ARI,WAS,4,4,3,4,"26,39,32",https://nflgsis.com/1996/reg/11/17564/Gamebook.pdf
1996-11-10,1996,11,REG,1996_11_DAL_SF,nfl-chris-boniol,Chris Boniol,DAL,SF,2,2,2,2,"26,29",https://nflgsis.com/1996/reg/11/17566/Gamebook.pdf
1996-11-10,1996,11,REG,1996_11_NE_NYJ,nfl-nick-lowery,Nick Lowery,NYJ,NE,3,3,2,3,"26,32",https://nflgsis.com/1996/reg/11/17567/Gamebook.pdf
1996-11-17,1996,12,REG,1996_12_CAR_STL,nfl-john-kasay,John Kasay,CAR,STL,2,2,2,2,"38,34",https://nflgsis.com/1996/reg/12/17577/Gamebook.pdf
1996-11-17,1996,12,REG,1996_12_MIA_HOU,nfl-joe-nedney,Joe Nedney,MIA,HOU,2,2,3,4,"34,44,29",https://nflgsis.com/1996/reg/12/17581/Gamebook.pdf
1996-11-17,1996,12,REG,1996_12_NO_ATL,nfl-doug-brien,Doug Brien,NO,ATL,0,0,3,3,"42,37,30",https://nflgsis.com/1996/reg/12/17576/Gamebook.pdf
1996-11-17,1996,12,REG,1996_12_NYG_ARI,nfl-brad-daluiso,Brad Daluiso,NYG,ARI,2,2,3,3,"25,22,27",https://nflgsis.com/1996/reg/12/17574/Gamebook.pdf
1996-11-24,1996,13,REG,1996_13_IND_NE,nfl-adam-vinatieri,Adam Vinatieri,NE,IND,3,3,2,2,"26,22",https://nflgsis.com/1996/reg/13/17592/Gamebook.pdf
1996-11-24,1996,13,REG,1996_13_IND_NE,nfl-cary-blanchard,Cary Blanchard,IND,NE,1,1,2,2,"42,50",https://nflgsis.com/1996/reg/13/17592/Gamebook.pdf
1996-11-24,1996,13,REG,1996_13_OAK_SEA,nfl-cole-ford,Cole Ford,OAK,SEA,3,3,2,2,"47,26",https://nflgsis.com/1996/reg/13/17590/Gamebook.pdf
1995-09-10,1995,2,REG,1995_02_ATL_SF,nfl-doug-brien,Doug Brien,SF,ATL,5,5,2,3,"27,45",https://nflgsis.com/1995/reg/02/17130/Gamebook.pdf
1995-09-10,1995,2,REG,1995_02_CAR_BUF,nfl-john-kasay,John Kasay,CAR,BUF,0,0,3,4,"34,52,32",https://nflgsis.com/1995/reg/02/17125/Gamebook.pdf
1995-09-10,1995,2,REG,1995_02_DET_MIN,nfl-fuad-reveiz,Fuad Reveiz,MIN,DET,2,2,2,2,"32,27",https://nflgsis.com/1995/reg/02/17133/Gamebook.pdf
1995-09-10,1995,2,REG,1995_02_MIA_NE,nfl-pete-stoyanovich,Pete Stoyanovich,MIA,NE,2,2,2,3,"22,19",https://nflgsis.com/1995/reg/02/17132/Gamebook.pdf
1995-09-10,1995,2,REG,1995_02_PHI_ARI,nfl-greg-davis,Greg Davis,ARI,PHI,1,1,2,2,"21,29",https://nflgsis.com/1995/reg/02/17126/Gamebook.pdf
1995-09-17,1995,3,REG,1995_03_ARI_DET,nfl-greg-davis,Greg Davis,ARI,DET,0,0,4,4,"55,41,25,25",https://nflgsis.com/1995/reg/03/17150/Gamebook.pdf
1995-09-17,1995,3,REG,1995_03_CHI_TB,nfl-kevin-butler,Kevin Butler,CHI,TB,1,1,4,4,"24,37,22,27",https://nflgsis.com/1995/reg/03/17141/Gamebook.pdf
1995-09-17,1995,3,REG,1995_03_CHI_TB,nfl-michael-husted,Michael Husted,TB,CHI,0,0,2,2,"43,40",https://nflgsis.com/1995/reg/03/17141/Gamebook.pdf
1995-09-17,1995,3,REG,1995_03_IND_BUF,nfl-steve-christie,Steve Christie,BUF,IND,2,2,2,2,"35,38",https://nflgsis.com/1995/reg/03/17149/Gamebook.pdf
1995-09-17,1995,3,REG,1995_03_NYG_GB,nfl-brad-daluiso,Brad Daluiso,NYG,GB,0,0,2,2,"37,32",https://nflgsis.com/1995/reg/03/17139/Gamebook.pdf
1995-09-25,1995,4,REG,1995_04_SF_DET,nfl-jason-hanson-2,Jason Hanson,DET,SF,1,1,4,4,"30,38,18,32",https://nflgsis.com/1995/reg/04/17164/Gamebook.pdf
1995-09-24,1995,4,REG,1995_04_WAS_TB,nfl-eddie-murray,Eddie Murray,WAS,TB,0,0,2,3,"37,28",https://nflgsis.com/1995/reg/04/17157/Gamebook.pdf
1995-10-02,1995,5,REG,1995_05_BUF_CLE,nfl-matt-stover,Matt Stover,CLE,BUF,1,1,4,5,"32,47,23,38",https://nflgsis.com/1995/reg/05/17177/Gamebook.pdf
1995-10-02,1995,5,REG,1995_05_BUF_CLE,nfl-steve-christie,Steve Christie,BUF,CLE,1,2,3,4,"38,31,33",https://nflgsis.com/1995/reg/05/17177/Gamebook.pdf
1995-10-01,1995,5,REG,1995_05_DEN_SEA,nfl-todd-peterson-2,Todd Peterson,SEA,DEN,3,3,2,3,"45,20",https://nflgsis.com/1995/reg/05/17168/Gamebook.pdf
1995-10-01,1995,5,REG,1995_05_MIA_CIN,nfl-pete-stoyanovich,Pete Stoyanovich,MIA,CIN,2,2,4,4,"21,46,36,35",https://nflgsis.com/1995/reg/05/17166/Gamebook.pdf
1994-09-04,1994,1,REG,1994_01_CLE_CIN,nfl-doug-pelfrey,Doug Pelfrey,CIN,CLE,2,2,2,2,"38,49",https://nflgsis.com/1994/reg/01/16819/Gamebook.pdf
1994-09-04,1994,1,REG,1994_01_CLE_CIN,nfl-matt-stover,Matt Stover,CLE,CIN,2,2,2,2,"19,22",https://nflgsis.com/1994/reg/01/16819/Gamebook.pdf
1994-09-04,1994,1,REG,1994_01_DAL_PIT,nfl-chris-boniol,Chris Boniol,DAL,PIT,2,2,4,4,"40,31,32,21",https://nflgsis.com/1994/reg/01/16815/Gamebook.pdf
1994-09-04,1994,1,REG,1994_01_PHI_NYG,nfl-eddie-murray,Eddie Murray,PHI,NYG,2,2,3,3,"39,36,21",https://nflgsis.com/1994/reg/01/16823/Gamebook.pdf
1994-09-04,1994,1,REG,1994_01_TB_CHI,nfl-michael-husted,Michael Husted,TB,CHI,0,0,3,4,"31,49,30",https://nflgsis.com/1994/reg/01/16824/Gamebook.pdf
1981-09-05,1981,1,REG,1981_01_MIN_TB,nfl-rick-danmeier,Rick Danmeier,MIN,TB,1,1,2,2,"25,45",https://nflgsis.com/1981/reg/01/13842/Gamebook.pdf
1981-09-06,1981,1,REG,1981_01_SEA_CIN,nfl-jim-breech,Jim Breech,CIN,SEA,3,3,2,3,"40,40",https://nflgsis.com/1981/reg/01/13836/Gamebook.pdf
1981-09-13,1981,2,REG,1981_02_LA_NO,nfl-benny-ricardo,Benny Ricardo,NO,LA,2,2,3,3,"45,46,34",https://nflgsis.com/1981/reg/02/13853/Gamebook.pdf
1982-09-12,1982,1,REG,1982_01_LA_SF,nfl-chris-bahr,Chris Bahr,LA,SF,2,2,3,3,"41,42,43",https://nflgsis.com/1982/reg/01/14072/Gamebook.pdf
1981-09-20,1981,3,REG,1981_03_SF_ATL,nfl-mick-luckhurst,Mick Luckhurst,ATL,SF,4,4,2,3,"47,47",https://nflgsis.com/1981/reg/03/13869/Gamebook.pdf
1981-10-04,1981,5,REG,1981_05_PIT_NO,nfl-benny-ricardo,Benny Ricardo,NO,PIT,0,0,2,2,"26,26",https://nflgsis.com/1981/reg/05/13886/Gamebook.pdf
1981-10-04,1981,5,REG,1981_05_PIT_NO,nfl-david-trout,David Trout,PIT,NO,2,2,2,2,"25,43",https://nflgsis.com/1981/reg/05/13886/Gamebook.pdf
1981-10-11,1981,6,REG,1981_06_DET_DEN,nfl-fred-steinfort,Fred Steinfort,DEN,DET,3,3,2,2,"24,24",https://nflgsis.com/1981/reg/06/13900/Gamebook.pdf
1981-10-11,1981,6,REG,1981_06_MIN_SD,nfl-rick-danmeier,Rick Danmeier,MIN,SD,3,4,2,2,"28,38",https://nflgsis.com/1981/reg/06/13901/Gamebook.pdf
1981-10-18,1981,7,REG,1981_07_PIT_CIN,nfl-jim-breech,Jim Breech,CIN,PIT,4,4,2,2,"27,27",https://nflgsis.com/1981/reg/07/13918/Gamebook.pdf
1995-10-01,1995,5,REG,1995_05_NE_ATL,nfl-morten-andersen,Morten Andersen,ATL,NE,1,1,5,5,"34,54,31,32,33",https://nflgsis.com/1995/reg/05/17165/Gamebook.pdf
1995-10-01,1995,5,REG,1995_05_NYG_SF,nfl-doug-brien,Doug Brien,SF,NYG,2,2,2,2,"22,46",https://nflgsis.com/1995/reg/05/17171/Gamebook.pdf
1995-10-08,1995,6,REG,1995_06_ARI_NYG,nfl-greg-davis,Greg Davis,ARI,NYG,1,1,2,4,"23,36",https://nflgsis.com/1995/reg/06/17180/Gamebook.pdf
1995-10-08,1995,6,REG,1995_06_CAR_CHI,nfl-john-kasay,John Kasay,CAR,CHI,3,3,2,2,"21,49",https://nflgsis.com/1995/reg/06/17188/Gamebook.pdf
1995-10-08,1995,6,REG,1995_06_CIN_TB,nfl-doug-pelfrey,Doug Pelfrey,CIN,TB,1,1,3,3,"34,45,44",https://nflgsis.com/1995/reg/06/17185/Gamebook.pdf
1995-10-08,1995,6,REG,1995_06_CIN_TB,nfl-michael-husted,Michael Husted,TB,CIN,1,1,4,6,"25,27,33,53",https://nflgsis.com/1995/reg/06/17185/Gamebook.pdf
1995-10-08,1995,6,REG,1995_06_CLE_DET,nfl-matt-stover,Matt Stover,CLE,DET,2,2,2,2,"22,38",https://nflgsis.com/1995/reg/06/17187/Gamebook.pdf
1995-10-08,1995,6,REG,1995_06_DEN_NE,nfl-jason-elam,Jason Elam,DEN,NE,4,4,3,3,"37,31,51",https://nflgsis.com/1995/reg/06/17184/Gamebook.pdf
1995-10-08,1995,6,REG,1995_06_NYJ_BUF,nfl-steve-christie,Steve Christie,BUF,NYJ,2,2,5,6,"38,24,32,51,27",https://nflgsis.com/1995/reg/06/17181/Gamebook.pdf
1995-10-08,1995,6,REG,1995_06_SEA_OAK,nfl-jeff-jaeger,Jeff Jaeger,OAK,SEA,4,4,2,3,"37,24",https://nflgsis.com/1995/reg/06/17183/Gamebook.pdf
1995-10-15,1995,7,REG,1995_07_CHI_JAX,nfl-kevin-butler,Kevin Butler,CHI,JAX,3,3,3,3,"25,21,20",https://nflgsis.com/1995/reg/07/17199/Gamebook.pdf
1995-10-15,1995,7,REG,1995_07_DET_GB,nfl-chris-jacke,Chris Jacke,GB,DET,3,3,3,5,"42,43,20",https://nflgsis.com/1995/reg/07/17200/Gamebook.pdf
1995-10-15,1995,7,REG,1995_07_MIN_TB,nfl-fuad-reveiz,Fuad Reveiz,MIN,TB,0,0,3,4,"51,43,23",https://nflgsis.com/1995/reg/07/17193/Gamebook.pdf
1995-10-15,1995,7,REG,1995_07_MIN_TB,nfl-michael-husted,Michael Husted,TB,MIN,2,2,2,2,"36,51",https://nflgsis.com/1995/reg/07/17193/Gamebook.pdf
1995-10-15,1995,7,REG,1995_07_NYJ_CAR,nfl-john-kasay,John Kasay,CAR,NYJ,2,2,4,5,"23,39,40,30",https://nflgsis.com/1995/reg/07/17202/Gamebook.pdf
1995-10-15,1995,7,REG,1995_07_NYJ_CAR,nfl-nick-lowery,Nick Lowery,NYJ,CAR,1,1,2,2,"50,39",https://nflgsis.com/1995/reg/07/17202/Gamebook.pdf
1995-10-15,1995,7,REG,1995_07_PHI_NYG,nfl-brad-daluiso,Brad Daluiso,NYG,PHI,0,0,2,2,"20,21",https://nflgsis.com/1995/reg/07/17197/Gamebook.pdf
1995-10-15,1995,7,REG,1995_07_SEA_BUF,nfl-steve-christie,Steve Christie,BUF,SEA,3,3,2,3,"43,26",https://nflgsis.com/1995/reg/07/17201/Gamebook.pdf
1995-10-15,1995,7,REG,1995_07_WAS_ARI,nfl-eddie-murray,Eddie Murray,WAS,ARI,2,2,2,2,"38,25",https://nflgsis.com/1995/reg/07/17198/Gamebook.pdf
1995-10-23,1995,8,REG,1995_08_BUF_NE,nfl-matt-bahr,Matt Bahr,NE,BUF,3,3,2,3,"39,24",https://nflgsis.com/1995/reg/08/17216/Gamebook.pdf
1995-10-23,1995,8,REG,1995_08_BUF_NE,nfl-steve-christie,Steve Christie,BUF,NE,0,0,2,3,"23,23",https://nflgsis.com/1995/reg/08/17216/Gamebook.pdf
1995-10-19,1995,8,REG,1995_08_CIN_PIT,nfl-doug-pelfrey,Doug Pelfrey,CIN,PIT,3,3,2,2,"23,31",https://nflgsis.com/1995/reg/08/17204/Gamebook.pdf
1995-10-22,1995,8,REG,1995_08_DET_WAS,nfl-eddie-murray,Eddie Murray,WAS,DET,3,3,3,4,"26,36,39",https://nflgsis.com/1995/reg/08/17213/Gamebook.pdf
1995-10-22,1995,8,REG,1995_08_HOU_CHI,nfl-kevin-butler,Kevin Butler,CHI,HOU,3,3,4,4,"28,22,47,35",https://nflgsis.com/1995/reg/08/17207/Gamebook.pdf
1995-10-22,1995,8,REG,1995_08_JAX_CLE,nfl-matt-stover,Matt Stover,CLE,JAX,0,0,3,3,"36,29,21",https://nflgsis.com/1995/reg/08/17205/Gamebook.pdf
1995-10-22,1995,8,REG,1995_08_MIA_NYJ,nfl-pete-stoyanovich,Pete Stoyanovich,MIA,NYJ,1,1,3,3,"49,44,48",https://nflgsis.com/1995/reg/08/17209/Gamebook.pdf
1996-11-24,1996,13,REG,1996_13_PHI_ARI,nfl-gary-anderson,Gary Anderson,PHI,ARI,3,3,3,3,"44,25,32",https://nflgsis.com/1996/reg/13/17595/Gamebook.pdf
1996-11-24,1996,13,REG,1996_13_PHI_ARI,nfl-kevin-butler,Kevin Butler,ARI,PHI,3,4,3,4,"21,36,27",https://nflgsis.com/1996/reg/13/17595/Gamebook.pdf
1996-11-24,1996,13,REG,1996_13_SF_WAS,nfl-scott-blanton,Scott Blanton,WAS,SF,1,1,3,3,"19,22,31",https://nflgsis.com/1996/reg/13/17586/Gamebook.pdf
1996-12-01,1996,14,REG,1996_14_ARI_MIN,nfl-scott-sisson,Scott Sisson,MIN,ARI,5,5,2,3,"38,26",https://nflgsis.com/1996/reg/14/17612/Gamebook.pdf
1996-12-08,1996,15,REG,1996_15_CAR_SF,nfl-john-kasay,John Kasay,CAR,SF,3,3,3,5,"18,26,33",https://nflgsis.com/1996/reg/15/17618/Gamebook.pdf
1996-12-08,1996,15,REG,1996_15_DAL_ARI,nfl-kevin-butler,Kevin Butler,ARI,DAL,0,0,2,2,"33,28",https://nflgsis.com/1996/reg/15/17622/Gamebook.pdf
1996-12-08,1996,15,REG,1996_15_DEN_GB,nfl-chris-jacke,Chris Jacke,GB,DEN,5,5,2,2,"33,22",https://nflgsis.com/1996/reg/15/17626/Gamebook.pdf
1996-12-08,1996,15,REG,1996_15_WAS_TB,nfl-michael-husted,Michael Husted,TB,WAS,1,1,3,4,"42,35,19",https://nflgsis.com/1996/reg/15/17615/Gamebook.pdf
1996-12-16,1996,16,REG,1996_16_BUF_MIA,nfl-joe-nedney,Joe Nedney,MIA,BUF,1,1,3,3,"29,41,18",https://nflgsis.com/1996/reg/16/17643/Gamebook.pdf
1996-12-14,1996,16,REG,1996_16_SD_CHI,nfl-jeff-jaeger,Jeff Jaeger,CHI,SD,3,3,2,2,"45,40",https://nflgsis.com/1996/reg/16/17630/Gamebook.pdf
1996-12-15,1996,16,REG,1996_16_WAS_ARI,nfl-kevin-butler,Kevin Butler,ARI,WAS,3,3,2,2,"22,28",https://nflgsis.com/1996/reg/16/17635/Gamebook.pdf
1996-12-22,1996,17,REG,1996_17_CHI_TB,nfl-michael-husted,Michael Husted,TB,CHI,4,4,2,2,"50,22",https://nflgsis.com/1996/reg/17/17657/Gamebook.pdf
1996-12-22,1996,17,REG,1996_17_KC_BUF,nfl-pete-stoyanovich,Pete Stoyanovich,KC,BUF,0,0,3,3,"19,24,26",https://nflgsis.com/1996/reg/17/17649/Gamebook.pdf
1996-12-22,1996,17,REG,1996_17_KC_BUF,nfl-steve-christie,Steve Christie,BUF,KC,2,2,2,3,"41,42",https://nflgsis.com/1996/reg/17/17649/Gamebook.pdf
1996-12-22,1996,17,REG,1996_17_SEA_OAK,nfl-cole-ford,Cole Ford,OAK,SEA,1,1,4,4,"47,23,28,24",https://nflgsis.com/1996/reg/17/17648/Gamebook.pdf
1996-12-22,1996,17,REG,1996_17_SEA_OAK,nfl-todd-peterson-2,Todd Peterson,SEA,OAK,2,2,2,2,"45,52",https://nflgsis.com/1996/reg/17/17648/Gamebook.pdf
1984-09-02,1984,1,REG,1984_01_ATL_NO,nfl-mick-luckhurst,Mick Luckhurst,ATL,NO,4,4,2,2,"38,48",https://nflgsis.com/1984/Reg/01/14429/Gamebook.pdf
1984-09-02,1984,1,REG,1984_01_SF_DET,nfl-eddie-murray,Eddie Murray,DET,SF,3,3,2,2,"39,39",https://nflgsis.com/1984/Reg/01/14434/Gamebook.pdf
1984-09-02,1984,1,REG,1984_01_SF_DET,nfl-ray-wersching,Ray Wersching,SF,DET,3,3,3,3,"42,53,42",https://nflgsis.com/1984/Reg/01/14434/Gamebook.pdf
1984-09-09,1984,2,REG,1984_02_BUF_STL,nfl-neil-o-donoghue,Neil O'Donoghue,STL,BUF,4,4,3,6,"23,21,23",https://nflgsis.com/1984/Reg/02/14453/Gamebook.pdf
1984-09-16,1984,3,REG,1984_03_LA_KC,nfl-chris-bahr,Chris Bahr,LA,KC,1,2,3,3,"43,24,19",https://nflgsis.com/1984/Reg/03/14459/Gamebook.pdf
1984-09-16,1984,3,REG,1984_03_LA_KC,nfl-nick-lowery,Nick Lowery,KC,LA,2,2,2,3,"29,29",https://nflgsis.com/1984/Reg/03/14459/Gamebook.pdf
1984-10-07,1984,6,REG,1984_06_NYJ_KC,nfl-nick-lowery,Nick Lowery,KC,NYJ,1,1,3,3,"31,42,21",https://nflgsis.com/1984/Reg/06/14502/Gamebook.pdf
1984-10-14,1984,7,REG,1984_07_NYJ_CLE,nfl-matt-bahr,Matt Bahr,CLE,NYJ,2,2,2,3,"18,18",https://nflgsis.com/1984/Reg/07/14518/Gamebook.pdf
1984-10-21,1984,8,REG,1984_08_PIT_IND,nfl-gary-anderson,Gary Anderson,PIT,IND,1,1,3,3,"53,53,43",https://nflgsis.com/1984/Reg/08/14537/Gamebook.pdf
1984-09-02,1984,1,REG,1984_01_KC_PIT,nfl-gary-anderson,Gary Anderson,PIT,KC,3,3,2,3,"33,47",https://nflgsis.com/1984/Reg/01/14433/Gamebook.pdf
1986-09-21,1986,3,REG,1986_03_NYG_LA,nfl-chris-bahr,Chris Bahr,LA,NYG,0,0,3,3,"22,35,33",https://nflgsis.com/1986/Reg/03/14933/Gamebook.pdf
1986-10-05,1986,5,REG,1986_05_CLE_PIT,nfl-matt-bahr,Matt Bahr,CLE,PIT,3,3,2,4,"22,39",https://nflgsis.com/1986/Reg/05/14954/Gamebook.pdf
1986-10-13,1986,6,REG,1986_06_PIT_CIN,nfl-gary-anderson,Gary Anderson,PIT,CIN,2,2,2,3,"24,24",https://nflgsis.com/1986/Reg/06/14976/Gamebook.pdf
1986-10-26,1986,8,REG,1986_08_NO_NYJ,nfl-morten-andersen,Morten Andersen,NO,NYJ,2,2,3,3,"26,53,28",https://nflgsis.com/1986/Reg/08/14993/Gamebook.pdf
1986-11-23,1986,12,REG,1986_12_MIN_CIN,nfl-chuck-nelson,Chuck Nelson,MIN,CIN,2,2,2,2,"24,24",https://nflgsis.com/1986/Reg/12/15052/Gamebook.pdf
1986-11-30,1986,13,REG,1986_13_PHI_LA,nfl-chris-bahr,Chris Bahr,LA,PHI,3,3,2,2,"38,27",https://nflgsis.com/1986/Reg/13/15066/Gamebook.pdf
1986-12-07,1986,14,REG,1986_14_DET_PIT,nfl-gary-anderson,Gary Anderson,PIT,DET,3,3,2,5,"26,28",https://nflgsis.com/1986/Reg/14/15084/Gamebook.pdf
1986-12-14,1986,15,REG,1986_15_KC_LA,nfl-nick-lowery,Nick Lowery,KC,LA,2,2,2,3,"20,40",https://nflgsis.com/1986/Reg/15/15093/Gamebook.pdf
1986-12-21,1986,16,REG,1986_16_KC_PIT,nfl-gary-anderson,Gary Anderson,PIT,KC,1,1,4,5,"31,31,31,26",https://nflgsis.com/1986/Reg/16/15111/Gamebook.pdf
1983-09-04,1983,1,REG,1983_01_LA_CIN,nfl-chris-bahr,Chris Bahr,LA,CIN,2,2,2,2,"8,39",https://nflgsis.com/1983/Reg/01/14216/Gamebook.pdf
1983-09-11,1983,2,REG,1983_02_HOU_LA,nfl-florian-kempf,Florian Kempf,HOU,LA,0,0,2,3,"40,38",https://nflgsis.com/1983/Reg/02/14229/Gamebook.pdf
1983-09-25,1983,4,REG,1983_04_DET_MIN,nfl-benny-ricardo,Benny Ricardo,MIN,DET,2,2,2,2,"24,24",https://nflgsis.com/1983/Reg/04/14257/Gamebook.pdf
1983-10-16,1983,7,REG,1983_07_HOU_MIN,nfl-benny-ricardo,Benny Ricardo,MIN,HOU,4,4,2,3,"28,48",https://nflgsis.com/1983/Reg/07/14300/Gamebook.pdf
1983-10-23,1983,8,REG,1983_08_MIN_GB,nfl-benny-ricardo,Benny Ricardo,MIN,GB,2,2,2,3,"1,5",https://nflgsis.com/1983/Reg/08/14302/Gamebook.pdf
1983-12-05,1983,14,REG,1983_14_MIN_DET,nfl-eddie-murray,Eddie Murray,DET,MIN,1,1,2,2,"50,50",https://nflgsis.com/1983/Reg/14/14399/Gamebook.pdf
1983-12-04,1983,14,REG,1983_14_NYJ_BAL,nfl-raul-allegre,Raul Allegre,BAL,NYJ,0,0,2,2,"7,6",https://nflgsis.com/1983/Reg/14/14393/Gamebook.pdf
1983-12-11,1983,15,REG,1983_15_CHI_MIN,nfl-benny-ricardo,Benny Ricardo,MIN,CHI,1,1,2,3,"30,29",https://nflgsis.com/1983/Reg/15/14408/Gamebook.pdf
1983-12-11,1983,15,REG,1983_15_CHI_MIN,nfl-bob-thomas,Bob Thomas,CHI,MIN,1,2,2,3,"42,22",https://nflgsis.com/1983/Reg/15/14408/Gamebook.pdf
1985-09-19,1985,3,REG,1985_03_CHI_MIN,nfl-kevin-butler,Kevin Butler,CHI,MIN,3,3,4,6,"19,34,31,34",https://nflgsis.com/1985/Reg/03/14688/Gamebook.pdf
1985-09-29,1985,4,REG,1985_04_IND_NYJ,nfl-pat-leahy,Pat Leahy,NYJ,IND,1,2,4,4,"22,35,48,45",https://nflgsis.com/1985/Reg/04/14711/Gamebook.pdf
1985-09-29,1985,4,REG,1985_04_IND_NYJ,nfl-raul-allegre,Raul Allegre,IND,NYJ,2,2,2,2,"40,29",https://nflgsis.com/1985/Reg/04/14711/Gamebook.pdf
1985-10-06,1985,5,REG,1985_05_NYJ_CIN,nfl-jim-breech,Jim Breech,CIN,NYJ,2,2,2,3,"53,29",https://nflgsis.com/1985/Reg/05/14727/Gamebook.pdf
1985-10-06,1985,5,REG,1985_05_NYJ_CIN,nfl-pat-leahy,Pat Leahy,NYJ,CIN,3,3,2,2,"30,33",https://nflgsis.com/1985/Reg/05/14727/Gamebook.pdf
1985-10-06,1985,5,REG,1985_05_PIT_MIA,nfl-gary-anderson,Gary Anderson,PIT,MIA,2,2,2,3,"48,33",https://nflgsis.com/1985/Reg/05/14717/Gamebook.pdf
1985-10-20,1985,7,REG,1985_07_LA_CLE,nfl-matt-bahr,Matt Bahr,CLE,LA,2,2,2,2,"31,31",https://nflgsis.com/1985/Reg/07/14755/Gamebook.pdf
1985-10-28,1985,8,REG,1985_08_SD_LA,nfl-chris-bahr,Chris Bahr,LA,SD,4,4,2,3,"20,35",https://nflgsis.com/1985/Reg/08/14771/Gamebook.pdf
1985-11-03,1985,9,REG,1985_09_DET_MIN,nfl-eddie-murray,Eddie Murray,DET,MIN,1,1,2,3,"20,32",https://nflgsis.com/1985/Reg/09/14772/Gamebook.pdf
1985-11-03,1985,9,REG,1985_09_WAS_ATL,nfl-mark-moseley,Mark Moseley,WAS,ATL,5,5,3,3,"39,40,48",https://nflgsis.com/1985/Reg/09/14784/Gamebook.pdf
1985-11-17,1985,11,REG,1985_11_CIN_LA,nfl-chris-bahr,Chris Bahr,LA,CIN,1,1,2,2,"38,38",https://nflgsis.com/1985/Reg/11/14812/Gamebook.pdf
1985-11-17,1985,11,REG,1985_11_CIN_LA,nfl-jim-breech,Jim Breech,CIN,LA,0,0,2,3,"39,37",https://nflgsis.com/1985/Reg/11/14812/Gamebook.pdf
1985-11-24,1985,12,REG,1985_12_WAS_PIT,nfl-mark-moseley,Mark Moseley,WAS,PIT,3,3,3,3,"20,39,42",https://nflgsis.com/1985/Reg/12/14821/Gamebook.pdf
1985-12-15,1985,15,REG,1985_15_BUF_PIT,nfl-gary-anderson,Gary Anderson,PIT,BUF,3,3,3,4,"26,31,45",https://nflgsis.com/1985/Reg/15/14865/Gamebook.pdf
1985-12-22,1985,16,REG,1985_16_PHI_MIN,nfl-paul-mcfadden,Paul McFadden,PHI,MIN,4,4,3,3,"26,43,35",https://nflgsis.com/1985/Reg/16/14879/Gamebook.pdf
1987-09-13,1987,1,REG,1987_01_DET_MIN,nfl-chuck-nelson,Chuck Nelson,MIN,DET,4,4,2,2,"27,22",https://nflgsis.com/1987/Reg/01/15136/Gamebook.pdf
1987-09-13,1987,1,REG,1987_01_LA_GB,nfl-chris-bahr,Chris Bahr,LA,GB,2,2,2,3,"41,40",https://nflgsis.com/1987/Reg/01/15130/Gamebook.pdf
1987-09-20,1987,2,REG,1987_02_DET_LA,nfl-chris-bahr,Chris Bahr,LA,DET,3,3,2,3,"38,34",https://nflgsis.com/1987/Reg/02/15149/Gamebook.pdf
1988-09-04,1988,1,REG,1988_01_SD_LA,nfl-vince-abbott,Vince Abbott,SD,LA,1,1,2,2,"33,33",https://nflgsis.com/1988/Reg/01/15357/Gamebook.pdf
1988-09-11,1988,2,REG,1988_02_NYJ_CLE,nfl-pat-leahy,Pat Leahy,NYJ,CLE,2,2,3,4,"22,29,23",https://nflgsis.com/1988/Reg/02/15369/Gamebook.pdf
1988-09-25,1988,4,REG,1988_04_PHI_MIN,nfl-chuck-nelson,Chuck Nelson,MIN,PHI,2,2,3,4,"21,27,32",https://nflgsis.com/1988/Reg/04/15399/Gamebook.pdf
1988-10-23,1988,8,REG,1988_08_NYJ_MIA,nfl-pat-leahy,Pat Leahy,NYJ,MIA,5,5,3,3,"33,38,28",https://nflgsis.com/1988/Reg/08/15444/Gamebook.pdf
1988-11-20,1988,12,REG,1988_12_ATL_LA,nfl-chris-bahr,Chris Bahr,LA,ATL,0,0,2,3,"42,31",https://nflgsis.com/1988/Reg/12/15505/Gamebook.pdf
1988-11-20,1988,12,REG,1988_12_ATL_LA,nfl-greg-davis,Greg Davis,ATL,LA,0,1,2,3,"46,41",https://nflgsis.com/1988/Reg/12/15505/Gamebook.pdf
1988-12-04,1988,14,REG,1988_14_NYJ_KC,nfl-pat-leahy,Pat Leahy,NYJ,KC,4,4,2,2,"33,32",https://nflgsis.com/1988/Reg/14/15538/Gamebook.pdf
1989-09-17,1989,2,REG,1989_02_LA_KC,nfl-jeff-jaeger,Jeff Jaeger,LA,KC,1,1,2,2,"39,40",https://nflgsis.com/1989/Reg/02/15598/Gamebook.pdf
1989-09-17,1989,2,REG,1989_02_PIT_CIN,nfl-jim-gallery,Jim Gallery,CIN,PIT,5,5,2,2,"47,47",https://nflgsis.com/1989/Reg/02/15592/Gamebook.pdf
1989-09-24,1989,3,REG,1989_03_NYJ_MIA,nfl-pete-stoyanovich,Pete Stoyanovich,MIA,NYJ,3,4,2,3,"21,20",https://nflgsis.com/1989/Reg/03/15606/Gamebook.pdf
1989-10-15,1989,6,REG,1989_06_KC_LA,nfl-jeff-jaeger,Jeff Jaeger,LA,KC,2,2,2,2,"24,50",https://nflgsis.com/1989/Reg/06/15659/Gamebook.pdf
1989-10-15,1989,6,REG,1989_06_NYJ_NO,nfl-morten-andersen,Morten Andersen,NO,NYJ,3,3,2,2,"42,29",https://nflgsis.com/1989/Reg/06/15657/Gamebook.pdf
1989-10-29,1989,8,REG,1989_08_WAS_LA,nfl-jeff-jaeger,Jeff Jaeger,LA,WAS,4,4,3,4,"26,29,37",https://nflgsis.com/1989/Reg/08/15684/Gamebook.pdf
1989-11-05,1989,9,REG,1989_09_LA_MIN,nfl-rich-karlis,Rich Karlis,MIN,LA,0,0,7,7,"20,24,22,25,36,40,29",https://nflgsis.com/1989/Reg/09/15698/Gamebook.pdf
1989-11-26,1989,12,REG,1989_12_PIT_MIA,nfl-gary-anderson,Gary Anderson,PIT,MIA,4,4,2,4,"27,27",https://nflgsis.com/1989/Reg/12/15735/Gamebook.pdf
1989-12-10,1989,14,REG,1989_14_ATL_MIN,nfl-rich-karlis,Rich Karlis,MIN,ATL,4,4,5,5,"21,39,26,29,19",https://nflgsis.com/1989/Reg/14/15771/Gamebook.pdf
1989-12-25,1989,16,REG,1989_16_CIN_MIN,nfl-rich-karlis,Rich Karlis,MIN,CIN,2,2,5,6,"31,37,22,24,42",https://nflgsis.com/1989/Reg/16/15801/Gamebook.pdf
1989-12-24,1989,16,REG,1989_16_PIT_TB,nfl-donald-igwebuike,Donald Igwebuike,TB,PIT,2,2,2,2,"45,24",https://nflgsis.com/1989/Reg/16/15792/Gamebook.pdf
1990-09-09,1990,1,REG,1990_01_NYJ_CIN,nfl-jim-breech,Jim Breech,CIN,NYJ,2,2,3,4,"37,37,37",https://nflgsis.com/1990/Reg/01/15811/Gamebook.pdf
1990-09-09,1990,1,REG,1990_01_NYJ_CIN,nfl-pat-leahy,Pat Leahy,NYJ,CIN,2,2,2,2,"26,26",https://nflgsis.com/1990/Reg/01/15811/Gamebook.pdf
1990-09-09,1990,1,REG,1990_01_PIT_CLE,nfl-jerry-kauric,Jerry Kauric,CLE,PIT,1,1,2,3,"28,28",https://nflgsis.com/1990/Reg/01/15818/Gamebook.pdf
1990-09-23,1990,3,REG,1990_03_PIT_LA,nfl-jeff-jaeger,Jeff Jaeger,LA,PIT,2,2,2,2,"40,45",https://nflgsis.com/1990/Reg/03/15851/Gamebook.pdf
1990-10-07,1990,5,REG,1990_05_NYJ_MIA,nfl-pat-leahy,Pat Leahy,NYJ,MIA,1,1,3,3,"25,19,30",https://nflgsis.com/1990/Reg/05/15867/Gamebook.pdf
1990-11-04,1990,9,REG,1990_09_DAL_NYJ,nfl-ken-willis,Ken Willis,DAL,NYJ,0,0,3,3,"37,35,32",https://nflgsis.com/1990/Reg/09/15924/Gamebook.pdf
1990-11-04,1990,9,REG,1990_09_LA_KC,nfl-nick-lowery,Nick Lowery,KC,LA,0,0,3,3,"36,48,41",https://nflgsis.com/1990/Reg/09/15923/Gamebook.pdf
1990-11-11,1990,10,REG,1990_10_GB_LA,nfl-chris-jacke,Chris Jacke,GB,LA,2,2,5,5,"39,51,32,23,39",https://nflgsis.com/1990/Reg/10/15929/Gamebook.pdf
1990-11-19,1990,11,REG,1990_11_LA_MIA,nfl-jeff-jaeger,Jeff Jaeger,LA,MIA,1,1,2,2,"23,43",https://nflgsis.com/1990/Reg/11/15952/Gamebook.pdf
1990-11-18,1990,11,REG,1990_11_PIT_CIN,nfl-jim-breech,Jim Breech,CIN,PIT,3,3,2,2,"23,23",https://nflgsis.com/1990/Reg/11/15949/Gamebook.pdf
1990-11-25,1990,12,REG,1990_12_KC_LA,nfl-nick-lowery,Nick Lowery,KC,LA,3,3,2,2,"35,36",https://nflgsis.com/1990/Reg/12/15963/Gamebook.pdf
1990-12-30,1990,17,REG,1990_17_PIT_HOU,nfl-teddy-garcia,Teddy Garcia,HOU,PIT,4,4,2,3,"47,47",https://nflgsis.com/1990/Reg/17/16030/Gamebook.pdf
1991-09-01,1991,1,REG,1991_01_MIN_CHI,nfl-fuad-reveiz,Fuad Reveiz,MIN,CHI,0,0,2,2,"26,24",https://nflgsis.com/1991/Reg/01/16054/Gamebook.pdf
1991-09-08,1991,2,REG,1991_02_NYJ_SEA,nfl-john-kasay,John Kasay,SEA,NYJ,2,2,2,3,"23,28",https://nflgsis.com/1991/Reg/02/16060/Gamebook.pdf
1991-09-08,1991,2,REG,1991_02_NYJ_SEA,nfl-pat-leahy,Pat Leahy,NYJ,SEA,1,1,2,2,"30,29",https://nflgsis.com/1991/Reg/02/16060/Gamebook.pdf
1991-09-08,1991,2,REG,1991_02_PIT_BUF,nfl-gary-anderson,Gary Anderson,PIT,BUF,4,4,2,3,"25,27",https://nflgsis.com/1991/Reg/02/16071/Gamebook.pdf
1991-09-15,1991,3,REG,1991_03_NE_PIT,nfl-gary-anderson,Gary Anderson,PIT,NE,2,2,2,2,"49,32",https://nflgsis.com/1991/Reg/03/16078/Gamebook.pdf
1991-09-15,1991,3,REG,1991_03_NE_PIT,nfl-jason-staurovsky,Jason Staurovsky,NE,PIT,0,0,2,3,"35,45",https://nflgsis.com/1991/Reg/03/16078/Gamebook.pdf
1991-09-23,1991,4,REG,1991_04_NYJ_CHI,nfl-kevin-butler,Kevin Butler,CHI,NYJ,1,1,2,3,"33,44",https://nflgsis.com/1991/Reg/04/16101/Gamebook.pdf
1991-09-23,1991,4,REG,1991_04_NYJ_CHI,nfl-pat-leahy,Pat Leahy,NYJ,CHI,1,1,2,4,"19,34",https://nflgsis.com/1991/Reg/04/16101/Gamebook.pdf
1991-09-30,1991,5,REG,1991_05_PHI_WAS,nfl-chip-lohmiller,Chip Lohmiller,WAS,PHI,2,2,3,4,"37,27,37",https://nflgsis.com/1991/Reg/05/16113/Gamebook.pdf
1991-10-06,1991,6,REG,1991_06_PHI_TB,nfl-roger-ruzek,Roger Ruzek,PHI,TB,1,1,2,2,"18,45",https://nflgsis.com/1991/Reg/06/16118/Gamebook.pdf
1991-10-13,1991,7,REG,1991_07_HOU_NYJ,nfl-pat-leahy,Pat Leahy,NYJ,HOU,2,2,2,3,"21,52",https://nflgsis.com/1991/Reg/07/16128/Gamebook.pdf
1991-10-14,1991,7,REG,1991_07_NYG_PIT,nfl-gary-anderson,Gary Anderson,PIT,NYG,2,2,2,2,"26,39",https://nflgsis.com/1991/Reg/07/16136/Gamebook.pdf
1991-10-20,1991,8,REG,1991_08_SEA_PIT,nfl-john-kasay,John Kasay,SEA,PIT,3,3,2,2,"36,21",https://nflgsis.com/1991/Reg/08/16147/Gamebook.pdf
1991-11-03,1991,10,REG,1991_10_GB_NYJ,nfl-chris-jacke,Chris Jacke,GB,NYJ,1,1,3,4,"53,41,34",https://nflgsis.com/1991/Reg/10/16163/Gamebook.pdf
1991-11-11,1991,11,REG,1991_11_CHI_MIN,nfl-kevin-butler,Kevin Butler,CHI,MIN,4,4,2,3,"50,41",https://nflgsis.com/1991/Reg/11/16186/Gamebook.pdf
1991-11-10,1991,11,REG,1991_11_PIT_CIN,nfl-gary-anderson,Gary Anderson,PIT,CIN,3,3,2,3,"44,46",https://nflgsis.com/1991/Reg/11/16174/Gamebook.pdf
1991-11-10,1991,11,REG,1991_11_PIT_CIN,nfl-jim-breech,Jim Breech,CIN,PIT,3,3,2,2,"47,29",https://nflgsis.com/1991/Reg/11/16174/Gamebook.pdf
1991-11-17,1991,12,REG,1991_12_WAS_PIT,nfl-chip-lohmiller,Chip Lohmiller,WAS,PIT,5,5,2,4,"36,32",https://nflgsis.com/1991/Reg/12/16189/Gamebook.pdf
1991-11-24,1991,13,REG,1991_13_HOU_PIT,nfl-gary-anderson,Gary Anderson,PIT,HOU,2,2,4,4,"20,28,33,24",https://nflgsis.com/1991/Reg/13/16208/Gamebook.pdf
1991-12-02,1991,14,REG,1991_14_PHI_HOU,nfl-roger-ruzek,Roger Ruzek,PHI,HOU,1,1,2,2,"23,29",https://nflgsis.com/1991/Reg/14/16227/Gamebook.pdf
1991-12-08,1991,15,REG,1991_15_PHI_NYG,nfl-roger-ruzek,Roger Ruzek,PHI,NYG,1,1,4,4,"46,21,36,46",https://nflgsis.com/1991/Reg/15/16236/Gamebook.pdf
1991-12-08,1991,15,REG,1991_15_PIT_HOU,nfl-gary-anderson,Gary Anderson,PIT,HOU,0,0,2,2,"54,36",https://nflgsis.com/1991/Reg/15/16237/Gamebook.pdf
1991-12-15,1991,16,REG,1991_16_LA_MIN,nfl-fuad-reveiz,Fuad Reveiz,MIN,LA,2,2,2,2,"20,22",https://nflgsis.com/1991/Reg/16/16245/Gamebook.pdf
1991-12-21,1991,17,REG,1991_17_GB_MIN,nfl-chris-jacke,Chris Jacke,GB,MIN,3,3,2,3,"42,42",https://nflgsis.com/1991/Reg/17/16257/Gamebook.pdf
1991-12-22,1991,17,REG,1991_17_KC_LA,nfl-nick-lowery,Nick Lowery,KC,LA,3,3,2,4,"33,25",https://nflgsis.com/1991/Reg/17/16261/Gamebook.pdf
1991-12-22,1991,17,REG,1991_17_NYJ_MIA,nfl-pete-stoyanovich,Pete Stoyanovich,MIA,NYJ,2,2,2,4,"23,33",https://nflgsis.com/1991/Reg/17/16260/Gamebook.pdf
1992-09-06,1992,1,REG,1992_01_NYJ_ATL,nfl-norm-johnson,Norm Johnson,ATL,NYJ,2,2,2,2,"25,54",https://nflgsis.com/1992/Reg/01/16287/Gamebook.pdf
1992-09-06,1992,1,REG,1992_01_PIT_HOU,nfl-gary-anderson,Gary Anderson,PIT,HOU,2,3,3,3,"25,37,30",https://nflgsis.com/1992/Reg/01/16281/Gamebook.pdf
1992-09-20,1992,3,REG,1992_03_PIT_SD,nfl-john-carney,John Carney,SD,PIT,0,0,2,3,"24,43",https://nflgsis.com/1992/Reg/03/16309/Gamebook.pdf
1992-10-04,1992,5,REG,1992_05_NYG_LA,nfl-jeff-jaeger,Jeff Jaeger,LA,NYG,1,1,2,4,"26,54",https://nflgsis.com/1992/Reg/05/16333/Gamebook.pdf
1992-10-11,1992,6,REG,1992_06_PIT_CLE,nfl-gary-anderson,Gary Anderson,PIT,CLE,0,0,3,4,"40,25,36",https://nflgsis.com/1992/Reg/06/16350/Gamebook.pdf
1992-10-19,1992,7,REG,1992_07_CIN_PIT,nfl-gary-anderson,Gary Anderson,PIT,CIN,2,2,2,3,"21,27",https://nflgsis.com/1992/Reg/07/16368/Gamebook.pdf
1992-10-18,1992,7,REG,1992_07_PHI_WAS,nfl-chip-lohmiller,Chip Lohmiller,WAS,PHI,1,1,3,4,"18,21,28",https://nflgsis.com/1992/Reg/07/16360/Gamebook.pdf
1992-10-25,1992,8,REG,1992_08_PIT_KC,nfl-gary-anderson,Gary Anderson,PIT,KC,3,3,2,2,"49,30",https://nflgsis.com/1992/Reg/08/16369/Gamebook.pdf
1992-11-08,1992,10,REG,1992_10_NYJ_DEN,nfl-cary-blanchard,Cary Blanchard,NYJ,DEN,1,1,3,5,"27,19,36",https://nflgsis.com/1992/Reg/10/16400/Gamebook.pdf
1992-11-08,1992,10,REG,1992_10_NYJ_DEN,nfl-david-treadwell,David Treadwell,DEN,NYJ,3,3,2,2,"37,23",https://nflgsis.com/1992/Reg/10/16400/Gamebook.pdf
1992-11-08,1992,10,REG,1992_10_PIT_BUF,nfl-gary-anderson,Gary Anderson,PIT,BUF,2,2,2,2,"49,28",https://nflgsis.com/1992/Reg/10/16394/Gamebook.pdf
1992-11-15,1992,11,REG,1992_11_HOU_MIN,nfl-fuad-reveiz,Fuad Reveiz,MIN,HOU,1,1,2,2,"42,51",https://nflgsis.com/1992/Reg/11/16412/Gamebook.pdf
1992-11-22,1992,12,REG,1992_12_CLE_MIN,nfl-matt-stover,Matt Stover,CLE,MIN,1,1,2,2,"19,30",https://nflgsis.com/1992/Reg/12/16428/Gamebook.pdf
1992-11-22,1992,12,REG,1992_12_IND_PIT,nfl-gary-anderson,Gary Anderson,PIT,IND,3,3,3,3,"31,22,36",https://nflgsis.com/1992/Reg/12/16433/Gamebook.pdf
1992-11-22,1992,12,REG,1992_12_PHI_NYG,nfl-matt-bahr,Matt Bahr,NYG,PHI,4,4,2,2,"35,44",https://nflgsis.com/1992/Reg/12/16425/Gamebook.pdf
1992-11-29,1992,13,REG,1992_13_KC_NYJ,nfl-nick-lowery,Nick Lowery,KC,NYJ,2,2,3,3,"20,27,38",https://nflgsis.com/1992/Reg/13/16440/Gamebook.pdf
1992-11-29,1992,13,REG,1992_13_PHI_SF,nfl-mike-cofer,Mike Cofer,SF,PHI,2,2,2,3,"22,28",https://nflgsis.com/1992/Reg/13/16445/Gamebook.pdf
1992-11-29,1992,13,REG,1992_13_PIT_CIN,nfl-jim-breech,Jim Breech,CIN,PIT,0,0,3,3,"33,42,38",https://nflgsis.com/1992/Reg/13/16446/Gamebook.pdf
1992-12-06,1992,14,REG,1992_14_SEA_PIT,nfl-gary-anderson,Gary Anderson,PIT,SEA,2,2,2,2,"38,39",https://nflgsis.com/1992/Reg/14/16461/Gamebook.pdf
1992-12-13,1992,15,REG,1992_15_PHI_SEA,nfl-roger-ruzek,Roger Ruzek,PHI,SEA,2,2,2,3,"44,42",https://nflgsis.com/1992/Reg/15/16465/Gamebook.pdf
1992-12-20,1992,16,REG,1992_16_MIN_PIT,nfl-fuad-reveiz,Fuad Reveiz,MIN,PIT,0,0,2,2,"38,36",https://nflgsis.com/1992/Reg/16/16487/Gamebook.pdf
1992-12-27,1992,17,REG,1992_17_CLE_PIT,nfl-gary-anderson,Gary Anderson,PIT,CLE,2,2,3,3,"26,29,28",https://nflgsis.com/1992/Reg/17/16503/Gamebook.pdf
1992-12-27,1992,17,REG,1992_17_CLE_PIT,nfl-matt-stover,Matt Stover,CLE,PIT,1,1,2,2,"22,22",https://nflgsis.com/1992/Reg/17/16503/Gamebook.pdf
1992-12-27,1992,17,REG,1992_17_GB_MIN,nfl-fuad-reveiz,Fuad Reveiz,MIN,GB,3,3,2,3,"46,32",https://nflgsis.com/1992/Reg/17/16496/Gamebook.pdf
1992-12-26,1992,17,REG,1992_17_LA_WAS,nfl-chip-lohmiller,Chip Lohmiller,WAS,LA,2,2,2,4,"39,22",https://nflgsis.com/1992/Reg/17/16491/Gamebook.pdf
1992-12-26,1992,17,REG,1992_17_NO_NYJ,nfl-morten-andersen,Morten Andersen,NO,NYJ,2,2,2,2,"27,36",https://nflgsis.com/1992/Reg/17/16492/Gamebook.pdf
1993-09-05,1993,1,REG,1993_01_SF_PIT,nfl-gary-anderson,Gary Anderson,PIT,SF,1,1,2,2,"39,29",https://nflgsis.com/1993/Reg/01/16518/Gamebook.pdf
1993-09-19,1993,3,REG,1993_03_CIN_PIT,nfl-gary-anderson,Gary Anderson,PIT,CIN,4,4,2,2,"34,33",https://nflgsis.com/1993/Reg/03/16546/Gamebook.pdf
1993-09-19,1993,3,REG,1993_03_CLE_LA,nfl-jeff-jaeger,Jeff Jaeger,LA,CLE,1,1,3,3,"53,27,24",https://nflgsis.com/1993/Reg/03/16550/Gamebook.pdf
1993-09-26,1993,4,REG,1993_04_GB_MIN,nfl-chris-jacke,Chris Jacke,GB,MIN,1,1,2,2,"49,20",https://nflgsis.com/1993/Reg/04/16559/Gamebook.pdf
1993-09-26,1993,4,REG,1993_04_GB_MIN,nfl-fuad-reveiz,Fuad Reveiz,MIN,GB,0,0,5,6,"35,19,29,51,22",https://nflgsis.com/1993/Reg/04/16559/Gamebook.pdf
1993-10-10,1993,6,REG,1993_06_NYJ_LA,nfl-cary-blanchard,Cary Blanchard,NYJ,LA,2,2,2,3,"25,20",https://nflgsis.com/1993/Reg/06/16583/Gamebook.pdf
1993-10-10,1993,6,REG,1993_06_SD_PIT,nfl-gary-anderson,Gary Anderson,PIT,SD,1,1,3,3,"37,34,35",https://nflgsis.com/1993/Reg/06/16580/Gamebook.pdf
1993-10-17,1993,7,REG,1993_07_NO_PIT,nfl-gary-anderson,Gary Anderson,PIT,NO,4,4,3,3,"40,22,29",https://nflgsis.com/1993/Reg/07/16587/Gamebook.pdf
1993-10-31,1993,9,REG,1993_09_NYJ_NYG,nfl-david-treadwell,David Treadwell,NYG,NYJ,0,0,2,3,"28,23",https://nflgsis.com/1993/Reg/09/16615/Gamebook.pdf
1993-11-07,1993,10,REG,1993_10_MIA_NYJ,nfl-cary-blanchard,Cary Blanchard,NYJ,MIA,3,3,2,2,"37,43",https://nflgsis.com/1993/Reg/10/16619/Gamebook.pdf
1993-11-15,1993,11,REG,1993_11_BUF_PIT,nfl-gary-anderson,Gary Anderson,PIT,BUF,2,2,3,3,"31,37,19",https://nflgsis.com/1993/Reg/11/16642/Gamebook.pdf
1993-11-28,1993,13,REG,1993_13_LA_CIN,nfl-doug-pelfrey,Doug Pelfrey,CIN,LA,1,1,3,4,"45,34,44",https://nflgsis.com/1993/Reg/13/16664/Gamebook.pdf
1993-11-28,1993,13,REG,1993_13_PIT_HOU,nfl-al-del-greco,Al Del Greco,HOU,PIT,2,2,3,3,"66,21,28",https://nflgsis.com/1993/Reg/13/16666/Gamebook.pdf
1993-12-12,1993,15,REG,1993_15_DAL_MIN,nfl-eddie-murray,Eddie Murray,DAL,MIN,4,4,3,3,"51,52,46",https://nflgsis.com/1993/Reg/15/16687/Gamebook.pdf
1993-12-12,1993,15,REG,1993_15_DAL_MIN,nfl-fuad-reveiz,Fuad Reveiz,MIN,DAL,2,2,2,2,"19,21",https://nflgsis.com/1993/Reg/15/16687/Gamebook.pdf
1993-12-13,1993,15,REG,1993_15_PIT_MIA,nfl-pete-stoyanovich,Pete Stoyanovich,MIA,PIT,2,2,2,3,"31,22",https://nflgsis.com/1993/Reg/15/16697/Gamebook.pdf
1994-01-02,1993,18,REG,1993_18_CLE_PIT,nfl-matt-stover,Matt Stover,CLE,PIT,0,0,3,3,"36,44,44",https://nflgsis.com/1993/Reg/18/16736/Gamebook.pdf
1993-12-31,1993,18,REG,1993_18_MIN_WAS,nfl-chip-lohmiller,Chip Lohmiller,WAS,MIN,0,0,3,5,"37,35,34",https://nflgsis.com/1993/Reg/18/16726/Gamebook.pdf
1994-09-25,1994,4,REG,1994_04_CHI_NYJ,nfl-kevin-butler,Kevin Butler,CHI,NYJ,1,1,2,3,"30,44",https://nflgsis.com/1994/Reg/04/16857/Gamebook.pdf
1994-09-25,1994,4,REG,1994_04_PIT_SEA,nfl-gary-anderson,Gary Anderson,PIT,SEA,1,1,2,2,"31,38",https://nflgsis.com/1994/Reg/04/16858/Gamebook.pdf
1994-09-25,1994,4,REG,1994_04_PIT_SEA,nfl-john-kasay,John Kasay,SEA,PIT,3,3,3,3,"31,31,40",https://nflgsis.com/1994/Reg/04/16858/Gamebook.pdf
1994-10-03,1994,5,REG,1994_05_HOU_PIT,nfl-gary-anderson,Gary Anderson,PIT,HOU,3,3,3,3,"25,22,42",https://nflgsis.com/1994/Reg/05/16877/Gamebook.pdf
1994-10-10,1994,6,REG,1994_06_MIN_NYG,nfl-fuad-reveiz,Fuad Reveiz,MIN,NYG,3,3,2,3,"44,24",https://nflgsis.com/1994/Reg/06/16889/Gamebook.pdf
1994-10-23,1994,8,REG,1994_08_ATL_LA,nfl-jeff-jaeger,Jeff Jaeger,LA,ATL,3,3,3,4,"38,46,31",https://nflgsis.com/1994/Reg/08/16906/Gamebook.pdf
1994-10-30,1994,9,REG,1994_09_PIT_ARI,nfl-greg-davis,Greg Davis,ARI,PIT,2,2,2,3,"11,20",https://nflgsis.com/1994/Reg/09/16916/Gamebook.pdf
1994-11-14,1994,11,REG,1994_11_BUF_PIT,nfl-gary-anderson,Gary Anderson,PIT,BUF,2,2,3,3,"39,39,30",https://nflgsis.com/1994/Reg/11/16951/Gamebook.pdf
1994-11-20,1994,12,REG,1994_12_MIA_PIT,nfl-gary-anderson,Gary Anderson,PIT,MIA,1,1,3,3,"19,48,39",https://nflgsis.com/1994/Reg/12/16963/Gamebook.pdf
1994-11-20,1994,12,REG,1994_12_MIA_PIT,nfl-pete-stoyanovich,Pete Stoyanovich,MIA,PIT,1,1,2,3,"34,48",https://nflgsis.com/1994/Reg/12/16963/Gamebook.pdf
1994-12-18,1994,16,REG,1994_16_SD_NYJ,nfl-nick-lowery,Nick Lowery,NYJ,SD,0,0,2,2,"38,30",https://nflgsis.com/1994/Reg/16/17018/Gamebook.pdf
1995-11-05,1995,10,REG,1995_10_OAK_CIN,nfl-doug-pelfrey,Doug Pelfrey,CIN,OAK,0,0,3,3,"45,28,48",https://nflgsis.com/1995/Reg/10/17232/Gamebook.pdf
1995-11-05,1995,10,REG,1995_10_OAK_CIN,nfl-jeff-jaeger,Jeff Jaeger,OAK,CIN,2,2,2,3,"37,46",https://nflgsis.com/1995/Reg/10/17232/Gamebook.pdf
1995-11-13,1995,11,REG,1995_11_CLE_PIT,nfl-norm-johnson,Norm Johnson,PIT,CLE,2,2,2,3,"38,34",https://nflgsis.com/1995/Reg/11/17257/Gamebook.pdf
1995-11-12,1995,11,REG,1995_11_OAK_NYG,nfl-brad-daluiso,Brad Daluiso,NYG,OAK,1,1,2,2,"32,32",https://nflgsis.com/1995/Reg/11/17254/Gamebook.pdf
1995-11-19,1995,12,REG,1995_12_PIT_CIN,nfl-norm-johnson,Norm Johnson,PIT,CIN,5,5,2,2,"50,26",https://nflgsis.com/1995/Reg/12/17271/Gamebook.pdf
1995-11-26,1995,13,REG,1995_13_NYJ_SEA,nfl-nick-lowery,Nick Lowery,NYJ,SEA,1,1,3,4,"41,38,33",https://nflgsis.com/1995/Reg/13/17281/Gamebook.pdf
1995-11-26,1995,13,REG,1995_13_PIT_CLE,nfl-norm-johnson,Norm Johnson,PIT,CLE,2,2,2,2,"33,33",https://nflgsis.com/1995/Reg/13/17276/Gamebook.pdf
1995-12-03,1995,14,REG,1995_14_STL_NYJ,nfl-nick-lowery,Nick Lowery,NYJ,STL,2,2,2,2,"34,23",https://nflgsis.com/1995/Reg/14/17300/Gamebook.pdf
1995-12-16,1995,16,REG,1995_16_NE_PIT,nfl-matt-bahr,Matt Bahr,NE,PIT,1,1,2,2,"23,22",https://nflgsis.com/1995/Reg/16/17319/Gamebook.pdf
1995-12-16,1995,16,REG,1995_16_NE_PIT,nfl-norm-johnson,Norm Johnson,PIT,NE,5,5,2,3,"43,32",https://nflgsis.com/1995/Reg/16/17319/Gamebook.pdf
1981-09-06,1981,1,REG,1981_01_HOU_LA,nfl-frank-corral,Frank Corral,LA,HOU,2,2,2,3,"35,36",https://media.eagles.1rmg.com/wp-content/uploads/2022/02/28150347/1981.pdf
1981-09-06,1981,1,REG,1981_01_HOU_LA,nfl-toni-fritsch,Toni Fritsch,HOU,LA,3,3,2,3,"50,41",https://media.eagles.1rmg.com/wp-content/uploads/2022/02/28150347/1981.pdf
1981-09-06,1981,1,REG,1981_01_BAL_NE,nfl-mike-wood,Mike Wood,BAL,NE,2,3,3,3,"48,19,35",https://media.eagles.1rmg.com/wp-content/uploads/2022/02/28150347/1981.pdf
1981-09-06,1981,1,REG,1981_01_DAL_WAS,nfl-rafael-septien,Rafael Septien,DAL,WAS,2,2,4,4,"29,42,23,18",https://media.eagles.1rmg.com/wp-content/uploads/2022/02/28150347/1981.pdf
1981-09-06,1981,1,REG,1981_01_KC_PIT,nfl-nick-lowery,Nick Lowery,KC,PIT,4,4,3,4,"35,40,42",https://media.eagles.1rmg.com/wp-content/uploads/2022/02/28150347/1981.pdf
1981-09-06,1981,1,REG,1981_01_MIA_STL,nfl-uwe-von-schamann,Uwe von Schamann,MIA,STL,2,2,2,2,"27,30",https://media.eagles.1rmg.com/wp-content/uploads/2022/02/28150347/1981.pdf
1981-09-07,1981,1,REG,1981_01_SD_CLE,nfl-rolf-benirschke,Rolf Benirschke,SD,CLE,5,5,3,3,"50,43,32",https://media.eagles.1rmg.com/wp-content/uploads/2022/02/28150347/1981.pdf
1981-09-13,1981,2,REG,1981_02_CIN_NYJ,nfl-pat-leahy,Pat Leahy,NYJ,CIN,3,3,3,3,"49,23,27",https://media.eagles.1rmg.com/wp-content/uploads/2022/02/28150347/1981.pdf
1981-09-13,1981,2,REG,1981_02_DEN_SEA,nfl-efren-herrera,Efren Herrera,SEA,DEN,1,1,2,2,"43,22",https://media.eagles.1rmg.com/wp-content/uploads/2022/02/28150347/1981.pdf
1981-09-13,1981,2,REG,1981_02_DET_SD,nfl-eddie-murray,Eddie Murray,DET,SD,2,2,3,3,"18,37,30",https://media.eagles.1rmg.com/wp-content/uploads/2022/02/28150347/1981.pdf
1981-09-13,1981,2,REG,1981_02_HOU_CLE,nfl-toni-fritsch,Toni Fritsch,HOU,CLE,0,0,3,3,"42,27,36",https://media.eagles.1rmg.com/wp-content/uploads/2022/02/28150347/1981.pdf
1981-09-13,1981,2,REG,1981_02_NE_PHI,nfl-tony-franklin-2,Tony Franklin,PHI,NE,1,1,2,3,"46,22",https://media.eagles.1rmg.com/wp-content/uploads/2022/02/28150347/1981.pdf
1981-09-13,1981,2,REG,1981_02_STL_DAL,nfl-rafael-septien,Rafael Septien,DAL,STL,3,3,3,3,"47,32,25",https://media.eagles.1rmg.com/wp-content/uploads/2022/02/28150347/1981.pdf
1981-09-13,1981,2,REG,1981_02_TB_KC,nfl-nick-lowery,Nick Lowery,KC,TB,1,1,4,4,"20,20,42,41",https://media.eagles.1rmg.com/wp-content/uploads/2022/02/28150347/1981.pdf
1981-09-21,1981,3,REG,1981_03_DAL_NE,nfl-rafael-septien,Rafael Septien,DAL,NE,3,3,4,5,"26,26,27,25",https://media.eagles.1rmg.com/wp-content/uploads/2022/02/28150347/1981.pdf
1981-09-20,1981,3,REG,1981_03_DET_MIN,nfl-rick-danmeier,Rick Danmeier,MIN,DET,2,3,2,2,"39,20",https://media.eagles.1rmg.com/wp-content/uploads/2022/02/28150347/1981.pdf
1981-09-20,1981,3,REG,1981_03_GB_LA,nfl-jan-stenerud,Jan Stenerud,GB,LA,2,2,3,3,"19,23,44",https://media.eagles.1rmg.com/wp-content/uploads/2022/02/28150347/1981.pdf
1981-09-20,1981,3,REG,1981_03_MIA_HOU,nfl-uwe-von-schamann,Uwe von Schamann,MIA,HOU,1,1,3,4,"42,37,27",https://media.eagles.1rmg.com/wp-content/uploads/2022/02/28150347/1981.pdf
1981-09-20,1981,3,REG,1981_03_NO_NYG,nfl-joe-danelo,Joe Danelo,NYG,NO,2,2,2,5,"20,55",https://media.eagles.1rmg.com/wp-content/uploads/2022/02/28150347/1981.pdf
1981-09-17,1981,3,REG,1981_03_PHI_BUF,nfl-tony-franklin-2,Tony Franklin,PHI,BUF,2,2,2,3,"29,46",https://media.eagles.1rmg.com/wp-content/uploads/2022/02/28150347/1981.pdf
1981-09-27,1981,4,REG,1981_04_BUF_CIN,nfl-jim-breech,Jim Breech,CIN,BUF,3,3,2,2,"23,28",https://media.eagles.1rmg.com/wp-content/uploads/2022/02/28150347/1981.pdf
1981-09-27,1981,4,REG,1981_04_KC_SEA,nfl-nick-lowery,Nick Lowery,KC,SEA,2,2,2,3,"30,38",https://media.eagles.1rmg.com/wp-content/uploads/2022/02/28150347/1981.pdf
1981-09-27,1981,4,REG,1981_04_MIN_GB,nfl-jan-stenerud,Jan Stenerud,GB,MIN,1,1,2,3,"24,27",https://media.eagles.1rmg.com/wp-content/uploads/2022/02/28150347/1981.pdf
1981-09-27,1981,4,REG,1981_04_MIN_GB,nfl-rick-danmeier,Rick Danmeier,MIN,GB,3,3,3,4,"34,30,25",https://media.eagles.1rmg.com/wp-content/uploads/2022/02/28150347/1981.pdf
1981-09-27,1981,4,REG,1981_04_NYG_DAL,nfl-rafael-septien,Rafael Septien,DAL,NYG,1,1,3,3,"36,20,21",https://media.eagles.1rmg.com/wp-content/uploads/2022/02/28150347/1981.pdf
1981-09-27,1981,4,REG,1981_04_OAK_DET,nfl-eddie-murray,Eddie Murray,DET,OAK,1,1,3,3,"36,39,39",https://media.eagles.1rmg.com/wp-content/uploads/2022/02/28150347/1981.pdf
1981-09-27,1981,4,REG,1981_04_STL_TB,nfl-bill-capece,Bill Capece,TB,STL,2,2,2,2,"29,23",https://media.eagles.1rmg.com/wp-content/uploads/2022/02/28150347/1981.pdf
1981-09-27,1981,4,REG,1981_04_WAS_PHI,nfl-mark-moseley,Mark Moseley,WAS,PHI,1,1,2,4,"19,22",https://media.eagles.1rmg.com/wp-content/uploads/2022/02/28150347/1981.pdf
1981-09-27,1981,4,REG,1981_04_WAS_PHI,nfl-tony-franklin-2,Tony Franklin,PHI,WAS,4,4,2,2,"28,36",https://media.eagles.1rmg.com/wp-content/uploads/2022/02/28150347/1981.pdf
1981-10-05,1981,5,REG,1981_05_ATL_PHI,nfl-mick-luckhurst,Mick Luckhurst,ATL,PHI,1,1,2,3,"35,43",https://media.eagles.1rmg.com/wp-content/uploads/2022/02/28150347/1981.pdf
1981-10-05,1981,5,REG,1981_05_ATL_PHI,nfl-tony-franklin-2,Tony Franklin,PHI,ATL,1,1,3,3,"36,34,43",https://media.eagles.1rmg.com/wp-content/uploads/2022/02/28150347/1981.pdf
1981-10-04,1981,5,REG,1981_05_BAL_BUF,nfl-nick-mike-mayer,Nick Mike-Mayer,BUF,BAL,2,2,3,4,"34,44,45",https://media.eagles.1rmg.com/wp-content/uploads/2022/02/28150347/1981.pdf
1981-10-04,1981,5,REG,1981_05_CLE_LA,nfl-frank-corral,Frank Corral,LA,CLE,3,3,2,3,"38,41",https://media.eagles.1rmg.com/wp-content/uploads/2022/02/28150347/1981.pdf
1981-10-04,1981,5,REG,1981_05_GB_NYG,nfl-jan-stenerud,Jan Stenerud,GB,NYG,3,3,2,2,"50,35",https://media.eagles.1rmg.com/wp-content/uploads/2022/02/28150347/1981.pdf
1981-10-04,1981,5,REG,1981_05_KC_NE,nfl-john-smith-2,John Smith,NE,KC,3,4,2,2,"50,43",https://media.eagles.1rmg.com/wp-content/uploads/2022/02/28150347/1981.pdf
1981-10-11,1981,6,REG,1981_06_CIN_BAL,nfl-jim-breech,Jim Breech,CIN,BAL,5,5,2,2,"38,24",https://media.eagles.1rmg.com/wp-content/uploads/2022/02/28150347/1981.pdf
1981-10-11,1981,6,REG,1981_06_CLE_PIT,nfl-david-trout,David Trout,PIT,CLE,1,1,2,2,"19,23",https://media.eagles.1rmg.com/wp-content/uploads/2022/02/28150347/1981.pdf
1981-10-11,1981,6,REG,1981_06_LA_ATL,nfl-frank-corral,Frank Corral,LA,ATL,4,4,3,3,"25,37,25",https://media.eagles.1rmg.com/wp-content/uploads/2022/02/28150347/1981.pdf
1981-10-11,1981,6,REG,1981_06_OAK_KC,nfl-nick-lowery,Nick Lowery,KC,OAK,3,3,2,2,"52,25",https://media.eagles.1rmg.com/wp-content/uploads/2022/02/28150347/1981.pdf
1981-10-11,1981,6,REG,1981_06_STL_NYG,nfl-joe-danelo,Joe Danelo,NYG,STL,4,4,2,2,"41,45",https://media.eagles.1rmg.com/wp-content/uploads/2022/02/28150347/1981.pdf
1981-10-18,1981,7,REG,1981_07_BUF_NYJ,nfl-pat-leahy,Pat Leahy,NYJ,BUF,3,3,4,4,"24,29,39,22",https://media.eagles.1rmg.com/wp-content/uploads/2022/02/28150347/1981.pdf
1981-10-19,1981,7,REG,1981_07_CHI_DET,nfl-eddie-murray,Eddie Murray,DET,CHI,6,6,2,2,"49,53",https://media.eagles.1rmg.com/wp-content/uploads/2022/02/28150347/1981.pdf
1981-10-18,1981,7,REG,1981_07_LA_DAL,nfl-rafael-septien,Rafael Septien,DAL,LA,3,3,2,2,"40,39",https://media.eagles.1rmg.com/wp-content/uploads/2022/02/28150347/1981.pdf
1981-10-18,1981,7,REG,1981_07_NYG_SEA,nfl-joe-danelo,Joe Danelo,NYG,SEA,2,2,6,6,"29,54,21,47,31,37",https://media.eagles.1rmg.com/wp-content/uploads/2022/02/28150347/1981.pdf
1981-10-18,1981,7,REG,1981_07_SF_GB,nfl-ray-wersching,Ray Wersching,SF,GB,1,1,2,2,"26,32",https://media.eagles.1rmg.com/wp-content/uploads/2022/02/28150347/1981.pdf
1981-10-18,1981,7,REG,1981_07_STL_ATL,nfl-mick-luckhurst,Mick Luckhurst,ATL,STL,5,5,2,2,"24,37",https://media.eagles.1rmg.com/wp-content/uploads/2022/02/28150347/1981.pdf
1981-10-18,1981,7,REG,1981_07_TB_OAK,nfl-chris-bahr,Chris Bahr,OAK,TB,1,1,3,4,"51,20,44",https://media.eagles.1rmg.com/wp-content/uploads/2022/02/28150347/1981.pdf
1981-10-18,1981,7,REG,1981_07_WAS_MIA,nfl-uwe-von-schamann,Uwe von Schamann,MIA,WAS,1,1,2,2,"37,25",https://media.eagles.1rmg.com/wp-content/uploads/2022/02/28150347/1981.pdf
1981-10-25,1981,8,REG,1981_08_DEN_BUF,nfl-nick-mike-mayer,Nick Mike-Mayer,BUF,DEN,0,0,3,3,"41,46,36",https://media.eagles.1rmg.com/wp-content/uploads/2022/02/28150347/1981.pdf
1981-10-25,1981,8,REG,1981_08_GB_DET,nfl-jan-stenerud,Jan Stenerud,GB,DET,3,3,2,2,"27,39",https://media.eagles.1rmg.com/wp-content/uploads/2022/02/28150347/1981.pdf
1981-10-26,1981,8,REG,1981_08_HOU_PIT,nfl-david-trout,David Trout,PIT,HOU,2,3,2,2,"19,19",https://media.eagles.1rmg.com/wp-content/uploads/2022/02/28150347/1981.pdf
1981-10-26,1981,8,REG,1981_08_HOU_PIT,nfl-toni-fritsch,Toni Fritsch,HOU,PIT,1,1,2,3,"34,44",https://media.eagles.1rmg.com/wp-content/uploads/2022/02/28150347/1981.pdf
1981-10-25,1981,8,REG,1981_08_LA_SF,nfl-ray-wersching,Ray Wersching,SF,LA,2,2,2,2,"42,18",https://media.eagles.1rmg.com/wp-content/uploads/2022/02/28150347/1981.pdf
1981-10-25,1981,8,REG,1981_08_NE_WAS,nfl-john-smith-2,John Smith,NE,WAS,1,1,3,4,"25,22,46",https://media.eagles.1rmg.com/wp-content/uploads/2022/02/28150347/1981.pdf
1981-10-25,1981,8,REG,1981_08_NYG_ATL,nfl-joe-danelo,Joe Danelo,NYG,ATL,3,3,2,2,"27,40",https://media.eagles.1rmg.com/wp-content/uploads/2022/02/28150347/1981.pdf
1981-10-25,1981,8,REG,1981_08_SD_CHI,nfl-john-roveto,John Roveto,CHI,SD,2,2,2,4,"31,26",https://media.eagles.1rmg.com/wp-content/uploads/2022/02/28150347/1981.pdf
1981-10-25,1981,8,REG,1981_08_TB_PHI,nfl-tony-franklin-2,Tony Franklin,PHI,TB,2,2,2,3,"44,32",https://media.eagles.1rmg.com/wp-content/uploads/2022/02/28150347/1981.pdf
1981-11-01,1981,9,REG,1981_09_ATL_NO,nfl-mick-luckhurst,Mick Luckhurst,ATL,NO,5,5,2,2,"25,22",https://media.eagles.1rmg.com/wp-content/uploads/2022/02/28150347/1981.pdf
1981-11-01,1981,9,REG,1981_09_BAL_MIA,nfl-uwe-von-schamann,Uwe von Schamann,MIA,BAL,3,3,2,2,"41,32",https://media.eagles.1rmg.com/wp-content/uploads/2022/02/28150347/1981.pdf
1981-11-01,1981,9,REG,1981_09_CHI_TB,nfl-bill-capece,Bill Capece,TB,CHI,2,2,2,4,"46,30",https://media.eagles.1rmg.com/wp-content/uploads/2022/02/28150347/1981.pdf
1981-11-01,1981,9,REG,1981_09_DET_LA,nfl-eddie-murray,Eddie Murray,DET,LA,1,1,2,3,"49,45",https://media.eagles.1rmg.com/wp-content/uploads/2022/02/28150347/1981.pdf
1981-11-01,1981,9,REG,1981_09_DET_LA,nfl-frank-corral,Frank Corral,LA,DET,2,2,2,2,"42,31",https://media.eagles.1rmg.com/wp-content/uploads/2022/02/28150347/1981.pdf
1981-11-01,1981,9,REG,1981_09_HOU_CIN,nfl-jim-breech,Jim Breech,CIN,HOU,4,4,2,2,"51,30",https://media.eagles.1rmg.com/wp-content/uploads/2022/02/28150347/1981.pdf
1981-11-01,1981,9,REG,1981_09_KC_SD,nfl-nick-lowery,Nick Lowery,KC,SD,2,2,2,2,"21,32",https://media.eagles.1rmg.com/wp-content/uploads/2022/02/28150347/1981.pdf
1981-11-01,1981,9,REG,1981_09_KC_SD,nfl-rolf-benirschke,Rolf Benirschke,SD,KC,1,2,3,3,"29,19,22",https://media.eagles.1rmg.com/wp-content/uploads/2022/02/28150347/1981.pdf
1981-11-02,1981,9,REG,1981_09_MIN_DEN,nfl-fred-steinfort,Fred Steinfort,DEN,MIN,1,2,2,3,"42,49",https://media.eagles.1rmg.com/wp-content/uploads/2022/02/28150347/1981.pdf
1981-11-01,1981,9,REG,1981_09_NE_OAK,nfl-chris-bahr,Chris Bahr,OAK,NE,3,3,2,3,"51,26",https://media.eagles.1rmg.com/wp-content/uploads/2022/02/28150347/1981.pdf
1981-11-01,1981,9,REG,1981_09_NYJ_NYG,nfl-pat-leahy,Pat Leahy,NYJ,NYG,2,2,4,4,"37,33,42,38",https://media.eagles.1rmg.com/wp-content/uploads/2022/02/28150347/1981.pdf
1981-11-01,1981,9,REG,1981_09_SEA_GB,nfl-jan-stenerud,Jan Stenerud,GB,SEA,4,4,2,2,"19,36",https://media.eagles.1rmg.com/wp-content/uploads/2022/02/28150347/1981.pdf
1981-11-09,1981,10,REG,1981_10_BUF_DAL,nfl-rafael-septien,Rafael Septien,DAL,BUF,3,3,2,2,"47,31",https://media.eagles.1rmg.com/wp-content/uploads/2022/02/28150347/1981.pdf
1981-11-08,1981,10,REG,1981_10_CHI_KC,nfl-john-roveto,John Roveto,CHI,KC,1,1,3,4,"24,23,22",https://media.eagles.1rmg.com/wp-content/uploads/2022/02/28150347/1981.pdf
1981-11-08,1981,10,REG,1981_10_CHI_KC,nfl-nick-lowery,Nick Lowery,KC,CHI,1,1,2,3,"34,33",https://media.eagles.1rmg.com/wp-content/uploads/2022/02/28150347/1981.pdf
1981-11-08,1981,10,REG,1981_10_CIN_SD,nfl-jim-breech,Jim Breech,CIN,SD,4,5,2,2,"43,33",https://media.eagles.1rmg.com/wp-content/uploads/2022/02/28150347/1981.pdf
1981-11-08,1981,10,REG,1981_10_CLE_DEN,nfl-fred-steinfort,Fred Steinfort,DEN,CLE,2,2,3,4,"45,43,30",https://media.eagles.1rmg.com/wp-content/uploads/2022/02/28150347/1981.pdf
1981-11-08,1981,10,REG,1981_10_DET_WAS,nfl-mark-moseley,Mark Moseley,WAS,DET,3,3,4,4,"21,33,28,44",https://media.eagles.1rmg.com/wp-content/uploads/2022/02/28150347/1981.pdf
1981-11-08,1981,10,REG,1981_10_MIA_NE,nfl-john-smith-2,John Smith,NE,MIA,3,3,2,2,"27,34",https://media.eagles.1rmg.com/wp-content/uploads/2022/02/28150347/1981.pdf
1981-11-08,1981,10,REG,1981_10_MIA_NE,nfl-uwe-von-schamann,Uwe von Schamann,MIA,NE,3,3,3,3,"24,26,30",https://media.eagles.1rmg.com/wp-content/uploads/2022/02/28150347/1981.pdf
1981-11-08,1981,10,REG,1981_10_NO_LA,nfl-frank-corral,Frank Corral,LA,NO,1,1,2,2,"44,24",https://media.eagles.1rmg.com/wp-content/uploads/2022/02/28150347/1981.pdf
1981-11-08,1981,10,REG,1981_10_NYG_GB,nfl-jan-stenerud,Jan Stenerud,GB,NYG,2,2,4,4,"32,28,35,23",https://media.eagles.1rmg.com/wp-content/uploads/2022/02/28150347/1981.pdf
1981-11-08,1981,10,REG,1981_10_NYJ_BAL,nfl-pat-leahy,Pat Leahy,NYJ,BAL,5,5,2,2,"25,41",https://media.eagles.1rmg.com/wp-content/uploads/2022/02/28150347/1981.pdf
1981-11-08,1981,10,REG,1981_10_OAK_HOU,nfl-chris-bahr,Chris Bahr,OAK,HOU,1,1,3,5,"29,42,43",https://media.eagles.1rmg.com/wp-content/uploads/2022/02/28150347/1981.pdf
1981-11-08,1981,10,REG,1981_10_TB_MIN,nfl-rick-danmeier,Rick Danmeier,MIN,TB,2,2,3,3,"33,38,41",https://media.eagles.1rmg.com/wp-content/uploads/2022/02/28150347/1981.pdf
1981-11-15,1981,11,REG,1981_11_CLE_SF,nfl-ray-wersching,Ray Wersching,SF,CLE,0,0,4,5,"28,29,28,28",https://media.eagles.1rmg.com/wp-content/uploads/2022/02/28150347/1981.pdf
1981-11-15,1981,11,REG,1981_11_DAL_DET,nfl-eddie-murray,Eddie Murray,DET,DAL,3,3,2,2,"37,47",https://media.eagles.1rmg.com/wp-content/uploads/2022/02/28150347/1981.pdf
1981-11-15,1981,11,REG,1981_11_HOU_KC,nfl-nick-lowery,Nick Lowery,KC,HOU,2,2,3,3,"37,42,38",https://media.eagles.1rmg.com/wp-content/uploads/2022/02/28150347/1981.pdf
1981-11-15,1981,11,REG,1981_11_NO_MIN,nfl-rick-danmeier,Rick Danmeier,MIN,NO,2,2,2,2,"35,19",https://media.eagles.1rmg.com/wp-content/uploads/2022/02/28150347/1981.pdf
1981-11-15,1981,11,REG,1981_11_NYJ_NE,nfl-john-smith-2,John Smith,NE,NYJ,0,0,2,2,"42,29",https://media.eagles.1rmg.com/wp-content/uploads/2022/02/28150347/1981.pdf
1981-11-15,1981,11,REG,1981_11_PIT_ATL,nfl-mick-luckhurst,Mick Luckhurst,ATL,PIT,2,2,2,3,"43,22",https://media.eagles.1rmg.com/wp-content/uploads/2022/02/28150347/1981.pdf
1981-11-16,1981,11,REG,1981_11_SD_SEA,nfl-efren-herrera,Efren Herrera,SEA,SD,5,5,3,3,"25,30,23",https://media.eagles.1rmg.com/wp-content/uploads/2022/02/28150347/1981.pdf
1981-11-15,1981,11,REG,1981_11_WAS_NYG,nfl-mark-moseley,Mark Moseley,WAS,NYG,3,3,3,5,"25,49,48",https://media.eagles.1rmg.com/wp-content/uploads/2022/02/28150347/1981.pdf
1981-11-22,1981,12,REG,1981_12_DET_CHI,nfl-eddie-murray,Eddie Murray,DET,CHI,2,2,3,4,"24,23,49",https://media.eagles.1rmg.com/wp-content/uploads/2022/02/28150347/1981.pdf
1981-11-22,1981,12,REG,1981_12_GB_TB,nfl-bill-capece,Bill Capece,TB,GB,4,4,3,3,"47,33,51",https://media.eagles.1rmg.com/wp-content/uploads/2022/02/28150347/1981.pdf
1981-11-22,1981,12,REG,1981_12_MIA_NYJ,nfl-pat-leahy,Pat Leahy,NYJ,MIA,1,1,3,3,"29,49,45",https://media.eagles.1rmg.com/wp-content/uploads/2022/02/28150347/1981.pdf
1981-11-22,1981,12,REG,1981_12_MIA_NYJ,nfl-uwe-von-schamann,Uwe von Schamann,MIA,NYJ,1,1,2,2,"46,23",https://media.eagles.1rmg.com/wp-content/uploads/2022/02/28150347/1981.pdf
1981-11-22,1981,12,REG,1981_12_NE_BUF,nfl-nick-mike-mayer,Nick Mike-Mayer,BUF,NE,2,2,2,4,"28,23",https://media.eagles.1rmg.com/wp-content/uploads/2022/02/28150347/1981.pdf
1981-11-22,1981,12,REG,1981_12_NO_HOU,nfl-benny-ricardo,Benny Ricardo,NO,HOU,3,3,2,3,"46,42",https://media.eagles.1rmg.com/wp-content/uploads/2022/02/28150347/1981.pdf
1981-11-22,1981,12,REG,1981_12_NYG_PHI,nfl-joe-danelo,Joe Danelo,NYG,PHI,2,2,2,3,"39,30",https://media.eagles.1rmg.com/wp-content/uploads/2022/02/28150347/1981.pdf
1981-11-22,1981,12,REG,1981_12_SEA_KC,nfl-efren-herrera,Efren Herrera,SEA,KC,1,1,2,2,"26,30",https://media.eagles.1rmg.com/wp-content/uploads/2022/02/28150347/1981.pdf
1981-11-22,1981,12,REG,1981_12_SEA_KC,nfl-nick-lowery,Nick Lowery,KC,SEA,4,5,2,2,"37,24",https://media.eagles.1rmg.com/wp-content/uploads/2022/02/28150347/1981.pdf
1981-11-22,1981,12,REG,1981_12_SF_LA,nfl-ray-wersching,Ray Wersching,SF,LA,3,3,4,4,"47,34,32,37",https://media.eagles.1rmg.com/wp-content/uploads/2022/02/28150347/1981.pdf
1981-11-29,1981,13,REG,1981_13_BAL_NYJ,nfl-pat-leahy,Pat Leahy,NYJ,BAL,1,1,4,6,"37,22,27,27",https://media.eagles.1rmg.com/wp-content/uploads/2022/02/28150347/1981.pdf
1981-11-26,1981,13,REG,1981_13_KC_DET,nfl-eddie-murray,Eddie Murray,DET,KC,3,3,2,3,"34,46",https://media.eagles.1rmg.com/wp-content/uploads/2022/02/28150347/1981.pdf
1981-11-30,1981,13,REG,1981_13_PHI_MIA,nfl-uwe-von-schamann,Uwe von Schamann,MIA,PHI,1,1,2,2,"42,27",https://media.eagles.1rmg.com/wp-content/uploads/2022/02/28150347/1981.pdf
1981-12-06,1981,14,REG,1981_14_ATL_TB,nfl-mick-luckhurst,Mick Luckhurst,ATL,TB,2,2,3,4,"38,44,32",https://media.eagles.1rmg.com/wp-content/uploads/2022/02/28150347/1981.pdf
1981-12-06,1981,14,REG,1981_14_BUF_SD,nfl-rolf-benirschke,Rolf Benirschke,SD,BUF,3,3,2,2,"29,27",https://media.eagles.1rmg.com/wp-content/uploads/2022/02/28150347/1981.pdf
1981-12-06,1981,14,REG,1981_14_DAL_BAL,nfl-rafael-septien,Rafael Septien,DAL,BAL,4,4,3,3,"42,35,31",https://media.eagles.1rmg.com/wp-content/uploads/2022/02/28150347/1981.pdf
1981-12-06,1981,14,REG,1981_14_KC_DEN,nfl-nick-lowery,Nick Lowery,KC,DEN,1,1,2,4,"43,45",https://media.eagles.1rmg.com/wp-content/uploads/2022/02/28150347/1981.pdf
1981-12-14,1981,15,REG,1981_15_ATL_LA,nfl-mick-luckhurst,Mick Luckhurst,ATL,LA,1,1,3,3,"45,25,22",https://media.eagles.1rmg.com/wp-content/uploads/2022/02/28150347/1981.pdf
1981-12-13,1981,15,REG,1981_15_NYG_STL,nfl-joe-danelo,Joe Danelo,NYG,STL,2,2,2,3,"27,33",https://media.eagles.1rmg.com/wp-content/uploads/2022/02/28150347/1981.pdf
1981-12-13,1981,15,REG,1981_15_SEA_DEN,nfl-fred-steinfort,Fred Steinfort,DEN,SEA,2,2,3,3,"33,43,24",https://media.eagles.1rmg.com/wp-content/uploads/2022/02/28150347/1981.pdf
1981-12-13,1981,15,REG,1981_15_SEA_DEN,nfl-wilson-alvarez,Wilson Alvarez,SEA,DEN,1,1,2,2,"28,20",https://media.eagles.1rmg.com/wp-content/uploads/2022/02/28150347/1981.pdf
1981-12-19,1981,16,REG,1981_16_BUF_MIA,nfl-nick-mike-mayer,Nick Mike-Mayer,BUF,MIA,0,0,2,3,"31,36",https://media.eagles.1rmg.com/wp-content/uploads/2022/02/28150347/1981.pdf
1981-12-19,1981,16,REG,1981_16_BUF_MIA,nfl-uwe-von-schamann,Uwe von Schamann,MIA,BUF,1,1,3,3,"22,30,33",https://media.eagles.1rmg.com/wp-content/uploads/2022/02/28150347/1981.pdf
1981-12-20,1981,16,REG,1981_16_CIN_ATL,nfl-jim-breech,Jim Breech,CIN,ATL,3,3,3,4,"45,29,20",https://media.eagles.1rmg.com/wp-content/uploads/2022/02/28150347/1981.pdf
1981-12-19,1981,16,REG,1981_16_DAL_NYG,nfl-joe-danelo,Joe Danelo,NYG,DAL,1,1,2,5,"40,35",https://media.eagles.1rmg.com/wp-content/uploads/2022/02/28150347/1981.pdf
1981-12-20,1981,16,REG,1981_16_KC_MIN,nfl-rick-danmeier,Rick Danmeier,MIN,KC,0,0,2,2,"43,33",https://media.eagles.1rmg.com/wp-content/uploads/2022/02/28150347/1981.pdf
1981-12-21,1981,16,REG,1981_16_OAK_SD,nfl-rolf-benirschke,Rolf Benirschke,SD,OAK,2,2,3,3,"24,27,39",https://media.eagles.1rmg.com/wp-content/uploads/2022/02/28150347/1981.pdf
1981-12-20,1981,16,REG,1981_16_PIT_HOU,nfl-david-trout,David Trout,PIT,HOU,2,2,2,2,"40,37",https://media.eagles.1rmg.com/wp-content/uploads/2022/02/28150347/1981.pdf
1981-12-20,1981,16,REG,1981_16_TB_DET,nfl-bill-capece,Bill Capece,TB,DET,2,2,2,2,"40,30",https://media.eagles.1rmg.com/wp-content/uploads/2022/02/28150347/1981.pdf
1970-09-19,1970,1,REG,1970_01_CHI_NYG,nfl-pete-gogolak,Pete Gogolak,NYG,CHI,1,1,3,5,"25,20,45",https://media.eagles.1rmg.com/wp-content/uploads/2022/02/28145216/1970.pdf
1970-09-20,1970,1,REG,1970_01_DET_GB,nfl-errol-mann,Errol Mann,DET,GB,4,4,4,5,"22,14,43,47",https://media.eagles.1rmg.com/wp-content/uploads/2022/02/28145216/1970.pdf
1970-09-20,1970,1,REG,1970_01_KC_MIN,nfl-fred-cox,Fred Cox,MIN,KC,3,3,2,2,"20,40",https://media.eagles.1rmg.com/wp-content/uploads/2022/02/28145216/1970.pdf
1970-09-18,1970,1,REG,1970_01_STL_LA,nfl-david-ray,David Ray,LA,STL,4,4,2,4,"27,11",https://media.eagles.1rmg.com/wp-content/uploads/2022/02/28145216/1970.pdf
1970-09-27,1970,2,REG,1970_02_LA_BUF,nfl-david-ray,David Ray,LA,BUF,1,1,4,6,"21,19,46,21",https://media.eagles.1rmg.com/wp-content/uploads/2022/02/28145216/1970.pdf
1970-10-04,1970,3,REG,1970_03_DAL_STL,nfl-jim-bakken,Jim Bakken,STL,DAL,2,2,2,3,"38,35",https://media.eagles.1rmg.com/wp-content/uploads/2022/02/28145216/1970.pdf
1970-10-04,1970,3,REG,1970_03_KC_DEN,nfl-bobby-howfield,Bobby Howfield,DEN,KC,2,2,4,5,"12,12,47,28",https://media.eagles.1rmg.com/wp-content/uploads/2022/02/28145216/1970.pdf
1970-10-04,1970,3,REG,1970_03_KC_DEN,nfl-jan-stenerud,Jan Stenerud,KC,DEN,1,1,2,2,"55,11",https://media.eagles.1rmg.com/wp-content/uploads/2022/02/28145216/1970.pdf
1970-10-04,1970,3,REG,1970_03_SD_LA,nfl-david-ray,David Ray,LA,SD,4,4,3,4,"27,10,38",https://media.eagles.1rmg.com/wp-content/uploads/2022/02/28145216/1970.pdf
1970-10-04,1970,3,REG,1970_03_SF_ATL,nfl-bruce-gossett,Bruce Gossett,SF,ATL,2,2,2,3,"27,43",https://media.eagles.1rmg.com/wp-content/uploads/2022/02/28145216/1970.pdf
1970-10-11,1970,4,REG,1970_04_CIN_CLE,nfl-horst-muhlmann,Horst Muhlmann,CIN,CLE,3,3,2,3,"50,23",https://media.eagles.1rmg.com/wp-content/uploads/2022/02/28145216/1970.pdf
1970-10-10,1970,4,REG,1970_04_MIA_NYJ,nfl-garo-yepremian,Garo Yepremian,MIA,NYJ,2,2,2,3,"37,11",https://media.eagles.1rmg.com/wp-content/uploads/2022/02/28145216/1970.pdf
1970-10-10,1970,4,REG,1970_04_MIA_NYJ,nfl-jim-turner-2,Jim Turner,NYJ,MIA,0,0,2,3,"17,35",https://media.eagles.1rmg.com/wp-content/uploads/2022/02/28145216/1970.pdf
1970-10-18,1970,5,REG,1970_05_BAL_NYJ,nfl-jim-turner-2,Jim Turner,NYJ,BAL,2,2,2,4,"41,42",https://media.eagles.1rmg.com/wp-content/uploads/2022/02/28145216/1970.pdf
1970-10-18,1970,5,REG,1970_05_KC_CIN,nfl-horst-muhlmann,Horst Muhlmann,CIN,KC,1,1,2,5,"50,42",https://media.eagles.1rmg.com/wp-content/uploads/2022/02/28145216/1970.pdf
1970-10-18,1970,5,REG,1970_05_KC_CIN,nfl-jan-stenerud,Jan Stenerud,KC,CIN,3,3,2,2,"40,24",https://media.eagles.1rmg.com/wp-content/uploads/2022/02/28145216/1970.pdf
1970-10-18,1970,5,REG,1970_05_NYG_NE,nfl-pete-gogolak,Pete Gogolak,NYG,NE,1,1,3,4,"14,18,22",https://media.eagles.1rmg.com/wp-content/uploads/2022/02/28145216/1970.pdf
1970-10-19,1970,5,REG,1970_05_WAS_OAK,nfl-curt-knight,Curt Knight,WAS,OAK,2,2,2,2,"14,34",https://media.eagles.1rmg.com/wp-content/uploads/2022/02/28145216/1970.pdf
1970-10-25,1970,6,REG,1970_06_BUF_NYJ,nfl-jim-turner-2,Jim Turner,NYJ,BUF,0,0,2,3,"29,33",https://media.eagles.1rmg.com/wp-content/uploads/2022/02/28145216/1970.pdf
1970-10-26,1970,6,REG,1970_06_LA_MIN,nfl-fred-cox,Fred Cox,MIN,LA,1,1,2,2,"13,25",https://media.eagles.1rmg.com/wp-content/uploads/2022/02/28145216/1970.pdf
1970-10-25,1970,6,REG,1970_06_NO_ATL,nfl-ken-vinyard,Ken Vinyard,ATL,NO,2,4,2,2,"16,49",https://media.eagles.1rmg.com/wp-content/uploads/2022/02/28145216/1970.pdf
1970-11-01,1970,7,REG,1970_07_WAS_DEN,nfl-curt-knight,Curt Knight,WAS,DEN,1,2,2,4,"37,44",https://media.eagles.1rmg.com/wp-content/uploads/2022/02/28145216/1970.pdf
1970-11-08,1970,8,REG,1970_08_MIN_WAS,nfl-fred-cox,Fred Cox,MIN,WAS,1,1,4,4,"44,17,24,42",https://media.eagles.1rmg.com/wp-content/uploads/2022/02/28145216/1970.pdf
1970-11-15,1970,9,REG,1970_09_NYJ_LA,nfl-david-ray,David Ray,LA,NYJ,2,2,2,3,"19,15",https://media.eagles.1rmg.com/wp-content/uploads/2022/02/28145216/1970.pdf
1970-11-23,1970,10,REG,1970_10_NYG_PHI,nfl-pete-gogolak,Pete Gogolak,NYG,PHI,2,2,2,3,"29,25",https://media.eagles.1rmg.com/wp-content/uploads/2022/02/28145216/1970.pdf
1970-11-29,1970,11,REG,1970_11_CHI_BAL,nfl-mac-percival,Mac Percival,CHI,BAL,2,2,2,5,"28,27",https://media.eagles.1rmg.com/wp-content/uploads/2022/02/28145216/1970.pdf
1970-11-29,1970,11,REG,1970_11_LA_SF,nfl-bruce-gossett,Bruce Gossett,SF,LA,1,1,2,2,"14,44",https://media.eagles.1rmg.com/wp-content/uploads/2022/02/28145216/1970.pdf
1970-11-29,1970,11,REG,1970_11_LA_SF,nfl-david-ray,David Ray,LA,SF,3,3,3,3,"36,9,22",https://media.eagles.1rmg.com/wp-content/uploads/2022/02/28145216/1970.pdf
1970-11-29,1970,11,REG,1970_11_MIN_NYJ,nfl-jim-turner-2,Jim Turner,NYJ,MIN,2,2,2,2,"35,20",https://media.eagles.1rmg.com/wp-content/uploads/2022/02/28145216/1970.pdf
1970-11-29,1970,11,REG,1970_11_NYG_WAS,nfl-pete-gogolak,Pete Gogolak,NYG,WAS,3,3,2,2,"22,20",https://media.eagles.1rmg.com/wp-content/uploads/2022/02/28145216/1970.pdf
1970-12-06,1970,12,REG,1970_12_DEN_KC,nfl-jan-stenerud,Jan Stenerud,KC,DEN,1,1,3,6,"35,14,34",https://media.eagles.1rmg.com/wp-content/uploads/2022/02/28145216/1970.pdf
1970-12-06,1970,12,REG,1970_12_NE_MIA,nfl-garo-yepremian,Garo Yepremian,MIA,NE,4,4,3,3,"15,39,30",https://media.eagles.1rmg.com/wp-content/uploads/2022/02/28145216/1970.pdf
1970-12-06,1970,12,REG,1970_12_WAS_DAL,nfl-mike-clark-2,Mike Clark,DAL,WAS,4,4,2,4,"38,15",https://media.eagles.1rmg.com/wp-content/uploads/2022/02/28145216/1970.pdf
1970-12-12,1970,13,REG,1970_13_KC_OAK,nfl-jan-stenerud,Jan Stenerud,KC,OAK,0,0,2,3,"20,40",https://media.eagles.1rmg.com/wp-content/uploads/2022/02/28145216/1970.pdf
1970-12-13,1970,13,REG,1970_13_NYG_STL,nfl-pete-gogolak,Pete Gogolak,NYG,STL,4,4,2,3,"27,46",https://media.eagles.1rmg.com/wp-content/uploads/2022/02/28145216/1970.pdf
1970-12-13,1970,13,REG,1970_13_NYJ_MIA,nfl-garo-yepremian,Garo Yepremian,MIA,NYJ,1,1,3,3,"40,13,21",https://media.eagles.1rmg.com/wp-content/uploads/2022/02/28145216/1970.pdf
1970-12-20,1970,14,REG,1970_14_GB_DET,nfl-errol-mann,Errol Mann,DET,GB,2,2,2,4,"50,16",https://media.eagles.1rmg.com/wp-content/uploads/2022/02/28145216/1970.pdf
1970-12-19,1970,14,REG,1970_14_NYJ_BAL,nfl-jim-turner-2,Jim Turner,NYJ,BAL,2,2,2,2,"25,29",https://media.eagles.1rmg.com/wp-content/uploads/2022/02/28145216/1970.pdf
1971-09-19,1971,1,REG,1971_01_SF_ATL,nfl-bill-bell,Bill Bell,ATL,SF,2,2,2,3,"23,23",https://media.eagles.1rmg.com/wp-content/uploads/2022/02/28145600/1971.pdf
1971-09-26,1971,2,REG,1971_02_ATL_LA,nfl-bill-bell,Bill Bell,ATL,LA,2,2,2,4,"25,30",https://media.eagles.1rmg.com/wp-content/uploads/2022/02/28145600/1971.pdf
1971-09-26,1971,2,REG,1971_02_ATL_LA,nfl-david-ray,David Ray,LA,ATL,2,2,2,2,"45,47",https://media.eagles.1rmg.com/wp-content/uploads/2022/02/28145600/1971.pdf
1971-09-26,1971,2,REG,1971_02_WAS_NYG,nfl-curt-knight,Curt Knight,WAS,NYG,3,3,3,4,"52,32,18",https://media.eagles.1rmg.com/wp-content/uploads/2022/02/28145600/1971.pdf
1971-10-03,1971,3,REG,1971_03_NO_HOU,nfl-charlie-durkee,Charlie Durkee,NO,HOU,1,1,2,2,"14,37",https://media.eagles.1rmg.com/wp-content/uploads/2022/02/28145600/1971.pdf
1971-10-03,1971,3,REG,1971_03_WAS_DAL,nfl-mike-clark-2,Mike Clark,DAL,WAS,1,1,3,4,"22,9,27",https://media.eagles.1rmg.com/wp-content/uploads/2022/02/28145600/1971.pdf
1971-10-10,1971,4,REG,1971_04_LA_SF,nfl-bruce-gossett,Bruce Gossett,SF,LA,1,1,2,4,"24,33",https://media.eagles.1rmg.com/wp-content/uploads/2022/02/28145600/1971.pdf
1971-10-10,1971,4,REG,1971_04_LA_SF,nfl-david-ray,David Ray,LA,SF,2,2,2,3,"12,14",https://media.eagles.1rmg.com/wp-content/uploads/2022/02/28145600/1971.pdf
1971-10-11,1971,4,REG,1971_04_NYG_DAL,nfl-mike-clark-2,Mike Clark,DAL,NYG,2,2,2,3,"42,41",https://media.eagles.1rmg.com/wp-content/uploads/2022/02/28145600/1971.pdf
1971-10-11,1971,4,REG,1971_04_NYG_DAL,nfl-pete-gogolak,Pete Gogolak,NYG,DAL,1,1,2,2,"35,20",https://media.eagles.1rmg.com/wp-content/uploads/2022/02/28145600/1971.pdf
1971-10-17,1971,5,REG,1971_05_CHI_SF,nfl-bruce-gossett,Bruce Gossett,SF,CHI,1,1,2,3,"9,15",https://media.eagles.1rmg.com/wp-content/uploads/2022/02/28145600/1971.pdf
1971-10-17,1971,5,REG,1971_05_STL_WAS,nfl-curt-knight,Curt Knight,WAS,STL,2,2,2,3,"16,11",https://media.eagles.1rmg.com/wp-content/uploads/2022/02/28145600/1971.pdf
1971-10-24,1971,6,REG,1971_06_MIA_NYJ,nfl-garo-yepremian,Garo Yepremian,MIA,NYJ,3,3,3,3,"25,31,14",https://media.eagles.1rmg.com/wp-content/uploads/2022/02/28145600/1971.pdf
1971-10-24,1971,6,REG,1971_06_NYG_PHI,nfl-happy-feller,Happy Feller,PHI,NYG,2,2,3,5,"20,10,30",https://media.eagles.1rmg.com/wp-content/uploads/2022/02/28145600/1971.pdf
1971-10-31,1971,7,REG,1971_07_MIA_LA,nfl-garo-yepremian,Garo Yepremian,MIA,LA,2,2,2,3,"20,40",https://media.eagles.1rmg.com/wp-content/uploads/2022/02/28145600/1971.pdf
1971-10-31,1971,7,REG,1971_07_NE_SF,nfl-bruce-gossett,Bruce Gossett,SF,NE,3,3,2,3,"35,41",https://media.eagles.1rmg.com/wp-content/uploads/2022/02/28145600/1971.pdf
1971-11-07,1971,8,REG,1971_08_ATL_CIN,nfl-horst-muhlmann,Horst Muhlmann,CIN,ATL,0,0,2,3,"24,51",https://media.eagles.1rmg.com/wp-content/uploads/2022/02/28145600/1971.pdf
1971-11-07,1971,8,REG,1971_08_DET_DEN,nfl-jim-turner-2,Jim Turner,DEN,DET,2,2,2,3,"21,40",https://media.eagles.1rmg.com/wp-content/uploads/2022/02/28145600/1971.pdf
1971-11-07,1971,8,REG,1971_08_SF_MIN,nfl-bruce-gossett,Bruce Gossett,SF,MIN,1,1,2,3,"44,12",https://media.eagles.1rmg.com/wp-content/uploads/2022/02/28145600/1971.pdf
1971-11-07,1971,8,REG,1971_08_SF_MIN,nfl-fred-cox,Fred Cox,MIN,SF,0,0,3,3,"18,16,27",https://media.eagles.1rmg.com/wp-content/uploads/2022/02/28145600/1971.pdf
1971-11-14,1971,9,REG,1971_09_BUF_NE,nfl-john-leypoldt,John Leypoldt,BUF,NE,3,3,4,4,"17,48,17,12",https://media.eagles.1rmg.com/wp-content/uploads/2022/02/28145600/1971.pdf
1971-11-14,1971,9,REG,1971_09_CLE_KC,nfl-jan-stenerud,Jan Stenerud,KC,CLE,1,1,2,2,"14,27",https://media.eagles.1rmg.com/wp-content/uploads/2022/02/28145600/1971.pdf
1971-11-14,1971,9,REG,1971_09_PHI_DAL,nfl-toni-fritsch,Toni Fritsch,DAL,PHI,2,2,2,4,"23,46",https://media.eagles.1rmg.com/wp-content/uploads/2022/02/28145600/1971.pdf
1971-11-15,1971,9,REG,1971_09_STL_SD,nfl-dennis-partee,Dennis Partee,SD,STL,2,2,2,3,"25,45",https://media.eagles.1rmg.com/wp-content/uploads/2022/02/28145600/1971.pdf
1971-11-21,1971,10,REG,1971_10_DAL_WAS,nfl-mike-clark-2,Mike Clark,DAL,WAS,1,1,2,4,"26,48",https://media.eagles.1rmg.com/wp-content/uploads/2022/02/28145600/1971.pdf
1971-11-21,1971,10,REG,1971_10_NYJ_BUF,nfl-bobby-howfield,Bobby Howfield,NYJ,BUF,2,2,2,4,"37,31",https://media.eagles.1rmg.com/wp-content/uploads/2022/02/28145600/1971.pdf
1971-11-21,1971,10,REG,1971_10_SF_LA,nfl-bruce-gossett,Bruce Gossett,SF,LA,0,0,2,2,"20,26",https://media.eagles.1rmg.com/wp-content/uploads/2022/02/28145600/1971.pdf
1971-11-29,1971,11,REG,1971_11_CHI_MIA,nfl-garo-yepremian,Garo Yepremian,MIA,CHI,4,4,2,3,"43,35",https://media.eagles.1rmg.com/wp-content/uploads/2022/02/28145600/1971.pdf
1971-11-28,1971,11,REG,1971_11_DEN_PIT,nfl-jim-turner-2,Jim Turner,DEN,PIT,2,2,2,2,"32,12",https://media.eagles.1rmg.com/wp-content/uploads/2022/02/28145600/1971.pdf
1971-12-05,1971,12,REG,1971_12_CHI_DEN,nfl-jim-turner-2,Jim Turner,DEN,CHI,0,0,2,4,"37,33",https://media.eagles.1rmg.com/wp-content/uploads/2022/02/28145600/1971.pdf
1971-12-06,1971,12,REG,1971_12_KC_SF,nfl-jan-stenerud,Jan Stenerud,KC,SF,2,2,4,6,"15,54,12,8",https://media.eagles.1rmg.com/wp-content/uploads/2022/02/28145600/1971.pdf
1971-12-05,1971,12,REG,1971_12_MIA_NE,nfl-charlie-gogolak,Charlie Gogolak,NE,MIA,4,4,2,2,"37,35",https://media.eagles.1rmg.com/wp-content/uploads/2022/02/28145600/1971.pdf
1971-12-05,1971,12,REG,1971_12_MIA_NE,nfl-garo-yepremian,Garo Yepremian,MIA,NE,1,1,2,2,"26,30",https://media.eagles.1rmg.com/wp-content/uploads/2022/02/28145600/1971.pdf
1971-12-05,1971,12,REG,1971_12_MIN_SD,nfl-dennis-partee,Dennis Partee,SD,MIN,3,3,3,5,"12,43,22",https://media.eagles.1rmg.com/wp-content/uploads/2022/02/28145600/1971.pdf
1971-12-05,1971,12,REG,1971_12_NYG_WAS,nfl-curt-knight,Curt Knight,WAS,NYG,2,2,3,5,"28,25,44",https://media.eagles.1rmg.com/wp-content/uploads/2022/02/28145600/1971.pdf
1971-12-12,1971,13,REG,1971_13_NE_NYJ,nfl-bobby-howfield,Bobby Howfield,NYJ,NE,1,1,2,3,"16,42",https://media.eagles.1rmg.com/wp-content/uploads/2022/02/28145600/1971.pdf
1971-12-12,1971,13,REG,1971_13_NE_NYJ,nfl-charlie-gogolak,Charlie Gogolak,NE,NYJ,0,0,2,2,"34,47",https://media.eagles.1rmg.com/wp-content/uploads/2022/02/28145600/1971.pdf
1971-12-12,1971,13,REG,1971_13_OAK_KC,nfl-jan-stenerud,Jan Stenerud,KC,OAK,1,1,3,4,"33,14,10",https://media.eagles.1rmg.com/wp-content/uploads/2022/02/28145600/1971.pdf
1971-12-12,1971,13,REG,1971_13_STL_PHI,nfl-tom-dempsey,Tom Dempsey,PHI,STL,1,1,4,5,"27,22,54,24",https://media.eagles.1rmg.com/wp-content/uploads/2022/02/28145600/1971.pdf
1971-12-19,1971,14,REG,1971_14_PHI_NYG,nfl-tom-dempsey,Tom Dempsey,PHI,NYG,5,5,2,3,"37,50",https://media.eagles.1rmg.com/wp-content/uploads/2022/02/28145600/1971.pdf
1971-12-18,1971,14,REG,1971_14_STL_DAL,nfl-jim-bakken,Jim Bakken,STL,DAL,0,0,4,6,"33,29,23,35",https://media.eagles.1rmg.com/wp-content/uploads/2022/02/28145600/1971.pdf
1972-09-17,1972,1,REG,1972_01_GB_CLE,nfl-chester-marcol,Chester Marcol,GB,CLE,2,2,4,6,"41,19,49,17",https://media.eagles.1rmg.com/wp-content/uploads/2022/02/28145652/1972.pdf
1972-09-17,1972,1,REG,1972_01_MIA_KC,nfl-garo-yepremian,Garo Yepremian,MIA,KC,2,2,2,5,"47,15",https://media.eagles.1rmg.com/wp-content/uploads/2022/02/28145652/1972.pdf
1972-09-17,1972,1,REG,1972_01_NYG_DET,nfl-errol-mann,Errol Mann,DET,NYG,3,3,3,3,"26,20,38",https://media.eagles.1rmg.com/wp-content/uploads/2022/02/28145652/1972.pdf
1972-09-17,1972,1,REG,1972_01_NYJ_BUF,nfl-bobby-howfield,Bobby Howfield,NYJ,BUF,5,5,2,2,"35,11",https://media.eagles.1rmg.com/wp-content/uploads/2022/02/28145652/1972.pdf
1972-09-17,1972,1,REG,1972_01_OAK_PIT,nfl-roy-gerela,Roy Gerela,PIT,OAK,4,4,2,2,"48,8",https://media.eagles.1rmg.com/wp-content/uploads/2022/02/28145652/1972.pdf
1972-09-17,1972,1,REG,1972_01_PHI_DAL,nfl-tom-dempsey,Tom Dempsey,PHI,DAL,0,0,2,4,"30,42",https://media.eagles.1rmg.com/wp-content/uploads/2022/02/28145652/1972.pdf
1972-09-24,1972,2,REG,1972_02_ATL_NE,nfl-bill-bell,Bill Bell,ATL,NE,2,2,2,4,"38,21",https://media.eagles.1rmg.com/wp-content/uploads/2022/02/28145652/1972.pdf
1972-09-24,1972,2,REG,1972_02_DAL_NYG,nfl-toni-fritsch,Toni Fritsch,DAL,NYG,2,2,3,3,"54,13,8",https://media.eagles.1rmg.com/wp-content/uploads/2022/02/28145652/1972.pdf
1972-09-24,1972,2,REG,1972_02_DEN_SD,nfl-dennis-partee,Dennis Partee,SD,DEN,4,4,2,2,"45,11",https://media.eagles.1rmg.com/wp-content/uploads/2022/02/28145652/1972.pdf
1972-09-25,1972,2,REG,1972_02_KC_NO,nfl-jan-stenerud,Jan Stenerud,KC,NO,2,2,2,2,"12,22",https://media.eagles.1rmg.com/wp-content/uploads/2022/02/28145652/1972.pdf
1972-09-24,1972,2,REG,1972_02_MIN_DET,nfl-fred-cox,Fred Cox,MIN,DET,4,4,2,3,"35,37",https://media.eagles.1rmg.com/wp-content/uploads/2022/02/28145652/1972.pdf
1972-09-24,1972,2,REG,1972_02_PIT_CIN,nfl-horst-muhlmann,Horst Muhlmann,CIN,PIT,0,0,5,5,"41,32,20,32,34",https://media.eagles.1rmg.com/wp-content/uploads/2022/02/28145652/1972.pdf
1972-10-01,1972,3,REG,1972_03_DAL_GB,nfl-chester-marcol,Chester Marcol,GB,DAL,1,1,3,6,"44,26,22",https://media.eagles.1rmg.com/wp-content/uploads/2022/02/28145652/1972.pdf
1972-10-01,1972,3,REG,1972_03_DAL_GB,nfl-toni-fritsch,Toni Fritsch,DAL,GB,1,1,2,2,"46,9",https://media.eagles.1rmg.com/wp-content/uploads/2022/02/28145652/1972.pdf
1972-10-01,1972,3,REG,1972_03_NYJ_HOU,nfl-bobby-howfield,Bobby Howfield,NYJ,HOU,2,2,2,2,"8,32",https://media.eagles.1rmg.com/wp-content/uploads/2022/02/28145652/1972.pdf
1972-10-08,1972,4,REG,1972_04_MIA_NYJ,nfl-garo-yepremian,Garo Yepremian,MIA,NYJ,3,3,2,4,"27,43",https://media.eagles.1rmg.com/wp-content/uploads/2022/02/28145652/1972.pdf
1972-10-08,1972,4,REG,1972_04_SD_BAL,nfl-dennis-partee,Dennis Partee,SD,BAL,2,2,3,3,"51,40,28",https://media.eagles.1rmg.com/wp-content/uploads/2022/02/28145652/1972.pdf
1972-10-15,1972,5,REG,1972_05_BUF_OAK,nfl-john-leypoldt,John Leypoldt,BUF,OAK,1,1,3,4,"32,31,22",https://media.eagles.1rmg.com/wp-content/uploads/2022/02/28145652/1972.pdf
1972-10-15,1972,5,REG,1972_05_LA_PHI,nfl-david-ray,David Ray,LA,PHI,4,4,2,3,"42,16",https://media.eagles.1rmg.com/wp-content/uploads/2022/02/28145652/1972.pdf
1972-10-15,1972,5,REG,1972_05_MIN_DEN,nfl-fred-cox,Fred Cox,MIN,DEN,2,2,3,4,"40,9,30",https://media.eagles.1rmg.com/wp-content/uploads/2022/02/28145652/1972.pdf
1972-10-22,1972,6,REG,1972_06_ATL_GB,nfl-chester-marcol,Chester Marcol,GB,ATL,0,0,3,4,"44,32,35",https://media.eagles.1rmg.com/wp-content/uploads/2022/02/28145652/1972.pdf
1972-10-22,1972,6,REG,1972_06_BUF_MIA,nfl-john-leypoldt,John Leypoldt,BUF,MIA,2,2,3,3,"35,34,45",https://media.eagles.1rmg.com/wp-content/uploads/2022/02/28145652/1972.pdf
1972-10-22,1972,6,REG,1972_06_DEN_OAK,nfl-jim-turner-2,Jim Turner,DEN,OAK,3,3,3,4,"44,8,27",https://media.eagles.1rmg.com/wp-content/uploads/2022/02/28145652/1972.pdf
1972-10-22,1972,6,REG,1972_06_PHI_KC,nfl-jan-stenerud,Jan Stenerud,KC,PHI,2,2,2,2,"31,37",https://media.eagles.1rmg.com/wp-content/uploads/2022/02/28145652/1972.pdf
1972-10-22,1972,6,REG,1972_06_STL_NYG,nfl-pete-gogolak,Pete Gogolak,NYG,STL,3,3,2,3,"16,43",https://media.eagles.1rmg.com/wp-content/uploads/2022/02/28145652/1972.pdf
1972-10-29,1972,7,REG,1972_07_HOU_CIN,nfl-horst-muhlmann,Horst Muhlmann,CIN,HOU,3,3,3,3,"10,42,33",https://media.eagles.1rmg.com/wp-content/uploads/2022/02/28145652/1972.pdf
1972-10-29,1972,7,REG,1972_07_KC_SD,nfl-jan-stenerud,Jan Stenerud,KC,SD,2,2,4,5,"33,50,15,37",https://media.eagles.1rmg.com/wp-content/uploads/2022/02/28145652/1972.pdf
1972-10-29,1972,7,REG,1972_07_WAS_NYG,nfl-pete-gogolak,Pete Gogolak,NYG,WAS,1,1,3,4,"43,14,22",https://media.eagles.1rmg.com/wp-content/uploads/2022/02/28145652/1972.pdf
1972-11-05,1972,8,REG,1972_08_ATL_LA,nfl-david-ray,David Ray,LA,ATL,2,2,2,2,"36,15",https://media.eagles.1rmg.com/wp-content/uploads/2022/02/28145652/1972.pdf
1972-11-05,1972,8,REG,1972_08_OAK_KC,nfl-jan-stenerud,Jan Stenerud,KC,OAK,3,3,2,3,"31,40",https://media.eagles.1rmg.com/wp-content/uploads/2022/02/28145652/1972.pdf
1972-11-05,1972,8,REG,1972_08_SF_GB,nfl-chester-marcol,Chester Marcol,GB,SF,4,4,2,2,"35,40",https://media.eagles.1rmg.com/wp-content/uploads/2022/02/28145652/1972.pdf
1972-11-12,1972,9,REG,1972_09_BUF_NYJ,nfl-bobby-howfield,Bobby Howfield,NYJ,BUF,5,5,2,2,"26,25",https://media.eagles.1rmg.com/wp-content/uploads/2022/02/28145652/1972.pdf
1972-11-12,1972,9,REG,1972_09_DEN_LA,nfl-jim-turner-2,Jim Turner,DEN,LA,1,1,3,4,"38,12,36",https://media.eagles.1rmg.com/wp-content/uploads/2022/02/28145652/1972.pdf
1972-11-12,1972,9,REG,1972_09_DET_MIN,nfl-fred-cox,Fred Cox,MIN,DET,1,1,3,4,"41,18,23",https://media.eagles.1rmg.com/wp-content/uploads/2022/02/28145652/1972.pdf
1972-11-12,1972,9,REG,1972_09_KC_PIT,nfl-roy-gerela,Roy Gerela,PIT,KC,1,1,3,5,"25,10,49",https://media.eagles.1rmg.com/wp-content/uploads/2022/02/28145652/1972.pdf
1972-11-12,1972,9,REG,1972_09_NO_ATL,nfl-bill-bell,Bill Bell,ATL,NO,4,4,2,3,"37,32",https://media.eagles.1rmg.com/wp-content/uploads/2022/02/28145652/1972.pdf
1972-11-12,1972,9,REG,1972_09_NO_ATL,nfl-happy-feller,Happy Feller,NO,ATL,2,2,2,2,"19,25",https://media.eagles.1rmg.com/wp-content/uploads/2022/02/28145652/1972.pdf
1972-11-12,1972,9,REG,1972_09_STL_DAL,nfl-toni-fritsch,Toni Fritsch,DAL,STL,3,3,4,5,"27,14,50,38",https://media.eagles.1rmg.com/wp-content/uploads/2022/02/28145652/1972.pdf
1972-11-20,1972,10,REG,1972_10_ATL_WAS,nfl-bill-bell,Bill Bell,ATL,WAS,1,1,2,3,"33,17",https://media.eagles.1rmg.com/wp-content/uploads/2022/02/28145652/1972.pdf
1972-11-19,1972,10,REG,1972_10_BUF_NE,nfl-john-leypoldt,John Leypoldt,BUF,NE,3,3,2,2,"44,45",https://media.eagles.1rmg.com/wp-content/uploads/2022/02/28145652/1972.pdf
1972-11-19,1972,10,REG,1972_10_NYG_STL,nfl-pete-gogolak,Pete Gogolak,NYG,STL,1,1,2,4,"40,21",https://media.eagles.1rmg.com/wp-content/uploads/2022/02/28145652/1972.pdf
1972-11-26,1972,11,REG,1972_11_GB_WAS,nfl-chester-marcol,Chester Marcol,GB,WAS,1,1,3,4,"51,37,39",https://media.eagles.1rmg.com/wp-content/uploads/2022/02/28145652/1972.pdf
1972-11-26,1972,11,REG,1972_11_LA_NO,nfl-david-ray,David Ray,LA,NO,1,1,3,6,"48,31,24",https://media.eagles.1rmg.com/wp-content/uploads/2022/02/28145652/1972.pdf
1972-11-26,1972,11,REG,1972_11_LA_NO,nfl-happy-feller,Happy Feller,NO,LA,1,2,2,3,"46,33",https://media.eagles.1rmg.com/wp-content/uploads/2022/02/28145652/1972.pdf
1972-11-23,1972,11,REG,1972_11_NYJ_DET,nfl-bobby-howfield,Bobby Howfield,NYJ,DET,2,2,2,5,"13,20",https://media.eagles.1rmg.com/wp-content/uploads/2022/02/28145652/1972.pdf
1972-11-23,1972,11,REG,1972_11_NYJ_DET,nfl-errol-mann,Errol Mann,DET,NYJ,4,4,3,3,"15,21,37",https://media.eagles.1rmg.com/wp-content/uploads/2022/02/28145652/1972.pdf
1972-12-03,1972,12,REG,1972_12_CHI_MIN,nfl-fred-cox,Fred Cox,MIN,CHI,2,2,3,4,"19,24,14",https://media.eagles.1rmg.com/wp-content/uploads/2022/02/28145652/1972.pdf
1972-12-03,1972,12,REG,1972_12_CLE_PIT,nfl-roy-gerela,Roy Gerela,PIT,CLE,3,3,3,3,"36,44,37",https://media.eagles.1rmg.com/wp-content/uploads/2022/02/28145652/1972.pdf
1972-12-03,1972,12,REG,1972_12_DET_GB,nfl-chester-marcol,Chester Marcol,GB,DET,3,3,4,6,"24,42,26,36",https://media.eagles.1rmg.com/wp-content/uploads/2022/02/28145652/1972.pdf
1972-12-04,1972,12,REG,1972_12_LA_SF,nfl-david-ray,David Ray,LA,SF,2,2,4,5,"32,12,19,42",https://media.eagles.1rmg.com/wp-content/uploads/2022/02/28145652/1972.pdf
1972-12-03,1972,12,REG,1972_12_NYG_CIN,nfl-horst-muhlmann,Horst Muhlmann,CIN,NYG,1,1,2,5,"27,18",https://media.eagles.1rmg.com/wp-content/uploads/2022/02/28145652/1972.pdf
1972-12-10,1972,13,REG,1972_13_ATL_SF,nfl-bruce-gossett,Bruce Gossett,SF,ATL,2,2,2,4,"41,19",https://media.eagles.1rmg.com/wp-content/uploads/2022/02/28145652/1972.pdf
1972-12-10,1972,13,REG,1972_13_MIA_NYG,nfl-garo-yepremian,Garo Yepremian,MIA,NYG,2,2,3,4,"37,31,16",https://media.eagles.1rmg.com/wp-content/uploads/2022/02/28145652/1972.pdf
1972-12-09,1972,13,REG,1972_13_WAS_DAL,nfl-toni-fritsch,Toni Fritsch,DAL,WAS,4,4,2,3,"36,26",https://media.eagles.1rmg.com/wp-content/uploads/2022/02/28145652/1972.pdf
1972-12-17,1972,14,REG,1972_14_DET_LA,nfl-errol-mann,Errol Mann,DET,LA,4,4,2,3,"48,37",https://media.eagles.1rmg.com/wp-content/uploads/2022/02/28145652/1972.pdf
1972-12-17,1972,14,REG,1972_14_NYG_DAL,nfl-pete-gogolak,Pete Gogolak,NYG,DAL,2,2,3,4,"49,22,26",https://media.eagles.1rmg.com/wp-content/uploads/2022/02/28145652/1972.pdf
1972-12-17,1972,14,REG,1972_14_PHI_STL,nfl-tom-dempsey,Tom Dempsey,PHI,STL,2,2,3,3,"33,41,38",https://media.eagles.1rmg.com/wp-content/uploads/2022/02/28145652/1972.pdf
1973-09-16,1973,1,REG,1973_01_HOU_NYG,nfl-pete-gogolak,Pete Gogolak,NYG,HOU,4,4,2,4,"44,11",https://media.eagles.1rmg.com/wp-content/uploads/2022/02/28145729/1973.pdf
1973-09-16,1973,1,REG,1973_01_STL_PHI,nfl-jim-bakken,Jim Bakken,STL,PHI,4,4,2,3,"17,20",https://media.eagles.1rmg.com/wp-content/uploads/2022/02/28145729/1973.pdf
1973-09-16,1973,1,REG,1973_01_STL_PHI,nfl-tom-dempsey,Tom Dempsey,PHI,STL,2,2,3,3,"36,44,27",https://media.eagles.1rmg.com/wp-content/uploads/2022/02/28145729/1973.pdf
1973-09-23,1973,2,REG,1973_02_CLE_PIT,nfl-roy-gerela,Roy Gerela,PIT,CLE,3,3,4,4,"12,40,26,44",https://media.eagles.1rmg.com/wp-content/uploads/2022/02/28145729/1973.pdf
1973-09-23,1973,2,REG,1973_02_DET_GB,nfl-chester-marcol,Chester Marcol,GB,DET,1,1,2,4,"30,24",https://media.eagles.1rmg.com/wp-content/uploads/2022/02/28145729/1973.pdf
1973-09-23,1973,2,REG,1973_02_DET_GB,nfl-errol-mann,Errol Mann,DET,GB,1,1,2,3,"15,38",https://media.eagles.1rmg.com/wp-content/uploads/2022/02/28145729/1973.pdf
1973-09-23,1973,2,REG,1973_02_PHI_NYG,nfl-pete-gogolak,Pete Gogolak,NYG,PHI,2,2,3,4,"45,14,14",https://media.eagles.1rmg.com/wp-content/uploads/2022/02/28145729/1973.pdf
1973-09-23,1973,2,REG,1973_02_PHI_NYG,nfl-tom-dempsey,Tom Dempsey,PHI,NYG,2,2,3,4,"30,18,37",https://media.eagles.1rmg.com/wp-content/uploads/2022/02/28145729/1973.pdf
1973-09-23,1973,2,REG,1973_02_SF_DEN,nfl-bruce-gossett,Bruce Gossett,SF,DEN,3,3,5,5,"22,39,14,46,39",https://media.eagles.1rmg.com/wp-content/uploads/2022/02/28145729/1973.pdf
1973-09-23,1973,2,REG,1973_02_SF_DEN,nfl-jim-turner-2,Jim Turner,DEN,SF,4,4,2,2,"34,28",https://media.eagles.1rmg.com/wp-content/uploads/2022/02/28145729/1973.pdf
1973-09-23,1973,2,REG,1973_02_WAS_STL,nfl-curt-knight,Curt Knight,WAS,STL,3,3,2,5,"28,37",https://media.eagles.1rmg.com/wp-content/uploads/2022/02/28145729/1973.pdf
1973-09-23,1973,2,REG,1973_02_WAS_STL,nfl-jim-bakken,Jim Bakken,STL,WAS,4,4,2,2,"23,28",https://media.eagles.1rmg.com/wp-content/uploads/2022/02/28145729/1973.pdf
1973-09-30,1973,3,REG,1973_03_NE_MIA,nfl-garo-yepremian,Garo Yepremian,MIA,NE,5,5,3,3,"40,36,40",https://media.eagles.1rmg.com/wp-content/uploads/2022/02/28145729/1973.pdf
1973-10-07,1973,4,REG,1973_04_BAL_NE,nfl-george-hunt,George Hunt,BAL,NE,1,1,3,3,"38,27,38",https://media.eagles.1rmg.com/wp-content/uploads/2022/02/28145729/1973.pdf
1973-10-07,1973,4,REG,1973_04_CHI_NO,nfl-mirro-roder,Mirro Roder,CHI,NO,1,1,3,4,"17,40,28",https://media.eagles.1rmg.com/wp-content/uploads/2022/02/28145729/1973.pdf
1973-10-07,1973,4,REG,1973_04_GB_NYG,nfl-chester-marcol,Chester Marcol,GB,NYG,1,1,3,5,"20,11,32",https://media.eagles.1rmg.com/wp-content/uploads/2022/02/28145729/1973.pdf
1973-10-07,1973,4,REG,1973_04_MIN_DET,nfl-errol-mann,Errol Mann,DET,MIN,0,0,3,3,"37,15,33",https://media.eagles.1rmg.com/wp-content/uploads/2022/02/28145729/1973.pdf
1973-10-07,1973,4,REG,1973_04_MIN_DET,nfl-fred-cox,Fred Cox,MIN,DET,2,2,3,3,"38,37,27",https://media.eagles.1rmg.com/wp-content/uploads/2022/02/28145729/1973.pdf
1973-10-07,1973,4,REG,1973_04_PHI_BUF,nfl-john-leypoldt,John Leypoldt,BUF,PHI,3,3,2,2,"12,47",https://media.eagles.1rmg.com/wp-content/uploads/2022/02/28145729/1973.pdf
1973-10-07,1973,4,REG,1973_04_PHI_BUF,nfl-tom-dempsey,Tom Dempsey,PHI,BUF,2,2,4,6,"51,22,14,19",https://media.eagles.1rmg.com/wp-content/uploads/2022/02/28145729/1973.pdf
1973-10-07,1973,4,REG,1973_04_SF_ATL,nfl-bruce-gossett,Bruce Gossett,SF,ATL,1,1,2,3,"10,36",https://media.eagles.1rmg.com/wp-content/uploads/2022/02/28145729/1973.pdf
1973-10-07,1973,4,REG,1973_04_SF_ATL,nfl-nick-mike-mayer,Nick Mike-Mayer,ATL,SF,0,0,3,6,"42,46,37",https://media.eagles.1rmg.com/wp-content/uploads/2022/02/28145729/1973.pdf
1973-10-14,1973,5,REG,1973_05_DAL_LA,nfl-david-ray,David Ray,LA,DAL,4,4,3,4,"27,37,35",https://media.eagles.1rmg.com/wp-content/uploads/2022/02/28145729/1973.pdf
1973-10-14,1973,5,REG,1973_05_DEN_HOU,nfl-jim-turner-2,Jim Turner,DEN,HOU,6,6,2,2,"32,12",https://media.eagles.1rmg.com/wp-content/uploads/2022/02/28145729/1973.pdf
1973-10-14,1973,5,REG,1973_05_DET_NO,nfl-errol-mann,Errol Mann,DET,NO,1,1,2,4,"34,29",https://media.eagles.1rmg.com/wp-content/uploads/2022/02/28145729/1973.pdf
1973-10-14,1973,5,REG,1973_05_DET_NO,nfl-happy-feller,Happy Feller,NO,DET,2,2,2,2,"10,18",https://media.eagles.1rmg.com/wp-content/uploads/2022/02/28145729/1973.pdf
1973-10-14,1973,5,REG,1973_05_MIN_SF,nfl-bruce-gossett,Bruce Gossett,SF,MIN,1,1,2,4,"28,41",https://media.eagles.1rmg.com/wp-content/uploads/2022/02/28145729/1973.pdf
1973-10-14,1973,5,REG,1973_05_PHI_STL,nfl-tom-dempsey,Tom Dempsey,PHI,STL,3,3,2,4,"32,23",https://media.eagles.1rmg.com/wp-content/uploads/2022/02/28145729/1973.pdf
1973-10-14,1973,5,REG,1973_05_PIT_CIN,nfl-horst-muhlmann,Horst Muhlmann,CIN,PIT,1,1,4,5,"20,19,20,41",https://media.eagles.1rmg.com/wp-content/uploads/2022/02/28145729/1973.pdf
1973-10-21,1973,6,REG,1973_06_BAL_DET,nfl-george-hunt,George Hunt,BAL,DET,2,2,3,3,"14,20,29",https://media.eagles.1rmg.com/wp-content/uploads/2022/02/28145729/1973.pdf
1973-10-21,1973,6,REG,1973_06_KC_CIN,nfl-jan-stenerud,Jan Stenerud,KC,CIN,0,0,2,2,"42,17",https://media.eagles.1rmg.com/wp-content/uploads/2022/02/28145729/1973.pdf
1973-10-21,1973,6,REG,1973_06_NE_CHI,nfl-jeff-white,Jeff White,NE,CHI,1,1,2,3,"32,11",https://media.eagles.1rmg.com/wp-content/uploads/2022/02/28145729/1973.pdf
1973-10-22,1973,6,REG,1973_06_OAK_DEN,nfl-jim-turner-2,Jim Turner,DEN,OAK,2,2,3,5,"43,37,35",https://media.eagles.1rmg.com/wp-content/uploads/2022/02/28145729/1973.pdf
1973-10-28,1973,7,REG,1973_07_CIN_PIT,nfl-horst-muhlmann,Horst Muhlmann,CIN,PIT,1,1,2,2,"17,41",https://media.eagles.1rmg.com/wp-content/uploads/2022/02/28145729/1973.pdf
1973-10-28,1973,7,REG,1973_07_CIN_PIT,nfl-roy-gerela,Roy Gerela,PIT,CIN,2,2,2,3,"15,18",https://media.eagles.1rmg.com/wp-content/uploads/2022/02/28145729/1973.pdf
1973-10-28,1973,7,REG,1973_07_DEN_NYJ,nfl-jim-turner-2,Jim Turner,DEN,NYJ,4,4,4,4,"21,47,19,33",https://media.eagles.1rmg.com/wp-content/uploads/2022/02/28145729/1973.pdf
1973-10-28,1973,7,REG,1973_07_LA_MIN,nfl-david-ray,David Ray,LA,MIN,0,0,3,5,"30,35,47",https://media.eagles.1rmg.com/wp-content/uploads/2022/02/28145729/1973.pdf
1973-11-04,1973,8,REG,1973_08_LA_ATL,nfl-david-ray,David Ray,LA,ATL,1,1,2,2,"32,42",https://media.eagles.1rmg.com/wp-content/uploads/2022/02/28145729/1973.pdf
1973-11-04,1973,8,REG,1973_08_LA_ATL,nfl-nick-mike-mayer,Nick Mike-Mayer,ATL,LA,0,0,5,5,"28,30,12,26,16",https://media.eagles.1rmg.com/wp-content/uploads/2022/02/28145729/1973.pdf
1973-11-11,1973,9,REG,1973_09_ATL_PHI,nfl-nick-mike-mayer,Nick Mike-Mayer,ATL,PHI,5,5,3,3,"45,8,30",https://media.eagles.1rmg.com/wp-content/uploads/2022/02/28145729/1973.pdf
1973-11-11,1973,9,REG,1973_09_ATL_PHI,nfl-tom-dempsey,Tom Dempsey,PHI,ATL,3,3,2,2,"34,48",https://media.eagles.1rmg.com/wp-content/uploads/2022/02/28145729/1973.pdf
1973-11-11,1973,9,REG,1973_09_CIN_BUF,nfl-horst-muhlmann,Horst Muhlmann,CIN,BUF,1,1,3,5,"35,36,33",https://media.eagles.1rmg.com/wp-content/uploads/2022/02/28145729/1973.pdf
1973-11-11,1973,9,REG,1973_09_CIN_BUF,nfl-john-leypoldt,John Leypoldt,BUF,CIN,1,1,2,2,"21,39",https://media.eagles.1rmg.com/wp-content/uploads/2022/02/28145729/1973.pdf
1973-11-11,1973,9,REG,1973_09_DAL_NYG,nfl-toni-fritsch,Toni Fritsch,DAL,NYG,2,2,3,3,"13,37,17",https://media.eagles.1rmg.com/wp-content/uploads/2022/02/28145729/1973.pdf
1973-11-11,1973,9,REG,1973_09_NO_LA,nfl-david-ray,David Ray,LA,NO,2,3,3,4,"19,11,8",https://media.eagles.1rmg.com/wp-content/uploads/2022/02/28145729/1973.pdf
1973-11-11,1973,9,REG,1973_09_STL_GB,nfl-chester-marcol,Chester Marcol,GB,STL,1,2,4,4,"12,32,24,9",https://media.eagles.1rmg.com/wp-content/uploads/2022/02/28145729/1973.pdf
1973-11-18,1973,10,REG,1973_10_NYJ_CIN,nfl-horst-muhlmann,Horst Muhlmann,CIN,NYJ,2,2,2,2,"16,51",https://media.eagles.1rmg.com/wp-content/uploads/2022/02/28145729/1973.pdf
1973-11-18,1973,10,REG,1973_10_SF_LA,nfl-bruce-gossett,Bruce Gossett,SF,LA,1,1,2,2,"24,17",https://media.eagles.1rmg.com/wp-content/uploads/2022/02/28145729/1973.pdf
1973-11-25,1973,11,REG,1973_11_LA_NO,nfl-bill-mcclard,Bill McClard,NO,LA,1,1,2,3,"37,24",https://media.eagles.1rmg.com/wp-content/uploads/2022/02/28145729/1973.pdf
1973-11-25,1973,11,REG,1973_11_NYG_PHI,nfl-pete-gogolak,Pete Gogolak,NYG,PHI,1,1,3,6,"31,43,15",https://media.eagles.1rmg.com/wp-content/uploads/2022/02/28145729/1973.pdf
1973-11-25,1973,11,REG,1973_11_NYG_PHI,nfl-tom-dempsey,Tom Dempsey,PHI,NYG,2,2,2,3,"51,26",https://media.eagles.1rmg.com/wp-content/uploads/2022/02/28145729/1973.pdf
1973-12-02,1973,12,REG,1973_12_BAL_NYJ,nfl-bobby-howfield,Bobby Howfield,NYJ,BAL,2,2,2,3,"30,18",https://media.eagles.1rmg.com/wp-content/uploads/2022/02/28145729/1973.pdf
1973-12-02,1973,12,REG,1973_12_BUF_ATL,nfl-nick-mike-mayer,Nick Mike-Mayer,ATL,BUF,0,0,2,2,"26,16",https://media.eagles.1rmg.com/wp-content/uploads/2022/02/28145729/1973.pdf
1973-12-02,1973,12,REG,1973_12_CLE_KC,nfl-jan-stenerud,Jan Stenerud,KC,CLE,2,2,2,5,"15,13",https://media.eagles.1rmg.com/wp-content/uploads/2022/02/28145729/1973.pdf
1973-12-02,1973,12,REG,1973_12_DAL_DEN,nfl-toni-fritsch,Toni Fritsch,DAL,DEN,2,2,2,4,"21,18",https://media.eagles.1rmg.com/wp-content/uploads/2022/02/28145729/1973.pdf
1973-12-02,1973,12,REG,1973_12_DET_STL,nfl-errol-mann,Errol Mann,DET,STL,2,2,2,2,"52,36",https://media.eagles.1rmg.com/wp-content/uploads/2022/02/28145729/1973.pdf
1973-12-02,1973,12,REG,1973_12_DET_STL,nfl-jim-bakken,Jim Bakken,STL,DET,1,1,3,4,"43,43,34",https://media.eagles.1rmg.com/wp-content/uploads/2022/02/28145729/1973.pdf
1973-12-02,1973,12,REG,1973_12_LA_CHI,nfl-david-ray,David Ray,LA,CHI,2,2,4,5,"30,16,39,26",https://media.eagles.1rmg.com/wp-content/uploads/2022/02/28145729/1973.pdf
1973-12-02,1973,12,REG,1973_12_NO_GB,nfl-chester-marcol,Chester Marcol,GB,NO,3,3,3,4,"14,39,33",https://media.eagles.1rmg.com/wp-content/uploads/2022/02/28145729/1973.pdf
1973-12-02,1973,12,REG,1973_12_NYG_WAS,nfl-curt-knight,Curt Knight,WAS,NYG,3,3,2,3,"12,17",https://media.eagles.1rmg.com/wp-content/uploads/2022/02/28145729/1973.pdf
1973-12-09,1973,13,REG,1973_13_CLE_CIN,nfl-horst-muhlmann,Horst Muhlmann,CIN,CLE,4,4,2,2,"10,45",https://media.eagles.1rmg.com/wp-content/uploads/2022/02/28145729/1973.pdf
1973-12-09,1973,13,REG,1973_13_HOU_PIT,nfl-roy-gerela,Roy Gerela,PIT,HOU,3,3,4,6,"49,31,20,42",https://media.eagles.1rmg.com/wp-content/uploads/2022/02/28145729/1973.pdf
1973-12-09,1973,13,REG,1973_13_NE_BUF,nfl-jeff-white,Jeff White,NE,BUF,1,1,2,2,"14,12",https://media.eagles.1rmg.com/wp-content/uploads/2022/02/28145729/1973.pdf
1973-12-09,1973,13,REG,1973_13_NE_BUF,nfl-john-leypoldt,John Leypoldt,BUF,NE,4,4,3,3,"34,34,19",https://media.eagles.1rmg.com/wp-content/uploads/2022/02/28145729/1973.pdf
1973-12-10,1973,13,REG,1973_13_NYG_LA,nfl-pete-gogolak,Pete Gogolak,NYG,LA,0,0,2,2,"15,27",https://media.eagles.1rmg.com/wp-content/uploads/2022/02/28145729/1973.pdf
1973-12-09,1973,13,REG,1973_13_STL_ATL,nfl-jim-bakken,Jim Bakken,STL,ATL,2,2,6,7,"35,46,35,31,37,28",https://media.eagles.1rmg.com/wp-content/uploads/2022/02/28145729/1973.pdf
1973-12-09,1973,13,REG,1973_13_WAS_DAL,nfl-toni-fritsch,Toni Fritsch,DAL,WAS,3,3,2,3,"9,27",https://media.eagles.1rmg.com/wp-content/uploads/2022/02/28145729/1973.pdf
1973-12-16,1973,14,REG,1973_14_BUF_NYJ,nfl-john-leypoldt,John Leypoldt,BUF,NYJ,4,4,2,2,"12,11",https://media.eagles.1rmg.com/wp-content/uploads/2022/02/28145729/1973.pdf
1973-12-16,1973,14,REG,1973_14_PHI_WAS,nfl-tom-dempsey,Tom Dempsey,PHI,WAS,2,2,2,3,"44,15",https://media.eagles.1rmg.com/wp-content/uploads/2022/02/28145729/1973.pdf
1974-09-15,1974,1,REG,1974_01_SF_NO,nfl-bill-mcclard,Bill McClard,NO,SF,1,1,2,2,"23,31",https://media.eagles.1rmg.com/wp-content/uploads/2022/02/28145810/1974.pdf
1974-09-23,1974,2,REG,1974_02_DAL_PHI,nfl-tom-dempsey,Tom Dempsey,PHI,DAL,1,1,2,2,"33,45",https://media.eagles.1rmg.com/wp-content/uploads/2022/02/28145810/1974.pdf
1974-09-22,1974,2,REG,1974_02_GB_BAL,nfl-chester-marcol,Chester Marcol,GB,BAL,2,2,2,2,"52,39",https://media.eagles.1rmg.com/wp-content/uploads/2022/02/28145810/1974.pdf
1974-09-22,1974,2,REG,1974_02_GB_BAL,nfl-toni-linhart,Toni Linhart,BAL,GB,1,1,2,3,"37,23",https://media.eagles.1rmg.com/wp-content/uploads/2022/02/28145810/1974.pdf
1974-09-22,1974,2,REG,1974_02_MIN_DET,nfl-errol-mann,Errol Mann,DET,MIN,0,0,2,3,"29,40",https://media.eagles.1rmg.com/wp-content/uploads/2022/02/28145810/1974.pdf
1974-09-29,1974,3,REG,1974_03_ATL_NO,nfl-nick-mike-mayer,Nick Mike-Mayer,ATL,NO,1,1,2,2,"21,27",https://media.eagles.1rmg.com/wp-content/uploads/2022/02/28145810/1974.pdf
1974-09-30,1974,3,REG,1974_03_DEN_WAS,nfl-mark-moseley,Mark Moseley,WAS,DEN,3,3,3,3,"37,22,18",https://media.eagles.1rmg.com/wp-content/uploads/2022/02/28145810/1974.pdf
1974-09-29,1974,3,REG,1974_03_LA_NE,nfl-john-smith-2,John Smith,NE,LA,2,2,2,2,"39,23",https://media.eagles.1rmg.com/wp-content/uploads/2022/02/28145810/1974.pdf
1974-10-13,1974,5,REG,1974_05_BUF_BAL,nfl-john-leypoldt,John Leypoldt,BUF,BAL,3,3,2,4,"28,33",https://media.eagles.1rmg.com/wp-content/uploads/2022/02/28145810/1974.pdf
1974-10-13,1974,5,REG,1974_05_PIT_KC,nfl-roy-gerela,Roy Gerela,PIT,KC,4,4,2,4,"32,45",https://media.eagles.1rmg.com/wp-content/uploads/2022/02/28145810/1974.pdf
1974-10-20,1974,6,REG,1974_06_CLE_PIT,nfl-roy-gerela,Roy Gerela,PIT,CLE,2,2,2,2,"31,26",https://media.eagles.1rmg.com/wp-content/uploads/2022/02/28145810/1974.pdf
1974-10-20,1974,6,REG,1974_06_DET_MIN,nfl-errol-mann,Errol Mann,DET,MIN,2,2,2,3,"36,27",https://media.eagles.1rmg.com/wp-content/uploads/2022/02/28145810/1974.pdf
1974-10-27,1974,7,REG,1974_07_CHI_BUF,nfl-john-leypoldt,John Leypoldt,BUF,CHI,1,1,3,5,"47,25,36",https://media.eagles.1rmg.com/wp-content/uploads/2022/02/28145810/1974.pdf
1974-10-27,1974,7,REG,1974_07_CHI_BUF,nfl-mirro-roder,Mirro Roder,CHI,BUF,0,0,2,2,"42,28",https://media.eagles.1rmg.com/wp-content/uploads/2022/02/28145810/1974.pdf
1974-11-03,1974,8,REG,1974_08_BUF_NE,nfl-john-leypoldt,John Leypoldt,BUF,NE,2,3,3,4,"45,20,47",https://media.eagles.1rmg.com/wp-content/uploads/2022/02/28145810/1974.pdf
1974-11-03,1974,8,REG,1974_08_NO_DET,nfl-errol-mann,Errol Mann,DET,NO,1,1,2,3,"37,35",https://media.eagles.1rmg.com/wp-content/uploads/2022/02/28145810/1974.pdf
1974-11-03,1974,8,REG,1974_08_NYG_KC,nfl-jan-stenerud,Jan Stenerud,KC,NYG,3,3,2,2,"19,42",https://media.eagles.1rmg.com/wp-content/uploads/2022/02/28145810/1974.pdf
1974-11-03,1974,8,REG,1974_08_NYG_KC,nfl-pete-gogolak,Pete Gogolak,NYG,KC,3,4,2,2,"33,35",https://media.eagles.1rmg.com/wp-content/uploads/2022/02/28145810/1974.pdf
1974-11-03,1974,8,REG,1974_08_PHI_PIT,nfl-roy-gerela,Roy Gerela,PIT,PHI,3,3,2,3,"35,28",https://media.eagles.1rmg.com/wp-content/uploads/2022/02/28145810/1974.pdf
1974-11-03,1974,8,REG,1974_08_WAS_GB,nfl-chester-marcol,Chester Marcol,GB,WAS,0,0,2,3,"29,46",https://media.eagles.1rmg.com/wp-content/uploads/2022/02/28145810/1974.pdf
1974-11-10,1974,9,REG,1974_09_DEN_BAL,nfl-toni-linhart,Toni Linhart,BAL,DEN,0,0,2,2,"21,26",https://media.eagles.1rmg.com/wp-content/uploads/2022/02/28145810/1974.pdf
1974-11-10,1974,9,REG,1974_09_DET_OAK,nfl-errol-mann,Errol Mann,DET,OAK,1,1,2,2,"32,35",https://media.eagles.1rmg.com/wp-content/uploads/2022/02/28145810/1974.pdf
1974-11-10,1974,9,REG,1974_09_HOU_BUF,nfl-john-leypoldt,John Leypoldt,BUF,HOU,0,0,3,4,"32,28,22",https://media.eagles.1rmg.com/wp-content/uploads/2022/02/28145810/1974.pdf
1974-11-10,1974,9,REG,1974_09_NYJ_NYG,nfl-pat-leahy,Pat Leahy,NYJ,NYG,2,2,2,3,"34,22",https://media.eagles.1rmg.com/wp-content/uploads/2022/02/28145810/1974.pdf
1974-11-10,1974,9,REG,1974_09_NYJ_NYG,nfl-pete-gogolak,Pete Gogolak,NYG,NYJ,2,2,2,4,"26,22",https://media.eagles.1rmg.com/wp-content/uploads/2022/02/28145810/1974.pdf
1974-11-10,1974,9,REG,1974_09_SF_DAL,nfl-efren-herrera,Efren Herrera,DAL,SF,2,2,2,2,"30,27",https://media.eagles.1rmg.com/wp-content/uploads/2022/02/28145810/1974.pdf
1974-11-18,1974,10,REG,1974_10_KC_DEN,nfl-jan-stenerud,Jan Stenerud,KC,DEN,4,5,2,3,"41,35",https://media.eagles.1rmg.com/wp-content/uploads/2022/02/28145810/1974.pdf
1974-11-17,1974,10,REG,1974_10_LA_NO,nfl-bill-mcclard,Bill McClard,NO,LA,2,2,2,2,"28,51",https://media.eagles.1rmg.com/wp-content/uploads/2022/02/28145810/1974.pdf
1974-11-17,1974,10,REG,1974_10_NYG_DET,nfl-errol-mann,Errol Mann,DET,NYG,2,2,2,2,"35,37",https://media.eagles.1rmg.com/wp-content/uploads/2022/02/28145810/1974.pdf
1974-11-17,1974,10,REG,1974_10_NYG_DET,nfl-pete-gogolak,Pete Gogolak,NYG,DET,1,1,4,5,"42,33,34,40",https://media.eagles.1rmg.com/wp-content/uploads/2022/02/28145810/1974.pdf
1974-11-17,1974,10,REG,1974_10_NYJ_NE,nfl-john-smith-2,John Smith,NE,NYJ,1,1,3,4,"32,44,35",https://media.eagles.1rmg.com/wp-content/uploads/2022/02/28145810/1974.pdf
1974-11-17,1974,10,REG,1974_10_PIT_CLE,nfl-roy-gerela,Roy Gerela,PIT,CLE,2,2,4,5,"32,32,23,22",https://media.eagles.1rmg.com/wp-content/uploads/2022/02/28145810/1974.pdf
1974-11-17,1974,10,REG,1974_10_STL_PHI,nfl-jim-bakken,Jim Bakken,STL,PHI,1,1,2,3,"28,30",https://media.eagles.1rmg.com/wp-content/uploads/2022/02/28145810/1974.pdf
1974-11-24,1974,11,REG,1974_11_CHI_DET,nfl-errol-mann,Errol Mann,DET,CHI,4,4,2,2,"22,32",https://media.eagles.1rmg.com/wp-content/uploads/2022/02/28145810/1974.pdf
1974-11-24,1974,11,REG,1974_11_DEN_OAK,nfl-jim-turner-2,Jim Turner,DEN,OAK,2,2,2,3,"30,33",https://media.eagles.1rmg.com/wp-content/uploads/2022/02/28145810/1974.pdf
1974-11-24,1974,11,REG,1974_11_KC_CIN,nfl-jan-stenerud,Jan Stenerud,KC,CIN,0,0,2,3,"27,47",https://media.eagles.1rmg.com/wp-content/uploads/2022/02/28145810/1974.pdf
1974-11-24,1974,11,REG,1974_11_PHI_WAS,nfl-mark-moseley,Mark Moseley,WAS,PHI,2,3,2,4,"37,38",https://media.eagles.1rmg.com/wp-content/uploads/2022/02/28145810/1974.pdf
1974-11-24,1974,11,REG,1974_11_STL_NYG,nfl-jim-bakken,Jim Bakken,STL,NYG,2,2,3,4,"36,32,36",https://media.eagles.1rmg.com/wp-content/uploads/2022/02/28145810/1974.pdf
1974-12-01,1974,12,REG,1974_12_BAL_BUF,nfl-john-leypoldt,John Leypoldt,BUF,BAL,0,0,2,2,"20,31",https://media.eagles.1rmg.com/wp-content/uploads/2022/02/28145810/1974.pdf
1974-12-01,1974,12,REG,1974_12_HOU_PIT,nfl-skip-butler,Skip Butler,HOU,PIT,1,1,2,2,"42,34",https://media.eagles.1rmg.com/wp-content/uploads/2022/02/28145810/1974.pdf
1974-12-01,1974,12,REG,1974_12_SD_NYJ,nfl-pat-leahy,Pat Leahy,NYJ,SD,3,3,2,3,"20,45",https://media.eagles.1rmg.com/wp-content/uploads/2022/02/28145810/1974.pdf
1974-11-28,1974,12,REG,1974_12_WAS_DAL,nfl-mark-moseley,Mark Moseley,WAS,DAL,2,2,3,5,"45,34,39",https://media.eagles.1rmg.com/wp-content/uploads/2022/02/28145810/1974.pdf
1974-12-08,1974,13,REG,1974_13_DET_CIN,nfl-horst-muhlmann,Horst Muhlmann,CIN,DET,1,1,4,4,"34,40,47,42",https://media.eagles.1rmg.com/wp-content/uploads/2022/02/28145810/1974.pdf
1974-12-08,1974,13,REG,1974_13_MIA_BAL,nfl-toni-linhart,Toni Linhart,BAL,MIA,1,1,3,3,"26,40,20",https://media.eagles.1rmg.com/wp-content/uploads/2022/02/28145810/1974.pdf
1974-12-08,1974,13,REG,1974_13_PIT_NE,nfl-roy-gerela,Roy Gerela,PIT,NE,1,2,2,3,"40,27",https://media.eagles.1rmg.com/wp-content/uploads/2022/02/28145810/1974.pdf
1974-12-14,1974,14,REG,1974_14_CIN_PIT,nfl-roy-gerela,Roy Gerela,PIT,CIN,3,3,2,2,"26,42",https://media.eagles.1rmg.com/wp-content/uploads/2022/02/28145810/1974.pdf
1974-12-14,1974,14,REG,1974_14_MIN_KC,nfl-jan-stenerud,Jan Stenerud,KC,MIN,0,1,3,3,"37,32,29",https://media.eagles.1rmg.com/wp-content/uploads/2022/02/28145810/1974.pdf
1974-12-15,1974,14,REG,1974_14_NE_MIA,nfl-garo-yepremian,Garo Yepremian,MIA,NE,4,4,2,2,"28,40",https://media.eagles.1rmg.com/wp-content/uploads/2022/02/28145810/1974.pdf
1974-12-15,1974,14,REG,1974_14_NE_MIA,nfl-john-smith-2,John Smith,NE,MIA,3,3,2,2,"46,34",https://media.eagles.1rmg.com/wp-content/uploads/2022/02/28145810/1974.pdf
1975-09-21,1975,1,REG,1975_01_KC_DEN,nfl-jan-stenerud,Jan Stenerud,KC,DEN,3,3,4,6,"41,34,45,47",https://media.eagles.1rmg.com/wp-content/uploads/2022/02/28145853/1975.pdf
1975-09-21,1975,1,REG,1975_01_LA_DAL,nfl-toni-fritsch,Toni Fritsch,DAL,LA,0,1,4,6,"25,39,19,31",https://media.eagles.1rmg.com/wp-content/uploads/2022/02/28145853/1975.pdf
1975-09-21,1975,1,REG,1975_01_NO_WAS,nfl-mark-moseley,Mark Moseley,WAS,NO,5,5,2,2,"31,35",https://media.eagles.1rmg.com/wp-content/uploads/2022/02/28145853/1975.pdf
1975-09-21,1975,1,REG,1975_01_SF_MIN,nfl-fred-cox,Fred Cox,MIN,SF,3,3,2,2,"28,29",https://media.eagles.1rmg.com/wp-content/uploads/2022/02/28145853/1975.pdf
1975-09-28,1975,2,REG,1975_02_LA_SF,nfl-tom-dempsey,Tom Dempsey,LA,SF,2,2,3,3,"47,37,51",https://media.eagles.1rmg.com/wp-content/uploads/2022/02/28145853/1975.pdf
1975-09-28,1975,2,REG,1975_02_SD_HOU,nfl-skip-butler,Skip Butler,HOU,SD,3,4,2,4,"29,38",https://media.eagles.1rmg.com/wp-content/uploads/2022/02/28145853/1975.pdf
1975-10-05,1975,3,REG,1975_03_NYG_STL,nfl-jim-bakken,Jim Bakken,STL,NYG,2,3,2,2,"48,28",https://media.eagles.1rmg.com/wp-content/uploads/2022/02/28145853/1975.pdf
1975-10-05,1975,3,REG,1975_03_SF_KC,nfl-steve-mike-mayer,Steve Mike-Mayer,SF,KC,2,2,2,3,"19,29",https://media.eagles.1rmg.com/wp-content/uploads/2022/02/28145853/1975.pdf
1975-10-05,1975,3,REG,1975_03_WAS_PHI,nfl-horst-muhlmann,Horst Muhlmann,PHI,WAS,2,3,2,4,"20,45",https://media.eagles.1rmg.com/wp-content/uploads/2022/02/28145853/1975.pdf
1975-10-12,1975,4,REG,1975_04_DEN_PIT,nfl-roy-gerela,Roy Gerela,PIT,DEN,2,2,2,2,"39,28",https://media.eagles.1rmg.com/wp-content/uploads/2022/02/28145853/1975.pdf
1975-10-12,1975,4,REG,1975_04_GB_NO,nfl-richie-szaro,Richie Szaro,NO,GB,2,2,2,4,"36,20",https://media.eagles.1rmg.com/wp-content/uploads/2022/02/28145853/1975.pdf
1975-10-12,1975,4,REG,1975_04_HOU_CLE,nfl-skip-butler,Skip Butler,HOU,CLE,4,4,4,6,"46,33,25,21",https://media.eagles.1rmg.com/wp-content/uploads/2022/02/28145853/1975.pdf
1975-10-12,1975,4,REG,1975_04_LA_SD,nfl-tom-dempsey,Tom Dempsey,LA,SD,1,1,2,4,"19,22",https://media.eagles.1rmg.com/wp-content/uploads/2022/02/28145853/1975.pdf
1975-10-12,1975,4,REG,1975_04_NYJ_MIN,nfl-fred-cox,Fred Cox,MIN,NYJ,3,3,2,2,"40,36",https://media.eagles.1rmg.com/wp-content/uploads/2022/02/28145853/1975.pdf
1975-10-19,1975,5,REG,1975_05_ATL_LA,nfl-tom-dempsey,Tom Dempsey,LA,ATL,1,2,3,4,"35,25,20",https://media.eagles.1rmg.com/wp-content/uploads/2022/02/28145853/1975.pdf
1975-10-19,1975,5,REG,1975_05_CHI_PIT,nfl-roy-gerela,Roy Gerela,PIT,CHI,4,4,2,2,"37,18",https://media.eagles.1rmg.com/wp-content/uploads/2022/02/28145853/1975.pdf
1975-10-19,1975,5,REG,1975_05_CLE_DEN,nfl-jim-turner-2,Jim Turner,DEN,CLE,1,1,3,3,"25,48,53",https://media.eagles.1rmg.com/wp-content/uploads/2022/02/28145853/1975.pdf
1975-10-19,1975,5,REG,1975_05_DET_MIN,nfl-errol-mann,Errol Mann,DET,MIN,1,2,2,2,"22,42",https://media.eagles.1rmg.com/wp-content/uploads/2022/02/28145853/1975.pdf
1975-10-19,1975,5,REG,1975_05_DET_MIN,nfl-fred-cox,Fred Cox,MIN,DET,2,2,3,3,"35,28,32",https://media.eagles.1rmg.com/wp-content/uploads/2022/02/28145853/1975.pdf
1975-10-19,1975,5,REG,1975_05_GB_DAL,nfl-joe-danelo,Joe Danelo,GB,DAL,1,2,2,2,"24,29",https://media.eagles.1rmg.com/wp-content/uploads/2022/02/28145853/1975.pdf
1975-10-19,1975,5,REG,1975_05_KC_SD,nfl-jan-stenerud,Jan Stenerud,KC,SD,0,1,2,4,"31,27",https://media.eagles.1rmg.com/wp-content/uploads/2022/02/28145853/1975.pdf
1975-10-27,1975,6,REG,1975_06_MIN_CHI,nfl-fred-cox,Fred Cox,MIN,CHI,1,1,2,2,"52,46",https://media.eagles.1rmg.com/wp-content/uploads/2022/02/28145853/1975.pdf
1975-10-26,1975,6,REG,1975_06_PIT_GB,nfl-roy-gerela,Roy Gerela,PIT,GB,1,1,3,4,"19,19,29",https://media.eagles.1rmg.com/wp-content/uploads/2022/02/28145853/1975.pdf
1975-10-25,1975,6,REG,1975_06_STL_NYG,nfl-jim-bakken,Jim Bakken,STL,NYG,2,2,2,2,"37,40",https://media.eagles.1rmg.com/wp-content/uploads/2022/02/28145853/1975.pdf
1975-11-02,1975,7,REG,1975_07_BUF_NYJ,nfl-pat-leahy,Pat Leahy,NYJ,BUF,2,2,3,3,"42,41,31",https://media.eagles.1rmg.com/wp-content/uploads/2022/02/28145853/1975.pdf
1975-11-10,1975,8,REG,1975_08_KC_DAL,nfl-jan-stenerud,Jan Stenerud,KC,DAL,4,4,2,3,"51,44",https://media.eagles.1rmg.com/wp-content/uploads/2022/02/28145853/1975.pdf
1975-11-09,1975,8,REG,1975_08_NE_SD,nfl-john-smith-2,John Smith,NE,SD,3,3,4,4,"38,19,35,46",https://media.eagles.1rmg.com/wp-content/uploads/2022/02/28145853/1975.pdf
1975-11-09,1975,8,REG,1975_08_NE_SD,nfl-ray-wersching,Ray Wersching,SD,NE,1,1,4,5,"41,30,25,37",https://media.eagles.1rmg.com/wp-content/uploads/2022/02/28145853/1975.pdf
1975-11-09,1975,8,REG,1975_08_WAS_NYG,nfl-george-hunt,George Hunt,NYG,WAS,1,1,2,2,"22,22",https://media.eagles.1rmg.com/wp-content/uploads/2022/02/28145853/1975.pdf
1975-11-16,1975,9,REG,1975_09_DEN_SD,nfl-jim-turner-2,Jim Turner,DEN,SD,3,3,2,2,"22,46",https://media.eagles.1rmg.com/wp-content/uploads/2022/02/28145853/1975.pdf
1975-11-16,1975,9,REG,1975_09_LA_ATL,nfl-tom-dempsey,Tom Dempsey,LA,ATL,1,1,3,3,"33,42,17",https://media.eagles.1rmg.com/wp-content/uploads/2022/02/28145853/1975.pdf
1975-11-16,1975,9,REG,1975_09_MIA_HOU,nfl-skip-butler,Skip Butler,HOU,MIA,2,2,2,2,"43,25",https://media.eagles.1rmg.com/wp-content/uploads/2022/02/28145853/1975.pdf
1975-11-16,1975,9,REG,1975_09_NYJ_BAL,nfl-pat-leahy,Pat Leahy,NYJ,BAL,1,2,2,2,"45,36",https://media.eagles.1rmg.com/wp-content/uploads/2022/02/28145853/1975.pdf
1975-11-16,1975,9,REG,1975_09_PHI_NYG,nfl-horst-muhlmann,Horst Muhlmann,PHI,NYG,1,1,2,3,"22,30",https://media.eagles.1rmg.com/wp-content/uploads/2022/02/28145853/1975.pdf
1975-11-16,1975,9,REG,1975_09_WAS_STL,nfl-jim-bakken,Jim Bakken,STL,WAS,2,2,2,4,"20,37",https://media.eagles.1rmg.com/wp-content/uploads/2022/02/28145853/1975.pdf
1975-11-23,1975,10,REG,1975_10_DET_KC,nfl-errol-mann,Errol Mann,DET,KC,1,2,2,2,"37,44",https://media.eagles.1rmg.com/wp-content/uploads/2022/02/28145853/1975.pdf
1975-11-23,1975,10,REG,1975_10_STL_NYJ,nfl-pat-leahy,Pat Leahy,NYJ,STL,0,0,2,3,"47,27",https://media.eagles.1rmg.com/wp-content/uploads/2022/02/28145853/1975.pdf
1975-11-27,1975,11,REG,1975_11_BUF_STL,nfl-john-leypoldt,John Leypoldt,BUF,STL,2,4,2,3,"30,33",https://media.eagles.1rmg.com/wp-content/uploads/2022/02/28145853/1975.pdf
1975-12-01,1975,11,REG,1975_11_NE_MIA,nfl-garo-yepremian,Garo Yepremian,MIA,NE,2,2,2,2,"25,39",https://media.eagles.1rmg.com/wp-content/uploads/2022/02/28145853/1975.pdf
1975-11-30,1975,11,REG,1975_11_SD_DEN,nfl-jim-turner-2,Jim Turner,DEN,SD,1,1,2,3,"22,25",https://media.eagles.1rmg.com/wp-content/uploads/2022/02/28145853/1975.pdf
1975-12-07,1975,12,REG,1975_12_DET_CHI,nfl-bob-thomas,Bob Thomas,CHI,DET,1,3,2,4,"36,41",https://media.eagles.1rmg.com/wp-content/uploads/2022/02/28145853/1975.pdf
1975-12-07,1975,12,REG,1975_12_HOU_SF,nfl-skip-butler,Skip Butler,HOU,SF,3,3,2,3,"27,30",https://media.eagles.1rmg.com/wp-content/uploads/2022/02/28145853/1975.pdf
1975-12-07,1975,12,REG,1975_12_HOU_SF,nfl-steve-mike-mayer,Steve Mike-Mayer,SF,HOU,1,1,2,4,"42,41",https://media.eagles.1rmg.com/wp-content/uploads/2022/02/28145853/1975.pdf
1975-12-07,1975,12,REG,1975_12_NYJ_NE,nfl-pat-leahy,Pat Leahy,NYJ,NE,3,3,3,6,"42,27,44",https://media.eagles.1rmg.com/wp-content/uploads/2022/02/28145853/1975.pdf
1975-12-07,1975,12,REG,1975_12_WAS_ATL,nfl-mark-moseley,Mark Moseley,WAS,ATL,3,3,3,3,"42,34,39",https://media.eagles.1rmg.com/wp-content/uploads/2022/02/28145853/1975.pdf
1975-12-14,1975,13,REG,1975_13_HOU_OAK,nfl-skip-butler,Skip Butler,HOU,OAK,3,3,2,2,"23,47",https://media.eagles.1rmg.com/wp-content/uploads/2022/02/28145853/1975.pdf
1975-12-21,1975,14,REG,1975_14_KC_OAK,nfl-jan-stenerud,Jan Stenerud,KC,OAK,2,2,2,2,"35,29",https://media.eagles.1rmg.com/wp-content/uploads/2022/02/28145853/1975.pdf
1975-12-21,1975,14,REG,1975_14_NE_BAL,nfl-toni-linhart,Toni Linhart,BAL,NE,4,4,2,4,"19,31",https://media.eagles.1rmg.com/wp-content/uploads/2022/02/28145853/1975.pdf
1975-12-21,1975,14,REG,1975_14_PHI_WAS,nfl-horst-muhlmann,Horst Muhlmann,PHI,WAS,2,3,2,3,"25,23",https://media.eagles.1rmg.com/wp-content/uploads/2022/02/28145853/1975.pdf
1976-09-12,1976,1,REG,1976_01_BAL_NE,nfl-john-smith-2,John Smith,NE,BAL,1,1,2,3,"31,27",https://media.eagles.1rmg.com/wp-content/uploads/2022/02/28150027/1976.pdf
1976-09-12,1976,1,REG,1976_01_BAL_NE,nfl-toni-linhart,Toni Linhart,BAL,NE,3,3,2,2,"28,32",https://media.eagles.1rmg.com/wp-content/uploads/2022/02/28150027/1976.pdf
1976-09-12,1976,1,REG,1976_01_MIN_NO,nfl-fred-cox,Fred Cox,MIN,NO,4,5,2,2,"24,35",https://media.eagles.1rmg.com/wp-content/uploads/2022/02/28150027/1976.pdf
1976-09-12,1976,1,REG,1976_01_STL_SEA,nfl-jim-bakken,Jim Bakken,STL,SEA,3,3,3,4,"28,22,26",https://media.eagles.1rmg.com/wp-content/uploads/2022/02/28150027/1976.pdf
1976-09-12,1976,1,REG,1976_01_TB_HOU,nfl-skip-butler,Skip Butler,HOU,TB,2,2,2,3,"33,44",https://media.eagles.1rmg.com/wp-content/uploads/2022/02/28150027/1976.pdf
1976-09-19,1976,2,REG,1976_02_CIN_BAL,nfl-chris-bahr,Chris Bahr,CIN,BAL,3,3,2,2,"26,51",https://media.eagles.1rmg.com/wp-content/uploads/2022/02/28150027/1976.pdf
1976-09-19,1976,2,REG,1976_02_GB_STL,nfl-jim-bakken,Jim Bakken,STL,GB,2,2,5,6,"28,41,32,30,26",https://media.eagles.1rmg.com/wp-content/uploads/2022/02/28150027/1976.pdf
1976-09-19,1976,2,REG,1976_02_HOU_BUF,nfl-skip-butler,Skip Butler,HOU,BUF,1,1,2,3,"54,28",https://media.eagles.1rmg.com/wp-content/uploads/2022/02/28150027/1976.pdf
1976-09-19,1976,2,REG,1976_02_NYG_PHI,nfl-horst-muhlmann,Horst Muhlmann,PHI,NYG,2,2,2,2,"44,38",https://media.eagles.1rmg.com/wp-content/uploads/2022/02/28150027/1976.pdf
1976-09-19,1976,2,REG,1976_02_NYJ_DEN,nfl-jim-turner-2,Jim Turner,DEN,NYJ,4,6,2,2,"20,30",https://media.eagles.1rmg.com/wp-content/uploads/2022/02/28150027/1976.pdf
1976-09-19,1976,2,REG,1976_02_SD_TB,nfl-toni-fritsch,Toni Fritsch,SD,TB,2,2,3,6,"48,48,22",https://media.eagles.1rmg.com/wp-content/uploads/2022/02/28150027/1976.pdf
1976-09-26,1976,3,REG,1976_03_NE_PIT,nfl-john-smith-2,John Smith,NE,PIT,3,3,3,4,"42,40,26",https://media.eagles.1rmg.com/wp-content/uploads/2022/02/28150027/1976.pdf
1976-09-26,1976,3,REG,1976_03_NE_PIT,nfl-roy-gerela,Roy Gerela,PIT,NE,3,3,2,3,"32,41",https://media.eagles.1rmg.com/wp-content/uploads/2022/02/28150027/1976.pdf
1976-09-26,1976,3,REG,1976_03_NO_KC,nfl-richie-szaro,Richie Szaro,NO,KC,3,3,2,3,"26,27",https://media.eagles.1rmg.com/wp-content/uploads/2022/02/28150027/1976.pdf
1976-09-26,1976,3,REG,1976_03_NYJ_MIA,nfl-garo-yepremian,Garo Yepremian,MIA,NYJ,1,1,3,4,"25,26,42",https://media.eagles.1rmg.com/wp-content/uploads/2022/02/28150027/1976.pdf
1976-09-26,1976,3,REG,1976_03_OAK_HOU,nfl-skip-butler,Skip Butler,HOU,OAK,1,1,2,4,"22,40",https://media.eagles.1rmg.com/wp-content/uploads/2022/02/28150027/1976.pdf
1976-09-26,1976,3,REG,1976_03_SF_SEA,nfl-steve-mike-mayer,Steve Mike-Mayer,SF,SEA,4,4,3,3,"45,45,31",https://media.eagles.1rmg.com/wp-content/uploads/2022/02/28150027/1976.pdf
1976-09-27,1976,3,REG,1976_03_WAS_PHI,nfl-mark-moseley,Mark Moseley,WAS,PHI,2,2,2,4,"27,29",https://media.eagles.1rmg.com/wp-content/uploads/2022/02/28150027/1976.pdf
1976-10-03,1976,4,REG,1976_04_HOU_NO,nfl-richie-szaro,Richie Szaro,NO,HOU,2,2,4,4,"20,26,43,26",https://media.eagles.1rmg.com/wp-content/uploads/2022/02/28150027/1976.pdf
1976-10-03,1976,4,REG,1976_04_PHI_ATL,nfl-nick-mike-mayer,Nick Mike-Mayer,ATL,PHI,1,1,2,3,"40,46",https://media.eagles.1rmg.com/wp-content/uploads/2022/02/28150027/1976.pdf
1976-10-03,1976,4,REG,1976_04_SD_DEN,nfl-jim-turner-2,Jim Turner,DEN,SD,2,2,4,5,"47,25,36,27",https://media.eagles.1rmg.com/wp-content/uploads/2022/02/28150027/1976.pdf
1976-10-03,1976,4,REG,1976_04_WAS_CHI,nfl-bob-thomas,Bob Thomas,CHI,WAS,3,3,4,4,"47,34,39,35",https://media.eagles.1rmg.com/wp-content/uploads/2022/02/28150027/1976.pdf
1976-10-10,1976,5,REG,1976_05_CHI_MIN,nfl-fred-cox,Fred Cox,MIN,CHI,2,2,2,2,"29,39",https://media.eagles.1rmg.com/wp-content/uploads/2022/02/28150027/1976.pdf
1976-10-10,1976,5,REG,1976_05_KC_WAS,nfl-jan-stenerud,Jan Stenerud,KC,WAS,3,3,4,6,"37,52,38,45",https://media.eagles.1rmg.com/wp-content/uploads/2022/02/28150027/1976.pdf
1976-10-17,1976,6,REG,1976_06_BAL_BUF,nfl-george-jakowenko,George Jakowenko,BUF,BAL,1,1,2,2,"32,44",https://media.eagles.1rmg.com/wp-content/uploads/2022/02/28150027/1976.pdf
1976-10-17,1976,6,REG,1976_06_HOU_SD,nfl-skip-butler,Skip Butler,HOU,SD,3,3,2,3,"31,36",https://media.eagles.1rmg.com/wp-content/uploads/2022/02/28150027/1976.pdf
1976-10-17,1976,6,REG,1976_06_KC_MIA,nfl-jan-stenerud,Jan Stenerud,KC,MIA,2,2,2,2,"29,34",https://media.eagles.1rmg.com/wp-content/uploads/2022/02/28150027/1976.pdf
1976-10-17,1976,6,REG,1976_06_PHI_GB,nfl-horst-muhlmann,Horst Muhlmann,PHI,GB,1,1,2,2,"26,26",https://media.eagles.1rmg.com/wp-content/uploads/2022/02/28150027/1976.pdf
1976-10-23,1976,7,REG,1976_07_ATL_SF,nfl-steve-mike-mayer,Steve Mike-Mayer,SF,ATL,1,1,2,2,"20,27",https://media.eagles.1rmg.com/wp-content/uploads/2022/02/28150027/1976.pdf
1976-10-24,1976,7,REG,1976_07_DEN_KC,nfl-jan-stenerud,Jan Stenerud,KC,DEN,2,3,2,4,"48,40",https://media.eagles.1rmg.com/wp-content/uploads/2022/02/28150027/1976.pdf
1976-10-24,1976,7,REG,1976_07_MIN_PHI,nfl-horst-muhlmann,Horst Muhlmann,PHI,MIN,0,1,2,3,"19,21",https://media.eagles.1rmg.com/wp-content/uploads/2022/02/28150027/1976.pdf
1976-10-24,1976,7,REG,1976_07_NE_BUF,nfl-john-smith-2,John Smith,NE,BUF,2,2,2,2,"44,32",https://media.eagles.1rmg.com/wp-content/uploads/2022/02/28150027/1976.pdf
1976-10-24,1976,7,REG,1976_07_PIT_NYG,nfl-roy-gerela,Roy Gerela,PIT,NYG,3,3,2,3,"21,28",https://media.eagles.1rmg.com/wp-content/uploads/2022/02/28150027/1976.pdf
1976-10-25,1976,7,REG,1976_07_STL_WAS,nfl-mark-moseley,Mark Moseley,WAS,STL,2,2,2,4,"34,33",https://media.eagles.1rmg.com/wp-content/uploads/2022/02/28150027/1976.pdf
1976-10-31,1976,8,REG,1976_08_GB_DET,nfl-chester-marcol,Chester Marcol,GB,DET,0,0,2,2,"39,37",https://media.eagles.1rmg.com/wp-content/uploads/2022/02/28150027/1976.pdf
1976-10-31,1976,8,REG,1976_08_KC_TB,nfl-jan-stenerud,Jan Stenerud,KC,TB,2,3,2,4,"42,32",https://media.eagles.1rmg.com/wp-content/uploads/2022/02/28150027/1976.pdf
1976-10-31,1976,8,REG,1976_08_MIN_CHI,nfl-fred-cox,Fred Cox,MIN,CHI,1,1,2,2,"24,24",https://media.eagles.1rmg.com/wp-content/uploads/2022/02/28150027/1976.pdf
1976-10-31,1976,8,REG,1976_08_NYJ_BUF,nfl-pat-leahy,Pat Leahy,NYJ,BUF,1,2,2,2,"20,35",https://media.eagles.1rmg.com/wp-content/uploads/2022/02/28150027/1976.pdf
1976-11-07,1976,9,REG,1976_09_ATL_SEA,nfl-nick-mike-mayer,Nick Mike-Mayer,ATL,SEA,1,1,2,4,"18,21",https://media.eagles.1rmg.com/wp-content/uploads/2022/02/28150027/1976.pdf
1976-11-07,1976,9,REG,1976_09_BUF_NE,nfl-john-smith-2,John Smith,NE,BUF,2,2,2,2,"46,33",https://media.eagles.1rmg.com/wp-content/uploads/2022/02/28150027/1976.pdf
1976-11-08,1976,9,REG,1976_09_LA_CIN,nfl-tom-dempsey,Tom Dempsey,LA,CIN,0,1,2,2,"19,23",https://media.eagles.1rmg.com/wp-content/uploads/2022/02/28150027/1976.pdf
1976-11-07,1976,9,REG,1976_09_MIA_NYJ,nfl-garo-yepremian,Garo Yepremian,MIA,NYJ,3,3,2,3,"44,34",https://media.eagles.1rmg.com/wp-content/uploads/2022/02/28150027/1976.pdf
1976-11-14,1976,10,REG,1976_10_GB_CHI,nfl-chester-marcol,Chester Marcol,GB,CHI,1,1,2,3,"19,27",https://media.eagles.1rmg.com/wp-content/uploads/2022/02/28150027/1976.pdf
1976-11-14,1976,10,REG,1976_10_HOU_CIN,nfl-skip-butler,Skip Butler,HOU,CIN,3,3,2,2,"39,29",https://media.eagles.1rmg.com/wp-content/uploads/2022/02/28150027/1976.pdf
1976-11-14,1976,10,REG,1976_10_SEA_MIN,nfl-fred-cox,Fred Cox,MIN,SEA,3,3,2,3,"43,39",https://media.eagles.1rmg.com/wp-content/uploads/2022/02/28150027/1976.pdf
1976-11-14,1976,10,REG,1976_10_WAS_NYG,nfl-joe-danelo,Joe Danelo,NYG,WAS,0,0,4,5,"30,26,39,50",https://media.eagles.1rmg.com/wp-content/uploads/2022/02/28150027/1976.pdf
1976-11-14,1976,10,REG,1976_10_WAS_NYG,nfl-mark-moseley,Mark Moseley,WAS,NYG,0,0,3,6,"41,31,32",https://media.eagles.1rmg.com/wp-content/uploads/2022/02/28150027/1976.pdf
1976-11-21,1976,11,REG,1976_11_HOU_PIT,nfl-roy-gerela,Roy Gerela,PIT,HOU,3,3,3,4,"37,35,18",https://media.eagles.1rmg.com/wp-content/uploads/2022/02/28150027/1976.pdf
1976-11-21,1976,11,REG,1976_11_NO_SEA,nfl-richie-szaro,Richie Szaro,NO,SEA,6,6,3,3,"46,36,21",https://media.eagles.1rmg.com/wp-content/uploads/2022/02/28150027/1976.pdf
1976-11-21,1976,11,REG,1976_11_SD_BUF,nfl-george-jakowenko,George Jakowenko,BUF,SD,1,1,2,2,"29,42",https://media.eagles.1rmg.com/wp-content/uploads/2022/02/28150027/1976.pdf
1976-11-21,1976,11,REG,1976_11_SD_BUF,nfl-ray-wersching,Ray Wersching,SD,BUF,4,4,2,2,"35,45",https://media.eagles.1rmg.com/wp-content/uploads/2022/02/28150027/1976.pdf
1976-11-21,1976,11,REG,1976_11_WAS_STL,nfl-mark-moseley,Mark Moseley,WAS,STL,1,1,3,5,"26,49,44",https://media.eagles.1rmg.com/wp-content/uploads/2022/02/28150027/1976.pdf
1976-11-28,1976,12,REG,1976_12_ATL_HOU,nfl-skip-butler,Skip Butler,HOU,ATL,2,2,2,3,"22,32",https://media.eagles.1rmg.com/wp-content/uploads/2022/02/28150027/1976.pdf
1976-11-28,1976,12,REG,1976_12_CHI_GB,nfl-bob-thomas,Bob Thomas,CHI,GB,1,1,3,3,"40,22,25",https://media.eagles.1rmg.com/wp-content/uploads/2022/02/28150027/1976.pdf
1976-11-28,1976,12,REG,1976_12_KC_SD,nfl-jan-stenerud,Jan Stenerud,KC,SD,2,2,3,3,"40,28,26",https://media.eagles.1rmg.com/wp-content/uploads/2022/02/28150027/1976.pdf
1976-11-29,1976,12,REG,1976_12_MIN_SF,nfl-steve-mike-mayer,Steve Mike-Mayer,SF,MIN,2,2,2,4,"45,38",https://media.eagles.1rmg.com/wp-content/uploads/2022/02/28150027/1976.pdf
1976-11-28,1976,12,REG,1976_12_NYJ_BAL,nfl-toni-linhart,Toni Linhart,BAL,NYJ,3,3,4,6,"34,34,41,31",https://media.eagles.1rmg.com/wp-content/uploads/2022/02/28150027/1976.pdf
1976-12-04,1976,13,REG,1976_13_ATL_LA,nfl-tom-dempsey,Tom Dempsey,LA,ATL,5,8,2,2,"42,29",https://media.eagles.1rmg.com/wp-content/uploads/2022/02/28150027/1976.pdf
1976-12-05,1976,13,REG,1976_13_GB_MIN,nfl-fred-cox,Fred Cox,MIN,GB,2,2,2,2,"34,30",https://media.eagles.1rmg.com/wp-content/uploads/2022/02/28150027/1976.pdf
1976-12-05,1976,13,REG,1976_13_NO_NE,nfl-richie-szaro,Richie Szaro,NO,NE,0,0,2,3,"50,29",https://media.eagles.1rmg.com/wp-content/uploads/2022/02/28150027/1976.pdf
1976-12-05,1976,13,REG,1976_13_WAS_NYJ,nfl-mark-moseley,Mark Moseley,WAS,NYJ,4,4,3,4,"18,23,32",https://media.eagles.1rmg.com/wp-content/uploads/2022/02/28150027/1976.pdf
1976-12-12,1976,14,REG,1976_14_BUF_BAL,nfl-george-jakowenko,George Jakowenko,BUF,BAL,2,2,2,2,"28,34",https://media.eagles.1rmg.com/wp-content/uploads/2022/02/28150027/1976.pdf
1976-12-12,1976,14,REG,1976_14_BUF_BAL,nfl-toni-linhart,Toni Linhart,BAL,BUF,7,7,3,3,"24,22,36",https://media.eagles.1rmg.com/wp-content/uploads/2022/02/28150027/1976.pdf
1976-12-12,1976,14,REG,1976_14_CIN_NYJ,nfl-chris-bahr,Chris Bahr,CIN,NYJ,4,4,4,4,"25,20,33,47",https://media.eagles.1rmg.com/wp-content/uploads/2022/02/28150027/1976.pdf
1976-12-11,1976,14,REG,1976_14_LA_DET,nfl-tom-dempsey,Tom Dempsey,LA,DET,2,2,2,4,"35,32",https://media.eagles.1rmg.com/wp-content/uploads/2022/02/28150027/1976.pdf
1976-12-12,1976,14,REG,1976_14_SF_NO,nfl-steve-mike-mayer,Steve Mike-Mayer,SF,NO,3,3,2,2,"45,23",https://media.eagles.1rmg.com/wp-content/uploads/2022/02/28150027/1976.pdf
1976-12-12,1976,14,REG,1976_14_WAS_DAL,nfl-mark-moseley,Mark Moseley,WAS,DAL,3,3,2,2,"25,27",https://media.eagles.1rmg.com/wp-content/uploads/2022/02/28150027/1976.pdf
1977-09-18,1977,1,REG,1977_01_BAL_SEA,nfl-toni-linhart,Toni Linhart,BAL,SEA,3,3,2,3,"38,42",https://media.eagles.1rmg.com/wp-content/uploads/2022/02/28150108/1977.pdf
1977-09-18,1977,1,REG,1977_01_DET_CHI,nfl-steve-mike-mayer,Steve Mike-Mayer,DET,CHI,2,2,2,2,"35,38",https://media.eagles.1rmg.com/wp-content/uploads/2022/02/28150108/1977.pdf
1977-09-18,1977,1,REG,1977_01_MIA_BUF,nfl-garo-yepremian,Garo Yepremian,MIA,BUF,1,1,2,2,"32,37",https://media.eagles.1rmg.com/wp-content/uploads/2022/02/28150108/1977.pdf
1977-09-19,1977,1,REG,1977_01_SF_PIT,nfl-roy-gerela,Roy Gerela,PIT,SF,3,3,2,2,"49,47",https://media.eagles.1rmg.com/wp-content/uploads/2022/02/28150108/1977.pdf
1977-09-18,1977,1,REG,1977_01_WAS_NYG,nfl-joe-danelo,Joe Danelo,NYG,WAS,2,2,2,2,"22,30",https://media.eagles.1rmg.com/wp-content/uploads/2022/02/28150108/1977.pdf
1977-09-25,1977,2,REG,1977_02_BUF_DEN,nfl-jim-turner-2,Jim Turner,DEN,BUF,2,3,2,2,"48,26",https://media.eagles.1rmg.com/wp-content/uploads/2022/02/28150108/1977.pdf
1977-09-25,1977,2,REG,1977_02_CHI_STL,nfl-bob-thomas,Bob Thomas,CHI,STL,1,1,2,2,"23,29",https://media.eagles.1rmg.com/wp-content/uploads/2022/02/28150108/1977.pdf
1977-09-25,1977,2,REG,1977_02_CHI_STL,nfl-jim-bakken,Jim Bakken,STL,CHI,1,1,3,3,"49,36,41",https://media.eagles.1rmg.com/wp-content/uploads/2022/02/28150108/1977.pdf
1977-09-26,1977,2,REG,1977_02_NE_CLE,nfl-john-smith-2,John Smith,NE,CLE,3,3,2,2,"35,34",https://media.eagles.1rmg.com/wp-content/uploads/2022/02/28150108/1977.pdf
1977-09-25,1977,2,REG,1977_02_OAK_PIT,nfl-errol-mann,Errol Mann,OAK,PIT,1,1,3,4,"21,40,41",https://media.eagles.1rmg.com/wp-content/uploads/2022/02/28150108/1977.pdf
1977-09-25,1977,2,REG,1977_02_PHI_LA,nfl-rafael-septien,Rafael Septien,LA,PHI,2,2,2,3,"20,23",https://media.eagles.1rmg.com/wp-content/uploads/2022/02/28150108/1977.pdf
1977-09-25,1977,2,REG,1977_02_SEA_CIN,nfl-john-leypoldt,John Leypoldt,SEA,CIN,2,2,2,3,"32,42",https://media.eagles.1rmg.com/wp-content/uploads/2022/02/28150108/1977.pdf
1977-10-02,1977,3,REG,1977_03_NE_NYJ,nfl-john-smith-2,John Smith,NE,NYJ,3,3,2,2,"44,24",https://media.eagles.1rmg.com/wp-content/uploads/2022/02/28150108/1977.pdf
1977-10-03,1977,3,REG,1977_03_OAK_KC,nfl-errol-mann,Errol Mann,OAK,KC,4,4,3,3,"42,34,22",https://media.eagles.1rmg.com/wp-content/uploads/2022/02/28150108/1977.pdf
1977-10-02,1977,3,REG,1977_03_SF_LA,nfl-rafael-septien,Rafael Septien,LA,SF,4,4,2,3,"33,24",https://media.eagles.1rmg.com/wp-content/uploads/2022/02/28150108/1977.pdf
1977-10-09,1977,4,REG,1977_04_KC_DEN,nfl-jim-turner-2,Jim Turner,DEN,KC,2,2,3,4,"25,33,33",https://media.eagles.1rmg.com/wp-content/uploads/2022/02/28150108/1977.pdf
1977-10-10,1977,4,REG,1977_04_LA_CHI,nfl-rafael-septien,Rafael Septien,LA,CHI,2,2,3,4,"22,29,24",https://media.eagles.1rmg.com/wp-content/uploads/2022/02/28150108/1977.pdf
1977-10-09,1977,4,REG,1977_04_PIT_HOU,nfl-toni-fritsch,Toni Fritsch,HOU,PIT,3,3,2,3,"27,18",https://media.eagles.1rmg.com/wp-content/uploads/2022/02/28150108/1977.pdf
1977-10-16,1977,5,REG,1977_05_CHI_MIN,nfl-fred-cox,Fred Cox,MIN,CHI,1,1,3,4,"30,38,21",https://media.eagles.1rmg.com/wp-content/uploads/2022/02/28150108/1977.pdf
1977-10-16,1977,5,REG,1977_05_CLE_HOU,nfl-toni-fritsch,Toni Fritsch,HOU,CLE,2,2,3,3,"25,37,36",https://media.eagles.1rmg.com/wp-content/uploads/2022/02/28150108/1977.pdf
1977-10-16,1977,5,REG,1977_05_GB_DET,nfl-chester-marcol,Chester Marcol,GB,DET,0,0,2,2,"21,32",https://media.eagles.1rmg.com/wp-content/uploads/2022/02/28150108/1977.pdf
1977-10-16,1977,5,REG,1977_05_SF_NYG,nfl-joe-danelo,Joe Danelo,NYG,SF,2,2,2,2,"22,22",https://media.eagles.1rmg.com/wp-content/uploads/2022/02/28150108/1977.pdf
1977-10-16,1977,5,REG,1977_05_TB_SEA,nfl-allan-leavitt,Allan Leavitt,TB,SEA,2,2,3,3,"40,37,20",https://media.eagles.1rmg.com/wp-content/uploads/2022/02/28150108/1977.pdf
1977-10-16,1977,5,REG,1977_05_WAS_DAL,nfl-mark-moseley,Mark Moseley,WAS,DAL,1,1,3,3,"25,40,53",https://media.eagles.1rmg.com/wp-content/uploads/2022/02/28150108/1977.pdf
1977-10-23,1977,6,REG,1977_06_ATL_CHI,nfl-nick-mike-mayer,Nick Mike-Mayer,ATL,CHI,1,1,3,5,"32,44,21",https://media.eagles.1rmg.com/wp-content/uploads/2022/02/28150108/1977.pdf
1977-10-23,1977,6,REG,1977_06_KC_SD,nfl-rolf-benirschke,Rolf Benirschke,SD,KC,1,1,3,3,"40,47,24",https://media.eagles.1rmg.com/wp-content/uploads/2022/02/28150108/1977.pdf
1977-10-30,1977,7,REG,1977_07_CHI_GB,nfl-bob-thomas,Bob Thomas,CHI,GB,2,2,2,2,"47,20",https://media.eagles.1rmg.com/wp-content/uploads/2022/02/28150108/1977.pdf
1977-10-30,1977,7,REG,1977_07_HOU_CIN,nfl-chris-bahr,Chris Bahr,CIN,HOU,1,1,2,3,"23,22",https://media.eagles.1rmg.com/wp-content/uploads/2022/02/28150108/1977.pdf
1977-10-30,1977,7,REG,1977_07_LA_NO,nfl-rafael-septien,Rafael Septien,LA,NO,2,2,2,3,"36,27",https://media.eagles.1rmg.com/wp-content/uploads/2022/02/28150108/1977.pdf
1977-10-30,1977,7,REG,1977_07_LA_NO,nfl-richie-szaro,Richie Szaro,NO,LA,3,3,2,4,"23,31",https://media.eagles.1rmg.com/wp-content/uploads/2022/02/28150108/1977.pdf
1977-10-30,1977,7,REG,1977_07_NYJ_NE,nfl-pat-leahy,Pat Leahy,NYJ,NE,1,1,2,3,"36,21",https://media.eagles.1rmg.com/wp-content/uploads/2022/02/28150108/1977.pdf
1977-10-30,1977,7,REG,1977_07_SD_MIA,nfl-garo-yepremian,Garo Yepremian,MIA,SD,1,1,2,2,"52,45",https://media.eagles.1rmg.com/wp-content/uploads/2022/02/28150108/1977.pdf
1977-11-06,1977,8,REG,1977_08_GB_KC,nfl-jan-stenerud,Jan Stenerud,KC,GB,2,2,2,2,"23,22",https://media.eagles.1rmg.com/wp-content/uploads/2022/02/28150108/1977.pdf
1977-11-06,1977,8,REG,1977_08_SEA_OAK,nfl-errol-mann,Errol Mann,OAK,SEA,5,5,3,3,"35,39,37",https://media.eagles.1rmg.com/wp-content/uploads/2022/02/28150108/1977.pdf
1977-11-13,1977,9,REG,1977_09_BAL_BUF,nfl-carson-long,Carson Long,BUF,BAL,1,1,2,4,"26,45",https://media.eagles.1rmg.com/wp-content/uploads/2022/02/28150108/1977.pdf
1977-11-13,1977,9,REG,1977_09_HOU_OAK,nfl-errol-mann,Errol Mann,OAK,HOU,4,4,2,2,"42,25",https://media.eagles.1rmg.com/wp-content/uploads/2022/02/28150108/1977.pdf
1977-11-13,1977,9,REG,1977_09_HOU_OAK,nfl-toni-fritsch,Toni Fritsch,HOU,OAK,2,2,3,3,"28,39,32",https://media.eagles.1rmg.com/wp-content/uploads/2022/02/28150108/1977.pdf
1977-11-13,1977,9,REG,1977_09_KC_CHI,nfl-jan-stenerud,Jan Stenerud,KC,CHI,3,3,2,2,"37,21",https://media.eagles.1rmg.com/wp-content/uploads/2022/02/28150108/1977.pdf
1977-11-20,1977,10,REG,1977_10_LA_SF,nfl-rafael-septien,Rafael Septien,LA,SF,2,2,3,4,"45,25,25",https://media.eagles.1rmg.com/wp-content/uploads/2022/02/28150108/1977.pdf
1977-11-20,1977,10,REG,1977_10_MIA_CIN,nfl-chris-bahr,Chris Bahr,CIN,MIA,2,2,3,3,"44,43,42",https://media.eagles.1rmg.com/wp-content/uploads/2022/02/28150108/1977.pdf
1977-11-20,1977,10,REG,1977_10_NYJ_BAL,nfl-pat-leahy,Pat Leahy,NYJ,BAL,0,1,2,3,"24,22",https://media.eagles.1rmg.com/wp-content/uploads/2022/02/28150108/1977.pdf
1977-11-20,1977,10,REG,1977_10_NYJ_BAL,nfl-toni-linhart,Toni Linhart,BAL,NYJ,3,4,2,3,"30,31",https://media.eagles.1rmg.com/wp-content/uploads/2022/02/28150108/1977.pdf
1977-11-20,1977,10,REG,1977_10_OAK_SD,nfl-rolf-benirschke,Rolf Benirschke,SD,OAK,0,1,2,2,"22,46",https://media.eagles.1rmg.com/wp-content/uploads/2022/02/28150108/1977.pdf
1977-11-27,1977,11,REG,1977_11_BAL_DEN,nfl-toni-linhart,Toni Linhart,BAL,DEN,1,1,2,2,"40,43",https://media.eagles.1rmg.com/wp-content/uploads/2022/02/28150108/1977.pdf
1977-11-27,1977,11,REG,1977_11_MIN_GB,nfl-fred-cox,Fred Cox,MIN,GB,1,1,2,2,"21,31",https://media.eagles.1rmg.com/wp-content/uploads/2022/02/28150108/1977.pdf
1977-11-27,1977,11,REG,1977_11_PIT_NYJ,nfl-pat-leahy,Pat Leahy,NYJ,PIT,2,2,2,2,"33,47",https://media.eagles.1rmg.com/wp-content/uploads/2022/02/28150108/1977.pdf
1977-12-05,1977,12,REG,1977_12_BAL_MIA,nfl-toni-linhart,Toni Linhart,BAL,MIA,0,0,2,2,"32,27",https://media.eagles.1rmg.com/wp-content/uploads/2022/02/28150108/1977.pdf
1977-12-04,1977,12,REG,1977_12_CIN_KC,nfl-chris-bahr,Chris Bahr,CIN,KC,3,3,2,2,"35,20",https://media.eagles.1rmg.com/wp-content/uploads/2022/02/28150108/1977.pdf
1977-12-04,1977,12,REG,1977_12_CLE_SD,nfl-rolf-benirschke,Rolf Benirschke,SD,CLE,4,4,3,3,"35,36,24",https://media.eagles.1rmg.com/wp-content/uploads/2022/02/28150108/1977.pdf
1977-12-04,1977,12,REG,1977_12_NYJ_NO,nfl-pat-leahy,Pat Leahy,NYJ,NO,1,1,3,4,"48,29,27",https://media.eagles.1rmg.com/wp-content/uploads/2022/02/28150108/1977.pdf
1977-12-04,1977,12,REG,1977_12_SF_MIN,nfl-ray-wersching,Ray Wersching,SF,MIN,3,3,2,4,"31,31",https://media.eagles.1rmg.com/wp-content/uploads/2022/02/28150108/1977.pdf
1977-12-11,1977,13,REG,1977_13_DET_BAL,nfl-steve-mike-mayer,Steve Mike-Mayer,DET,BAL,1,1,2,3,"25,37",https://media.eagles.1rmg.com/wp-content/uploads/2022/02/28150108/1977.pdf
1977-12-11,1977,13,REG,1977_13_SD_DEN,nfl-rolf-benirschke,Rolf Benirschke,SD,DEN,0,0,3,3,"46,32,27",https://media.eagles.1rmg.com/wp-content/uploads/2022/02/28150108/1977.pdf
1977-12-18,1977,14,REG,1977_14_CHI_NYG,nfl-bob-thomas,Bob Thomas,CHI,NYG,0,1,2,4,"32,28",https://media.eagles.1rmg.com/wp-content/uploads/2022/02/28150108/1977.pdf
1977-12-18,1977,14,REG,1977_14_CHI_NYG,nfl-joe-danelo,Joe Danelo,NYG,CHI,0,0,3,4,"38,19,27",https://media.eagles.1rmg.com/wp-content/uploads/2022/02/28150108/1977.pdf
1977-12-18,1977,14,REG,1977_14_CIN_HOU,nfl-chris-bahr,Chris Bahr,CIN,HOU,1,1,3,3,"28,27,24",https://media.eagles.1rmg.com/wp-content/uploads/2022/02/28150108/1977.pdf
1977-12-18,1977,14,REG,1977_14_CIN_HOU,nfl-tom-dempsey,Tom Dempsey,HOU,CIN,1,2,2,2,"27,26",https://media.eagles.1rmg.com/wp-content/uploads/2022/02/28150108/1977.pdf
1977-12-18,1977,14,REG,1977_14_DEN_DAL,nfl-jim-turner-2,Jim Turner,DEN,DAL,0,0,2,2,"22,37",https://media.eagles.1rmg.com/wp-content/uploads/2022/02/28150108/1977.pdf
1977-12-18,1977,14,REG,1977_14_KC_OAK,nfl-errol-mann,Errol Mann,OAK,KC,0,2,3,4,"31,19,28",https://media.eagles.1rmg.com/wp-content/uploads/2022/02/28150108/1977.pdf
1978-09-03,1978,1,REG,1978_01_GB_DET,nfl-chester-marcol,Chester Marcol,GB,DET,1,1,2,2,"41,23",https://media.eagles.1rmg.com/wp-content/uploads/2022/02/28150149/1978.pdf
1978-09-03,1978,1,REG,1978_01_HOU_ATL,nfl-fred-steinfort,Fred Steinfort,ATL,HOU,2,2,2,3,"30,48",https://media.eagles.1rmg.com/wp-content/uploads/2022/02/28150149/1978.pdf
1978-09-03,1978,1,REG,1978_01_LA_PHI,nfl-frank-corral,Frank Corral,LA,PHI,1,1,3,4,"29,47,46",https://media.eagles.1rmg.com/wp-content/uploads/2022/02/28150149/1978.pdf
1978-09-03,1978,1,REG,1978_01_MIA_NYJ,nfl-pat-leahy,Pat Leahy,NYJ,MIA,3,3,4,4,"36,22,46,36",https://media.eagles.1rmg.com/wp-content/uploads/2022/02/28150149/1978.pdf
1978-09-03,1978,1,REG,1978_01_OAK_DEN,nfl-errol-mann,Errol Mann,OAK,DEN,0,0,2,2,"33,22",https://media.eagles.1rmg.com/wp-content/uploads/2022/02/28150149/1978.pdf
1978-09-11,1978,2,REG,1978_02_DEN_MIN,nfl-rick-danmeier,Rick Danmeier,MIN,DEN,0,0,4,4,"24,46,21,44",https://media.eagles.1rmg.com/wp-content/uploads/2022/02/28150149/1978.pdf
1978-09-09,1978,2,REG,1978_02_DET_TB,nfl-benny-ricardo,Benny Ricardo,DET,TB,0,1,3,4,"48,47,27",https://media.eagles.1rmg.com/wp-content/uploads/2022/02/28150149/1978.pdf
1978-09-17,1978,3,REG,1978_03_KC_NYG,nfl-joe-danelo,Joe Danelo,NYG,KC,2,3,2,2,"41,40",https://media.eagles.1rmg.com/wp-content/uploads/2022/02/28150149/1978.pdf
1978-09-17,1978,3,REG,1978_03_SF_HOU,nfl-ray-wersching,Ray Wersching,SF,HOU,1,2,2,3,"26,19",https://media.eagles.1rmg.com/wp-content/uploads/2022/02/28150149/1978.pdf
1978-09-17,1978,3,REG,1978_03_SF_HOU,nfl-toni-fritsch,Toni Fritsch,HOU,SF,2,2,2,3,"38,19",https://media.eagles.1rmg.com/wp-content/uploads/2022/02/28150149/1978.pdf
1978-09-24,1978,4,REG,1978_04_CLE_PIT,nfl-roy-gerela,Roy Gerela,PIT,CLE,0,0,3,4,"19,33,36",https://media.eagles.1rmg.com/wp-content/uploads/2022/02/28150149/1978.pdf
1978-09-25,1978,4,REG,1978_04_MIN_CHI,nfl-bob-thomas,Bob Thomas,CHI,MIN,2,2,2,2,"27,32",https://media.eagles.1rmg.com/wp-content/uploads/2022/02/28150149/1978.pdf
1978-10-02,1978,5,REG,1978_05_DAL_WAS,nfl-mark-moseley,Mark Moseley,WAS,DAL,0,0,3,3,"52,42,27",https://media.eagles.1rmg.com/wp-content/uploads/2022/02/28150149/1978.pdf
1978-10-01,1978,5,REG,1978_05_KC_BUF,nfl-jan-stenerud,Jan Stenerud,KC,BUF,1,1,2,3,"42,27",https://media.eagles.1rmg.com/wp-content/uploads/2022/02/28150149/1978.pdf
1978-10-01,1978,5,REG,1978_05_NYG_ATL,nfl-joe-danelo,Joe Danelo,NYG,ATL,2,2,2,4,"23,45",https://media.eagles.1rmg.com/wp-content/uploads/2022/02/28150149/1978.pdf
1978-10-08,1978,6,REG,1978_06_DEN_SD,nfl-rolf-benirschke,Rolf Benirschke,SD,DEN,2,2,3,3,"28,20,24",https://media.eagles.1rmg.com/wp-content/uploads/2022/02/28150149/1978.pdf
1978-10-08,1978,6,REG,1978_06_TB_KC,nfl-jan-stenerud,Jan Stenerud,KC,TB,1,1,2,3,"25,30",https://media.eagles.1rmg.com/wp-content/uploads/2022/02/28150149/1978.pdf
1978-10-08,1978,6,REG,1978_06_WAS_DET,nfl-benny-ricardo,Benny Ricardo,DET,WAS,1,1,4,5,"19,23,31,22",https://media.eagles.1rmg.com/wp-content/uploads/2022/02/28150149/1978.pdf
1978-10-15,1978,7,REG,1978_07_LA_MIN,nfl-frank-corral,Frank Corral,LA,MIN,4,4,2,3,"31,40",https://media.eagles.1rmg.com/wp-content/uploads/2022/02/28150149/1978.pdf
1978-10-15,1978,7,REG,1978_07_NYJ_BAL,nfl-pat-leahy,Pat Leahy,NYJ,BAL,3,3,4,5,"23,19,30,26",https://media.eagles.1rmg.com/wp-content/uploads/2022/02/28150149/1978.pdf
1978-10-22,1978,8,REG,1978_08_OAK_SEA,nfl-efren-herrera,Efren Herrera,SEA,OAK,3,3,2,2,"42,32",https://media.eagles.1rmg.com/wp-content/uploads/2022/02/28150149/1978.pdf
1978-10-22,1978,8,REG,1978_08_STL_NYJ,nfl-pat-leahy,Pat Leahy,NYJ,STL,2,2,3,3,"20,38,45",https://media.eagles.1rmg.com/wp-content/uploads/2022/02/28150149/1978.pdf
1978-10-22,1978,8,REG,1978_08_WAS_NYG,nfl-mark-moseley,Mark Moseley,WAS,NYG,0,0,2,3,"41,35",https://media.eagles.1rmg.com/wp-content/uploads/2022/02/28150149/1978.pdf
1978-10-29,1978,9,REG,1978_09_DEN_SEA,nfl-jim-turner-2,Jim Turner,DEN,SEA,2,2,2,4,"34,18",https://media.eagles.1rmg.com/wp-content/uploads/2022/02/28150149/1978.pdf
1978-10-30,1978,9,REG,1978_09_LA_ATL,nfl-tim-mazzetti,Tim Mazzetti,ATL,LA,0,0,5,5,"21,37,30,26,37",https://media.eagles.1rmg.com/wp-content/uploads/2022/02/28150149/1978.pdf
1978-10-29,1978,9,REG,1978_09_SD_OAK,nfl-rolf-benirschke,Rolf Benirschke,SD,OAK,3,3,2,2,"27,32",https://media.eagles.1rmg.com/wp-content/uploads/2022/02/28150149/1978.pdf
1978-11-05,1978,10,REG,1978_10_CIN_SD,nfl-rolf-benirschke,Rolf Benirschke,SD,CIN,1,2,3,4,"26,20,37",https://media.eagles.1rmg.com/wp-content/uploads/2022/02/28150149/1978.pdf
1978-11-05,1978,10,REG,1978_10_DAL_MIA,nfl-garo-yepremian,Garo Yepremian,MIA,DAL,2,2,3,3,"45,23,33",https://media.eagles.1rmg.com/wp-content/uploads/2022/02/28150149/1978.pdf
1978-11-05,1978,10,REG,1978_10_TB_LA,nfl-frank-corral,Frank Corral,LA,TB,2,2,4,4,"29,27,32,27",https://media.eagles.1rmg.com/wp-content/uploads/2022/02/28150149/1978.pdf
1978-11-12,1978,11,REG,1978_11_HOU_NE,nfl-david-posey,David Posey,NE,HOU,2,2,3,5,"32,34,37",https://media.eagles.1rmg.com/wp-content/uploads/2022/02/28150149/1978.pdf
1978-11-12,1978,11,REG,1978_11_NYG_WAS,nfl-joe-danelo,Joe Danelo,NYG,WAS,1,1,2,3,"32,29",https://media.eagles.1rmg.com/wp-content/uploads/2022/02/28150149/1978.pdf
1978-11-12,1978,11,REG,1978_11_NYG_WAS,nfl-mark-moseley,Mark Moseley,WAS,NYG,1,1,3,4,"47,33,45",https://media.eagles.1rmg.com/wp-content/uploads/2022/02/28150149/1978.pdf
1978-11-12,1978,11,REG,1978_11_TB_DET,nfl-benny-ricardo,Benny Ricardo,DET,TB,4,4,2,2,"38,28",https://media.eagles.1rmg.com/wp-content/uploads/2022/02/28150149/1978.pdf
1978-11-19,1978,12,REG,1978_12_ATL_CHI,nfl-bob-thomas,Bob Thomas,CHI,ATL,1,1,2,3,"32,37",https://media.eagles.1rmg.com/wp-content/uploads/2022/02/28150149/1978.pdf
1978-11-19,1978,12,REG,1978_12_CIN_PIT,nfl-chris-bahr,Chris Bahr,CIN,PIT,0,0,2,3,"29,48",https://media.eagles.1rmg.com/wp-content/uploads/2022/02/28150149/1978.pdf
1978-11-19,1978,12,REG,1978_12_NE_NYJ,nfl-david-posey,David Posey,NE,NYJ,1,2,2,3,"47,24",https://media.eagles.1rmg.com/wp-content/uploads/2022/02/28150149/1978.pdf
1978-11-19,1978,12,REG,1978_12_SEA_KC,nfl-efren-herrera,Efren Herrera,SEA,KC,1,1,2,2,"40,18",https://media.eagles.1rmg.com/wp-content/uploads/2022/02/28150149/1978.pdf
1978-11-26,1978,13,REG,1978_13_LA_CLE,nfl-frank-corral,Frank Corral,LA,CLE,1,1,4,5,"25,46,27,48",https://media.eagles.1rmg.com/wp-content/uploads/2022/02/28150149/1978.pdf
1978-11-26,1978,13,REG,1978_13_NO_ATL,nfl-tim-mazzetti,Tim Mazzetti,ATL,NO,2,2,2,3,"39,28",https://media.eagles.1rmg.com/wp-content/uploads/2022/02/28150149/1978.pdf
1978-11-26,1978,13,REG,1978_13_NYJ_MIA,nfl-garo-yepremian,Garo Yepremian,MIA,NYJ,1,1,2,2,"38,46",https://media.eagles.1rmg.com/wp-content/uploads/2022/02/28150149/1978.pdf
1978-12-03,1978,14,REG,1978_14_DEN_OAK,nfl-errol-mann,Errol Mann,OAK,DEN,0,0,2,3,"27,37",https://media.eagles.1rmg.com/wp-content/uploads/2022/02/28150149/1978.pdf
1978-12-03,1978,14,REG,1978_14_LA_NYG,nfl-frank-corral,Frank Corral,LA,NYG,2,2,2,3,"27,35",https://media.eagles.1rmg.com/wp-content/uploads/2022/02/28150149/1978.pdf
1978-12-03,1978,14,REG,1978_14_MIA_WAS,nfl-garo-yepremian,Garo Yepremian,MIA,WAS,1,1,3,3,"34,35,39",https://media.eagles.1rmg.com/wp-content/uploads/2022/02/28150149/1978.pdf
1978-12-11,1978,15,REG,1978_15_CIN_LA,nfl-chris-bahr,Chris Bahr,CIN,LA,2,2,2,3,"24,42",https://media.eagles.1rmg.com/wp-content/uploads/2022/02/28150149/1978.pdf
1978-12-11,1978,15,REG,1978_15_CIN_LA,nfl-frank-corral,Frank Corral,LA,CIN,1,1,4,4,"37,20,29,17",https://media.eagles.1rmg.com/wp-content/uploads/2022/02/28150149/1978.pdf
1978-12-17,1978,16,REG,1978_16_SF_DET,nfl-benny-ricardo,Benny Ricardo,DET,SF,3,3,4,4,"19,40,31,22",https://media.eagles.1rmg.com/wp-content/uploads/2022/02/28150149/1978.pdf
1979-09-02,1979,1,REG,1979_01_CLE_NYJ,nfl-pat-leahy,Pat Leahy,NYJ,CLE,1,2,3,5,"34,24,21",https://media.eagles.1rmg.com/wp-content/uploads/2022/02/28150229/1979.pdf
1979-09-02,1979,1,REG,1979_01_SD_SEA,nfl-rolf-benirschke,Rolf Benirschke,SD,SEA,3,3,4,4,"31,42,22,23",https://media.eagles.1rmg.com/wp-content/uploads/2022/02/28150229/1979.pdf
1979-09-06,1979,2,REG,1979_02_LA_DEN,nfl-frank-corral,Frank Corral,LA,DEN,1,1,2,3,"30,34",https://media.eagles.1rmg.com/wp-content/uploads/2022/02/28150229/1979.pdf
1979-09-09,1979,2,REG,1979_02_SEA_MIA,nfl-uwe-von-schamann,Uwe von Schamann,MIA,SEA,1,2,2,2,"36,31",https://media.eagles.1rmg.com/wp-content/uploads/2022/02/28150229/1979.pdf
1979-09-09,1979,2,REG,1979_02_TB_BAL,nfl-toni-linhart,Toni Linhart,BAL,TB,2,3,2,3,"24,38",https://media.eagles.1rmg.com/wp-content/uploads/2022/02/28150229/1979.pdf
1979-09-09,1979,2,REG,1979_02_WAS_DET,nfl-mark-moseley,Mark Moseley,WAS,DET,3,3,2,2,"35,41",https://media.eagles.1rmg.com/wp-content/uploads/2022/02/28150229/1979.pdf
1979-09-16,1979,3,REG,1979_03_NE_CIN,nfl-john-smith-2,John Smith,NE,CIN,2,2,2,4,"39,39",https://media.eagles.1rmg.com/wp-content/uploads/2022/02/28150229/1979.pdf
1979-09-17,1979,3,REG,1979_03_NYG_WAS,nfl-mark-moseley,Mark Moseley,WAS,NYG,3,3,2,2,"46,40",https://media.eagles.1rmg.com/wp-content/uploads/2022/02/28150229/1979.pdf
1979-09-16,1979,3,REG,1979_03_PIT_STL,nfl-mike-wood,Mike Wood,STL,PIT,0,0,2,3,"24,27",https://media.eagles.1rmg.com/wp-content/uploads/2022/02/28150229/1979.pdf
1979-09-16,1979,3,REG,1979_03_SF_LA,nfl-frank-corral,Frank Corral,LA,SF,3,3,2,2,"49,43",https://media.eagles.1rmg.com/wp-content/uploads/2022/02/28150229/1979.pdf
1979-09-23,1979,4,REG,1979_04_ATL_DET,nfl-tim-mazzetti,Tim Mazzetti,ATL,DET,2,2,3,4,"24,26,22",https://media.eagles.1rmg.com/wp-content/uploads/2022/02/28150229/1979.pdf
1979-09-23,1979,4,REG,1979_04_PHI_NYG,nfl-joe-danelo,Joe Danelo,NYG,PHI,1,1,2,3,"22,42",https://media.eagles.1rmg.com/wp-content/uploads/2022/02/28150229/1979.pdf
1979-09-30,1979,5,REG,1979_05_KC_SEA,nfl-efren-herrera,Efren Herrera,SEA,KC,0,0,2,3,"38,20",https://media.eagles.1rmg.com/wp-content/uploads/2022/02/28150229/1979.pdf
1979-09-30,1979,5,REG,1979_05_MIA_NYJ,nfl-uwe-von-schamann,Uwe von Schamann,MIA,NYJ,3,3,2,2,"25,37",https://media.eagles.1rmg.com/wp-content/uploads/2022/02/28150229/1979.pdf
1979-09-30,1979,5,REG,1979_05_MIN_DET,nfl-rick-danmeier,Rick Danmeier,MIN,DET,1,1,2,2,"40,31",https://media.eagles.1rmg.com/wp-content/uploads/2022/02/28150229/1979.pdf
1979-09-30,1979,5,REG,1979_05_TB_CHI,nfl-bob-thomas,Bob Thomas,CHI,TB,1,1,2,2,"34,42",https://media.eagles.1rmg.com/wp-content/uploads/2022/02/28150229/1979.pdf
1979-09-30,1979,5,REG,1979_05_WAS_ATL,nfl-mark-moseley,Mark Moseley,WAS,ATL,1,1,3,4,"45,53,37",https://media.eagles.1rmg.com/wp-content/uploads/2022/02/28150229/1979.pdf
1979-10-07,1979,6,REG,1979_06_NYJ_BAL,nfl-pat-leahy,Pat Leahy,NYJ,BAL,0,0,2,2,"18,31",https://media.eagles.1rmg.com/wp-content/uploads/2022/02/28150229/1979.pdf
1979-10-21,1979,8,REG,1979_08_BAL_BUF,nfl-nick-mike-mayer,Nick Mike-Mayer,BUF,BAL,1,1,2,3,"40,37",https://media.eagles.1rmg.com/wp-content/uploads/2022/02/28150229/1979.pdf
1979-10-28,1979,9,REG,1979_09_NYJ_HOU,nfl-toni-fritsch,Toni Fritsch,HOU,NYJ,3,3,2,3,"47,35",https://media.eagles.1rmg.com/wp-content/uploads/2022/02/28150229/1979.pdf
1979-10-28,1979,9,REG,1979_09_PHI_CIN,nfl-chris-bahr,Chris Bahr,CIN,PHI,4,4,3,3,"24,24,43",https://media.eagles.1rmg.com/wp-content/uploads/2022/02/28150229/1979.pdf
1979-10-28,1979,9,REG,1979_09_PHI_CIN,nfl-tony-franklin-2,Tony Franklin,PHI,CIN,1,1,2,2,"50,39",https://media.eagles.1rmg.com/wp-content/uploads/2022/02/28150229/1979.pdf
1979-11-11,1979,11,REG,1979_11_BAL_MIA,nfl-uwe-von-schamann,Uwe von Schamann,MIA,BAL,1,2,2,2,"32,22",https://media.eagles.1rmg.com/wp-content/uploads/2022/02/28150229/1979.pdf
1979-11-11,1979,11,REG,1979_11_LA_CHI,nfl-bob-thomas,Bob Thomas,CHI,LA,3,3,2,2,"38,35",https://media.eagles.1rmg.com/wp-content/uploads/2022/02/28150229/1979.pdf
1979-11-11,1979,11,REG,1979_11_SF_NO,nfl-ray-wersching,Ray Wersching,SF,NO,2,2,2,2,"32,47",https://media.eagles.1rmg.com/wp-content/uploads/2022/02/28150229/1979.pdf
1979-11-18,1979,12,REG,1979_12_STL_PHI,nfl-tony-franklin-2,Tony Franklin,PHI,STL,1,1,3,3,"23,47,31",https://media.eagles.1rmg.com/wp-content/uploads/2022/02/28150229/1979.pdf
1979-11-26,1979,13,REG,1979_13_NYJ_SEA,nfl-efren-herrera,Efren Herrera,SEA,NYJ,3,3,3,3,"49,42,45",https://media.eagles.1rmg.com/wp-content/uploads/2022/02/28150229/1979.pdf
1979-11-25,1979,13,REG,1979_13_STL_CIN,nfl-chris-bahr,Chris Bahr,CIN,STL,4,4,2,3,"38,33",https://media.eagles.1rmg.com/wp-content/uploads/2022/02/28150229/1979.pdf
1979-12-02,1979,14,REG,1979_14_DET_PHI,nfl-tony-franklin-2,Tony Franklin,PHI,DET,5,5,3,4,"33,30,42",https://media.eagles.1rmg.com/wp-content/uploads/2022/02/28150229/1979.pdf
1979-12-02,1979,14,REG,1979_14_SEA_KC,nfl-jan-stenerud,Jan Stenerud,KC,SEA,4,4,3,3,"27,31,22",https://media.eagles.1rmg.com/wp-content/uploads/2022/02/28150229/1979.pdf
1979-12-09,1979,15,REG,1979_15_CLE_OAK,nfl-jim-breech,Jim Breech,OAK,CLE,1,1,4,4,"25,38,23,45",https://media.eagles.1rmg.com/wp-content/uploads/2022/02/28150229/1979.pdf
1979-12-09,1979,15,REG,1979_15_NE_NYJ,nfl-dave-jacobs,Dave Jacobs,NYJ,NE,3,3,2,2,"39,25",https://media.eagles.1rmg.com/wp-content/uploads/2022/02/28150229/1979.pdf
1979-12-10,1979,15,REG,1979_15_PIT_HOU,nfl-toni-fritsch,Toni Fritsch,HOU,PIT,2,2,2,3,"24,34",https://media.eagles.1rmg.com/wp-content/uploads/2022/02/28150229/1979.pdf
1979-12-09,1979,15,REG,1979_15_TB_SF,nfl-ray-wersching,Ray Wersching,SF,TB,2,2,3,3,"39,27,45",https://media.eagles.1rmg.com/wp-content/uploads/2022/02/28150229/1979.pdf
1979-12-16,1979,16,REG,1979_16_MIN_NE,nfl-john-smith-2,John Smith,NE,MIN,3,3,2,2,"42,30",https://media.eagles.1rmg.com/wp-content/uploads/2022/02/28150229/1979.pdf
1979-12-16,1979,16,REG,1979_16_NO_LA,nfl-garo-yepremian,Garo Yepremian,NO,LA,3,3,2,3,"35,24",https://media.eagles.1rmg.com/wp-content/uploads/2022/02/28150229/1979.pdf
1979-12-16,1979,16,REG,1979_16_WAS_DAL,nfl-mark-moseley,Mark Moseley,WAS,DAL,4,4,2,2,"24,24",https://media.eagles.1rmg.com/wp-content/uploads/2022/02/28150229/1979.pdf
1980-09-07,1980,1,REG,1980_01_CHI_GB,nfl-bob-thomas,Bob Thomas,CHI,GB,0,0,2,2,"42,34",https://media.eagles.1rmg.com/wp-content/uploads/2022/02/28150309/1980.pdf
1980-09-07,1980,1,REG,1980_01_CHI_GB,nfl-chester-marcol,Chester Marcol,GB,CHI,0,0,2,3,"41,46",https://media.eagles.1rmg.com/wp-content/uploads/2022/02/28150309/1980.pdf
1980-09-07,1980,1,REG,1980_01_CLE_NE,nfl-john-smith-2,John Smith,NE,CLE,4,4,2,2,"37,35",https://media.eagles.1rmg.com/wp-content/uploads/2022/02/28150309/1980.pdf
1980-09-07,1980,1,REG,1980_01_DEN_PHI,nfl-fred-steinfort,Fred Steinfort,DEN,PHI,0,0,2,2,"44,43",https://media.eagles.1rmg.com/wp-content/uploads/2022/02/28150309/1980.pdf
1980-09-07,1980,1,REG,1980_01_DET_LA,nfl-eddie-murray,Eddie Murray,DET,LA,5,5,2,2,"52,38",https://media.eagles.1rmg.com/wp-content/uploads/2022/02/28150309/1980.pdf
1980-09-07,1980,1,REG,1980_01_NYG_STL,nfl-joe-danelo,Joe Danelo,NYG,STL,5,5,2,3,"28,33",https://media.eagles.1rmg.com/wp-content/uploads/2022/02/28150309/1980.pdf
1980-09-07,1980,1,REG,1980_01_OAK_KC,nfl-chris-bahr,Chris Bahr,OAK,KC,3,3,2,3,"41,39",https://media.eagles.1rmg.com/wp-content/uploads/2022/02/28150309/1980.pdf
1980-09-07,1980,1,REG,1980_01_SD_SEA,nfl-efren-herrera,Efren Herrera,SEA,SD,1,1,2,3,"46,28",https://media.eagles.1rmg.com/wp-content/uploads/2022/02/28150309/1980.pdf
1980-09-07,1980,1,REG,1980_01_SD_SEA,nfl-rolf-benirschke,Rolf Benirschke,SD,SEA,4,4,2,2,"41,29",https://media.eagles.1rmg.com/wp-content/uploads/2022/02/28150309/1980.pdf
1980-09-07,1980,1,REG,1980_01_SF_NO,nfl-ray-wersching,Ray Wersching,SF,NO,2,3,2,2,"37,38",https://media.eagles.1rmg.com/wp-content/uploads/2022/02/28150309/1980.pdf
1980-09-14,1980,2,REG,1980_02_ATL_NE,nfl-tim-mazzetti,Tim Mazzetti,ATL,NE,4,4,3,3,"26,27,39",https://media.eagles.1rmg.com/wp-content/uploads/2022/02/28150309/1980.pdf
1980-09-14,1980,2,REG,1980_02_DAL_DEN,nfl-fred-steinfort,Fred Steinfort,DEN,DAL,5,5,2,2,"46,55",https://media.eagles.1rmg.com/wp-content/uploads/2022/02/28150309/1980.pdf
1980-09-14,1980,2,REG,1980_02_DAL_DEN,nfl-rafael-septien,Rafael Septien,DAL,DEN,2,2,2,2,"30,37",https://media.eagles.1rmg.com/wp-content/uploads/2022/02/28150309/1980.pdf
1980-09-14,1980,2,REG,1980_02_DET_GB,nfl-eddie-murray,Eddie Murray,DET,GB,2,2,5,5,"32,39,43,42,23",https://media.eagles.1rmg.com/wp-content/uploads/2022/02/28150309/1980.pdf
1980-09-15,1980,2,REG,1980_02_HOU_CLE,nfl-toni-fritsch,Toni Fritsch,HOU,CLE,1,1,3,3,"25,29,17",https://media.eagles.1rmg.com/wp-content/uploads/2022/02/28150309/1980.pdf
1980-09-14,1980,2,REG,1980_02_NYJ_BUF,nfl-nick-mike-mayer,Nick Mike-Mayer,BUF,NYJ,2,2,2,3,"47,38",https://media.eagles.1rmg.com/wp-content/uploads/2022/02/28150309/1980.pdf
1980-09-14,1980,2,REG,1980_02_PIT_BAL,nfl-matt-bahr,Matt Bahr,PIT,BAL,2,2,2,2,"25,29",https://media.eagles.1rmg.com/wp-content/uploads/2022/02/28150309/1980.pdf
1980-09-14,1980,2,REG,1980_02_SEA_KC,nfl-nick-lowery,Nick Lowery,KC,SEA,1,1,3,3,"50,23,57",https://media.eagles.1rmg.com/wp-content/uploads/2022/02/28150309/1980.pdf
1980-09-21,1980,3,REG,1980_03_BAL_HOU,nfl-steve-mike-mayer,Steve Mike-Mayer,BAL,HOU,1,1,3,3,"30,23,29",https://media.eagles.1rmg.com/wp-content/uploads/2022/02/28150309/1980.pdf
1980-09-21,1980,3,REG,1980_03_BUF_NO,nfl-benny-ricardo,Benny Ricardo,NO,BUF,2,3,2,2,"45,47",https://media.eagles.1rmg.com/wp-content/uploads/2022/02/28150309/1980.pdf
1980-09-21,1980,3,REG,1980_03_KC_CLE,nfl-nick-lowery,Nick Lowery,KC,CLE,1,1,2,2,"38,22",https://media.eagles.1rmg.com/wp-content/uploads/2022/02/28150309/1980.pdf
1980-09-21,1980,3,REG,1980_03_MIA_ATL,nfl-uwe-von-schamann,Uwe von Schamann,MIA,ATL,2,2,2,2,"28,27",https://media.eagles.1rmg.com/wp-content/uploads/2022/02/28150309/1980.pdf
1980-09-21,1980,3,REG,1980_03_NE_SEA,nfl-john-smith-2,John Smith,NE,SEA,4,4,3,4,"19,30,29",https://media.eagles.1rmg.com/wp-content/uploads/2022/02/28150309/1980.pdf
1980-09-21,1980,3,REG,1980_03_PIT_CIN,nfl-ian-sunter,Ian Sunter,CIN,PIT,3,3,3,4,"27,42,21",https://media.eagles.1rmg.com/wp-content/uploads/2022/02/28150309/1980.pdf
1980-09-21,1980,3,REG,1980_03_SD_DEN,nfl-fred-steinfort,Fred Steinfort,DEN,SD,1,1,2,2,"51,46",https://media.eagles.1rmg.com/wp-content/uploads/2022/02/28150309/1980.pdf
1980-09-21,1980,3,REG,1980_03_SD_DEN,nfl-rolf-benirschke,Rolf Benirschke,SD,DEN,3,3,3,3,"53,32,42",https://media.eagles.1rmg.com/wp-content/uploads/2022/02/28150309/1980.pdf
1980-09-21,1980,3,REG,1980_03_SF_NYJ,nfl-pat-leahy,Pat Leahy,NYJ,SF,3,3,2,2,"49,35",https://media.eagles.1rmg.com/wp-content/uploads/2022/02/28150309/1980.pdf
1980-09-21,1980,3,REG,1980_03_STL_DET,nfl-eddie-murray,Eddie Murray,DET,STL,2,2,2,4,"25,34",https://media.eagles.1rmg.com/wp-content/uploads/2022/02/28150309/1980.pdf
1980-09-28,1980,4,REG,1980_04_ATL_SF,nfl-tim-mazzetti,Tim Mazzetti,ATL,SF,2,2,2,2,"40,23",https://media.eagles.1rmg.com/wp-content/uploads/2022/02/28150309/1980.pdf
1980-09-28,1980,4,REG,1980_04_CLE_TB,nfl-garo-yepremian,Garo Yepremian,TB,CLE,3,3,2,2,"37,35",https://media.eagles.1rmg.com/wp-content/uploads/2022/02/28150309/1980.pdf
1980-09-29,1980,4,REG,1980_04_DEN_NE,nfl-john-smith-2,John Smith,NE,DEN,2,2,3,3,"26,19,36",https://media.eagles.1rmg.com/wp-content/uploads/2022/02/28150309/1980.pdf
1980-09-28,1980,4,REG,1980_04_HOU_CIN,nfl-toni-fritsch,Toni Fritsch,HOU,CIN,1,1,2,2,"27,29",https://media.eagles.1rmg.com/wp-content/uploads/2022/02/28150309/1980.pdf
1980-09-28,1980,4,REG,1980_04_MIN_DET,nfl-eddie-murray,Eddie Murray,DET,MIN,3,3,2,3,"36,24",https://media.eagles.1rmg.com/wp-content/uploads/2022/02/28150309/1980.pdf
1980-09-28,1980,4,REG,1980_04_NO_MIA,nfl-benny-ricardo,Benny Ricardo,NO,MIA,1,1,3,3,"34,36,39",https://media.eagles.1rmg.com/wp-content/uploads/2022/02/28150309/1980.pdf
1980-10-05,1980,5,REG,1980_05_BUF_SD,nfl-nick-mike-mayer,Nick Mike-Mayer,BUF,SD,2,3,2,2,"48,29",https://media.eagles.1rmg.com/wp-content/uploads/2022/02/28150309/1980.pdf
1980-10-05,1980,5,REG,1980_05_CIN_GB,nfl-ian-sunter,Ian Sunter,CIN,GB,0,0,3,3,"20,34,31",https://media.eagles.1rmg.com/wp-content/uploads/2022/02/28150309/1980.pdf
1980-10-05,1980,5,REG,1980_05_DEN_CLE,nfl-fred-steinfort,Fred Steinfort,DEN,CLE,1,1,4,5,"18,47,41,19",https://media.eagles.1rmg.com/wp-content/uploads/2022/02/28150309/1980.pdf
1980-10-05,1980,5,REG,1980_05_DET_ATL,nfl-eddie-murray,Eddie Murray,DET,ATL,2,3,2,2,"43,32",https://media.eagles.1rmg.com/wp-content/uploads/2022/02/28150309/1980.pdf
1980-10-05,1980,5,REG,1980_05_DET_ATL,nfl-tim-mazzetti,Tim Mazzetti,ATL,DET,5,5,2,2,"26,33",https://media.eagles.1rmg.com/wp-content/uploads/2022/02/28150309/1980.pdf
1980-10-05,1980,5,REG,1980_05_SEA_HOU,nfl-efren-herrera,Efren Herrera,SEA,HOU,2,2,4,5,"32,33,50,44",https://media.eagles.1rmg.com/wp-content/uploads/2022/02/28150309/1980.pdf
1980-10-05,1980,5,REG,1980_05_SF_LA,nfl-frank-corral,Frank Corral,LA,SF,6,6,2,2,"28,35",https://media.eagles.1rmg.com/wp-content/uploads/2022/02/28150309/1980.pdf
1980-10-05,1980,5,REG,1980_05_STL_NO,nfl-steve-little,Steve Little,STL,NO,4,5,2,2,"25,36",https://media.eagles.1rmg.com/wp-content/uploads/2022/02/28150309/1980.pdf
1980-10-06,1980,5,REG,1980_05_TB_CHI,nfl-bob-thomas,Bob Thomas,CHI,TB,2,2,3,4,"30,44,29",https://media.eagles.1rmg.com/wp-content/uploads/2022/02/28150309/1980.pdf
1980-10-12,1980,6,REG,1980_06_BAL_BUF,nfl-nick-mike-mayer,Nick Mike-Mayer,BUF,BAL,0,0,2,2,"49,20",https://media.eagles.1rmg.com/wp-content/uploads/2022/02/28150309/1980.pdf
1980-10-12,1980,6,REG,1980_06_CHI_MIN,nfl-rick-danmeier,Rick Danmeier,MIN,CHI,1,1,2,2,"35,37",https://media.eagles.1rmg.com/wp-content/uploads/2022/02/28150309/1980.pdf
1980-10-12,1980,6,REG,1980_06_HOU_KC,nfl-toni-fritsch,Toni Fritsch,HOU,KC,2,2,2,2,"41,46",https://media.eagles.1rmg.com/wp-content/uploads/2022/02/28150309/1980.pdf
1980-10-12,1980,6,REG,1980_06_MIA_NE,nfl-john-smith-2,John Smith,NE,MIA,4,4,2,3,"30,36",https://media.eagles.1rmg.com/wp-content/uploads/2022/02/28150309/1980.pdf
1980-10-12,1980,6,REG,1980_06_NO_DET,nfl-benny-ricardo,Benny Ricardo,NO,DET,1,1,2,2,"46,22",https://media.eagles.1rmg.com/wp-content/uploads/2022/02/28150309/1980.pdf
1980-10-13,1980,6,REG,1980_06_WAS_DEN,nfl-fred-steinfort,Fred Steinfort,DEN,WAS,2,2,2,2,"57,23",https://media.eagles.1rmg.com/wp-content/uploads/2022/02/28150309/1980.pdf
1980-10-19,1980,7,REG,1980_07_KC_DEN,nfl-nick-lowery,Nick Lowery,KC,DEN,2,2,3,3,"37,39,34",https://media.eagles.1rmg.com/wp-content/uploads/2022/02/28150309/1980.pdf
1980-10-19,1980,7,REG,1980_07_NE_BAL,nfl-john-smith-2,John Smith,NE,BAL,4,4,3,3,"27,29,37",https://media.eagles.1rmg.com/wp-content/uploads/2022/02/28150309/1980.pdf
1980-10-20,1980,7,REG,1980_07_OAK_PIT,nfl-matt-bahr,Matt Bahr,PIT,OAK,4,4,2,2,"18,32",https://media.eagles.1rmg.com/wp-content/uploads/2022/02/28150309/1980.pdf
1980-10-19,1980,7,REG,1980_07_SEA_NYJ,nfl-efren-herrera,Efren Herrera,SEA,NYJ,3,3,2,2,"48,23",https://media.eagles.1rmg.com/wp-content/uploads/2022/02/28150309/1980.pdf
1980-10-19,1980,7,REG,1980_07_TB_HOU,nfl-toni-fritsch,Toni Fritsch,HOU,TB,2,2,2,3,"21,33",https://media.eagles.1rmg.com/wp-content/uploads/2022/02/28150309/1980.pdf
1980-10-26,1980,8,REG,1980_08_CIN_HOU,nfl-toni-fritsch,Toni Fritsch,HOU,CIN,2,2,3,3,"33,46,30",https://media.eagles.1rmg.com/wp-content/uploads/2022/02/28150309/1980.pdf
1980-10-26,1980,8,REG,1980_08_DEN_NYG,nfl-joe-danelo,Joe Danelo,NYG,DEN,0,0,3,3,"28,28,45",https://media.eagles.1rmg.com/wp-content/uploads/2022/02/28150309/1980.pdf
1980-10-26,1980,8,REG,1980_08_DET_KC,nfl-nick-lowery,Nick Lowery,KC,DET,2,2,2,2,"52,40",https://media.eagles.1rmg.com/wp-content/uploads/2022/02/28150309/1980.pdf
1980-10-26,1980,8,REG,1980_08_NE_BUF,nfl-john-smith-2,John Smith,NE,BUF,1,1,2,2,"41,32",https://media.eagles.1rmg.com/wp-content/uploads/2022/02/28150309/1980.pdf
1980-10-26,1980,8,REG,1980_08_NO_WAS,nfl-mark-moseley,Mark Moseley,WAS,NO,1,1,5,6,"50,28,35,52,38",https://media.eagles.1rmg.com/wp-content/uploads/2022/02/28150309/1980.pdf
1980-10-26,1980,8,REG,1980_08_PIT_CLE,nfl-matt-bahr,Matt Bahr,PIT,CLE,2,3,2,2,"27,22",https://media.eagles.1rmg.com/wp-content/uploads/2022/02/28150309/1980.pdf
1980-10-26,1980,8,REG,1980_08_SEA_OAK,nfl-chris-bahr,Chris Bahr,OAK,SEA,3,3,4,5,"34,38,30,25",https://media.eagles.1rmg.com/wp-content/uploads/2022/02/28150309/1980.pdf
1980-10-26,1980,8,REG,1980_08_TB_SF,nfl-ray-wersching,Ray Wersching,SF,TB,2,2,3,4,"38,40,18",https://media.eagles.1rmg.com/wp-content/uploads/2022/02/28150309/1980.pdf
1980-11-02,1980,9,REG,1980_09_ATL_BUF,nfl-tim-mazzetti,Tim Mazzetti,ATL,BUF,3,3,3,3,"28,50,44",https://media.eagles.1rmg.com/wp-content/uploads/2022/02/28150309/1980.pdf
1980-11-02,1980,9,REG,1980_09_GB_PIT,nfl-matt-bahr,Matt Bahr,PIT,GB,2,2,2,2,"27,18",https://media.eagles.1rmg.com/wp-content/uploads/2022/02/28150309/1980.pdf
1980-11-02,1980,9,REG,1980_09_HOU_DEN,nfl-fred-steinfort,Fred Steinfort,DEN,HOU,1,1,3,3,"45,20,28",https://media.eagles.1rmg.com/wp-content/uploads/2022/02/28150309/1980.pdf
1980-11-02,1980,9,REG,1980_09_MIN_WAS,nfl-rick-danmeier,Rick Danmeier,MIN,WAS,4,4,3,3,"31,27,35",https://media.eagles.1rmg.com/wp-content/uploads/2022/02/28150309/1980.pdf
1980-11-02,1980,9,REG,1980_09_NYG_TB,nfl-garo-yepremian,Garo Yepremian,TB,NYG,3,3,3,3,"22,37,35",https://media.eagles.1rmg.com/wp-content/uploads/2022/02/28150309/1980.pdf
1980-11-02,1980,9,REG,1980_09_NYJ_NE,nfl-john-smith-2,John Smith,NE,NYJ,4,4,2,3,"21,27",https://media.eagles.1rmg.com/wp-content/uploads/2022/02/28150309/1980.pdf
1980-11-02,1980,9,REG,1980_09_PHI_SEA,nfl-efren-herrera,Efren Herrera,SEA,PHI,2,2,2,3,"21,31",https://media.eagles.1rmg.com/wp-content/uploads/2022/02/28150309/1980.pdf
1980-11-02,1980,9,REG,1980_09_PHI_SEA,nfl-tony-franklin-2,Tony Franklin,PHI,SEA,3,3,2,2,"39,25",https://media.eagles.1rmg.com/wp-content/uploads/2022/02/28150309/1980.pdf
1980-11-02,1980,9,REG,1980_09_SF_DET,nfl-ray-wersching,Ray Wersching,SF,DET,1,1,2,3,"36,39",https://media.eagles.1rmg.com/wp-content/uploads/2022/02/28150309/1980.pdf
1980-11-09,1980,10,REG,1980_10_ATL_STL,nfl-tim-mazzetti,Tim Mazzetti,ATL,STL,3,3,2,5,"42,44",https://media.eagles.1rmg.com/wp-content/uploads/2022/02/28150309/1980.pdf
1980-11-09,1980,10,REG,1980_10_DEN_SD,nfl-fred-steinfort,Fred Steinfort,DEN,SD,2,2,2,2,"28,42",https://media.eagles.1rmg.com/wp-content/uploads/2022/02/28150309/1980.pdf
1980-11-09,1980,10,REG,1980_10_DEN_SD,nfl-rolf-benirschke,Rolf Benirschke,SD,DEN,1,1,2,4,"30,34",https://media.eagles.1rmg.com/wp-content/uploads/2022/02/28150309/1980.pdf
1980-11-09,1980,10,REG,1980_10_KC_SEA,nfl-efren-herrera,Efren Herrera,SEA,KC,3,3,3,4,"39,31,33",https://media.eagles.1rmg.com/wp-content/uploads/2022/02/28150309/1980.pdf
1980-11-10,1980,10,REG,1980_10_NE_HOU,nfl-john-smith-2,John Smith,NE,HOU,4,4,2,3,"26,44",https://media.eagles.1rmg.com/wp-content/uploads/2022/02/28150309/1980.pdf
1980-11-09,1980,10,REG,1980_10_PHI_NO,nfl-tony-franklin-2,Tony Franklin,PHI,NO,4,4,2,2,"32,30",https://media.eagles.1rmg.com/wp-content/uploads/2022/02/28150309/1980.pdf
1980-11-09,1980,10,REG,1980_10_SF_GB,nfl-tom-birney,Tom Birney,GB,SF,2,2,3,3,"50,39,32",https://media.eagles.1rmg.com/wp-content/uploads/2022/02/28150309/1980.pdf
1980-11-16,1980,11,REG,1980_11_BAL_DET,nfl-eddie-murray,Eddie Murray,DET,BAL,0,0,3,5,"47,24,46",https://media.eagles.1rmg.com/wp-content/uploads/2022/02/28150309/1980.pdf
1980-11-16,1980,11,REG,1980_11_GB_NYG,nfl-joe-danelo,Joe Danelo,NYG,GB,3,3,2,2,"24,32",https://media.eagles.1rmg.com/wp-content/uploads/2022/02/28150309/1980.pdf
1980-11-16,1980,11,REG,1980_11_HOU_CHI,nfl-bob-thomas,Bob Thomas,CHI,HOU,0,0,2,2,"27,22",https://media.eagles.1rmg.com/wp-content/uploads/2022/02/28150309/1980.pdf
1980-11-23,1980,12,REG,1980_12_BAL_NE,nfl-john-smith-2,John Smith,NE,BAL,5,5,2,2,"22,35",https://media.eagles.1rmg.com/wp-content/uploads/2022/02/28150309/1980.pdf
1980-11-23,1980,12,REG,1980_12_GB_MIN,nfl-rick-danmeier,Rick Danmeier,MIN,GB,1,1,2,2,"22,23",https://media.eagles.1rmg.com/wp-content/uploads/2022/02/28150309/1980.pdf
1980-11-23,1980,12,REG,1980_12_GB_MIN,nfl-tom-birney,Tom Birney,GB,MIN,1,3,2,3,"24,33",https://media.eagles.1rmg.com/wp-content/uploads/2022/02/28150309/1980.pdf
1980-11-24,1980,12,REG,1980_12_LA_NO,nfl-frank-corral,Frank Corral,LA,NO,3,3,2,4,"23,19",https://media.eagles.1rmg.com/wp-content/uploads/2022/02/28150309/1980.pdf
1980-11-23,1980,12,REG,1980_12_PIT_BUF,nfl-matt-bahr,Matt Bahr,PIT,BUF,1,1,2,2,"36,42",https://media.eagles.1rmg.com/wp-content/uploads/2022/02/28150309/1980.pdf
1980-11-20,1980,12,REG,1980_12_SD_MIA,nfl-rolf-benirschke,Rolf Benirschke,SD,MIA,3,3,2,2,"37,28",https://media.eagles.1rmg.com/wp-content/uploads/2022/02/28150309/1980.pdf
1980-11-23,1980,12,REG,1980_12_SEA_DEN,nfl-efren-herrera,Efren Herrera,SEA,DEN,2,2,2,2,"21,20",https://media.eagles.1rmg.com/wp-content/uploads/2022/02/28150309/1980.pdf
1980-11-23,1980,12,REG,1980_12_SEA_DEN,nfl-fred-steinfort,Fred Steinfort,DEN,SEA,4,4,2,2,"24,33",https://media.eagles.1rmg.com/wp-content/uploads/2022/02/28150309/1980.pdf
1980-11-30,1980,13,REG,1980_13_CIN_KC,nfl-nick-lowery,Nick Lowery,KC,CIN,0,0,2,3,"26,40",https://media.eagles.1rmg.com/wp-content/uploads/2022/02/28150309/1980.pdf
1980-11-30,1980,13,REG,1980_13_MIA_PIT,nfl-matt-bahr,Matt Bahr,PIT,MIA,2,2,3,3,"32,33,30",https://media.eagles.1rmg.com/wp-content/uploads/2022/02/28150309/1980.pdf
1980-11-30,1980,13,REG,1980_13_NYJ_LA,nfl-pat-leahy,Pat Leahy,NYJ,LA,1,1,2,2,"22,40",https://media.eagles.1rmg.com/wp-content/uploads/2022/02/28150309/1980.pdf
1980-11-30,1980,13,REG,1980_13_PHI_SD,nfl-rolf-benirschke,Rolf Benirschke,SD,PHI,1,1,3,3,"34,45,42",https://media.eagles.1rmg.com/wp-content/uploads/2022/02/28150309/1980.pdf
1980-11-30,1980,13,REG,1980_13_TB_GB,nfl-garo-yepremian,Garo Yepremian,TB,GB,2,2,2,3,"39,20",https://media.eagles.1rmg.com/wp-content/uploads/2022/02/28150309/1980.pdf
1980-11-30,1980,13,REG,1980_13_WAS_ATL,nfl-mark-moseley,Mark Moseley,WAS,ATL,0,0,2,2,"51,46",https://media.eagles.1rmg.com/wp-content/uploads/2022/02/28150309/1980.pdf
1980-12-07,1980,14,REG,1980_14_ATL_PHI,nfl-tim-mazzetti,Tim Mazzetti,ATL,PHI,2,2,2,2,"26,37",https://media.eagles.1rmg.com/wp-content/uploads/2022/02/28150309/1980.pdf
1980-12-07,1980,14,REG,1980_14_BAL_CIN,nfl-jim-breech,Jim Breech,CIN,BAL,4,4,2,2,"32,21",https://media.eagles.1rmg.com/wp-content/uploads/2022/02/28150309/1980.pdf
1980-12-07,1980,14,REG,1980_14_BAL_CIN,nfl-steve-mike-mayer,Steve Mike-Mayer,BAL,CIN,3,4,2,2,"41,37",https://media.eagles.1rmg.com/wp-content/uploads/2022/02/28150309/1980.pdf
1980-12-07,1980,14,REG,1980_14_DAL_OAK,nfl-chris-bahr,Chris Bahr,OAK,DAL,1,1,2,3,"22,38",https://media.eagles.1rmg.com/wp-content/uploads/2022/02/28150309/1980.pdf
1980-12-07,1980,14,REG,1980_14_DAL_OAK,nfl-rafael-septien,Rafael Septien,DAL,OAK,1,2,2,2,"52,34",https://media.eagles.1rmg.com/wp-content/uploads/2022/02/28150309/1980.pdf
1980-12-07,1980,14,REG,1980_14_DET_STL,nfl-eddie-murray,Eddie Murray,DET,STL,2,2,3,3,"40,24,26",https://media.eagles.1rmg.com/wp-content/uploads/2022/02/28150309/1980.pdf
1980-12-08,1980,14,REG,1980_14_NE_MIA,nfl-john-smith-2,John Smith,NE,MIA,1,1,2,3,"23,33",https://media.eagles.1rmg.com/wp-content/uploads/2022/02/28150309/1980.pdf
1980-12-08,1980,14,REG,1980_14_NE_MIA,nfl-uwe-von-schamann,Uwe von Schamann,MIA,NE,1,1,3,3,"27,24,23",https://media.eagles.1rmg.com/wp-content/uploads/2022/02/28150309/1980.pdf
1980-12-07,1980,14,REG,1980_14_NYG_SEA,nfl-joe-danelo,Joe Danelo,NYG,SEA,3,3,2,2,"43,32",https://media.eagles.1rmg.com/wp-content/uploads/2022/02/28150309/1980.pdf
1980-12-04,1980,14,REG,1980_14_PIT_HOU,nfl-toni-fritsch,Toni Fritsch,HOU,PIT,0,0,2,2,"37,33",https://media.eagles.1rmg.com/wp-content/uploads/2022/02/28150309/1980.pdf
1980-12-07,1980,14,REG,1980_14_SD_WAS,nfl-mark-moseley,Mark Moseley,WAS,SD,4,4,4,5,"28,45,46,46",https://media.eagles.1rmg.com/wp-content/uploads/2022/02/28150309/1980.pdf
1980-12-14,1980,15,REG,1980_15_KC_PIT,nfl-nick-lowery,Nick Lowery,KC,PIT,1,1,3,5,"36,22,50",https://media.eagles.1rmg.com/wp-content/uploads/2022/02/28150309/1980.pdf
1980-12-14,1980,15,REG,1980_15_NO_NYJ,nfl-pat-leahy,Pat Leahy,NYJ,NO,2,2,2,3,"27,47",https://media.eagles.1rmg.com/wp-content/uploads/2022/02/28150309/1980.pdf
1980-12-13,1980,15,REG,1980_15_NYG_WAS,nfl-joe-danelo,Joe Danelo,NYG,WAS,1,1,2,2,"48,39",https://media.eagles.1rmg.com/wp-content/uploads/2022/02/28150309/1980.pdf
1980-12-14,1980,15,REG,1980_15_TB_DET,nfl-eddie-murray,Eddie Murray,DET,TB,3,3,2,4,"24,25",https://media.eagles.1rmg.com/wp-content/uploads/2022/02/28150309/1980.pdf
1980-12-21,1980,16,REG,1980_16_ATL_LA,nfl-frank-corral,Frank Corral,LA,ATL,2,2,2,5,"26,23",https://media.eagles.1rmg.com/wp-content/uploads/2022/02/28150309/1980.pdf
1980-12-20,1980,16,REG,1980_16_CHI_TB,nfl-garo-yepremian,Garo Yepremian,TB,CHI,1,1,2,3,"27,26",https://media.eagles.1rmg.com/wp-content/uploads/2022/02/28150309/1980.pdf
1980-12-21,1980,16,REG,1980_16_DEN_SEA,nfl-fred-steinfort,Fred Steinfort,DEN,SEA,1,2,4,5,"53,55,34,38",https://media.eagles.1rmg.com/wp-content/uploads/2022/02/28150309/1980.pdf
1980-12-21,1980,16,REG,1980_16_MIN_HOU,nfl-toni-fritsch,Toni Fritsch,HOU,MIN,2,2,2,3,"23,31",https://media.eagles.1rmg.com/wp-content/uploads/2022/02/28150309/1980.pdf
1980-12-21,1980,16,REG,1980_16_NE_NO,nfl-benny-ricardo,Benny Ricardo,NO,NE,3,3,2,2,"30,38",https://media.eagles.1rmg.com/wp-content/uploads/2022/02/28150309/1980.pdf
1980-12-21,1980,16,REG,1980_16_OAK_NYG,nfl-chris-bahr,Chris Bahr,OAK,NYG,3,4,2,3,"41,38",https://media.eagles.1rmg.com/wp-content/uploads/2022/02/28150309/1980.pdf
1980-12-21,1980,16,REG,1980_16_PHI_DAL,nfl-tony-franklin-2,Tony Franklin,PHI,DAL,3,3,2,5,"29,19",https://media.eagles.1rmg.com/wp-content/uploads/2022/02/28150309/1980.pdf
1980-12-22,1980,16,REG,1980_16_PIT_SD,nfl-rolf-benirschke,Rolf Benirschke,SD,PIT,2,2,4,4,"33,26,26,33",https://media.eagles.1rmg.com/wp-content/uploads/2022/02/28150309/1980.pdf
1982-09-12,1982,1,REG,1982_01_HOU_CIN,nfl-jim-breech,Jim Breech,CIN,HOU,3,3,2,4,"43,25",https://media.eagles.1rmg.com/wp-content/uploads/2022/02/28150423/1982.pdf
1982-09-12,1982,1,REG,1982_01_KC_BUF,nfl-nick-lowery,Nick Lowery,KC,BUF,0,0,3,4,"39,47,42",https://media.eagles.1rmg.com/wp-content/uploads/2022/02/28150423/1982.pdf
1982-09-12,1982,1,REG,1982_01_NE_BAL,nfl-mike-wood,Mike Wood,BAL,NE,1,1,2,3,"49,30",https://media.eagles.1rmg.com/wp-content/uploads/2022/02/28150423/1982.pdf
1982-09-13,1982,1,REG,1982_01_PIT_DAL,nfl-gary-anderson,Gary Anderson,PIT,DAL,3,3,3,4,"26,43,40",https://media.eagles.1rmg.com/wp-content/uploads/2022/02/28150423/1982.pdf
1982-09-12,1982,1,REG,1982_01_WAS_PHI,nfl-mark-moseley,Mark Moseley,WAS,PHI,4,4,3,3,"30,48,26",https://media.eagles.1rmg.com/wp-content/uploads/2022/02/28150423/1982.pdf
1982-09-12,1982,1,REG,1982_01_WAS_PHI,nfl-tony-franklin-2,Tony Franklin,PHI,WAS,4,4,2,2,"44,44",https://media.eagles.1rmg.com/wp-content/uploads/2022/02/28150423/1982.pdf
1982-09-19,1982,2,REG,1982_02_BAL_MIA,nfl-mike-wood,Mike Wood,BAL,MIA,2,2,2,2,"51,48",https://media.eagles.1rmg.com/wp-content/uploads/2022/02/28150423/1982.pdf
1982-09-19,1982,2,REG,1982_02_CIN_PIT,nfl-gary-anderson,Gary Anderson,PIT,CIN,2,2,2,2,"25,42",https://media.eagles.1rmg.com/wp-content/uploads/2022/02/28150423/1982.pdf
1982-09-19,1982,2,REG,1982_02_CIN_PIT,nfl-jim-breech,Jim Breech,CIN,PIT,2,2,2,3,"50,31",https://media.eagles.1rmg.com/wp-content/uploads/2022/02/28150423/1982.pdf
1982-09-19,1982,2,REG,1982_02_DET_LA,nfl-bob-thomas,Bob Thomas,DET,LA,1,1,4,4,"45,46,30,33",https://media.eagles.1rmg.com/wp-content/uploads/2022/02/28150423/1982.pdf
1982-09-20,1982,2,REG,1982_02_GB_NYG,nfl-jan-stenerud,Jan Stenerud,GB,NYG,3,3,2,3,"37,22",https://media.eagles.1rmg.com/wp-content/uploads/2022/02/28150423/1982.pdf
1982-09-16,1982,2,REG,1982_02_MIN_BUF,nfl-rick-danmeier,Rick Danmeier,MIN,BUF,2,2,2,2,"43,42",https://media.eagles.1rmg.com/wp-content/uploads/2022/02/28150423/1982.pdf
1982-09-19,1982,2,REG,1982_02_SD_KC,nfl-nick-lowery,Nick Lowery,KC,SD,1,1,4,4,"19,27,41,34",https://media.eagles.1rmg.com/wp-content/uploads/2022/02/28150423/1982.pdf
1982-09-19,1982,2,REG,1982_02_WAS_TB,nfl-mark-moseley,Mark Moseley,WAS,TB,0,2,3,3,"35,21,19",https://media.eagles.1rmg.com/wp-content/uploads/2022/02/28150423/1982.pdf
1982-11-21,1982,3,REG,1982_03_BAL_NYJ,nfl-pat-leahy,Pat Leahy,NYJ,BAL,4,4,3,3,"43,37,19",https://media.eagles.1rmg.com/wp-content/uploads/2022/02/28150423/1982.pdf
1982-11-21,1982,3,REG,1982_03_CIN_PHI,nfl-jim-breech,Jim Breech,CIN,PHI,1,1,3,3,"19,38,49",https://media.eagles.1rmg.com/wp-content/uploads/2022/02/28150423/1982.pdf
1982-11-21,1982,3,REG,1982_03_DET_CHI,nfl-john-roveto,John Roveto,CHI,DET,2,2,2,4,"51,18",https://media.eagles.1rmg.com/wp-content/uploads/2022/02/28150423/1982.pdf
1982-11-21,1982,3,REG,1982_03_KC_NO,nfl-toni-fritsch,Toni Fritsch,NO,KC,3,3,2,2,"19,42",https://media.eagles.1rmg.com/wp-content/uploads/2022/02/28150423/1982.pdf
1982-11-21,1982,3,REG,1982_03_LA_ATL,nfl-mick-luckhurst,Mick Luckhurst,ATL,LA,4,4,2,3,"49,29",https://media.eagles.1rmg.com/wp-content/uploads/2022/02/28150423/1982.pdf
1982-11-21,1982,3,REG,1982_03_MIA_BUF,nfl-uwe-von-schamann,Uwe von Schamann,MIA,BUF,0,0,3,4,"42,29,21",https://media.eagles.1rmg.com/wp-content/uploads/2022/02/28150423/1982.pdf
1982-11-21,1982,3,REG,1982_03_MIN_GB,nfl-jan-stenerud,Jan Stenerud,GB,MIN,2,3,2,2,"18,32",https://media.eagles.1rmg.com/wp-content/uploads/2022/02/28150423/1982.pdf
1982-11-21,1982,3,REG,1982_03_TB_DAL,nfl-bill-capece,Bill Capece,TB,DAL,0,0,3,4,"26,27,26",https://media.eagles.1rmg.com/wp-content/uploads/2022/02/28150423/1982.pdf
1982-11-21,1982,3,REG,1982_03_WAS_NYG,nfl-mark-moseley,Mark Moseley,WAS,NYG,3,3,2,2,"37,29",https://media.eagles.1rmg.com/wp-content/uploads/2022/02/28150423/1982.pdf
1982-11-28,1982,4,REG,1982_04_BAL_BUF,nfl-efren-herrera,Efren Herrera,BUF,BAL,2,2,2,3,"47,41",https://media.eagles.1rmg.com/wp-content/uploads/2022/02/28150423/1982.pdf
1982-11-28,1982,4,REG,1982_04_DEN_SD,nfl-rich-karlis,Rich Karlis,DEN,SD,2,2,2,2,"27,38",https://media.eagles.1rmg.com/wp-content/uploads/2022/02/28150423/1982.pdf
1982-11-28,1982,4,REG,1982_04_DEN_SD,nfl-rolf-benirschke,Rolf Benirschke,SD,DEN,3,3,3,3,"41,18,42",https://media.eagles.1rmg.com/wp-content/uploads/2022/02/28150423/1982.pdf
1982-11-28,1982,4,REG,1982_04_HOU_NE,nfl-danny-miller,Danny Miller,NE,HOU,3,3,2,2,"23,25",https://media.eagles.1rmg.com/wp-content/uploads/2022/02/28150423/1982.pdf
1982-11-29,1982,4,REG,1982_04_MIA_TB,nfl-bill-capece,Bill Capece,TB,MIA,2,2,3,3,"28,27,36",https://media.eagles.1rmg.com/wp-content/uploads/2022/02/28150423/1982.pdf
1982-11-28,1982,4,REG,1982_04_NO_SF,nfl-ray-wersching,Ray Wersching,SF,NO,2,2,2,2,"40,45",https://media.eagles.1rmg.com/wp-content/uploads/2022/02/28150423/1982.pdf
1982-11-25,1982,4,REG,1982_04_NYG_DET,nfl-eddie-murray,Eddie Murray,DET,NYG,0,0,2,2,"46,44",https://media.eagles.1rmg.com/wp-content/uploads/2022/02/28150423/1982.pdf
1982-11-25,1982,4,REG,1982_04_NYG_DET,nfl-joe-danelo,Joe Danelo,NYG,DET,1,1,2,4,"34,40",https://media.eagles.1rmg.com/wp-content/uploads/2022/02/28150423/1982.pdf
1982-11-28,1982,4,REG,1982_04_PHI_WAS,nfl-mark-moseley,Mark Moseley,WAS,PHI,1,1,2,2,"45,43",https://media.eagles.1rmg.com/wp-content/uploads/2022/02/28150423/1982.pdf
1982-11-28,1982,4,REG,1982_04_PIT_SEA,nfl-norm-johnson,Norm Johnson,SEA,PIT,1,1,3,3,"35,48,29",https://media.eagles.1rmg.com/wp-content/uploads/2022/02/28150423/1982.pdf
1982-11-28,1982,4,REG,1982_04_STL_ATL,nfl-mick-luckhurst,Mick Luckhurst,ATL,STL,2,2,2,3,"28,27",https://media.eagles.1rmg.com/wp-content/uploads/2022/02/28150423/1982.pdf
1982-12-05,1982,5,REG,1982_05_ATL_DEN,nfl-mick-luckhurst,Mick Luckhurst,ATL,DEN,4,4,2,2,"51,51",https://media.eagles.1rmg.com/wp-content/uploads/2022/02/28150423/1982.pdf
1982-12-05,1982,5,REG,1982_05_ATL_DEN,nfl-rich-karlis,Rich Karlis,DEN,ATL,3,3,2,2,"31,26",https://media.eagles.1rmg.com/wp-content/uploads/2022/02/28150423/1982.pdf
1982-12-05,1982,5,REG,1982_05_BUF_GB,nfl-jan-stenerud,Jan Stenerud,GB,BUF,3,3,4,5,"33,25,31,42",https://media.eagles.1rmg.com/wp-content/uploads/2022/02/28150423/1982.pdf
1982-12-05,1982,5,REG,1982_05_MIN_MIA,nfl-uwe-von-schamann,Uwe von Schamann,MIA,MIN,1,2,3,4,"34,28,24",https://media.eagles.1rmg.com/wp-content/uploads/2022/02/28150423/1982.pdf
1982-12-06,1982,5,REG,1982_05_NYJ_DET,nfl-eddie-murray,Eddie Murray,DET,NYJ,1,1,2,2,"31,22",https://media.eagles.1rmg.com/wp-content/uploads/2022/02/28150423/1982.pdf
1982-12-02,1982,5,REG,1982_05_SF_LA,nfl-ray-wersching,Ray Wersching,SF,LA,3,3,3,3,"33,44,38",https://media.eagles.1rmg.com/wp-content/uploads/2022/02/28150423/1982.pdf
1982-12-05,1982,5,REG,1982_05_TB_NO,nfl-bill-capece,Bill Capece,TB,NO,1,1,2,2,"29,50",https://media.eagles.1rmg.com/wp-content/uploads/2022/02/28150423/1982.pdf
1982-12-12,1982,6,REG,1982_06_BAL_MIN,nfl-rick-danmeier,Rick Danmeier,MIN,BAL,1,1,2,4,"23,40",https://media.eagles.1rmg.com/wp-content/uploads/2022/02/28150423/1982.pdf
1982-12-12,1982,6,REG,1982_06_CHI_SEA,nfl-norm-johnson,Norm Johnson,SEA,CHI,2,2,2,2,"30,34",https://media.eagles.1rmg.com/wp-content/uploads/2022/02/28150423/1982.pdf
1982-12-12,1982,6,REG,1982_06_CLE_CIN,nfl-jim-breech,Jim Breech,CIN,CLE,2,2,3,3,"44,21,36",https://media.eagles.1rmg.com/wp-content/uploads/2022/02/28150423/1982.pdf
1982-12-13,1982,6,REG,1982_06_DAL_HOU,nfl-rafael-septien,Rafael Septien,DAL,HOU,4,4,3,3,"22,36,53",https://media.eagles.1rmg.com/wp-content/uploads/2022/02/28150423/1982.pdf
1982-12-12,1982,6,REG,1982_06_DEN_LA,nfl-rich-karlis,Rich Karlis,DEN,LA,3,3,2,2,"47,18",https://media.eagles.1rmg.com/wp-content/uploads/2022/02/28150423/1982.pdf
1982-12-12,1982,6,REG,1982_06_DET_GB,nfl-eddie-murray,Eddie Murray,DET,GB,3,3,3,4,"27,27,25",https://media.eagles.1rmg.com/wp-content/uploads/2022/02/28150423/1982.pdf
1982-12-11,1982,6,REG,1982_06_PHI_NYG,nfl-joe-danelo,Joe Danelo,NYG,PHI,2,2,3,3,"37,34,29",https://media.eagles.1rmg.com/wp-content/uploads/2022/02/28150423/1982.pdf
1982-12-12,1982,6,REG,1982_06_PIT_BUF,nfl-efren-herrera,Efren Herrera,BUF,PIT,1,1,2,4,"34,19",https://media.eagles.1rmg.com/wp-content/uploads/2022/02/28150423/1982.pdf
1982-12-11,1982,6,REG,1982_06_SD_SF,nfl-rolf-benirschke,Rolf Benirschke,SD,SF,5,5,2,3,"25,41",https://media.eagles.1rmg.com/wp-content/uploads/2022/02/28150423/1982.pdf
1982-12-12,1982,6,REG,1982_06_TB_NYJ,nfl-pat-leahy,Pat Leahy,NYJ,TB,2,4,2,3,"34,29",https://media.eagles.1rmg.com/wp-content/uploads/2022/02/28150423/1982.pdf
1982-12-12,1982,6,REG,1982_06_WAS_STL,nfl-mark-moseley,Mark Moseley,WAS,STL,0,0,4,4,"32,30,20,24",https://media.eagles.1rmg.com/wp-content/uploads/2022/02/28150423/1982.pdf
1982-12-20,1982,7,REG,1982_07_CIN_SD,nfl-jim-breech,Jim Breech,CIN,SD,4,4,2,2,"19,27",https://media.eagles.1rmg.com/wp-content/uploads/2022/02/28150423/1982.pdf
1982-12-20,1982,7,REG,1982_07_CIN_SD,nfl-rolf-benirschke,Rolf Benirschke,SD,CIN,6,6,2,2,"43,26",https://media.eagles.1rmg.com/wp-content/uploads/2022/02/28150423/1982.pdf
1982-12-19,1982,7,REG,1982_07_GB_BAL,nfl-jan-stenerud,Jan Stenerud,GB,BAL,2,2,2,3,"40,25",https://media.eagles.1rmg.com/wp-content/uploads/2022/02/28150423/1982.pdf
1982-12-19,1982,7,REG,1982_07_KC_DEN,nfl-nick-lowery,Nick Lowery,KC,DEN,4,4,3,3,"47,19,22",https://media.eagles.1rmg.com/wp-content/uploads/2022/02/28150423/1982.pdf
1982-12-19,1982,7,REG,1982_07_MIN_DET,nfl-rick-danmeier,Rick Danmeier,MIN,DET,4,4,2,3,"20,25",https://media.eagles.1rmg.com/wp-content/uploads/2022/02/28150423/1982.pdf
1982-12-19,1982,7,REG,1982_07_NE_SEA,nfl-john-smith-2,John Smith,NE,SEA,1,1,3,5,"21,37,23",https://media.eagles.1rmg.com/wp-content/uploads/2022/02/28150423/1982.pdf
1982-12-19,1982,7,REG,1982_07_NYG_WAS,nfl-mark-moseley,Mark Moseley,WAS,NYG,0,1,3,3,"20,31,42",https://media.eagles.1rmg.com/wp-content/uploads/2022/02/28150423/1982.pdf
1982-12-18,1982,7,REG,1982_07_NYJ_MIA,nfl-pat-leahy,Pat Leahy,NYJ,MIA,1,2,2,3,"40,49",https://media.eagles.1rmg.com/wp-content/uploads/2022/02/28150423/1982.pdf
1982-12-18,1982,7,REG,1982_07_NYJ_MIA,nfl-uwe-von-schamann,Uwe von Schamann,MIA,NYJ,2,2,2,4,"47,47",https://media.eagles.1rmg.com/wp-content/uploads/2022/02/28150423/1982.pdf
1982-12-27,1982,8,REG,1982_08_BUF_MIA,nfl-uwe-von-schamann,Uwe von Schamann,MIA,BUF,3,3,2,2,"35,30",https://media.eagles.1rmg.com/wp-content/uploads/2022/02/28150423/1982.pdf
1982-12-26,1982,8,REG,1982_08_DET_TB,nfl-bill-capece,Bill Capece,TB,DET,2,2,3,3,"34,29,27",https://media.eagles.1rmg.com/wp-content/uploads/2022/02/28150423/1982.pdf
1982-12-26,1982,8,REG,1982_08_NE_PIT,nfl-gary-anderson,Gary Anderson,PIT,NE,4,4,3,3,"21,25,44",https://media.eagles.1rmg.com/wp-content/uploads/2022/02/28150423/1982.pdf
1982-12-26,1982,8,REG,1982_08_PHI_DAL,nfl-rafael-septien,Rafael Septien,DAL,PHI,2,2,2,2,"18,33",https://media.eagles.1rmg.com/wp-content/uploads/2022/02/28150423/1982.pdf
1982-12-26,1982,8,REG,1982_08_SF_KC,nfl-nick-lowery,Nick Lowery,KC,SF,1,1,2,3,"40,39",https://media.eagles.1rmg.com/wp-content/uploads/2022/02/28150423/1982.pdf
1982-12-26,1982,8,REG,1982_08_SF_KC,nfl-ray-wersching,Ray Wersching,SF,KC,2,2,4,4,"32,44,42,34",https://media.eagles.1rmg.com/wp-content/uploads/2022/02/28150423/1982.pdf
1982-12-26,1982,8,REG,1982_08_WAS_NO,nfl-mark-moseley,Mark Moseley,WAS,NO,3,3,2,2,"36,45",https://media.eagles.1rmg.com/wp-content/uploads/2022/02/28150423/1982.pdf
1983-01-02,1982,9,REG,1982_09_BUF_NE,nfl-efren-herrera,Efren Herrera,BUF,NE,1,1,2,2,"46,25",https://media.eagles.1rmg.com/wp-content/uploads/2022/02/28150423/1982.pdf
1983-01-02,1982,9,REG,1982_09_CHI_TB,nfl-bill-capece,Bill Capece,TB,CHI,2,2,4,5,"27,31,40,33",https://media.eagles.1rmg.com/wp-content/uploads/2022/02/28150423/1982.pdf
1983-01-02,1982,9,REG,1982_09_CIN_HOU,nfl-florian-kempf,Florian Kempf,HOU,CIN,3,3,2,2,"35,37",https://media.eagles.1rmg.com/wp-content/uploads/2022/02/28150423/1982.pdf
1983-01-03,1982,9,REG,1982_09_DAL_MIN,nfl-rafael-septien,Rafael Septien,DAL,MIN,3,3,2,3,"42,22",https://media.eagles.1rmg.com/wp-content/uploads/2022/02/28150423/1982.pdf
1983-01-02,1982,9,REG,1982_09_DEN_SEA,nfl-norm-johnson,Norm Johnson,SEA,DEN,1,1,2,2,"22,34",https://media.eagles.1rmg.com/wp-content/uploads/2022/02/28150423/1982.pdf
1983-01-02,1982,9,REG,1982_09_GB_DET,nfl-eddie-murray,Eddie Murray,DET,GB,3,3,2,2,"49,28",https://media.eagles.1rmg.com/wp-content/uploads/2022/02/28150423/1982.pdf
1983-01-02,1982,9,REG,1982_09_MIA_BAL,nfl-uwe-von-schamann,Uwe von Schamann,MIA,BAL,4,4,2,2,"34,25",https://media.eagles.1rmg.com/wp-content/uploads/2022/02/28150423/1982.pdf
1983-01-02,1982,9,REG,1982_09_NYG_PHI,nfl-joe-danelo,Joe Danelo,NYG,PHI,2,2,4,5,"45,31,26,25",https://media.eagles.1rmg.com/wp-content/uploads/2022/02/28150423/1982.pdf
1983-01-02,1982,9,REG,1982_09_NYJ_KC,nfl-nick-lowery,Nick Lowery,KC,NYJ,4,4,3,3,"44,43,44",https://media.eagles.1rmg.com/wp-content/uploads/2022/02/28150423/1982.pdf
1983-01-02,1982,9,REG,1982_09_NYJ_KC,nfl-pat-leahy,Pat Leahy,NYJ,KC,1,1,2,2,"30,20",https://media.eagles.1rmg.com/wp-content/uploads/2022/02/28150423/1982.pdf
1983-09-04,1983,1,REG,1983_01_BAL_NE,nfl-raul-allegre,Raul Allegre,BAL,NE,2,2,3,3,"25,52,33",https://media.eagles.1rmg.com/wp-content/uploads/2022/02/28150505/1983.pdf
1983-09-05,1983,1,REG,1983_01_DAL_WAS,nfl-mark-moseley,Mark Moseley,WAS,DAL,3,3,3,4,"23,30,39",https://media.eagles.1rmg.com/wp-content/uploads/2022/02/28150505/1983.pdf
1983-09-04,1983,1,REG,1983_01_DET_TB,nfl-eddie-murray,Eddie Murray,DET,TB,0,0,3,4,"29,48,38",https://media.eagles.1rmg.com/wp-content/uploads/2022/02/28150505/1983.pdf
1983-09-04,1983,1,REG,1983_01_GB_HOU,nfl-jan-stenerud,Jan Stenerud,GB,HOU,5,5,2,2,"46,42",https://media.eagles.1rmg.com/wp-content/uploads/2022/02/28150505/1983.pdf
1983-09-04,1983,1,REG,1983_01_MIA_BUF,nfl-uwe-von-schamann,Uwe von Schamann,MIA,BUF,0,0,4,4,"33,23,36,50",https://media.eagles.1rmg.com/wp-content/uploads/2022/02/28150505/1983.pdf
1983-09-04,1983,1,REG,1983_01_MIN_CLE,nfl-benny-ricardo,Benny Ricardo,MIN,CLE,3,3,2,2,"23,38",https://media.eagles.1rmg.com/wp-content/uploads/2022/02/28150505/1983.pdf
1983-09-04,1983,1,REG,1983_01_NYJ_SD,nfl-pat-leahy,Pat Leahy,NYJ,SD,5,5,2,2,"32,27",https://media.eagles.1rmg.com/wp-content/uploads/2022/02/28150505/1983.pdf
1983-09-03,1983,1,REG,1983_01_PHI_SF,nfl-tony-franklin-2,Tony Franklin,PHI,SF,1,2,3,4,"32,30,47",https://media.eagles.1rmg.com/wp-content/uploads/2022/02/28150505/1983.pdf
1983-09-04,1983,1,REG,1983_01_SEA_KC,nfl-norm-johnson,Norm Johnson,SEA,KC,1,1,2,2,"34,48",https://media.eagles.1rmg.com/wp-content/uploads/2022/02/28150505/1983.pdf
1983-09-11,1983,2,REG,1983_02_BUF_CIN,nfl-jim-breech,Jim Breech,CIN,BUF,0,0,2,3,"30,47",https://media.eagles.1rmg.com/wp-content/uploads/2022/02/28150505/1983.pdf
1983-09-11,1983,2,REG,1983_02_DAL_STL,nfl-rafael-septien,Rafael Septien,DAL,STL,4,4,2,2,"45,24",https://media.eagles.1rmg.com/wp-content/uploads/2022/02/28150505/1983.pdf
1983-09-11,1983,2,REG,1983_02_NE_MIA,nfl-uwe-von-schamann,Uwe von Schamann,MIA,NE,4,4,2,2,"28,23",https://media.eagles.1rmg.com/wp-content/uploads/2022/02/28150505/1983.pdf
1983-09-11,1983,2,REG,1983_02_NO_LA,nfl-morten-andersen,Morten Andersen,NO,LA,3,3,2,3,"27,30",https://media.eagles.1rmg.com/wp-content/uploads/2022/02/28150505/1983.pdf
1983-09-11,1983,2,REG,1983_02_NYG_ATL,nfl-ali-haji-sheikh,Ali Haji-Sheikh,NYG,ATL,1,1,3,3,"37,31,30",https://media.eagles.1rmg.com/wp-content/uploads/2022/02/28150505/1983.pdf
1983-09-11,1983,2,REG,1983_02_NYG_ATL,nfl-mick-luckhurst,Mick Luckhurst,ATL,NYG,1,1,2,2,"42,39",https://media.eagles.1rmg.com/wp-content/uploads/2022/02/28150505/1983.pdf
1983-09-08,1983,2,REG,1983_02_SF_MIN,nfl-ray-wersching,Ray Wersching,SF,MIN,6,6,2,2,"38,32",https://media.eagles.1rmg.com/wp-content/uploads/2022/02/28150505/1983.pdf
1983-09-11,1983,2,REG,1983_02_WAS_PHI,nfl-mark-moseley,Mark Moseley,WAS,PHI,2,2,3,3,"36,24,23",https://media.eagles.1rmg.com/wp-content/uploads/2022/02/28150505/1983.pdf
1983-09-11,1983,2,REG,1983_02_WAS_PHI,nfl-tony-franklin-2,Tony Franklin,PHI,WAS,1,1,2,3,"27,33",https://media.eagles.1rmg.com/wp-content/uploads/2022/02/28150505/1983.pdf
1983-09-18,1983,3,REG,1983_03_ATL_DET,nfl-mick-luckhurst,Mick Luckhurst,ATL,DET,3,3,3,4,"28,42,45",https://media.eagles.1rmg.com/wp-content/uploads/2022/02/28150505/1983.pdf
1983-09-18,1983,3,REG,1983_03_BAL_BUF,nfl-raul-allegre,Raul Allegre,BAL,BUF,2,2,3,3,"28,49,45",https://media.eagles.1rmg.com/wp-content/uploads/2022/02/28150505/1983.pdf
1983-09-18,1983,3,REG,1983_03_CHI_NO,nfl-morten-andersen,Morten Andersen,NO,CHI,4,4,2,2,"21,41",https://media.eagles.1rmg.com/wp-content/uploads/2022/02/28150505/1983.pdf
1983-09-18,1983,3,REG,1983_03_KC_WAS,nfl-mark-moseley,Mark Moseley,WAS,KC,3,3,2,2,"35,34",https://media.eagles.1rmg.com/wp-content/uploads/2022/02/28150505/1983.pdf
1983-09-18,1983,3,REG,1983_03_KC_WAS,nfl-nick-lowery,Nick Lowery,KC,WAS,0,0,4,5,"58,21,32,22",https://media.eagles.1rmg.com/wp-content/uploads/2022/02/28150505/1983.pdf
1983-09-18,1983,3,REG,1983_03_LA_GB,nfl-jan-stenerud,Jan Stenerud,GB,LA,3,3,2,2,"38,36",https://media.eagles.1rmg.com/wp-content/uploads/2022/02/28150505/1983.pdf
1983-09-18,1983,3,REG,1983_03_MIN_TB,nfl-benny-ricardo,Benny Ricardo,MIN,TB,1,1,4,4,"29,37,38,42",https://media.eagles.1rmg.com/wp-content/uploads/2022/02/28150505/1983.pdf
1983-09-18,1983,3,REG,1983_03_NYG_DAL,nfl-ali-haji-sheikh,Ali Haji-Sheikh,NYG,DAL,1,1,2,2,"31,27",https://media.eagles.1rmg.com/wp-content/uploads/2022/02/28150505/1983.pdf
1983-09-18,1983,3,REG,1983_03_PHI_DEN,nfl-tony-franklin-2,Tony Franklin,PHI,DEN,1,1,2,3,"20,43",https://media.eagles.1rmg.com/wp-content/uploads/2022/02/28150505/1983.pdf
1983-09-18,1983,3,REG,1983_03_PIT_HOU,nfl-gary-anderson,Gary Anderson,PIT,HOU,4,4,4,4,"49,35,20,22",https://media.eagles.1rmg.com/wp-content/uploads/2022/02/28150505/1983.pdf
1983-09-18,1983,3,REG,1983_03_SD_SEA,nfl-norm-johnson,Norm Johnson,SEA,SD,4,4,2,3,"33,43",https://media.eagles.1rmg.com/wp-content/uploads/2022/02/28150505/1983.pdf
1983-09-25,1983,4,REG,1983_04_CHI_BAL,nfl-bob-thomas,Bob Thomas,CHI,BAL,1,2,2,3,"45,21",https://media.eagles.1rmg.com/wp-content/uploads/2022/02/28150505/1983.pdf
1983-09-25,1983,4,REG,1983_04_CHI_BAL,nfl-raul-allegre,Raul Allegre,BAL,CHI,1,2,3,4,"37,47,33",https://media.eagles.1rmg.com/wp-content/uploads/2022/02/28150505/1983.pdf
1983-09-26,1983,4,REG,1983_04_GB_NYG,nfl-ali-haji-sheikh,Ali Haji-Sheikh,NYG,GB,3,3,2,2,"56,32",https://media.eagles.1rmg.com/wp-content/uploads/2022/02/28150505/1983.pdf
1983-09-25,1983,4,REG,1983_04_HOU_BUF,nfl-florian-kempf,Florian Kempf,HOU,BUF,1,1,2,2,"31,26",https://media.eagles.1rmg.com/wp-content/uploads/2022/02/28150505/1983.pdf
1983-09-25,1983,4,REG,1983_04_KC_MIA,nfl-nick-lowery,Nick Lowery,KC,MIA,0,0,2,2,"45,46",https://media.eagles.1rmg.com/wp-content/uploads/2022/02/28150505/1983.pdf
1983-09-25,1983,4,REG,1983_04_LA_NYJ,nfl-pat-leahy,Pat Leahy,NYJ,LA,3,3,2,3,"22,26",https://media.eagles.1rmg.com/wp-content/uploads/2022/02/28150505/1983.pdf
1983-09-25,1983,4,REG,1983_04_NE_PIT,nfl-gary-anderson,Gary Anderson,PIT,NE,2,2,3,3,"20,34,28",https://media.eagles.1rmg.com/wp-content/uploads/2022/02/28150505/1983.pdf
1983-09-25,1983,4,REG,1983_04_NO_DAL,nfl-morten-andersen,Morten Andersen,NO,DAL,2,2,2,4,"19,42",https://media.eagles.1rmg.com/wp-content/uploads/2022/02/28150505/1983.pdf
1983-09-25,1983,4,REG,1983_04_NO_DAL,nfl-rafael-septien,Rafael Septien,DAL,NO,1,2,2,2,"41,34",https://media.eagles.1rmg.com/wp-content/uploads/2022/02/28150505/1983.pdf
1983-10-02,1983,5,REG,1983_05_BAL_CIN,nfl-raul-allegre,Raul Allegre,BAL,CIN,4,4,2,2,"29,53",https://media.eagles.1rmg.com/wp-content/uploads/2022/02/28150505/1983.pdf
1983-10-02,1983,5,REG,1983_05_DAL_MIN,nfl-rafael-septien,Rafael Septien,DAL,MIN,4,4,3,4,"45,45,35",https://media.eagles.1rmg.com/wp-content/uploads/2022/02/28150505/1983.pdf
1983-10-03,1983,5,REG,1983_05_NYJ_BUF,nfl-pat-leahy,Pat Leahy,NYJ,BUF,4,4,2,3,"19,42",https://media.eagles.1rmg.com/wp-content/uploads/2022/02/28150505/1983.pdf
1983-10-02,1983,5,REG,1983_05_SD_NYG,nfl-ali-haji-sheikh,Ali Haji-Sheikh,NYG,SD,4,4,2,2,"20,37",https://media.eagles.1rmg.com/wp-content/uploads/2022/02/28150505/1983.pdf
1983-10-02,1983,5,REG,1983_05_SD_NYG,nfl-rolf-benirschke,Rolf Benirschke,SD,NYG,5,5,2,2,"40,37",https://media.eagles.1rmg.com/wp-content/uploads/2022/02/28150505/1983.pdf
1983-10-02,1983,5,REG,1983_05_SF_NE,nfl-ray-wersching,Ray Wersching,SF,NE,3,3,4,4,"45,35,36,24",https://media.eagles.1rmg.com/wp-content/uploads/2022/02/28150505/1983.pdf
1983-10-02,1983,5,REG,1983_05_TB_GB,nfl-jan-stenerud,Jan Stenerud,GB,TB,7,7,2,2,"19,27",https://media.eagles.1rmg.com/wp-content/uploads/2022/02/28150505/1983.pdf
1983-10-09,1983,6,REG,1983_06_DEN_HOU,nfl-rich-karlis,Rich Karlis,DEN,HOU,2,2,4,5,"45,39,49,35",https://media.eagles.1rmg.com/wp-content/uploads/2022/02/28150505/1983.pdf
1983-10-09,1983,6,REG,1983_06_MIN_CHI,nfl-benny-ricardo,Benny Ricardo,MIN,CHI,2,2,3,3,"22,32,30",https://media.eagles.1rmg.com/wp-content/uploads/2022/02/28150505/1983.pdf
1983-10-09,1983,6,REG,1983_06_NO_ATL,nfl-morten-andersen,Morten Andersen,NO,ATL,1,1,4,4,"23,27,19,35",https://media.eagles.1rmg.com/wp-content/uploads/2022/02/28150505/1983.pdf
1983-10-09,1983,6,REG,1983_06_PHI_NYG,nfl-ali-haji-sheikh,Ali Haji-Sheikh,NYG,PHI,1,1,2,2,"21,37",https://media.eagles.1rmg.com/wp-content/uploads/2022/02/28150505/1983.pdf
1983-10-09,1983,6,REG,1983_06_TB_DAL,nfl-rafael-septien,Rafael Septien,DAL,TB,3,3,2,3,"41,42",https://media.eagles.1rmg.com/wp-content/uploads/2022/02/28150505/1983.pdf
1983-10-16,1983,7,REG,1983_07_BUF_BAL,nfl-joe-danelo,Joe Danelo,BUF,BAL,3,3,3,4,"23,40,30",https://media.eagles.1rmg.com/wp-content/uploads/2022/02/28150505/1983.pdf
1983-10-16,1983,7,REG,1983_07_CLE_PIT,nfl-gary-anderson,Gary Anderson,PIT,CLE,5,5,3,3,"18,29,26",https://media.eagles.1rmg.com/wp-content/uploads/2022/02/28150505/1983.pdf
1983-10-16,1983,7,REG,1983_07_PHI_DAL,nfl-rafael-septien,Rafael Septien,DAL,PHI,4,4,3,3,"31,46,34",https://media.eagles.1rmg.com/wp-content/uploads/2022/02/28150505/1983.pdf
1983-10-16,1983,7,REG,1983_07_SF_NO,nfl-morten-andersen,Morten Andersen,NO,SF,1,1,2,2,"28,26",https://media.eagles.1rmg.com/wp-content/uploads/2022/02/28150505/1983.pdf
1983-10-16,1983,7,REG,1983_07_SF_NO,nfl-ray-wersching,Ray Wersching,SF,NO,2,2,6,6,"23,32,47,52,24,23",https://media.eagles.1rmg.com/wp-content/uploads/2022/02/28150505/1983.pdf
1983-10-17,1983,7,REG,1983_07_WAS_GB,nfl-jan-stenerud,Jan Stenerud,GB,WAS,6,6,2,2,"47,20",https://media.eagles.1rmg.com/wp-content/uploads/2022/02/28150505/1983.pdf
1983-10-17,1983,7,REG,1983_07_WAS_GB,nfl-mark-moseley,Mark Moseley,WAS,GB,5,5,4,5,"42,28,31,28",https://media.eagles.1rmg.com/wp-content/uploads/2022/02/28150505/1983.pdf
1983-10-23,1983,8,REG,1983_08_ATL_NYJ,nfl-mick-luckhurst,Mick Luckhurst,ATL,NYJ,3,3,2,2,"32,40",https://media.eagles.1rmg.com/wp-content/uploads/2022/02/28150505/1983.pdf
1983-10-23,1983,8,REG,1983_08_CHI_PHI,nfl-tony-franklin-2,Tony Franklin,PHI,CHI,0,0,2,2,"24,38",https://media.eagles.1rmg.com/wp-content/uploads/2022/02/28150505/1983.pdf
1983-10-23,1983,8,REG,1983_08_KC_HOU,nfl-nick-lowery,Nick Lowery,KC,HOU,1,1,2,3,"31,41",https://media.eagles.1rmg.com/wp-content/uploads/2022/02/28150505/1983.pdf
1983-10-24,1983,8,REG,1983_08_NYG_STL,nfl-ali-haji-sheikh,Ali Haji-Sheikh,NYG,STL,2,2,2,3,"40,28",https://media.eagles.1rmg.com/wp-content/uploads/2022/02/28150505/1983.pdf
1983-10-23,1983,8,REG,1983_08_PIT_SEA,nfl-gary-anderson,Gary Anderson,PIT,SEA,3,3,2,3,"20,32",https://media.eagles.1rmg.com/wp-content/uploads/2022/02/28150505/1983.pdf
1983-10-23,1983,8,REG,1983_08_SD_DEN,nfl-rolf-benirschke,Rolf Benirschke,SD,DEN,0,0,2,3,"29,30",https://media.eagles.1rmg.com/wp-content/uploads/2022/02/28150505/1983.pdf
1983-10-30,1983,9,REG,1983_09_BAL_PHI,nfl-raul-allegre,Raul Allegre,BAL,PHI,1,1,5,6,"38,39,37,42,30",https://media.eagles.1rmg.com/wp-content/uploads/2022/02/28150505/1983.pdf
1983-10-30,1983,9,REG,1983_09_DAL_NYG,nfl-ali-haji-sheikh,Ali Haji-Sheikh,NYG,DAL,2,2,2,2,"27,29",https://media.eagles.1rmg.com/wp-content/uploads/2022/02/28150505/1983.pdf
1983-10-30,1983,9,REG,1983_09_HOU_CLE,nfl-florian-kempf,Florian Kempf,HOU,CLE,1,2,2,2,"19,24",https://media.eagles.1rmg.com/wp-content/uploads/2022/02/28150505/1983.pdf
1983-10-30,1983,9,REG,1983_09_KC_DEN,nfl-rich-karlis,Rich Karlis,DEN,KC,3,3,2,4,"31,27",https://media.eagles.1rmg.com/wp-content/uploads/2022/02/28150505/1983.pdf
1983-10-30,1983,9,REG,1983_09_NYJ_SF,nfl-pat-leahy,Pat Leahy,NYJ,SF,3,3,2,3,"49,46",https://media.eagles.1rmg.com/wp-content/uploads/2022/02/28150505/1983.pdf
1983-10-30,1983,9,REG,1983_09_NYJ_SF,nfl-ray-wersching,Ray Wersching,SF,NYJ,1,1,2,3,"45,24",https://media.eagles.1rmg.com/wp-content/uploads/2022/02/28150505/1983.pdf
1983-10-30,1983,9,REG,1983_09_TB_PIT,nfl-bill-capece,Bill Capece,TB,PIT,0,0,4,5,"26,49,27,28",https://media.eagles.1rmg.com/wp-content/uploads/2022/02/28150505/1983.pdf
1983-10-31,1983,9,REG,1983_09_WAS_SD,nfl-mark-moseley,Mark Moseley,WAS,SD,3,3,2,6,"43,37",https://media.eagles.1rmg.com/wp-content/uploads/2022/02/28150505/1983.pdf
1983-11-06,1983,10,REG,1983_10_CIN_HOU,nfl-jim-breech,Jim Breech,CIN,HOU,6,6,2,2,"44,29",https://media.eagles.1rmg.com/wp-content/uploads/2022/02/28150505/1983.pdf
1983-11-06,1983,10,REG,1983_10_DAL_PHI,nfl-rafael-septien,Rafael Septien,DAL,PHI,3,3,2,2,"39,23",https://media.eagles.1rmg.com/wp-content/uploads/2022/02/28150505/1983.pdf
1983-11-06,1983,10,REG,1983_10_DAL_PHI,nfl-tony-franklin-2,Tony Franklin,PHI,DAL,2,2,2,3,"19,37",https://media.eagles.1rmg.com/wp-content/uploads/2022/02/28150505/1983.pdf
1983-11-06,1983,10,REG,1983_10_DEN_SEA,nfl-norm-johnson,Norm Johnson,SEA,DEN,3,3,2,4,"42,18",https://media.eagles.1rmg.com/wp-content/uploads/2022/02/28150505/1983.pdf
1983-11-06,1983,10,REG,1983_10_DEN_SEA,nfl-rich-karlis,Rich Karlis,DEN,SEA,1,2,2,3,"38,43",https://media.eagles.1rmg.com/wp-content/uploads/2022/02/28150505/1983.pdf
1983-11-06,1983,10,REG,1983_10_MIA_SF,nfl-uwe-von-schamann,Uwe von Schamann,MIA,SF,2,2,2,2,"35,23",https://media.eagles.1rmg.com/wp-content/uploads/2022/02/28150505/1983.pdf
1983-11-07,1983,10,REG,1983_10_NYG_DET,nfl-ali-haji-sheikh,Ali Haji-Sheikh,NYG,DET,0,0,3,3,"27,56,35",https://media.eagles.1rmg.com/wp-content/uploads/2022/02/28150505/1983.pdf
1983-11-07,1983,10,REG,1983_10_NYG_DET,nfl-eddie-murray,Eddie Murray,DET,NYG,1,1,2,2,"35,32",https://media.eagles.1rmg.com/wp-content/uploads/2022/02/28150505/1983.pdf
1983-11-06,1983,10,REG,1983_10_SD_PIT,nfl-gary-anderson,Gary Anderson,PIT,SD,2,2,4,4,"45,30,49,42",https://media.eagles.1rmg.com/wp-content/uploads/2022/02/28150505/1983.pdf
1983-11-13,1983,11,REG,1983_11_CIN_KC,nfl-jim-breech,Jim Breech,CIN,KC,0,1,3,3,"23,31,23",https://media.eagles.1rmg.com/wp-content/uploads/2022/02/28150505/1983.pdf
1983-11-13,1983,11,REG,1983_11_CIN_KC,nfl-nick-lowery,Nick Lowery,KC,CIN,2,2,2,2,"36,43",https://media.eagles.1rmg.com/wp-content/uploads/2022/02/28150505/1983.pdf
1983-11-13,1983,11,REG,1983_11_DET_HOU,nfl-florian-kempf,Florian Kempf,HOU,DET,3,3,2,2,"47,21",https://media.eagles.1rmg.com/wp-content/uploads/2022/02/28150505/1983.pdf
1983-11-13,1983,11,REG,1983_11_GB_MIN,nfl-jan-stenerud,Jan Stenerud,GB,MIN,3,3,2,2,"46,40",https://media.eagles.1rmg.com/wp-content/uploads/2022/02/28150505/1983.pdf
1983-11-14,1983,11,REG,1983_11_LA_ATL,nfl-mick-luckhurst,Mick Luckhurst,ATL,LA,1,1,2,2,"31,23",https://media.eagles.1rmg.com/wp-content/uploads/2022/02/28150505/1983.pdf
1983-11-13,1983,11,REG,1983_11_MIA_NE,nfl-uwe-von-schamann,Uwe von Schamann,MIA,NE,0,0,2,3,"52,29",https://media.eagles.1rmg.com/wp-content/uploads/2022/02/28150505/1983.pdf
1983-11-13,1983,11,REG,1983_11_NO_SF,nfl-ray-wersching,Ray Wersching,SF,NO,3,3,2,3,"33,25",https://media.eagles.1rmg.com/wp-content/uploads/2022/02/28150505/1983.pdf
1983-11-13,1983,11,REG,1983_11_PIT_BAL,nfl-raul-allegre,Raul Allegre,BAL,PIT,1,1,2,3,"46,37",https://media.eagles.1rmg.com/wp-content/uploads/2022/02/28150505/1983.pdf
1983-11-13,1983,11,REG,1983_11_WAS_NYG,nfl-mark-moseley,Mark Moseley,WAS,NYG,3,3,4,4,"47,33,38,32",https://media.eagles.1rmg.com/wp-content/uploads/2022/02/28150505/1983.pdf
1983-11-20,1983,12,REG,1983_12_DET_GB,nfl-eddie-murray,Eddie Murray,DET,GB,2,2,3,4,"31,30,37",https://media.eagles.1rmg.com/wp-content/uploads/2022/02/28150505/1983.pdf
1983-11-20,1983,12,REG,1983_12_DET_GB,nfl-jan-stenerud,Jan Stenerud,GB,DET,2,2,2,3,"36,34",https://media.eagles.1rmg.com/wp-content/uploads/2022/02/28150505/1983.pdf
1983-11-20,1983,12,REG,1983_12_KC_DAL,nfl-rafael-septien,Rafael Septien,DAL,KC,5,5,2,2,"25,40",https://media.eagles.1rmg.com/wp-content/uploads/2022/02/28150505/1983.pdf
1983-11-20,1983,12,REG,1983_12_NYG_PHI,nfl-ali-haji-sheikh,Ali Haji-Sheikh,NYG,PHI,2,2,3,4,"25,48,27",https://media.eagles.1rmg.com/wp-content/uploads/2022/02/28150505/1983.pdf
1983-11-20,1983,12,REG,1983_12_SEA_DEN,nfl-rich-karlis,Rich Karlis,DEN,SEA,3,3,5,5,"42,25,21,38,40",https://media.eagles.1rmg.com/wp-content/uploads/2022/02/28150505/1983.pdf
1983-11-20,1983,12,REG,1983_12_WAS_LA,nfl-mark-moseley,Mark Moseley,WAS,LA,4,4,4,6,"42,33,32,19",https://media.eagles.1rmg.com/wp-content/uploads/2022/02/28150505/1983.pdf
1983-11-27,1983,13,REG,1983_13_GB_ATL,nfl-mick-luckhurst,Mick Luckhurst,ATL,GB,5,5,2,2,"44,33",https://media.eagles.1rmg.com/wp-content/uploads/2022/02/28150505/1983.pdf
1983-11-27,1983,13,REG,1983_13_KC_SEA,nfl-norm-johnson,Norm Johnson,SEA,KC,6,6,3,4,"42,42,42",https://media.eagles.1rmg.com/wp-content/uploads/2022/02/28150505/1983.pdf
1983-11-27,1983,13,REG,1983_13_MIN_NO,nfl-benny-ricardo,Benny Ricardo,MIN,NO,1,1,3,4,"31,27,32",https://media.eagles.1rmg.com/wp-content/uploads/2022/02/28150505/1983.pdf
1983-11-27,1983,13,REG,1983_13_NE_NYJ,nfl-pat-leahy,Pat Leahy,NYJ,NE,2,2,4,4,"18,34,35,19",https://media.eagles.1rmg.com/wp-content/uploads/2022/02/28150505/1983.pdf
1983-11-27,1983,13,REG,1983_13_SF_CHI,nfl-bob-thomas,Bob Thomas,CHI,SF,1,1,2,3,"29,23",https://media.eagles.1rmg.com/wp-content/uploads/2022/02/28150505/1983.pdf
1983-12-04,1983,14,REG,1983_14_ATL_WAS,nfl-mark-moseley,Mark Moseley,WAS,ATL,4,4,3,3,"26,51,43",https://media.eagles.1rmg.com/wp-content/uploads/2022/02/28150505/1983.pdf
1983-12-04,1983,14,REG,1983_14_BUF_KC,nfl-nick-lowery,Nick Lowery,KC,BUF,0,0,3,4,"48,25,42",https://media.eagles.1rmg.com/wp-content/uploads/2022/02/28150505/1983.pdf
1983-12-04,1983,14,REG,1983_14_CIN_PIT,nfl-jim-breech,Jim Breech,CIN,PIT,2,2,3,3,"19,27,32",https://media.eagles.1rmg.com/wp-content/uploads/2022/02/28150505/1983.pdf
1983-12-04,1983,14,REG,1983_14_CLE_DEN,nfl-rich-karlis,Rich Karlis,DEN,CLE,3,3,2,2,"20,50",https://media.eagles.1rmg.com/wp-content/uploads/2022/02/28150505/1983.pdf
1983-12-04,1983,14,REG,1983_14_STL_NYG,nfl-ali-haji-sheikh,Ali Haji-Sheikh,NYG,STL,0,0,2,3,"44,44",https://media.eagles.1rmg.com/wp-content/uploads/2022/02/28150505/1983.pdf
1983-12-11,1983,15,REG,1983_15_BAL_DEN,nfl-raul-allegre,Raul Allegre,BAL,DEN,1,1,4,5,"42,55,41,26",https://media.eagles.1rmg.com/wp-content/uploads/2022/02/28150505/1983.pdf
1983-12-11,1983,15,REG,1983_15_DET_CIN,nfl-eddie-murray,Eddie Murray,DET,CIN,0,0,3,5,"54,37,29",https://media.eagles.1rmg.com/wp-content/uploads/2022/02/28150505/1983.pdf
1983-12-12,1983,15,REG,1983_15_GB_TB,nfl-jan-stenerud,Jan Stenerud,GB,TB,0,0,4,4,"35,32,23,23",https://media.eagles.1rmg.com/wp-content/uploads/2022/02/28150505/1983.pdf
1983-12-11,1983,15,REG,1983_15_KC_SD,nfl-rolf-benirschke,Rolf Benirschke,SD,KC,5,5,2,2,"27,28",https://media.eagles.1rmg.com/wp-content/uploads/2022/02/28150505/1983.pdf
1983-12-11,1983,15,REG,1983_15_NO_PHI,nfl-morten-andersen,Morten Andersen,NO,PHI,2,2,2,2,"52,50",https://media.eagles.1rmg.com/wp-content/uploads/2022/02/28150505/1983.pdf
1983-12-10,1983,15,REG,1983_15_PIT_NYJ,nfl-gary-anderson,Gary Anderson,PIT,NYJ,4,4,2,2,"29,40",https://media.eagles.1rmg.com/wp-content/uploads/2022/02/28150505/1983.pdf
1983-12-11,1983,15,REG,1983_15_SEA_NYG,nfl-ali-haji-sheikh,Ali Haji-Sheikh,NYG,SEA,0,0,4,5,"48,44,25,32",https://media.eagles.1rmg.com/wp-content/uploads/2022/02/28150505/1983.pdf
1983-12-11,1983,15,REG,1983_15_SF_BUF,nfl-ray-wersching,Ray Wersching,SF,BUF,2,2,3,4,"37,29,30",https://media.eagles.1rmg.com/wp-content/uploads/2022/02/28150505/1983.pdf
1983-12-18,1983,16,REG,1983_16_DEN_KC,nfl-nick-lowery,Nick Lowery,KC,DEN,6,6,2,2,"38,43",https://media.eagles.1rmg.com/wp-content/uploads/2022/02/28150505/1983.pdf
1983-12-18,1983,16,REG,1983_16_HOU_BAL,nfl-raul-allegre,Raul Allegre,BAL,HOU,2,2,2,2,"48,37",https://media.eagles.1rmg.com/wp-content/uploads/2022/02/28150505/1983.pdf
1983-12-17,1983,16,REG,1983_16_NYG_WAS,nfl-ali-haji-sheikh,Ali Haji-Sheikh,NYG,WAS,1,1,5,6,"20,39,19,45,28",https://media.eagles.1rmg.com/wp-content/uploads/2022/02/28150505/1983.pdf
1983-12-16,1983,16,REG,1983_16_NYJ_MIA,nfl-uwe-von-schamann,Uwe von Schamann,MIA,NYJ,4,4,2,3,"49,20",https://media.eagles.1rmg.com/wp-content/uploads/2022/02/28150505/1983.pdf
1983-12-18,1983,16,REG,1983_16_TB_DET,nfl-eddie-murray,Eddie Murray,DET,TB,2,2,3,4,"34,36,38",https://media.eagles.1rmg.com/wp-content/uploads/2022/02/28150505/1983.pdf
1984-09-03,1984,1,REG,1984_01_CLE_SEA,nfl-norm-johnson,Norm Johnson,SEA,CLE,3,3,4,4,"22,50,41,24",https://media.eagles.1rmg.com/wp-content/uploads/2022/02/28150546/1984.pdf
1984-09-03,1984,1,REG,1984_01_DAL_LA,nfl-rafael-septien,Rafael Septien,DAL,LA,2,2,2,2,"31,52",https://media.eagles.1rmg.com/wp-content/uploads/2022/02/28150546/1984.pdf
1984-09-02,1984,1,REG,1984_01_KC_PIT,nfl-nick-lowery,Nick Lowery,KC,PIT,4,4,3,3,"37,47,37",https://media.eagles.1rmg.com/wp-content/uploads/2022/02/28150546/1984.pdf
1984-09-02,1984,1,REG,1984_01_PHI_NYG,nfl-paul-mcfadden,Paul McFadden,PHI,NYG,3,3,2,3,"47,41",https://media.eagles.1rmg.com/wp-content/uploads/2022/02/28150546/1984.pdf
1984-09-02,1984,1,REG,1984_01_SD_MIN,nfl-jan-stenerud,Jan Stenerud,MIN,SD,1,1,2,2,"41,52",https://media.eagles.1rmg.com/wp-content/uploads/2022/02/28150546/1984.pdf
1984-09-02,1984,1,REG,1984_01_TB_CHI,nfl-bob-thomas,Bob Thomas,CHI,TB,4,4,2,3,"29,32",https://media.eagles.1rmg.com/wp-content/uploads/2022/02/28150546/1984.pdf
1984-09-09,1984,2,REG,1984_02_DEN_CHI,nfl-bob-thomas,Bob Thomas,CHI,DEN,3,3,2,2,"38,26",https://media.eagles.1rmg.com/wp-content/uploads/2022/02/28150546/1984.pdf
1984-09-09,1984,2,REG,1984_02_DET_ATL,nfl-eddie-murray,Eddie Murray,DET,ATL,3,3,2,4,"46,48",https://media.eagles.1rmg.com/wp-content/uploads/2022/02/28150546/1984.pdf
1984-09-09,1984,2,REG,1984_02_KC_CIN,nfl-nick-lowery,Nick Lowery,KC,CIN,3,3,2,2,"52,40",https://media.eagles.1rmg.com/wp-content/uploads/2022/02/28150546/1984.pdf
1984-09-09,1984,2,REG,1984_02_MIN_PHI,nfl-paul-mcfadden,Paul McFadden,PHI,MIN,1,1,4,4,"27,37,49,37",https://media.eagles.1rmg.com/wp-content/uploads/2022/02/28150546/1984.pdf
1984-09-06,1984,2,REG,1984_02_PIT_NYJ,nfl-gary-anderson,Gary Anderson,PIT,NYJ,2,2,3,6,"32,43,27",https://media.eagles.1rmg.com/wp-content/uploads/2022/02/28150546/1984.pdf
1984-09-10,1984,2,REG,1984_02_WAS_SF,nfl-ray-wersching,Ray Wersching,SF,WAS,4,4,3,3,"19,46,38",https://media.eagles.1rmg.com/wp-content/uploads/2022/02/28150546/1984.pdf
1984-09-16,1984,3,REG,1984_03_ATL_MIN,nfl-jan-stenerud,Jan Stenerud,MIN,ATL,3,3,2,3,"22,54",https://media.eagles.1rmg.com/wp-content/uploads/2022/02/28150546/1984.pdf
1984-09-16,1984,3,REG,1984_03_ATL_MIN,nfl-mick-luckhurst,Mick Luckhurst,ATL,MIN,2,2,2,2,"33,43",https://media.eagles.1rmg.com/wp-content/uploads/2022/02/28150546/1984.pdf
1984-09-16,1984,3,REG,1984_03_CHI_GB,nfl-bob-thomas,Bob Thomas,CHI,GB,0,0,3,3,"18,49,28",https://media.eagles.1rmg.com/wp-content/uploads/2022/02/28150546/1984.pdf
1984-09-16,1984,3,REG,1984_03_CIN_NYJ,nfl-pat-leahy,Pat Leahy,NYJ,CIN,4,4,5,5,"22,39,32,36,29",https://media.eagles.1rmg.com/wp-content/uploads/2022/02/28150546/1984.pdf
1984-09-16,1984,3,REG,1984_03_NO_SF,nfl-morten-andersen,Morten Andersen,NO,SF,2,2,2,3,"32,41",https://media.eagles.1rmg.com/wp-content/uploads/2022/02/28150546/1984.pdf
1984-09-16,1984,3,REG,1984_03_NO_SF,nfl-ray-wersching,Ray Wersching,SF,NO,3,3,3,4,"31,22,40",https://media.eagles.1rmg.com/wp-content/uploads/2022/02/28150546/1984.pdf
1984-09-16,1984,3,REG,1984_03_PHI_DAL,nfl-rafael-septien,Rafael Septien,DAL,PHI,2,2,3,4,"47,51,30",https://media.eagles.1rmg.com/wp-content/uploads/2022/02/28150546/1984.pdf
1984-09-16,1984,3,REG,1984_03_STL_IND,nfl-dean-biasucci,Dean Biasucci,IND,STL,3,4,2,2,"21,50",https://media.eagles.1rmg.com/wp-content/uploads/2022/02/28150546/1984.pdf
1984-09-23,1984,4,REG,1984_04_GB_DAL,nfl-rafael-septien,Rafael Septien,DAL,GB,2,2,2,2,"32,42",https://media.eagles.1rmg.com/wp-content/uploads/2022/02/28150546/1984.pdf
1984-09-23,1984,4,REG,1984_04_MIN_DET,nfl-jan-stenerud,Jan Stenerud,MIN,DET,2,2,5,5,"35,32,37,34,19",https://media.eagles.1rmg.com/wp-content/uploads/2022/02/28150546/1984.pdf
1984-09-23,1984,4,REG,1984_04_NYJ_BUF,nfl-joe-danelo,Joe Danelo,BUF,NYJ,2,2,4,5,"52,36,27,20",https://media.eagles.1rmg.com/wp-content/uploads/2022/02/28150546/1984.pdf
1984-09-23,1984,4,REG,1984_04_SF_PHI,nfl-paul-mcfadden,Paul McFadden,PHI,SF,0,0,3,3,"35,32,33",https://media.eagles.1rmg.com/wp-content/uploads/2022/02/28150546/1984.pdf
1984-09-23,1984,4,REG,1984_04_STL_NO,nfl-morten-andersen,Morten Andersen,NO,STL,4,4,2,2,"25,29",https://media.eagles.1rmg.com/wp-content/uploads/2022/02/28150546/1984.pdf
1984-09-23,1984,4,REG,1984_04_WAS_NE,nfl-mark-moseley,Mark Moseley,WAS,NE,2,2,4,4,"19,42,22,27",https://media.eagles.1rmg.com/wp-content/uploads/2022/02/28150546/1984.pdf
1984-09-30,1984,5,REG,1984_05_DAL_CHI,nfl-rafael-septien,Rafael Septien,DAL,CHI,2,2,3,3,"44,32,23",https://media.eagles.1rmg.com/wp-content/uploads/2022/02/28150546/1984.pdf
1984-09-30,1984,5,REG,1984_05_DET_SD,nfl-rolf-benirschke,Rolf Benirschke,SD,DET,3,3,2,2,"18,41",https://media.eagles.1rmg.com/wp-content/uploads/2022/02/28150546/1984.pdf
1984-09-30,1984,5,REG,1984_05_GB_TB,nfl-eddie-garcia,Eddie Garcia,GB,TB,3,3,2,3,"41,51",https://media.eagles.1rmg.com/wp-content/uploads/2022/02/28150546/1984.pdf
1984-09-30,1984,5,REG,1984_05_MIA_STL,nfl-uwe-von-schamann,Uwe von Schamann,MIA,STL,3,4,3,4,"27,26,27",https://media.eagles.1rmg.com/wp-content/uploads/2022/02/28150546/1984.pdf
1984-09-30,1984,5,REG,1984_05_NO_HOU,nfl-morten-andersen,Morten Andersen,NO,HOU,3,3,2,3,"23,27",https://media.eagles.1rmg.com/wp-content/uploads/2022/02/28150546/1984.pdf
1984-09-30,1984,5,REG,1984_05_PHI_WAS,nfl-mark-moseley,Mark Moseley,WAS,PHI,2,2,2,3,"35,29",https://media.eagles.1rmg.com/wp-content/uploads/2022/02/28150546/1984.pdf
1984-09-30,1984,5,REG,1984_05_SEA_MIN,nfl-jan-stenerud,Jan Stenerud,MIN,SEA,0,0,4,4,"43,44,28,34",https://media.eagles.1rmg.com/wp-content/uploads/2022/02/28150546/1984.pdf
1984-09-30,1984,5,REG,1984_05_SEA_MIN,nfl-norm-johnson,Norm Johnson,SEA,MIN,2,2,2,2,"41,31",https://media.eagles.1rmg.com/wp-content/uploads/2022/02/28150546/1984.pdf
1984-10-07,1984,6,REG,1984_06_ATL_LA,nfl-mick-luckhurst,Mick Luckhurst,ATL,LA,3,3,3,3,"52,50,37",https://media.eagles.1rmg.com/wp-content/uploads/2022/02/28150546/1984.pdf
1984-10-07,1984,6,REG,1984_06_HOU_CIN,nfl-jim-breech,Jim Breech,CIN,HOU,1,1,2,3,"33,22",https://media.eagles.1rmg.com/wp-content/uploads/2022/02/28150546/1984.pdf
1984-10-07,1984,6,REG,1984_06_NO_CHI,nfl-bob-thomas,Bob Thomas,CHI,NO,2,2,2,2,"48,46",https://media.eagles.1rmg.com/wp-content/uploads/2022/02/28150546/1984.pdf
1984-10-07,1984,6,REG,1984_06_PHI_BUF,nfl-paul-mcfadden,Paul McFadden,PHI,BUF,3,3,2,2,"36,22",https://media.eagles.1rmg.com/wp-content/uploads/2022/02/28150546/1984.pdf
1984-10-07,1984,6,REG,1984_06_SD_GB,nfl-rolf-benirschke,Rolf Benirschke,SD,GB,4,4,2,4,"31,39",https://media.eagles.1rmg.com/wp-content/uploads/2022/02/28150546/1984.pdf
1984-10-07,1984,6,REG,1984_06_STL_DAL,nfl-rafael-septien,Rafael Septien,DAL,STL,2,2,2,3,"35,36",https://media.eagles.1rmg.com/wp-content/uploads/2022/02/28150546/1984.pdf
1984-10-14,1984,7,REG,1984_07_CIN_NE,nfl-tony-franklin-2,Tony Franklin,NE,CIN,2,2,2,2,"20,27",https://media.eagles.1rmg.com/wp-content/uploads/2022/02/28150546/1984.pdf
1984-10-14,1984,7,REG,1984_07_DAL_WAS,nfl-mark-moseley,Mark Moseley,WAS,DAL,4,4,2,3,"20,22",https://media.eagles.1rmg.com/wp-content/uploads/2022/02/28150546/1984.pdf
1984-10-14,1984,7,REG,1984_07_IND_PHI,nfl-paul-mcfadden,Paul McFadden,PHI,IND,1,1,3,3,"34,32,33",https://media.eagles.1rmg.com/wp-content/uploads/2022/02/28150546/1984.pdf
1984-10-14,1984,7,REG,1984_07_NYG_ATL,nfl-ali-haji-sheikh,Ali Haji-Sheikh,NYG,ATL,1,1,2,5,"41,34",https://media.eagles.1rmg.com/wp-content/uploads/2022/02/28150546/1984.pdf
1984-10-14,1984,7,REG,1984_07_PIT_SF,nfl-gary-anderson,Gary Anderson,PIT,SF,2,2,2,2,"48,21",https://media.eagles.1rmg.com/wp-content/uploads/2022/02/28150546/1984.pdf
1984-10-14,1984,7,REG,1984_07_SD_KC,nfl-benny-ricardo,Benny Ricardo,SD,KC,1,1,2,2,"38,42",https://media.eagles.1rmg.com/wp-content/uploads/2022/02/28150546/1984.pdf
1984-10-21,1984,8,REG,1984_08_CLE_CIN,nfl-jim-breech,Jim Breech,CIN,CLE,0,0,4,4,"24,23,25,33",https://media.eagles.1rmg.com/wp-content/uploads/2022/02/28150546/1984.pdf
1984-10-21,1984,8,REG,1984_08_DEN_BUF,nfl-rich-karlis,Rich Karlis,DEN,BUF,4,4,3,3,"45,45,40",https://media.eagles.1rmg.com/wp-content/uploads/2022/02/28150546/1984.pdf
1984-10-21,1984,8,REG,1984_08_DET_MIN,nfl-eddie-murray,Eddie Murray,DET,MIN,1,1,3,3,"44,41,41",https://media.eagles.1rmg.com/wp-content/uploads/2022/02/28150546/1984.pdf
1984-10-21,1984,8,REG,1984_08_NO_DAL,nfl-morten-andersen,Morten Andersen,NO,DAL,3,3,2,3,"49,50",https://media.eagles.1rmg.com/wp-content/uploads/2022/02/28150546/1984.pdf
1984-10-21,1984,8,REG,1984_08_NO_DAL,nfl-rafael-septien,Rafael Septien,DAL,NO,3,3,3,3,"37,27,41",https://media.eagles.1rmg.com/wp-content/uploads/2022/02/28150546/1984.pdf
1984-10-21,1984,8,REG,1984_08_SEA_GB,nfl-norm-johnson,Norm Johnson,SEA,GB,3,3,3,3,"29,39,45",https://media.eagles.1rmg.com/wp-content/uploads/2022/02/28150546/1984.pdf
1984-10-21,1984,8,REG,1984_08_SF_HOU,nfl-ray-wersching,Ray Wersching,SF,HOU,4,4,2,2,"26,22",https://media.eagles.1rmg.com/wp-content/uploads/2022/02/28150546/1984.pdf
1984-10-28,1984,9,REG,1984_09_DET_GB,nfl-al-del-greco,Al Del Greco,GB,DET,5,5,2,2,"45,34",https://media.eagles.1rmg.com/wp-content/uploads/2022/02/28150546/1984.pdf
1984-10-28,1984,9,REG,1984_09_DET_GB,nfl-eddie-murray,Eddie Murray,DET,GB,0,0,3,3,"46,37,41",https://media.eagles.1rmg.com/wp-content/uploads/2022/02/28150546/1984.pdf
1984-10-28,1984,9,REG,1984_09_IND_DAL,nfl-rafael-septien,Rafael Septien,DAL,IND,1,2,3,3,"19,19,24",https://media.eagles.1rmg.com/wp-content/uploads/2022/02/28150546/1984.pdf
1984-10-28,1984,9,REG,1984_09_NO_CLE,nfl-morten-andersen,Morten Andersen,NO,CLE,1,1,3,3,"26,21,53",https://media.eagles.1rmg.com/wp-content/uploads/2022/02/28150546/1984.pdf
1984-10-28,1984,9,REG,1984_09_NYJ_NE,nfl-pat-leahy,Pat Leahy,NYJ,NE,2,2,2,2,"46,18",https://media.eagles.1rmg.com/wp-content/uploads/2022/02/28150546/1984.pdf
1984-10-28,1984,9,REG,1984_09_NYJ_NE,nfl-tony-franklin-2,Tony Franklin,NE,NYJ,3,3,3,3,"20,27,47",https://media.eagles.1rmg.com/wp-content/uploads/2022/02/28150546/1984.pdf
1984-10-28,1984,9,REG,1984_09_SF_LA,nfl-ray-wersching,Ray Wersching,SF,LA,3,3,2,2,"46,46",https://media.eagles.1rmg.com/wp-content/uploads/2022/02/28150546/1984.pdf
1984-10-28,1984,9,REG,1984_09_WAS_NYG,nfl-mark-moseley,Mark Moseley,WAS,NYG,1,1,2,3,"23,33",https://media.eagles.1rmg.com/wp-content/uploads/2022/02/28150546/1984.pdf
1984-11-04,1984,10,REG,1984_10_CIN_SF,nfl-ray-wersching,Ray Wersching,SF,CIN,2,2,3,3,"29,35,24",https://media.eagles.1rmg.com/wp-content/uploads/2022/02/28150546/1984.pdf
1984-11-04,1984,10,REG,1984_10_GB_NO,nfl-al-del-greco,Al Del Greco,GB,NO,2,2,3,3,"41,34,41",https://media.eagles.1rmg.com/wp-content/uploads/2022/02/28150546/1984.pdf
1984-11-04,1984,10,REG,1984_10_GB_NO,nfl-morten-andersen,Morten Andersen,NO,GB,1,1,2,2,"35,46",https://media.eagles.1rmg.com/wp-content/uploads/2022/02/28150546/1984.pdf
1984-11-04,1984,10,REG,1984_10_NE_DEN,nfl-tony-franklin-2,Tony Franklin,NE,DEN,1,1,4,5,"30,40,47,19",https://media.eagles.1rmg.com/wp-content/uploads/2022/02/28150546/1984.pdf
1984-11-04,1984,10,REG,1984_10_NYG_DAL,nfl-ali-haji-sheikh,Ali Haji-Sheikh,NYG,DAL,1,1,4,4,"40,38,23,27",https://media.eagles.1rmg.com/wp-content/uploads/2022/02/28150546/1984.pdf
1984-11-04,1984,10,REG,1984_10_PHI_DET,nfl-eddie-murray,Eddie Murray,DET,PHI,2,2,3,4,"32,33,18",https://media.eagles.1rmg.com/wp-content/uploads/2022/02/28150546/1984.pdf
1984-11-04,1984,10,REG,1984_10_PHI_DET,nfl-paul-mcfadden,Paul McFadden,PHI,DET,2,2,3,3,"52,51,40",https://media.eagles.1rmg.com/wp-content/uploads/2022/02/28150546/1984.pdf
1984-11-04,1984,10,REG,1984_10_TB_MIN,nfl-jan-stenerud,Jan Stenerud,MIN,TB,3,3,2,2,"30,53",https://media.eagles.1rmg.com/wp-content/uploads/2022/02/28150546/1984.pdf
1984-11-11,1984,11,REG,1984_11_CHI_LA,nfl-bob-thomas,Bob Thomas,CHI,LA,1,1,2,2,"20,52",https://media.eagles.1rmg.com/wp-content/uploads/2022/02/28150546/1984.pdf
1984-11-11,1984,11,REG,1984_11_DEN_SD,nfl-rich-karlis,Rich Karlis,DEN,SD,1,1,3,4,"44,45,37",https://media.eagles.1rmg.com/wp-content/uploads/2022/02/28150546/1984.pdf
1984-11-11,1984,11,REG,1984_11_DEN_SD,nfl-rolf-benirschke,Rolf Benirschke,SD,DEN,1,1,2,3,"49,43",https://media.eagles.1rmg.com/wp-content/uploads/2022/02/28150546/1984.pdf
1984-11-11,1984,11,REG,1984_11_HOU_KC,nfl-nick-lowery,Nick Lowery,KC,HOU,1,1,3,3,"31,38,33",https://media.eagles.1rmg.com/wp-content/uploads/2022/02/28150546/1984.pdf
1984-11-11,1984,11,REG,1984_11_IND_NYJ,nfl-raul-allegre,Raul Allegre,IND,NYJ,0,0,3,5,"44,46,25",https://media.eagles.1rmg.com/wp-content/uploads/2022/02/28150546/1984.pdf
1984-11-11,1984,11,REG,1984_11_NO_ATL,nfl-mick-luckhurst,Mick Luckhurst,ATL,NO,1,1,2,3,"39,24",https://media.eagles.1rmg.com/wp-content/uploads/2022/02/28150546/1984.pdf
1984-11-11,1984,11,REG,1984_11_PIT_CIN,nfl-gary-anderson,Gary Anderson,PIT,CIN,2,2,2,2,"47,21",https://media.eagles.1rmg.com/wp-content/uploads/2022/02/28150546/1984.pdf
1984-11-11,1984,11,REG,1984_11_PIT_CIN,nfl-jim-breech,Jim Breech,CIN,PIT,1,1,3,3,"21,42,28",https://media.eagles.1rmg.com/wp-content/uploads/2022/02/28150546/1984.pdf
1984-11-11,1984,11,REG,1984_11_SF_CLE,nfl-ray-wersching,Ray Wersching,SF,CLE,5,5,2,3,"47,26",https://media.eagles.1rmg.com/wp-content/uploads/2022/02/28150546/1984.pdf
1984-11-18,1984,12,REG,1984_12_DET_CHI,nfl-bob-thomas,Bob Thomas,CHI,DET,1,1,3,3,"24,52,19",https://media.eagles.1rmg.com/wp-content/uploads/2022/02/28150546/1984.pdf
1984-11-18,1984,12,REG,1984_12_NE_IND,nfl-tony-franklin-2,Tony Franklin,NE,IND,6,6,2,2,"28,40",https://media.eagles.1rmg.com/wp-content/uploads/2022/02/28150546/1984.pdf
1984-11-19,1984,12,REG,1984_12_PIT_NO,nfl-morten-andersen,Morten Andersen,NO,PIT,3,3,2,2,"27,32",https://media.eagles.1rmg.com/wp-content/uploads/2022/02/28150546/1984.pdf
1984-11-18,1984,12,REG,1984_12_SEA_CIN,nfl-jim-breech,Jim Breech,CIN,SEA,0,0,2,2,"30,33",https://media.eagles.1rmg.com/wp-content/uploads/2022/02/28150546/1984.pdf
1984-11-18,1984,12,REG,1984_12_STL_NYG,nfl-ali-haji-sheikh,Ali Haji-Sheikh,NYG,STL,1,1,3,5,"34,39,45",https://media.eagles.1rmg.com/wp-content/uploads/2022/02/28150546/1984.pdf
1984-11-18,1984,12,REG,1984_12_WAS_PHI,nfl-paul-mcfadden,Paul McFadden,PHI,WAS,1,1,3,4,"43,34,41",https://media.eagles.1rmg.com/wp-content/uploads/2022/02/28150546/1984.pdf
1984-11-25,1984,13,REG,1984_13_BUF_WAS,nfl-mark-moseley,Mark Moseley,WAS,BUF,5,5,2,3,"38,51",https://media.eagles.1rmg.com/wp-content/uploads/2022/02/28150546/1984.pdf
1984-11-25,1984,13,REG,1984_13_CHI_MIN,nfl-bob-thomas,Bob Thomas,CHI,MIN,4,4,2,2,"45,37",https://media.eagles.1rmg.com/wp-content/uploads/2022/02/28150546/1984.pdf
1984-11-25,1984,13,REG,1984_13_KC_NYG,nfl-nick-lowery,Nick Lowery,KC,NYG,3,3,2,2,"41,52",https://media.eagles.1rmg.com/wp-content/uploads/2022/02/28150546/1984.pdf
1984-11-22,1984,13,REG,1984_13_NE_DAL,nfl-rafael-septien,Rafael Septien,DAL,NE,2,2,2,2,"28,23",https://media.eagles.1rmg.com/wp-content/uploads/2022/02/28150546/1984.pdf
1984-11-25,1984,13,REG,1984_13_PHI_STL,nfl-paul-mcfadden,Paul McFadden,PHI,STL,1,1,3,4,"31,43,32",https://media.eagles.1rmg.com/wp-content/uploads/2022/02/28150546/1984.pdf
1984-11-25,1984,13,REG,1984_13_SEA_DEN,nfl-norm-johnson,Norm Johnson,SEA,DEN,3,3,2,3,"33,28",https://media.eagles.1rmg.com/wp-content/uploads/2022/02/28150546/1984.pdf
1984-12-03,1984,14,REG,1984_14_CHI_SD,nfl-rolf-benirschke,Rolf Benirschke,SD,CHI,2,2,2,3,"48,27",https://media.eagles.1rmg.com/wp-content/uploads/2022/02/28150546/1984.pdf
1984-12-02,1984,14,REG,1984_14_CIN_CLE,nfl-jim-breech,Jim Breech,CIN,CLE,2,2,2,3,"22,35",https://media.eagles.1rmg.com/wp-content/uploads/2022/02/28150546/1984.pdf
1984-12-02,1984,14,REG,1984_14_DEN_KC,nfl-nick-lowery,Nick Lowery,KC,DEN,1,1,3,4,"46,28,42",https://media.eagles.1rmg.com/wp-content/uploads/2022/02/28150546/1984.pdf
1984-12-02,1984,14,REG,1984_14_DEN_KC,nfl-rich-karlis,Rich Karlis,DEN,KC,1,1,2,3,"22,37",https://media.eagles.1rmg.com/wp-content/uploads/2022/02/28150546/1984.pdf
1984-12-02,1984,14,REG,1984_14_IND_BUF,nfl-raul-allegre,Raul Allegre,IND,BUF,1,1,2,2,"28,21",https://media.eagles.1rmg.com/wp-content/uploads/2022/02/28150546/1984.pdf
1984-12-02,1984,14,REG,1984_14_NYG_NYJ,nfl-ali-haji-sheikh,Ali Haji-Sheikh,NYG,NYJ,2,2,2,2,"48,30",https://media.eagles.1rmg.com/wp-content/uploads/2022/02/28150546/1984.pdf
1984-12-02,1984,14,REG,1984_14_PIT_HOU,nfl-gary-anderson,Gary Anderson,PIT,HOU,2,2,2,2,"32,24",https://media.eagles.1rmg.com/wp-content/uploads/2022/02/28150546/1984.pdf
1984-12-02,1984,14,REG,1984_14_PIT_HOU,nfl-joe-cooper,Joe Cooper,HOU,PIT,2,2,3,3,"19,38,30",https://media.eagles.1rmg.com/wp-content/uploads/2022/02/28150546/1984.pdf
1984-12-09,1984,15,REG,1984_15_ATL_TB,nfl-mick-luckhurst,Mick Luckhurst,ATL,TB,0,0,2,2,"33,49",https://media.eagles.1rmg.com/wp-content/uploads/2022/02/28150546/1984.pdf
1984-12-09,1984,15,REG,1984_15_CLE_PIT,nfl-gary-anderson,Gary Anderson,PIT,CLE,2,2,3,3,"40,22,34",https://media.eagles.1rmg.com/wp-content/uploads/2022/02/28150546/1984.pdf
1984-12-09,1984,15,REG,1984_15_HOU_LA,nfl-joe-cooper,Joe Cooper,HOU,LA,1,1,3,3,"21,42,18",https://media.eagles.1rmg.com/wp-content/uploads/2022/02/28150546/1984.pdf
1984-12-08,1984,15,REG,1984_15_MIN_SF,nfl-ray-wersching,Ray Wersching,SF,MIN,6,6,3,3,"41,25,38",https://media.eagles.1rmg.com/wp-content/uploads/2022/02/28150546/1984.pdf
1984-12-09,1984,15,REG,1984_15_NE_PHI,nfl-paul-mcfadden,Paul McFadden,PHI,NE,3,3,2,3,"50,48",https://media.eagles.1rmg.com/wp-content/uploads/2022/02/28150546/1984.pdf
1984-12-09,1984,15,REG,1984_15_SD_DEN,nfl-rich-karlis,Rich Karlis,DEN,SD,1,1,3,3,"30,50,28",https://media.eagles.1rmg.com/wp-content/uploads/2022/02/28150546/1984.pdf
1984-12-09,1984,15,REG,1984_15_SD_DEN,nfl-rolf-benirschke,Rolf Benirschke,SD,DEN,1,1,2,3,"42,41",https://media.eagles.1rmg.com/wp-content/uploads/2022/02/28150546/1984.pdf
1984-12-09,1984,15,REG,1984_15_SEA_KC,nfl-nick-lowery,Nick Lowery,KC,SEA,4,4,2,4,"29,22",https://media.eagles.1rmg.com/wp-content/uploads/2022/02/28150546/1984.pdf
1984-12-09,1984,15,REG,1984_15_WAS_DAL,nfl-mark-moseley,Mark Moseley,WAS,DAL,3,3,3,3,"31,34,21",https://media.eagles.1rmg.com/wp-content/uploads/2022/02/28150546/1984.pdf
1984-12-16,1984,16,REG,1984_16_CHI_DET,nfl-bob-thomas,Bob Thomas,CHI,DET,3,3,3,3,"30,35,42",https://media.eagles.1rmg.com/wp-content/uploads/2022/02/28150546/1984.pdf
1984-12-16,1984,16,REG,1984_16_CHI_DET,nfl-eddie-murray,Eddie Murray,DET,CHI,1,1,2,2,"52,45",https://media.eagles.1rmg.com/wp-content/uploads/2022/02/28150546/1984.pdf
1984-12-16,1984,16,REG,1984_16_CLE_HOU,nfl-joe-cooper,Joe Cooper,HOU,CLE,2,2,2,3,"33,26",https://media.eagles.1rmg.com/wp-content/uploads/2022/02/28150546/1984.pdf
1984-12-16,1984,16,REG,1984_16_IND_NE,nfl-tony-franklin-2,Tony Franklin,NE,IND,1,1,3,3,"21,34,36",https://media.eagles.1rmg.com/wp-content/uploads/2022/02/28150546/1984.pdf
1984-12-16,1984,16,REG,1984_16_PHI_ATL,nfl-mick-luckhurst,Mick Luckhurst,ATL,PHI,2,2,4,5,"38,29,27,34",https://media.eagles.1rmg.com/wp-content/uploads/2022/02/28150546/1984.pdf
1984-12-16,1984,16,REG,1984_16_STL_WAS,nfl-mark-moseley,Mark Moseley,WAS,STL,2,3,3,3,"21,37,37",https://media.eagles.1rmg.com/wp-content/uploads/2022/02/28150546/1984.pdf
1985-09-08,1985,1,REG,1985_01_DET_ATL,nfl-mick-luckhurst,Mick Luckhurst,ATL,DET,2,2,2,2,"46,31",https://media.eagles.1rmg.com/wp-content/uploads/2022/02/28150628/1985.pdf
1985-09-08,1985,1,REG,1985_01_KC_NO,nfl-morten-andersen,Morten Andersen,NO,KC,3,3,2,2,"50,36",https://media.eagles.1rmg.com/wp-content/uploads/2022/02/28150628/1985.pdf
1985-09-08,1985,1,REG,1985_01_KC_NO,nfl-nick-lowery,Nick Lowery,KC,NO,5,5,4,4,"48,52,52,34",https://media.eagles.1rmg.com/wp-content/uploads/2022/02/28150628/1985.pdf
1985-09-08,1985,1,REG,1985_01_MIA_HOU,nfl-fuad-reveiz,Fuad Reveiz,MIA,HOU,2,2,3,3,"33,36,23",https://media.eagles.1rmg.com/wp-content/uploads/2022/02/28150628/1985.pdf
1985-09-08,1985,1,REG,1985_01_MIA_HOU,nfl-tony-zendejas,Tony Zendejas,HOU,MIA,2,3,2,2,"35,46",https://media.eagles.1rmg.com/wp-content/uploads/2022/02/28150628/1985.pdf
1985-09-08,1985,1,REG,1985_01_SD_BUF,nfl-scott-norwood,Scott Norwood,BUF,SD,0,0,3,3,"27,34,29",https://media.eagles.1rmg.com/wp-content/uploads/2022/02/28150628/1985.pdf
1985-09-09,1985,1,REG,1985_01_WAS_DAL,nfl-rafael-septien,Rafael Septien,DAL,WAS,5,5,3,3,"53,39,43",https://media.eagles.1rmg.com/wp-content/uploads/2022/02/28150628/1985.pdf
1985-09-15,1985,2,REG,1985_02_ATL_SF,nfl-mick-luckhurst,Mick Luckhurst,ATL,SF,1,1,3,3,"24,48,29",https://media.eagles.1rmg.com/wp-content/uploads/2022/02/28150628/1985.pdf
1985-09-15,1985,2,REG,1985_02_DAL_DET,nfl-eddie-murray,Eddie Murray,DET,DAL,2,3,2,3,"34,46",https://media.eagles.1rmg.com/wp-content/uploads/2022/02/28150628/1985.pdf
1985-09-15,1985,2,REG,1985_02_HOU_WAS,nfl-tony-zendejas,Tony Zendejas,HOU,WAS,1,1,2,4,"44,35",https://media.eagles.1rmg.com/wp-content/uploads/2022/02/28150628/1985.pdf
1985-09-15,1985,2,REG,1985_02_IND_MIA,nfl-fuad-reveiz,Fuad Reveiz,MIA,IND,3,3,3,4,"22,25,40",https://media.eagles.1rmg.com/wp-content/uploads/2022/02/28150628/1985.pdf
1985-09-15,1985,2,REG,1985_02_LA_PHI,nfl-paul-mcfadden,Paul McFadden,PHI,LA,0,0,2,3,"50,45",https://media.eagles.1rmg.com/wp-content/uploads/2022/02/28150628/1985.pdf
1985-09-15,1985,2,REG,1985_02_NE_CHI,nfl-kevin-butler,Kevin Butler,CHI,NE,2,2,2,2,"21,28",https://media.eagles.1rmg.com/wp-content/uploads/2022/02/28150628/1985.pdf
1985-09-15,1985,2,REG,1985_02_NO_DEN,nfl-rich-karlis,Rich Karlis,DEN,NO,4,4,2,2,"43,48",https://media.eagles.1rmg.com/wp-content/uploads/2022/02/28150628/1985.pdf
1985-09-15,1985,2,REG,1985_02_NYG_GB,nfl-ali-haji-sheikh,Ali Haji-Sheikh,NYG,GB,2,2,2,3,"23,52",https://media.eagles.1rmg.com/wp-content/uploads/2022/02/28150628/1985.pdf
1985-09-22,1985,3,REG,1985_03_CLE_DAL,nfl-rafael-septien,Rafael Septien,DAL,CLE,2,2,2,3,"39,33",https://media.eagles.1rmg.com/wp-content/uploads/2022/02/28150628/1985.pdf
1985-09-22,1985,3,REG,1985_03_DEN_ATL,nfl-rich-karlis,Rich Karlis,DEN,ATL,5,5,3,3,"42,25,47",https://media.eagles.1rmg.com/wp-content/uploads/2022/02/28150628/1985.pdf
1985-09-22,1985,3,REG,1985_03_DET_IND,nfl-eddie-murray,Eddie Murray,DET,IND,0,0,2,2,"37,35",https://media.eagles.1rmg.com/wp-content/uploads/2022/02/28150628/1985.pdf
1985-09-22,1985,3,REG,1985_03_HOU_PIT,nfl-gary-anderson,Gary Anderson,PIT,HOU,2,2,2,3,"37,38",https://media.eagles.1rmg.com/wp-content/uploads/2022/02/28150628/1985.pdf
1985-09-22,1985,3,REG,1985_03_PHI_WAS,nfl-mark-moseley,Mark Moseley,WAS,PHI,0,0,2,3,"41,26",https://media.eagles.1rmg.com/wp-content/uploads/2022/02/28150628/1985.pdf
1985-09-22,1985,3,REG,1985_03_PHI_WAS,nfl-paul-mcfadden,Paul McFadden,PHI,WAS,1,1,4,4,"41,36,37,34",https://media.eagles.1rmg.com/wp-content/uploads/2022/02/28150628/1985.pdf
1985-09-22,1985,3,REG,1985_03_SD_CIN,nfl-bob-thomas,Bob Thomas,SD,CIN,5,5,3,4,"20,28,34",https://media.eagles.1rmg.com/wp-content/uploads/2022/02/28150628/1985.pdf
1985-09-22,1985,3,REG,1985_03_STL_NYG,nfl-jess-atkinson,Jess Atkinson,NYG,STL,3,3,2,3,"20,19",https://media.eagles.1rmg.com/wp-content/uploads/2022/02/28150628/1985.pdf
1985-09-22,1985,3,REG,1985_03_TB_NO,nfl-donald-igwebuike,Donald Igwebuike,TB,NO,1,1,2,3,"38,51",https://media.eagles.1rmg.com/wp-content/uploads/2022/02/28150628/1985.pdf
1985-09-22,1985,3,REG,1985_03_TB_NO,nfl-morten-andersen,Morten Andersen,NO,TB,2,2,2,3,"37,40",https://media.eagles.1rmg.com/wp-content/uploads/2022/02/28150628/1985.pdf
1985-09-29,1985,4,REG,1985_04_ATL_LA,nfl-mick-luckhurst,Mick Luckhurst,ATL,LA,0,0,2,2,"44,47",https://media.eagles.1rmg.com/wp-content/uploads/2022/02/28150628/1985.pdf
1985-09-29,1985,4,REG,1985_04_MIA_DEN,nfl-fuad-reveiz,Fuad Reveiz,MIA,DEN,3,3,3,3,"40,24,27",https://media.eagles.1rmg.com/wp-content/uploads/2022/02/28150628/1985.pdf
1985-09-29,1985,4,REG,1985_04_MIA_DEN,nfl-rich-karlis,Rich Karlis,DEN,MIA,2,3,2,2,"43,33",https://media.eagles.1rmg.com/wp-content/uploads/2022/02/28150628/1985.pdf
1985-09-29,1985,4,REG,1985_04_MIN_BUF,nfl-scott-norwood,Scott Norwood,BUF,MIN,2,2,2,2,"49,28",https://media.eagles.1rmg.com/wp-content/uploads/2022/02/28150628/1985.pdf
1985-09-29,1985,4,REG,1985_04_NO_SF,nfl-morten-andersen,Morten Andersen,NO,SF,2,2,2,3,"39,39",https://media.eagles.1rmg.com/wp-content/uploads/2022/02/28150628/1985.pdf
1985-09-29,1985,4,REG,1985_04_TB_DET,nfl-donald-igwebuike,Donald Igwebuike,TB,DET,0,0,3,3,"21,32,20",https://media.eagles.1rmg.com/wp-content/uploads/2022/02/28150628/1985.pdf
1985-09-29,1985,4,REG,1985_04_TB_DET,nfl-eddie-murray,Eddie Murray,DET,TB,3,3,3,3,"22,33,39",https://media.eagles.1rmg.com/wp-content/uploads/2022/02/28150628/1985.pdf
1985-10-06,1985,5,REG,1985_05_CHI_TB,nfl-donald-igwebuike,Donald Igwebuike,TB,CHI,1,1,2,3,"19,36",https://media.eagles.1rmg.com/wp-content/uploads/2022/02/28150628/1985.pdf
1985-10-06,1985,5,REG,1985_05_CHI_TB,nfl-kevin-butler,Kevin Butler,CHI,TB,3,3,2,2,"30,31",https://media.eagles.1rmg.com/wp-content/uploads/2022/02/28150628/1985.pdf
1985-10-06,1985,5,REG,1985_05_DAL_NYG,nfl-jess-atkinson,Jess Atkinson,NYG,DAL,2,3,3,3,"23,37,47",https://media.eagles.1rmg.com/wp-content/uploads/2022/02/28150628/1985.pdf
1985-10-06,1985,5,REG,1985_05_DAL_NYG,nfl-rafael-septien,Rafael Septien,DAL,NYG,3,3,3,3,"22,29,31",https://media.eagles.1rmg.com/wp-content/uploads/2022/02/28150628/1985.pdf
1985-10-06,1985,5,REG,1985_05_DET_GB,nfl-al-del-greco,Al Del Greco,GB,DET,5,5,2,2,"33,21",https://media.eagles.1rmg.com/wp-content/uploads/2022/02/28150628/1985.pdf
1985-10-06,1985,5,REG,1985_05_HOU_DEN,nfl-tony-zendejas,Tony Zendejas,HOU,DEN,2,2,2,2,"27,25",https://media.eagles.1rmg.com/wp-content/uploads/2022/02/28150628/1985.pdf
1985-10-06,1985,5,REG,1985_05_NE_CLE,nfl-tony-franklin-2,Tony Franklin,NE,CLE,2,2,2,3,"29,33",https://media.eagles.1rmg.com/wp-content/uploads/2022/02/28150628/1985.pdf
1985-10-06,1985,5,REG,1985_05_PHI_NO,nfl-morten-andersen,Morten Andersen,NO,PHI,2,2,3,3,"40,33,43",https://media.eagles.1rmg.com/wp-content/uploads/2022/02/28150628/1985.pdf
1985-10-06,1985,5,REG,1985_05_SD_SEA,nfl-norm-johnson,Norm Johnson,SEA,SD,2,2,2,3,"28,46",https://media.eagles.1rmg.com/wp-content/uploads/2022/02/28150628/1985.pdf
1985-10-07,1985,5,REG,1985_05_STL_WAS,nfl-mark-moseley,Mark Moseley,WAS,STL,3,3,2,2,"33,29",https://media.eagles.1rmg.com/wp-content/uploads/2022/02/28150628/1985.pdf
1985-10-13,1985,6,REG,1985_06_ATL_SEA,nfl-mick-luckhurst,Mick Luckhurst,ATL,SEA,2,2,4,4,"25,52,48,40",https://media.eagles.1rmg.com/wp-content/uploads/2022/02/28150628/1985.pdf
1985-10-13,1985,6,REG,1985_06_CHI_SF,nfl-kevin-butler,Kevin Butler,CHI,SF,2,2,4,4,"34,38,27,29",https://media.eagles.1rmg.com/wp-content/uploads/2022/02/28150628/1985.pdf
1985-10-13,1985,6,REG,1985_06_CLE_HOU,nfl-tony-zendejas,Tony Zendejas,HOU,CLE,0,0,2,2,"50,27",https://media.eagles.1rmg.com/wp-content/uploads/2022/02/28150628/1985.pdf
1985-10-13,1985,6,REG,1985_06_DEN_IND,nfl-rich-karlis,Rich Karlis,DEN,IND,0,1,3,5,"32,30,18",https://media.eagles.1rmg.com/wp-content/uploads/2022/02/28150628/1985.pdf
1985-10-13,1985,6,REG,1985_06_KC_SD,nfl-nick-lowery,Nick Lowery,KC,SD,2,2,2,2,"41,34",https://media.eagles.1rmg.com/wp-content/uploads/2022/02/28150628/1985.pdf
1985-10-13,1985,6,REG,1985_06_LA_TB,nfl-donald-igwebuike,Donald Igwebuike,TB,LA,3,3,2,2,"34,49",https://media.eagles.1rmg.com/wp-content/uploads/2022/02/28150628/1985.pdf
1985-10-14,1985,6,REG,1985_06_MIA_NYJ,nfl-pat-leahy,Pat Leahy,NYJ,MIA,2,2,3,4,"22,18,18",https://media.eagles.1rmg.com/wp-content/uploads/2022/02/28150628/1985.pdf
1985-10-13,1985,6,REG,1985_06_MIN_GB,nfl-al-del-greco,Al Del Greco,GB,MIN,2,2,2,2,"45,22",https://media.eagles.1rmg.com/wp-content/uploads/2022/02/28150628/1985.pdf
1985-10-13,1985,6,REG,1985_06_NYG_CIN,nfl-jess-atkinson,Jess Atkinson,NYG,CIN,3,3,3,3,"33,37,46",https://media.eagles.1rmg.com/wp-content/uploads/2022/02/28150628/1985.pdf
1985-10-13,1985,6,REG,1985_06_PIT_DAL,nfl-gary-anderson,Gary Anderson,PIT,DAL,1,1,2,3,"48,34",https://media.eagles.1rmg.com/wp-content/uploads/2022/02/28150628/1985.pdf
1985-10-13,1985,6,REG,1985_06_PIT_DAL,nfl-rafael-septien,Rafael Septien,DAL,PIT,3,3,2,3,"38,39",https://media.eagles.1rmg.com/wp-content/uploads/2022/02/28150628/1985.pdf
1985-10-13,1985,6,REG,1985_06_STL_PHI,nfl-paul-mcfadden,Paul McFadden,PHI,STL,3,3,3,3,"39,21,52",https://media.eagles.1rmg.com/wp-content/uploads/2022/02/28150628/1985.pdf
1985-10-20,1985,7,REG,1985_07_CIN_HOU,nfl-jim-breech,Jim Breech,CIN,HOU,2,2,2,2,"47,22",https://media.eagles.1rmg.com/wp-content/uploads/2022/02/28150628/1985.pdf
1985-10-20,1985,7,REG,1985_07_CIN_HOU,nfl-tony-zendejas,Tony Zendejas,HOU,CIN,5,5,3,4,"34,28,32",https://media.eagles.1rmg.com/wp-content/uploads/2022/02/28150628/1985.pdf
1985-10-20,1985,7,REG,1985_07_DAL_PHI,nfl-paul-mcfadden,Paul McFadden,PHI,DAL,1,1,3,3,"39,33,36",https://media.eagles.1rmg.com/wp-content/uploads/2022/02/28150628/1985.pdf
1985-10-20,1985,7,REG,1985_07_IND_BUF,nfl-raul-allegre,Raul Allegre,IND,BUF,0,0,3,3,"41,27,38",https://media.eagles.1rmg.com/wp-content/uploads/2022/02/28150628/1985.pdf
1985-10-20,1985,7,REG,1985_07_NYJ_NE,nfl-pat-leahy,Pat Leahy,NYJ,NE,1,1,2,2,"53,52",https://media.eagles.1rmg.com/wp-content/uploads/2022/02/28150628/1985.pdf
1985-10-20,1985,7,REG,1985_07_NYJ_NE,nfl-tony-franklin-2,Tony Franklin,NE,NYJ,2,2,2,2,"19,44",https://media.eagles.1rmg.com/wp-content/uploads/2022/02/28150628/1985.pdf
1985-10-20,1985,7,REG,1985_07_SEA_DEN,nfl-rich-karlis,Rich Karlis,DEN,SEA,1,1,2,5,"45,24",https://media.eagles.1rmg.com/wp-content/uploads/2022/02/28150628/1985.pdf
1985-10-20,1985,7,REG,1985_07_SF_DET,nfl-eddie-murray,Eddie Murray,DET,SF,2,2,3,3,"24,41,45",https://media.eagles.1rmg.com/wp-content/uploads/2022/02/28150628/1985.pdf
1985-10-20,1985,7,REG,1985_07_STL_PIT,nfl-gary-anderson,Gary Anderson,PIT,STL,2,2,3,5,"33,18,26",https://media.eagles.1rmg.com/wp-content/uploads/2022/02/28150628/1985.pdf
1985-10-20,1985,7,REG,1985_07_TB_MIA,nfl-fuad-reveiz,Fuad Reveiz,MIA,TB,5,5,2,2,"20,43",https://media.eagles.1rmg.com/wp-content/uploads/2022/02/28150628/1985.pdf
1985-10-27,1985,8,REG,1985_08_DEN_KC,nfl-rich-karlis,Rich Karlis,DEN,KC,3,3,3,3,"24,23,19",https://media.eagles.1rmg.com/wp-content/uploads/2022/02/28150628/1985.pdf
1985-10-27,1985,8,REG,1985_08_GB_IND,nfl-raul-allegre,Raul Allegre,IND,GB,4,4,3,5,"24,26,22",https://media.eagles.1rmg.com/wp-content/uploads/2022/02/28150628/1985.pdf
1985-10-27,1985,8,REG,1985_08_HOU_STL,nfl-tony-zendejas,Tony Zendejas,HOU,STL,2,2,2,2,"39,38",https://media.eagles.1rmg.com/wp-content/uploads/2022/02/28150628/1985.pdf
1985-10-27,1985,8,REG,1985_08_MIN_CHI,nfl-kevin-butler,Kevin Butler,CHI,MIN,3,3,2,2,"40,29",https://media.eagles.1rmg.com/wp-content/uploads/2022/02/28150628/1985.pdf
1985-10-27,1985,8,REG,1985_08_NE_TB,nfl-tony-franklin-2,Tony Franklin,NE,TB,3,3,3,4,"35,50,49",https://media.eagles.1rmg.com/wp-content/uploads/2022/02/28150628/1985.pdf
1985-10-27,1985,8,REG,1985_08_NYG_NO,nfl-morten-andersen,Morten Andersen,NO,NYG,1,1,2,2,"33,43",https://media.eagles.1rmg.com/wp-content/uploads/2022/02/28150628/1985.pdf
1985-10-27,1985,8,REG,1985_08_PIT_CIN,nfl-jim-breech,Jim Breech,CIN,PIT,2,2,4,4,"37,39,40,32",https://media.eagles.1rmg.com/wp-content/uploads/2022/02/28150628/1985.pdf
1985-11-03,1985,9,REG,1985_09_DEN_SD,nfl-bob-thomas,Bob Thomas,SD,DEN,3,3,3,3,"36,35,18",https://media.eagles.1rmg.com/wp-content/uploads/2022/02/28150628/1985.pdf
1985-11-03,1985,9,REG,1985_09_DET_MIN,nfl-jan-stenerud,Jan Stenerud,MIN,DET,1,1,3,4,"26,49,28",https://media.eagles.1rmg.com/wp-content/uploads/2022/02/28150628/1985.pdf
1985-11-03,1985,9,REG,1985_09_KC_HOU,nfl-nick-lowery,Nick Lowery,KC,HOU,2,2,2,3,"35,39",https://media.eagles.1rmg.com/wp-content/uploads/2022/02/28150628/1985.pdf
1985-11-03,1985,9,REG,1985_09_MIA_NE,nfl-fuad-reveiz,Fuad Reveiz,MIA,NE,1,1,2,2,"26,32",https://media.eagles.1rmg.com/wp-content/uploads/2022/02/28150628/1985.pdf
1985-11-03,1985,9,REG,1985_09_PHI_SF,nfl-paul-mcfadden,Paul McFadden,PHI,SF,1,1,2,2,"36,44",https://media.eagles.1rmg.com/wp-content/uploads/2022/02/28150628/1985.pdf
1985-11-03,1985,9,REG,1985_09_TB_NYG,nfl-donald-igwebuike,Donald Igwebuike,TB,NYG,2,2,2,2,"53,20",https://media.eagles.1rmg.com/wp-content/uploads/2022/02/28150628/1985.pdf
1985-11-03,1985,9,REG,1985_09_TB_NYG,nfl-eric-schubert,Eric Schubert,NYG,TB,1,1,5,5,"24,36,24,41,33",https://media.eagles.1rmg.com/wp-content/uploads/2022/02/28150628/1985.pdf
1985-11-10,1985,10,REG,1985_10_CLE_CIN,nfl-jim-breech,Jim Breech,CIN,CLE,3,3,2,4,"28,33",https://media.eagles.1rmg.com/wp-content/uploads/2022/02/28150628/1985.pdf
1985-11-10,1985,10,REG,1985_10_DAL_WAS,nfl-rafael-septien,Rafael Septien,DAL,WAS,1,1,2,3,"40,36",https://media.eagles.1rmg.com/wp-content/uploads/2022/02/28150628/1985.pdf
1985-11-10,1985,10,REG,1985_10_GB_MIN,nfl-al-del-greco,Al Del Greco,GB,MIN,3,3,2,3,"46,28",https://media.eagles.1rmg.com/wp-content/uploads/2022/02/28150628/1985.pdf
1985-11-10,1985,10,REG,1985_10_HOU_BUF,nfl-scott-norwood,Scott Norwood,BUF,HOU,2,2,2,2,"24,23",https://media.eagles.1rmg.com/wp-content/uploads/2022/02/28150628/1985.pdf
1985-11-10,1985,10,REG,1985_10_IND_NE,nfl-tony-franklin-2,Tony Franklin,NE,IND,4,4,2,2,"41,30",https://media.eagles.1rmg.com/wp-content/uploads/2022/02/28150628/1985.pdf
1985-11-10,1985,10,REG,1985_10_PIT_KC,nfl-gary-anderson,Gary Anderson,PIT,KC,3,3,5,5,"35,31,27,36,28",https://media.eagles.1rmg.com/wp-content/uploads/2022/02/28150628/1985.pdf
1985-11-10,1985,10,REG,1985_10_SEA_NO,nfl-norm-johnson,Norm Johnson,SEA,NO,3,3,2,2,"32,26",https://media.eagles.1rmg.com/wp-content/uploads/2022/02/28150628/1985.pdf
1985-11-11,1985,10,REG,1985_10_SF_DEN,nfl-ray-wersching,Ray Wersching,SF,DEN,1,1,3,3,"26,22,45",https://media.eagles.1rmg.com/wp-content/uploads/2022/02/28150628/1985.pdf
1985-11-10,1985,10,REG,1985_10_STL_TB,nfl-donald-igwebuike,Donald Igwebuike,TB,STL,1,1,3,4,"47,46,50",https://media.eagles.1rmg.com/wp-content/uploads/2022/02/28150628/1985.pdf
1985-11-17,1985,11,REG,1985_11_CHI_DAL,nfl-kevin-butler,Kevin Butler,CHI,DAL,5,5,3,3,"44,46,22",https://media.eagles.1rmg.com/wp-content/uploads/2022/02/28150628/1985.pdf
1985-11-17,1985,11,REG,1985_11_LA_ATL,nfl-mick-luckhurst,Mick Luckhurst,ATL,LA,3,3,3,3,"39,27,38",https://media.eagles.1rmg.com/wp-content/uploads/2022/02/28150628/1985.pdf
1985-11-17,1985,11,REG,1985_11_MIA_IND,nfl-fuad-reveiz,Fuad Reveiz,MIA,IND,4,4,2,3,"45,44",https://media.eagles.1rmg.com/wp-content/uploads/2022/02/28150628/1985.pdf
1985-11-17,1985,11,REG,1985_11_MIN_DET,nfl-eddie-murray,Eddie Murray,DET,MIN,5,5,2,2,"49,51",https://media.eagles.1rmg.com/wp-content/uploads/2022/02/28150628/1985.pdf
1985-11-17,1985,11,REG,1985_11_NE_SEA,nfl-norm-johnson,Norm Johnson,SEA,NE,1,1,2,3,"32,31",https://media.eagles.1rmg.com/wp-content/uploads/2022/02/28150628/1985.pdf
1985-11-17,1985,11,REG,1985_11_PIT_HOU,nfl-gary-anderson,Gary Anderson,PIT,HOU,3,3,3,3,"52,31,34",https://media.eagles.1rmg.com/wp-content/uploads/2022/02/28150628/1985.pdf
1985-11-17,1985,11,REG,1985_11_TB_NYJ,nfl-pat-leahy,Pat Leahy,NYJ,TB,8,8,2,2,"23,27",https://media.eagles.1rmg.com/wp-content/uploads/2022/02/28150628/1985.pdf
1985-11-24,1985,12,REG,1985_12_ATL_CHI,nfl-kevin-butler,Kevin Butler,CHI,ATL,4,4,2,2,"35,32",https://media.eagles.1rmg.com/wp-content/uploads/2022/02/28150628/1985.pdf
1985-11-24,1985,12,REG,1985_12_CIN_CLE,nfl-jim-breech,Jim Breech,CIN,CLE,0,0,2,2,"30,29",https://media.eagles.1rmg.com/wp-content/uploads/2022/02/28150628/1985.pdf
1985-11-24,1985,12,REG,1985_12_DET_TB,nfl-donald-igwebuike,Donald Igwebuike,TB,DET,1,1,4,4,"33,48,36,24",https://media.eagles.1rmg.com/wp-content/uploads/2022/02/28150628/1985.pdf
1985-11-24,1985,12,REG,1985_12_DET_TB,nfl-eddie-murray,Eddie Murray,DET,TB,1,1,3,3,"47,38,39",https://media.eagles.1rmg.com/wp-content/uploads/2022/02/28150628/1985.pdf
1985-11-24,1985,12,REG,1985_12_IND_KC,nfl-nick-lowery,Nick Lowery,KC,IND,2,2,2,2,"29,42",https://media.eagles.1rmg.com/wp-content/uploads/2022/02/28150628/1985.pdf
1985-11-24,1985,12,REG,1985_12_NE_NYJ,nfl-pat-leahy,Pat Leahy,NYJ,NE,1,1,3,3,"21,21,32",https://media.eagles.1rmg.com/wp-content/uploads/2022/02/28150628/1985.pdf
1985-11-24,1985,12,REG,1985_12_NE_NYJ,nfl-tony-franklin-2,Tony Franklin,NE,NYJ,1,1,2,3,"23,28",https://media.eagles.1rmg.com/wp-content/uploads/2022/02/28150628/1985.pdf
1985-11-24,1985,12,REG,1985_12_NO_MIN,nfl-jan-stenerud,Jan Stenerud,MIN,NO,2,2,3,3,"22,22,37",https://media.eagles.1rmg.com/wp-content/uploads/2022/02/28150628/1985.pdf
1985-11-24,1985,12,REG,1985_12_NO_MIN,nfl-morten-andersen,Morten Andersen,NO,MIN,3,3,3,3,"26,47,45",https://media.eagles.1rmg.com/wp-content/uploads/2022/02/28150628/1985.pdf
1985-11-24,1985,12,REG,1985_12_NYG_STL,nfl-eric-schubert,Eric Schubert,NYG,STL,4,4,2,3,"27,34",https://media.eagles.1rmg.com/wp-content/uploads/2022/02/28150628/1985.pdf
1985-11-24,1985,12,REG,1985_12_SD_HOU,nfl-tony-zendejas,Tony Zendejas,HOU,SD,4,4,3,3,"46,52,51",https://media.eagles.1rmg.com/wp-content/uploads/2022/02/28150628/1985.pdf
1985-12-01,1985,13,REG,1985_13_BUF_SD,nfl-bob-thomas,Bob Thomas,SD,BUF,4,5,2,2,"24,28",https://media.eagles.1rmg.com/wp-content/uploads/2022/02/28150628/1985.pdf
1985-12-01,1985,13,REG,1985_13_CLE_NYG,nfl-eric-schubert,Eric Schubert,NYG,CLE,3,4,2,3,"35,40",https://media.eagles.1rmg.com/wp-content/uploads/2022/02/28150628/1985.pdf
1985-12-01,1985,13,REG,1985_13_DEN_PIT,nfl-gary-anderson,Gary Anderson,PIT,DEN,2,2,3,3,"25,34,24",https://media.eagles.1rmg.com/wp-content/uploads/2022/02/28150628/1985.pdf
1985-12-01,1985,13,REG,1985_13_HOU_CIN,nfl-tony-zendejas,Tony Zendejas,HOU,CIN,3,3,2,2,"25,26",https://media.eagles.1rmg.com/wp-content/uploads/2022/02/28150628/1985.pdf
1985-12-01,1985,13,REG,1985_13_KC_SEA,nfl-nick-lowery,Nick Lowery,KC,SEA,0,0,2,2,"25,35",https://media.eagles.1rmg.com/wp-content/uploads/2022/02/28150628/1985.pdf
1985-12-01,1985,13,REG,1985_13_LA_NO,nfl-morten-andersen,Morten Andersen,NO,LA,2,2,5,5,"47,42,35,27,35",https://media.eagles.1rmg.com/wp-content/uploads/2022/02/28150628/1985.pdf
1985-12-01,1985,13,REG,1985_13_MIN_PHI,nfl-paul-mcfadden,Paul McFadden,PHI,MIN,2,2,3,3,"29,33,25",https://media.eagles.1rmg.com/wp-content/uploads/2022/02/28150628/1985.pdf
1985-11-28,1985,13,REG,1985_13_NYJ_DET,nfl-pat-leahy,Pat Leahy,NYJ,DET,2,2,2,2,"29,27",https://media.eagles.1rmg.com/wp-content/uploads/2022/02/28150628/1985.pdf
1985-12-01,1985,13,REG,1985_13_SF_WAS,nfl-mark-moseley,Mark Moseley,WAS,SF,0,0,2,4,"25,21",https://media.eagles.1rmg.com/wp-content/uploads/2022/02/28150628/1985.pdf
1985-12-08,1985,14,REG,1985_14_DET_NE,nfl-eddie-murray,Eddie Murray,DET,NE,0,0,2,2,"26,37",https://media.eagles.1rmg.com/wp-content/uploads/2022/02/28150628/1985.pdf
1985-12-08,1985,14,REG,1985_14_DET_NE,nfl-tony-franklin-2,Tony Franklin,NE,DET,2,2,3,4,"38,50,22",https://media.eagles.1rmg.com/wp-content/uploads/2022/02/28150628/1985.pdf
1985-12-08,1985,14,REG,1985_14_NO_STL,nfl-morten-andersen,Morten Andersen,NO,STL,1,1,3,3,"31,30,42",https://media.eagles.1rmg.com/wp-content/uploads/2022/02/28150628/1985.pdf
1985-12-08,1985,14,REG,1985_14_PIT_SD,nfl-gary-anderson,Gary Anderson,PIT,SD,5,5,3,3,"45,41,26",https://media.eagles.1rmg.com/wp-content/uploads/2022/02/28150628/1985.pdf
1985-12-08,1985,14,REG,1985_14_TB_MIN,nfl-jan-stenerud,Jan Stenerud,MIN,TB,2,2,4,5,"24,24,25,35",https://media.eagles.1rmg.com/wp-content/uploads/2022/02/28150628/1985.pdf
1985-12-14,1985,15,REG,1985_15_CHI_NYJ,nfl-pat-leahy,Pat Leahy,NYJ,CHI,0,0,2,2,"23,55",https://media.eagles.1rmg.com/wp-content/uploads/2022/02/28150628/1985.pdf
1985-12-15,1985,15,REG,1985_15_CIN_WAS,nfl-mark-moseley,Mark Moseley,WAS,CIN,3,3,2,4,"42,39",https://media.eagles.1rmg.com/wp-content/uploads/2022/02/28150628/1985.pdf
1985-12-15,1985,15,REG,1985_15_GB_DET,nfl-al-del-greco,Al Del Greco,GB,DET,2,2,4,4,"38,29,25,27",https://media.eagles.1rmg.com/wp-content/uploads/2022/02/28150628/1985.pdf
1985-12-14,1985,15,REG,1985_15_KC_DEN,nfl-nick-lowery,Nick Lowery,KC,DEN,1,1,2,2,"32,41",https://media.eagles.1rmg.com/wp-content/uploads/2022/02/28150628/1985.pdf
1985-12-16,1985,15,REG,1985_15_NE_MIA,nfl-fuad-reveiz,Fuad Reveiz,MIA,NE,3,3,3,3,"44,49,47",https://media.eagles.1rmg.com/wp-content/uploads/2022/02/28150628/1985.pdf
1985-12-16,1985,15,REG,1985_15_NE_MIA,nfl-tony-franklin-2,Tony Franklin,NE,MIA,3,3,2,2,"22,49",https://media.eagles.1rmg.com/wp-content/uploads/2022/02/28150628/1985.pdf
1985-12-15,1985,15,REG,1985_15_PHI_SD,nfl-bob-thomas,Bob Thomas,SD,PHI,2,2,2,2,"45,46",https://media.eagles.1rmg.com/wp-content/uploads/2022/02/28150628/1985.pdf
1985-12-15,1985,15,REG,1985_15_SF_NO,nfl-morten-andersen,Morten Andersen,NO,SF,1,2,2,2,"46,41",https://media.eagles.1rmg.com/wp-content/uploads/2022/02/28150628/1985.pdf
1985-12-22,1985,16,REG,1985_16_ATL_NO,nfl-mick-luckhurst,Mick Luckhurst,ATL,NO,1,1,3,5,"48,31,22",https://media.eagles.1rmg.com/wp-content/uploads/2022/02/28150628/1985.pdf
1985-12-22,1985,16,REG,1985_16_CHI_DET,nfl-kevin-butler,Kevin Butler,CHI,DET,4,4,3,5,"25,24,21",https://media.eagles.1rmg.com/wp-content/uploads/2022/02/28150628/1985.pdf
1985-12-22,1985,16,REG,1985_16_CIN_NE,nfl-jim-breech,Jim Breech,CIN,NE,2,2,3,3,"42,22,30",https://media.eagles.1rmg.com/wp-content/uploads/2022/02/28150628/1985.pdf
1985-12-22,1985,16,REG,1985_16_CIN_NE,nfl-tony-franklin-2,Tony Franklin,NE,CIN,4,4,2,3,"25,30",https://media.eagles.1rmg.com/wp-content/uploads/2022/02/28150628/1985.pdf
1985-12-22,1985,16,REG,1985_16_CLE_NYJ,nfl-pat-leahy,Pat Leahy,NYJ,CLE,4,4,3,3,"46,35,32",https://media.eagles.1rmg.com/wp-content/uploads/2022/02/28150628/1985.pdf
1985-12-22,1985,16,REG,1985_16_DAL_SF,nfl-rafael-septien,Rafael Septien,DAL,SF,1,1,3,3,"29,48,41",https://media.eagles.1rmg.com/wp-content/uploads/2022/02/28150628/1985.pdf
1985-12-20,1985,16,REG,1985_16_DEN_SEA,nfl-rich-karlis,Rich Karlis,DEN,SEA,3,3,2,3,"25,43",https://media.eagles.1rmg.com/wp-content/uploads/2022/02/28150628/1985.pdf
1985-12-22,1985,16,REG,1985_16_GB_TB,nfl-al-del-greco,Al Del Greco,GB,TB,2,2,2,3,"24,40",https://media.eagles.1rmg.com/wp-content/uploads/2022/02/28150628/1985.pdf
1985-12-22,1985,16,REG,1985_16_SD_KC,nfl-bob-thomas,Bob Thomas,SD,KC,4,4,2,3,"24,26",https://media.eagles.1rmg.com/wp-content/uploads/2022/02/28150628/1985.pdf
1985-12-21,1985,16,REG,1985_16_WAS_STL,nfl-mark-moseley,Mark Moseley,WAS,STL,3,3,2,5,"48,30",https://media.eagles.1rmg.com/wp-content/uploads/2022/02/28150628/1985.pdf
1986-09-07,1986,1,REG,1986_01_CLE_CHI,nfl-kevin-butler,Kevin Butler,CHI,CLE,5,5,2,4,"47,19",https://media.eagles.1rmg.com/wp-content/uploads/2022/02/28150709/1986.pdf
1986-09-07,1986,1,REG,1986_01_DET_MIN,nfl-eddie-murray,Eddie Murray,DET,MIN,1,1,2,2,"33,44",https://media.eagles.1rmg.com/wp-content/uploads/2022/02/28150709/1986.pdf
1986-09-07,1986,1,REG,1986_01_IND_NE,nfl-tony-franklin-2,Tony Franklin,NE,IND,3,3,4,4,"38,39,49,25",https://media.eagles.1rmg.com/wp-content/uploads/2022/02/28150709/1986.pdf
1986-09-07,1986,1,REG,1986_01_MIA_SD,nfl-rolf-benirschke,Rolf Benirschke,SD,MIA,5,6,3,3,"26,36,36",https://media.eagles.1rmg.com/wp-content/uploads/2022/02/28150709/1986.pdf
1986-09-14,1986,2,REG,1986_02_BUF_CIN,nfl-jim-breech,Jim Breech,CIN,BUF,4,4,2,2,"51,20",https://media.eagles.1rmg.com/wp-content/uploads/2022/02/28150709/1986.pdf
1986-09-14,1986,2,REG,1986_02_BUF_CIN,nfl-scott-norwood,Scott Norwood,BUF,CIN,3,4,2,2,"20,44",https://media.eagles.1rmg.com/wp-content/uploads/2022/02/28150709/1986.pdf
1986-09-14,1986,2,REG,1986_02_KC_SEA,nfl-norm-johnson,Norm Johnson,SEA,KC,2,2,3,4,"35,34,53",https://media.eagles.1rmg.com/wp-content/uploads/2022/02/28150709/1986.pdf
1986-09-14,1986,2,REG,1986_02_MIN_TB,nfl-chuck-nelson,Chuck Nelson,MIN,TB,2,2,3,3,"31,35,27",https://media.eagles.1rmg.com/wp-content/uploads/2022/02/28150709/1986.pdf
1986-09-11,1986,2,REG,1986_02_NE_NYJ,nfl-pat-leahy,Pat Leahy,NYJ,NE,0,0,2,2,"33,47",https://media.eagles.1rmg.com/wp-content/uploads/2022/02/28150709/1986.pdf
1986-09-11,1986,2,REG,1986_02_NE_NYJ,nfl-tony-franklin-2,Tony Franklin,NE,NYJ,2,2,2,3,"45,42",https://media.eagles.1rmg.com/wp-content/uploads/2022/02/28150709/1986.pdf
1986-09-14,1986,2,REG,1986_02_PHI_CHI,nfl-kevin-butler,Kevin Butler,CHI,PHI,1,1,2,6,"23,23",https://media.eagles.1rmg.com/wp-content/uploads/2022/02/28150709/1986.pdf
1986-09-14,1986,2,REG,1986_02_SD_NYG,nfl-joe-cooper,Joe Cooper,NYG,SD,2,2,2,3,"21,20",https://media.eagles.1rmg.com/wp-content/uploads/2022/02/28150709/1986.pdf
1986-09-14,1986,2,REG,1986_02_SF_LA,nfl-ray-wersching,Ray Wersching,SF,LA,1,1,2,4,"46,29",https://media.eagles.1rmg.com/wp-content/uploads/2022/02/28150709/1986.pdf
1986-09-21,1986,3,REG,1986_03_ATL_DAL,nfl-mick-luckhurst,Mick Luckhurst,ATL,DAL,4,4,3,5,"47,33,18",https://media.eagles.1rmg.com/wp-content/uploads/2022/02/28150709/1986.pdf
1986-09-22,1986,3,REG,1986_03_CHI_GB,nfl-al-del-greco,Al Del Greco,GB,CHI,0,0,4,5,"22,46,45,50",https://media.eagles.1rmg.com/wp-content/uploads/2022/02/28150709/1986.pdf
1986-09-22,1986,3,REG,1986_03_CHI_GB,nfl-kevin-butler,Kevin Butler,CHI,GB,2,2,3,3,"34,52,27",https://media.eagles.1rmg.com/wp-content/uploads/2022/02/28150709/1986.pdf
1986-09-18,1986,3,REG,1986_03_CIN_CLE,nfl-jim-breech,Jim Breech,CIN,CLE,3,3,3,3,"49,33,25",https://media.eagles.1rmg.com/wp-content/uploads/2022/02/28150709/1986.pdf
1986-09-21,1986,3,REG,1986_03_HOU_KC,nfl-nick-lowery,Nick Lowery,KC,HOU,3,3,2,2,"47,45",https://media.eagles.1rmg.com/wp-content/uploads/2022/02/28150709/1986.pdf
1986-09-21,1986,3,REG,1986_03_NO_SF,nfl-ray-wersching,Ray Wersching,SF,NO,2,2,4,4,"30,40,28,32",https://media.eagles.1rmg.com/wp-content/uploads/2022/02/28150709/1986.pdf
1986-09-21,1986,3,REG,1986_03_TB_DET,nfl-eddie-murray,Eddie Murray,DET,TB,2,2,2,3,"41,51",https://media.eagles.1rmg.com/wp-content/uploads/2022/02/28150709/1986.pdf
1986-09-21,1986,3,REG,1986_03_WAS_SD,nfl-mark-moseley,Mark Moseley,WAS,SD,3,3,3,5,"29,24,26",https://media.eagles.1rmg.com/wp-content/uploads/2022/02/28150709/1986.pdf
1986-09-21,1986,3,REG,1986_03_WAS_SD,nfl-rolf-benirschke,Rolf Benirschke,SD,WAS,3,3,2,2,"50,31",https://media.eagles.1rmg.com/wp-content/uploads/2022/02/28150709/1986.pdf
1986-09-28,1986,4,REG,1986_04_ATL_TB,nfl-donald-igwebuike,Donald Igwebuike,TB,ATL,2,2,2,2,"26,24",https://media.eagles.1rmg.com/wp-content/uploads/2022/02/28150709/1986.pdf
1986-09-28,1986,4,REG,1986_04_ATL_TB,nfl-mick-luckhurst,Mick Luckhurst,ATL,TB,2,2,3,3,"43,34,34",https://media.eagles.1rmg.com/wp-content/uploads/2022/02/28150709/1986.pdf
1986-09-28,1986,4,REG,1986_04_KC_BUF,nfl-nick-lowery,Nick Lowery,KC,BUF,2,2,2,2,"24,46",https://media.eagles.1rmg.com/wp-content/uploads/2022/02/28150709/1986.pdf
1986-09-28,1986,4,REG,1986_04_LA_PHI,nfl-paul-mcfadden,Paul McFadden,PHI,LA,4,4,2,2,"22,41",https://media.eagles.1rmg.com/wp-content/uploads/2022/02/28150709/1986.pdf
1986-09-28,1986,4,REG,1986_04_NE_DEN,nfl-rich-karlis,Rich Karlis,DEN,NE,3,3,2,2,"44,34",https://media.eagles.1rmg.com/wp-content/uploads/2022/02/28150709/1986.pdf
1986-09-28,1986,4,REG,1986_04_NE_DEN,nfl-tony-franklin-2,Tony Franklin,NE,DEN,2,2,2,3,"34,37",https://media.eagles.1rmg.com/wp-content/uploads/2022/02/28150709/1986.pdf
1986-09-28,1986,4,REG,1986_04_NO_NYG,nfl-raul-allegre,Raul Allegre,NYG,NO,2,2,2,2,"29,28",https://media.eagles.1rmg.com/wp-content/uploads/2022/02/28150709/1986.pdf
1986-09-28,1986,4,REG,1986_04_NYJ_IND,nfl-pat-leahy,Pat Leahy,NYJ,IND,2,2,4,4,"34,48,47,24",https://media.eagles.1rmg.com/wp-content/uploads/2022/02/28150709/1986.pdf
1986-09-28,1986,4,REG,1986_04_PIT_HOU,nfl-gary-anderson,Gary Anderson,PIT,HOU,1,1,3,4,"42,45,28",https://media.eagles.1rmg.com/wp-content/uploads/2022/02/28150709/1986.pdf
1986-09-28,1986,4,REG,1986_04_PIT_HOU,nfl-tony-zendejas,Tony Zendejas,HOU,PIT,1,1,3,3,"45,29,23",https://media.eagles.1rmg.com/wp-content/uploads/2022/02/28150709/1986.pdf
1986-10-05,1986,5,REG,1986_05_BUF_NYJ,nfl-scott-norwood,Scott Norwood,BUF,NYJ,1,1,2,2,"23,32",https://media.eagles.1rmg.com/wp-content/uploads/2022/02/28150709/1986.pdf
1986-10-05,1986,5,REG,1986_05_HOU_DET,nfl-tony-zendejas,Tony Zendejas,HOU,DET,1,1,2,3,"25,19",https://media.eagles.1rmg.com/wp-content/uploads/2022/02/28150709/1986.pdf
1986-10-05,1986,5,REG,1986_05_MIA_NE,nfl-tony-franklin-2,Tony Franklin,NE,MIA,4,4,2,2,"31,21",https://media.eagles.1rmg.com/wp-content/uploads/2022/02/28150709/1986.pdf
1986-10-05,1986,5,REG,1986_05_MIN_CHI,nfl-kevin-butler,Kevin Butler,CHI,MIN,2,2,3,3,"24,42,32",https://media.eagles.1rmg.com/wp-content/uploads/2022/02/28150709/1986.pdf
1986-10-05,1986,5,REG,1986_05_NYG_STL,nfl-john-lee,John Lee,STL,NYG,0,0,2,2,"31,47",https://media.eagles.1rmg.com/wp-content/uploads/2022/02/28150709/1986.pdf
1986-10-05,1986,5,REG,1986_05_NYG_STL,nfl-raul-allegre,Raul Allegre,NYG,STL,1,1,2,2,"44,31",https://media.eagles.1rmg.com/wp-content/uploads/2022/02/28150709/1986.pdf
1986-10-05,1986,5,REG,1986_05_PHI_ATL,nfl-paul-mcfadden,Paul McFadden,PHI,ATL,1,1,3,4,"31,33,21",https://media.eagles.1rmg.com/wp-content/uploads/2022/02/28150709/1986.pdf
1986-10-06,1986,5,REG,1986_05_SD_SEA,nfl-norm-johnson,Norm Johnson,SEA,SD,3,3,4,4,"29,30,54,20",https://media.eagles.1rmg.com/wp-content/uploads/2022/02/28150709/1986.pdf
1986-10-05,1986,5,REG,1986_05_TB_LA,nfl-donald-igwebuike,Donald Igwebuike,TB,LA,2,2,2,2,"26,37",https://media.eagles.1rmg.com/wp-content/uploads/2022/02/28150709/1986.pdf
1986-10-05,1986,5,REG,1986_05_WAS_NO,nfl-morten-andersen,Morten Andersen,NO,WAS,0,0,2,3,"34,45",https://media.eagles.1rmg.com/wp-content/uploads/2022/02/28150709/1986.pdf
1986-10-12,1986,6,REG,1986_06_BUF_MIA,nfl-fuad-reveiz,Fuad Reveiz,MIA,BUF,3,3,2,3,"22,36",https://media.eagles.1rmg.com/wp-content/uploads/2022/02/28150709/1986.pdf
1986-10-12,1986,6,REG,1986_06_CHI_HOU,nfl-kevin-butler,Kevin Butler,CHI,HOU,2,2,2,2,"31,27",https://media.eagles.1rmg.com/wp-content/uploads/2022/02/28150709/1986.pdf
1986-10-12,1986,6,REG,1986_06_LA_ATL,nfl-mick-luckhurst,Mick Luckhurst,ATL,LA,2,2,4,4,"23,32,49,41",https://media.eagles.1rmg.com/wp-content/uploads/2022/02/28150709/1986.pdf
1986-10-12,1986,6,REG,1986_06_MIN_SF,nfl-chuck-nelson,Chuck Nelson,MIN,SF,3,3,2,2,"26,28",https://media.eagles.1rmg.com/wp-content/uploads/2022/02/28150709/1986.pdf
1986-10-12,1986,6,REG,1986_06_STL_TB,nfl-donald-igwebuike,Donald Igwebuike,TB,STL,1,2,2,2,"23,46",https://media.eagles.1rmg.com/wp-content/uploads/2022/02/28150709/1986.pdf
1986-10-12,1986,6,REG,1986_06_WAS_DAL,nfl-rafael-septien,Rafael Septien,DAL,WAS,3,3,3,3,"21,38,36",https://media.eagles.1rmg.com/wp-content/uploads/2022/02/28150709/1986.pdf
1986-10-20,1986,7,REG,1986_07_DEN_NYJ,nfl-pat-leahy,Pat Leahy,NYJ,DEN,2,2,2,2,"27,25",https://media.eagles.1rmg.com/wp-content/uploads/2022/02/28150709/1986.pdf
1986-10-19,1986,7,REG,1986_07_IND_BUF,nfl-dean-biasucci,Dean Biasucci,IND,BUF,1,1,2,3,"46,44",https://media.eagles.1rmg.com/wp-content/uploads/2022/02/28150709/1986.pdf
1986-10-19,1986,7,REG,1986_07_NE_PIT,nfl-tony-franklin-2,Tony Franklin,NE,PIT,4,4,2,3,"31,36",https://media.eagles.1rmg.com/wp-content/uploads/2022/02/28150709/1986.pdf
1986-10-19,1986,7,REG,1986_07_NYG_SEA,nfl-raul-allegre,Raul Allegre,NYG,SEA,0,0,2,3,"23,31",https://media.eagles.1rmg.com/wp-content/uploads/2022/02/28150709/1986.pdf
1986-10-19,1986,7,REG,1986_07_SD_KC,nfl-rolf-benirschke,Rolf Benirschke,SD,KC,5,5,2,3,"30,21",https://media.eagles.1rmg.com/wp-content/uploads/2022/02/28150709/1986.pdf
1986-10-26,1986,8,REG,1986_08_CIN_PIT,nfl-gary-anderson,Gary Anderson,PIT,CIN,3,3,3,3,"31,43,41",https://media.eagles.1rmg.com/wp-content/uploads/2022/02/28150709/1986.pdf
1986-10-26,1986,8,REG,1986_08_CIN_PIT,nfl-jim-breech,Jim Breech,CIN,PIT,0,0,3,5,"19,40,31",https://media.eagles.1rmg.com/wp-content/uploads/2022/02/28150709/1986.pdf
1986-10-26,1986,8,REG,1986_08_CLE_MIN,nfl-chuck-nelson,Chuck Nelson,MIN,CLE,2,2,2,3,"33,32",https://media.eagles.1rmg.com/wp-content/uploads/2022/02/28150709/1986.pdf
1986-10-26,1986,8,REG,1986_08_DET_CHI,nfl-kevin-butler,Kevin Butler,CHI,DET,1,1,2,2,"29,27",https://media.eagles.1rmg.com/wp-content/uploads/2022/02/28150709/1986.pdf
1986-10-26,1986,8,REG,1986_08_MIA_IND,nfl-dean-biasucci,Dean Biasucci,IND,MIA,1,1,2,2,"39,45",https://media.eagles.1rmg.com/wp-content/uploads/2022/02/28150709/1986.pdf
1986-10-26,1986,8,REG,1986_08_NE_BUF,nfl-tony-franklin-2,Tony Franklin,NE,BUF,2,2,3,4,"31,27,26",https://media.eagles.1rmg.com/wp-content/uploads/2022/02/28150709/1986.pdf
1986-10-26,1986,8,REG,1986_08_SD_PHI,nfl-paul-mcfadden,Paul McFadden,PHI,SD,2,2,3,3,"33,34,36",https://media.eagles.1rmg.com/wp-content/uploads/2022/02/28150709/1986.pdf
1986-10-26,1986,8,REG,1986_08_SEA_DEN,nfl-norm-johnson,Norm Johnson,SEA,DEN,1,1,2,3,"43,53",https://media.eagles.1rmg.com/wp-content/uploads/2022/02/28150709/1986.pdf
1986-10-26,1986,8,REG,1986_08_SEA_DEN,nfl-rich-karlis,Rich Karlis,DEN,SEA,2,2,2,4,"22,47",https://media.eagles.1rmg.com/wp-content/uploads/2022/02/28150709/1986.pdf
1986-10-26,1986,8,REG,1986_08_STL_DAL,nfl-john-lee,John Lee,STL,DAL,0,0,2,2,"45,36",https://media.eagles.1rmg.com/wp-content/uploads/2022/02/28150709/1986.pdf
1986-10-26,1986,8,REG,1986_08_STL_DAL,nfl-rafael-septien,Rafael Septien,DAL,STL,4,4,3,3,"44,43,47",https://media.eagles.1rmg.com/wp-content/uploads/2022/02/28150709/1986.pdf
1986-10-26,1986,8,REG,1986_08_TB_KC,nfl-nick-lowery,Nick Lowery,KC,TB,3,3,2,3,"26,20",https://media.eagles.1rmg.com/wp-content/uploads/2022/02/28150709/1986.pdf
1986-10-27,1986,8,REG,1986_08_WAS_NYG,nfl-max-zendejas,Max Zendejas,WAS,NYG,2,2,2,2,"23,29",https://media.eagles.1rmg.com/wp-content/uploads/2022/02/28150709/1986.pdf
1986-10-27,1986,8,REG,1986_08_WAS_NYG,nfl-raul-allegre,Raul Allegre,NYG,WAS,3,3,2,3,"37,44",https://media.eagles.1rmg.com/wp-content/uploads/2022/02/28150709/1986.pdf
1986-11-02,1986,9,REG,1986_09_ATL_NE,nfl-tony-franklin-2,Tony Franklin,NE,ATL,1,2,4,4,"32,33,31,32",https://media.eagles.1rmg.com/wp-content/uploads/2022/02/28150709/1986.pdf
1986-11-02,1986,9,REG,1986_09_BUF_TB,nfl-donald-igwebuike,Donald Igwebuike,TB,BUF,4,4,2,3,"49,26",https://media.eagles.1rmg.com/wp-content/uploads/2022/02/28150709/1986.pdf
1986-11-02,1986,9,REG,1986_09_GB_PIT,nfl-gary-anderson,Gary Anderson,PIT,GB,3,3,2,3,"25,40",https://media.eagles.1rmg.com/wp-content/uploads/2022/02/28150709/1986.pdf
1986-11-02,1986,9,REG,1986_09_MIN_WAS,nfl-max-zendejas,Max Zendejas,WAS,MIN,2,5,2,3,"25,42",https://media.eagles.1rmg.com/wp-content/uploads/2022/02/28150709/1986.pdf
1986-11-02,1986,9,REG,1986_09_SF_NO,nfl-morten-andersen,Morten Andersen,NO,SF,2,2,3,3,"45,50,23",https://media.eagles.1rmg.com/wp-content/uploads/2022/02/28150709/1986.pdf
1986-11-09,1986,10,REG,1986_10_CHI_TB,nfl-kevin-butler,Kevin Butler,CHI,TB,2,2,3,3,"25,23,22",https://media.eagles.1rmg.com/wp-content/uploads/2022/02/28150709/1986.pdf
1986-11-09,1986,10,REG,1986_10_CIN_HOU,nfl-tony-zendejas,Tony Zendejas,HOU,CIN,2,2,4,4,"42,25,30,46",https://media.eagles.1rmg.com/wp-content/uploads/2022/02/28150709/1986.pdf
1986-11-09,1986,10,REG,1986_10_LA_NO,nfl-morten-andersen,Morten Andersen,NO,LA,0,0,2,2,"20,22",https://media.eagles.1rmg.com/wp-content/uploads/2022/02/28150709/1986.pdf
1986-11-09,1986,10,REG,1986_10_NE_IND,nfl-tony-franklin-2,Tony Franklin,NE,IND,3,3,3,3,"38,31,24",https://media.eagles.1rmg.com/wp-content/uploads/2022/02/28150709/1986.pdf
1986-11-09,1986,10,REG,1986_10_SD_DEN,nfl-rolf-benirschke,Rolf Benirschke,SD,DEN,0,0,3,4,"25,48,21",https://media.eagles.1rmg.com/wp-content/uploads/2022/02/28150709/1986.pdf
1986-11-09,1986,10,REG,1986_10_SEA_KC,nfl-nick-lowery,Nick Lowery,KC,SEA,3,3,2,2,"35,37",https://media.eagles.1rmg.com/wp-content/uploads/2022/02/28150709/1986.pdf
1986-11-09,1986,10,REG,1986_10_STL_SF,nfl-ray-wersching,Ray Wersching,SF,STL,4,5,3,3,"47,35,41",https://media.eagles.1rmg.com/wp-content/uploads/2022/02/28150709/1986.pdf
1986-11-16,1986,11,REG,1986_11_CHI_ATL,nfl-kevin-butler,Kevin Butler,CHI,ATL,1,1,2,5,"32,44",https://media.eagles.1rmg.com/wp-content/uploads/2022/02/28150709/1986.pdf
1986-11-16,1986,11,REG,1986_11_DET_PHI,nfl-eddie-murray,Eddie Murray,DET,PHI,1,1,2,3,"38,41",https://media.eagles.1rmg.com/wp-content/uploads/2022/02/28150709/1986.pdf
1986-11-16,1986,11,REG,1986_11_DET_PHI,nfl-paul-mcfadden,Paul McFadden,PHI,DET,0,0,3,4,"33,28,25",https://media.eagles.1rmg.com/wp-content/uploads/2022/02/28150709/1986.pdf
1986-11-16,1986,11,REG,1986_11_MIA_BUF,nfl-fuad-reveiz,Fuad Reveiz,MIA,BUF,4,4,2,3,"52,36",https://media.eagles.1rmg.com/wp-content/uploads/2022/02/28150709/1986.pdf
1986-11-16,1986,11,REG,1986_11_NE_LA,nfl-tony-franklin-2,Tony Franklin,NE,LA,3,3,3,3,"42,45,19",https://media.eagles.1rmg.com/wp-content/uploads/2022/02/28150709/1986.pdf
1986-11-16,1986,11,REG,1986_11_NO_STL,nfl-morten-andersen,Morten Andersen,NO,STL,1,1,3,3,"47,28,30",https://media.eagles.1rmg.com/wp-content/uploads/2022/02/28150709/1986.pdf
1986-11-16,1986,11,REG,1986_11_NYG_MIN,nfl-chuck-nelson,Chuck Nelson,MIN,NYG,2,2,2,3,"39,44",https://media.eagles.1rmg.com/wp-content/uploads/2022/02/28150709/1986.pdf
1986-11-16,1986,11,REG,1986_11_NYG_MIN,nfl-raul-allegre,Raul Allegre,NYG,MIN,1,1,5,6,"41,37,24,37,33",https://media.eagles.1rmg.com/wp-content/uploads/2022/02/28150709/1986.pdf
1986-11-16,1986,11,REG,1986_11_SEA_CIN,nfl-jim-breech,Jim Breech,CIN,SEA,4,4,2,3,"37,34",https://media.eagles.1rmg.com/wp-content/uploads/2022/02/28150709/1986.pdf
1986-11-17,1986,11,REG,1986_11_SF_WAS,nfl-ray-wersching,Ray Wersching,SF,WAS,0,0,2,3,"34,38",https://media.eagles.1rmg.com/wp-content/uploads/2022/02/28150709/1986.pdf
1986-11-23,1986,12,REG,1986_12_ATL_SF,nfl-ray-wersching,Ray Wersching,SF,ATL,2,2,2,2,"36,26",https://media.eagles.1rmg.com/wp-content/uploads/2022/02/28150709/1986.pdf
1986-11-23,1986,12,REG,1986_12_BUF_NE,nfl-scott-norwood,Scott Norwood,BUF,NE,1,1,4,4,"48,34,33,28",https://media.eagles.1rmg.com/wp-content/uploads/2022/02/28150709/1986.pdf
1986-11-23,1986,12,REG,1986_12_BUF_NE,nfl-tony-franklin-2,Tony Franklin,NE,BUF,2,2,2,2,"37,47",https://media.eagles.1rmg.com/wp-content/uploads/2022/02/28150709/1986.pdf
1986-11-23,1986,12,REG,1986_12_DAL_WAS,nfl-max-zendejas,Max Zendejas,WAS,DAL,5,5,2,2,"25,41",https://media.eagles.1rmg.com/wp-content/uploads/2022/02/28150709/1986.pdf
1986-11-23,1986,12,REG,1986_12_DEN_NYG,nfl-raul-allegre,Raul Allegre,NYG,DEN,1,1,4,4,"31,45,46,34",https://media.eagles.1rmg.com/wp-content/uploads/2022/02/28150709/1986.pdf
1986-11-23,1986,12,REG,1986_12_DEN_NYG,nfl-rich-karlis,Rich Karlis,DEN,NYG,1,1,3,4,"40,32,42",https://media.eagles.1rmg.com/wp-content/uploads/2022/02/28150709/1986.pdf
1986-11-23,1986,12,REG,1986_12_NO_LA,nfl-morten-andersen,Morten Andersen,NO,LA,1,1,2,2,"33,18",https://media.eagles.1rmg.com/wp-content/uploads/2022/02/28150709/1986.pdf
1986-11-23,1986,12,REG,1986_12_PHI_SEA,nfl-paul-mcfadden,Paul McFadden,PHI,SEA,2,2,2,3,"35,32",https://media.eagles.1rmg.com/wp-content/uploads/2022/02/28150709/1986.pdf
1986-11-30,1986,13,REG,1986_13_ATL_MIA,nfl-ali-haji-sheikh,Ali Haji-Sheikh,ATL,MIA,2,2,2,3,"32,47",https://media.eagles.1rmg.com/wp-content/uploads/2022/02/28150709/1986.pdf
1986-11-30,1986,13,REG,1986_13_CIN_DEN,nfl-rich-karlis,Rich Karlis,DEN,CIN,4,4,2,2,"49,33",https://media.eagles.1rmg.com/wp-content/uploads/2022/02/28150709/1986.pdf
1986-11-27,1986,13,REG,1986_13_GB_DET,nfl-al-del-greco,Al Del Greco,GB,DET,5,5,3,4,"34,48,24",https://media.eagles.1rmg.com/wp-content/uploads/2022/02/28150709/1986.pdf
1986-11-27,1986,13,REG,1986_13_GB_DET,nfl-eddie-murray,Eddie Murray,DET,GB,4,4,4,4,"44,30,32,19",https://media.eagles.1rmg.com/wp-content/uploads/2022/02/28150709/1986.pdf
1986-11-30,1986,13,REG,1986_13_NE_NO,nfl-morten-andersen,Morten Andersen,NO,NE,2,2,2,2,"28,38",https://media.eagles.1rmg.com/wp-content/uploads/2022/02/28150709/1986.pdf
1986-11-30,1986,13,REG,1986_13_PIT_CHI,nfl-kevin-butler,Kevin Butler,CHI,PIT,1,1,2,5,"39,42",https://media.eagles.1rmg.com/wp-content/uploads/2022/02/28150709/1986.pdf
1986-11-30,1986,13,REG,1986_13_TB_MIN,nfl-donald-igwebuike,Donald Igwebuike,TB,MIN,1,1,2,2,"39,55",https://media.eagles.1rmg.com/wp-content/uploads/2022/02/28150709/1986.pdf
1986-11-30,1986,13,REG,1986_13_WAS_STL,nfl-max-zendejas,Max Zendejas,WAS,STL,2,2,2,3,"30,27",https://media.eagles.1rmg.com/wp-content/uploads/2022/02/28150709/1986.pdf
1986-12-07,1986,14,REG,1986_14_DEN_KC,nfl-nick-lowery,Nick Lowery,KC,DEN,4,4,3,3,"30,45,44",https://media.eagles.1rmg.com/wp-content/uploads/2022/02/28150709/1986.pdf
1986-12-07,1986,14,REG,1986_14_HOU_SD,nfl-rolf-benirschke,Rolf Benirschke,SD,HOU,3,3,2,2,"20,35",https://media.eagles.1rmg.com/wp-content/uploads/2022/02/28150709/1986.pdf
1986-12-07,1986,14,REG,1986_14_IND_ATL,nfl-ali-haji-sheikh,Ali Haji-Sheikh,ATL,IND,2,2,3,3,"19,45,26",https://media.eagles.1rmg.com/wp-content/uploads/2022/02/28150709/1986.pdf
1986-12-07,1986,14,REG,1986_14_MIA_NO,nfl-morten-andersen,Morten Andersen,NO,MIA,3,3,2,3,"27,29",https://media.eagles.1rmg.com/wp-content/uploads/2022/02/28150709/1986.pdf
1986-12-07,1986,14,REG,1986_14_MIN_GB,nfl-al-del-greco,Al Del Greco,GB,MIN,0,0,2,2,"39,20",https://media.eagles.1rmg.com/wp-content/uploads/2022/02/28150709/1986.pdf
1986-12-07,1986,14,REG,1986_14_MIN_GB,nfl-chuck-nelson,Chuck Nelson,MIN,GB,2,4,2,2,"28,31",https://media.eagles.1rmg.com/wp-content/uploads/2022/02/28150709/1986.pdf
1986-12-15,1986,15,REG,1986_15_CHI_DET,nfl-eddie-murray,Eddie Murray,DET,CHI,1,1,2,2,"52,39",https://media.eagles.1rmg.com/wp-content/uploads/2022/02/28150709/1986.pdf
1986-12-15,1986,15,REG,1986_15_CHI_DET,nfl-kevin-butler,Kevin Butler,CHI,DET,1,1,3,3,"41,32,22",https://media.eagles.1rmg.com/wp-content/uploads/2022/02/28150709/1986.pdf
1986-12-14,1986,15,REG,1986_15_MIN_HOU,nfl-tony-zendejas,Tony Zendejas,HOU,MIN,2,2,3,3,"31,33,36",https://media.eagles.1rmg.com/wp-content/uploads/2022/02/28150709/1986.pdf
1986-12-14,1986,15,REG,1986_15_PHI_DAL,nfl-paul-mcfadden,Paul McFadden,PHI,DAL,2,2,3,3,"26,50,40",https://media.eagles.1rmg.com/wp-content/uploads/2022/02/28150709/1986.pdf
1986-12-14,1986,15,REG,1986_15_SEA_SD,nfl-norm-johnson,Norm Johnson,SEA,SD,4,4,2,2,"29,25",https://media.eagles.1rmg.com/wp-content/uploads/2022/02/28150709/1986.pdf
1986-12-14,1986,15,REG,1986_15_STL_NYG,nfl-raul-allegre,Raul Allegre,NYG,STL,3,3,2,2,"26,23",https://media.eagles.1rmg.com/wp-content/uploads/2022/02/28150709/1986.pdf
1986-12-21,1986,16,REG,1986_16_ATL_DET,nfl-ali-haji-sheikh,Ali Haji-Sheikh,ATL,DET,2,2,2,3,"25,21",https://media.eagles.1rmg.com/wp-content/uploads/2022/02/28150709/1986.pdf
1986-12-21,1986,16,REG,1986_16_BUF_HOU,nfl-tony-zendejas,Tony Zendejas,HOU,BUF,1,1,3,3,"26,51,22",https://media.eagles.1rmg.com/wp-content/uploads/2022/02/28150709/1986.pdf
1986-12-20,1986,16,REG,1986_16_DEN_SEA,nfl-norm-johnson,Norm Johnson,SEA,DEN,5,5,2,2,"37,35",https://media.eagles.1rmg.com/wp-content/uploads/2022/02/28150709/1986.pdf
1986-12-20,1986,16,REG,1986_16_DEN_SEA,nfl-rich-karlis,Rich Karlis,DEN,SEA,1,1,3,3,"31,34,47",https://media.eagles.1rmg.com/wp-content/uploads/2022/02/28150709/1986.pdf
1986-12-20,1986,16,REG,1986_16_GB_NYG,nfl-raul-allegre,Raul Allegre,NYG,GB,7,7,2,2,"46,26",https://media.eagles.1rmg.com/wp-content/uploads/2022/02/28150709/1986.pdf
1986-12-22,1986,16,REG,1986_16_NE_MIA,nfl-fuad-reveiz,Fuad Reveiz,MIA,NE,3,3,2,2,"42,21",https://media.eagles.1rmg.com/wp-content/uploads/2022/02/28150709/1986.pdf
1986-12-22,1986,16,REG,1986_16_NE_MIA,nfl-tony-franklin-2,Tony Franklin,NE,MIA,4,4,2,3,"47,44",https://media.eagles.1rmg.com/wp-content/uploads/2022/02/28150709/1986.pdf
1986-12-21,1986,16,REG,1986_16_NO_MIN,nfl-chuck-nelson,Chuck Nelson,MIN,NO,3,3,2,3,"46,50",https://media.eagles.1rmg.com/wp-content/uploads/2022/02/28150709/1986.pdf
1987-09-13,1987,1,REG,1987_01_DAL_STL,nfl-roger-ruzek,Roger Ruzek,DAL,STL,1,1,2,2,"22,29",https://media.eagles.1rmg.com/wp-content/uploads/2022/02/28150746/1987.pdf
1987-09-13,1987,1,REG,1987_01_DET_MIN,nfl-eddie-murray,Eddie Murray,DET,MIN,1,1,4,5,"26,27,24,34",https://media.eagles.1rmg.com/wp-content/uploads/2022/02/28150746/1987.pdf
1987-09-13,1987,1,REG,1987_01_LA_HOU,nfl-tony-zendejas,Tony Zendejas,HOU,LA,2,2,2,2,"44,19",https://media.eagles.1rmg.com/wp-content/uploads/2022/02/28150746/1987.pdf
1987-09-14,1987,1,REG,1987_01_NYG_CHI,nfl-kevin-butler,Kevin Butler,CHI,NYG,4,4,2,2,"24,25",https://media.eagles.1rmg.com/wp-content/uploads/2022/02/28150746/1987.pdf
1987-09-13,1987,1,REG,1987_01_SD_KC,nfl-nick-lowery,Nick Lowery,KC,SD,2,2,2,2,"25,29",https://media.eagles.1rmg.com/wp-content/uploads/2022/02/28150746/1987.pdf
1987-09-13,1987,1,REG,1987_01_SD_KC,nfl-vince-abbott,Vince Abbott,SD,KC,1,1,2,3,"32,33",https://media.eagles.1rmg.com/wp-content/uploads/2022/02/28150746/1987.pdf
1987-09-13,1987,1,REG,1987_01_SEA_DEN,nfl-rich-karlis,Rich Karlis,DEN,SEA,4,4,4,4,"37,42,25,29",https://media.eagles.1rmg.com/wp-content/uploads/2022/02/28150746/1987.pdf
1987-09-13,1987,1,REG,1987_01_SF_PIT,nfl-gary-anderson,Gary Anderson,PIT,SF,3,3,3,4,"50,41,44",https://media.eagles.1rmg.com/wp-content/uploads/2022/02/28150746/1987.pdf
1987-09-20,1987,2,REG,1987_02_DAL_NYG,nfl-roger-ruzek,Roger Ruzek,DAL,NYG,1,1,3,3,"46,43,28",https://media.eagles.1rmg.com/wp-content/uploads/2022/02/28150746/1987.pdf
1987-09-20,1987,2,REG,1987_02_HOU_BUF,nfl-scott-norwood,Scott Norwood,BUF,HOU,4,4,2,2,"45,38",https://media.eagles.1rmg.com/wp-content/uploads/2022/02/28150746/1987.pdf
1987-09-20,1987,2,REG,1987_02_HOU_BUF,nfl-tony-zendejas,Tony Zendejas,HOU,BUF,3,3,3,3,"52,27,30",https://media.eagles.1rmg.com/wp-content/uploads/2022/02/28150746/1987.pdf
1987-09-20,1987,2,REG,1987_02_KC_SEA,nfl-norm-johnson,Norm Johnson,SEA,KC,4,4,5,6,"34,25,46,27,49",https://media.eagles.1rmg.com/wp-content/uploads/2022/02/28150746/1987.pdf
1987-09-21,1987,2,REG,1987_02_NE_NYJ,nfl-pat-leahy,Pat Leahy,NYJ,NE,5,5,2,2,"37,34",https://media.eagles.1rmg.com/wp-content/uploads/2022/02/28150746/1987.pdf
1987-09-20,1987,2,REG,1987_02_NO_PHI,nfl-paul-mcfadden,Paul McFadden,PHI,NO,3,3,2,2,"30,30",https://media.eagles.1rmg.com/wp-content/uploads/2022/02/28150746/1987.pdf
1987-09-20,1987,2,REG,1987_02_SF_CIN,nfl-jim-breech,Jim Breech,CIN,SF,2,2,4,4,"23,42,41,46",https://media.eagles.1rmg.com/wp-content/uploads/2022/02/28150746/1987.pdf
1987-09-20,1987,2,REG,1987_02_SF_CIN,nfl-ray-wersching,Ray Wersching,SF,CIN,3,3,2,2,"24,31",https://media.eagles.1rmg.com/wp-content/uploads/2022/02/28150746/1987.pdf
1987-10-04,1987,3,REG,1987_03_GB_MIN,nfl-max-zendejas,Max Zendejas,GB,MIN,2,2,3,3,"35,43,34",https://media.eagles.1rmg.com/wp-content/uploads/2022/02/28150746/1987.pdf
1987-10-04,1987,3,REG,1987_03_HOU_DEN,nfl-john-diettrich,John Diettrich,HOU,DEN,4,4,4,4,"43,39,44,27",https://media.eagles.1rmg.com/wp-content/uploads/2022/02/28150746/1987.pdf
1987-10-04,1987,3,REG,1987_03_MIA_SEA,nfl-willie-beecher,Willie Beecher,MIA,SEA,2,2,2,2,"34,40",https://media.eagles.1rmg.com/wp-content/uploads/2022/02/28150746/1987.pdf
1987-10-05,1987,3,REG,1987_03_SF_NYG,nfl-jeff-brockhaus,Jeff Brockhaus,SF,NYG,5,5,2,3,"39,22",https://media.eagles.1rmg.com/wp-content/uploads/2022/02/28150746/1987.pdf
1987-10-04,1987,3,REG,1987_03_TB_DET,nfl-mike-prindle,Mike Prindle,DET,TB,3,3,2,2,"23,35",https://media.eagles.1rmg.com/wp-content/uploads/2022/02/28150746/1987.pdf
1987-10-11,1987,4,REG,1987_04_DET_GB,nfl-max-zendejas,Max Zendejas,GB,DET,1,1,3,3,"39,28,45",https://media.eagles.1rmg.com/wp-content/uploads/2022/02/28150746/1987.pdf
1987-10-11,1987,4,REG,1987_04_DET_GB,nfl-mike-prindle,Mike Prindle,DET,GB,1,1,4,5,"23,32,27,31",https://media.eagles.1rmg.com/wp-content/uploads/2022/02/28150746/1987.pdf
1987-10-11,1987,4,REG,1987_04_HOU_CLE,nfl-john-diettrich,John Diettrich,HOU,CLE,1,1,2,2,"45,23",https://media.eagles.1rmg.com/wp-content/uploads/2022/02/28150746/1987.pdf
1987-10-11,1987,4,REG,1987_04_MIN_CHI,nfl-tim-lashar,Tim Lashar,CHI,MIN,3,3,2,3,"26,27",https://media.eagles.1rmg.com/wp-content/uploads/2022/02/28150746/1987.pdf
1987-10-11,1987,4,REG,1987_04_NYJ_IND,nfl-steve-jordan,Steve Jordan,IND,NYJ,0,0,2,4,"35,25",https://media.eagles.1rmg.com/wp-content/uploads/2022/02/28150746/1987.pdf
1987-10-11,1987,4,REG,1987_04_PHI_DAL,nfl-luis-zendejas,Luis Zendejas,DAL,PHI,5,5,2,3,"44,50",https://media.eagles.1rmg.com/wp-content/uploads/2022/02/28150746/1987.pdf
1987-10-11,1987,4,REG,1987_04_SD_TB,nfl-van-tiffin,Van Tiffin,TB,SD,1,1,2,2,"41,45",https://media.eagles.1rmg.com/wp-content/uploads/2022/02/28150746/1987.pdf
1987-10-11,1987,4,REG,1987_04_WAS_NYG,nfl-george-benyola,George Benyola,NYG,WAS,0,0,2,2,"45,20",https://media.eagles.1rmg.com/wp-content/uploads/2022/02/28150746/1987.pdf
1987-10-18,1987,5,REG,1987_05_MIN_TB,nfl-van-tiffin,Van Tiffin,TB,MIN,2,2,2,3,"50,37",https://media.eagles.1rmg.com/wp-content/uploads/2022/02/28150746/1987.pdf
1987-10-18,1987,5,REG,1987_05_NO_CHI,nfl-florian-kempf,Florian Kempf,NO,CHI,1,1,4,5,"48,31,42,21",https://media.eagles.1rmg.com/wp-content/uploads/2022/02/28150746/1987.pdf
1987-10-18,1987,5,REG,1987_05_NYG_BUF,nfl-todd-schlopy,Todd Schlopy,BUF,NYG,0,0,2,5,"31,27",https://media.eagles.1rmg.com/wp-content/uploads/2022/02/28150746/1987.pdf
1987-10-19,1987,5,REG,1987_05_WAS_DAL,nfl-obed-ariri,Obed Ariri,WAS,DAL,1,1,2,3,"19,39",https://media.eagles.1rmg.com/wp-content/uploads/2022/02/28150746/1987.pdf
1987-10-25,1987,6,REG,1987_06_ATL_HOU,nfl-mick-luckhurst,Mick Luckhurst,ATL,HOU,3,3,4,4,"39,37,45,18",https://media.eagles.1rmg.com/wp-content/uploads/2022/02/28150746/1987.pdf
1987-10-25,1987,6,REG,1987_06_ATL_HOU,nfl-tony-zendejas,Tony Zendejas,HOU,ATL,4,4,3,3,"31,43,24",https://media.eagles.1rmg.com/wp-content/uploads/2022/02/28150746/1987.pdf
1987-10-25,1987,6,REG,1987_06_BUF_MIA,nfl-scott-norwood,Scott Norwood,BUF,MIA,4,4,2,4,"41,27",https://media.eagles.1rmg.com/wp-content/uploads/2022/02/28150746/1987.pdf
1987-10-25,1987,6,REG,1987_06_CHI_TB,nfl-donald-igwebuike,Donald Igwebuike,TB,CHI,2,3,2,2,"46,37",https://media.eagles.1rmg.com/wp-content/uploads/2022/02/28150746/1987.pdf
1987-10-25,1987,6,REG,1987_06_CIN_PIT,nfl-gary-anderson,Gary Anderson,PIT,CIN,2,2,3,3,"45,21,20",https://media.eagles.1rmg.com/wp-content/uploads/2022/02/28150746/1987.pdf
1987-10-25,1987,6,REG,1987_06_DAL_PHI,nfl-paul-mcfadden,Paul McFadden,PHI,DAL,4,4,3,4,"46,45,21",https://media.eagles.1rmg.com/wp-content/uploads/2022/02/28150746/1987.pdf
1987-10-25,1987,6,REG,1987_06_DAL_PHI,nfl-roger-ruzek,Roger Ruzek,DAL,PHI,2,2,2,3,"23,25",https://media.eagles.1rmg.com/wp-content/uploads/2022/02/28150746/1987.pdf
1987-10-26,1987,6,REG,1987_06_DEN_MIN,nfl-rich-karlis,Rich Karlis,DEN,MIN,3,3,2,2,"43,51",https://media.eagles.1rmg.com/wp-content/uploads/2022/02/28150746/1987.pdf
1987-10-25,1987,6,REG,1987_06_GB_DET,nfl-al-del-greco,Al Del Greco,GB,DET,4,4,2,3,"22,45",https://media.eagles.1rmg.com/wp-content/uploads/2022/02/28150746/1987.pdf
1987-10-25,1987,6,REG,1987_06_NE_IND,nfl-dean-biasucci,Dean Biasucci,IND,NE,3,3,3,3,"48,48,24",https://media.eagles.1rmg.com/wp-content/uploads/2022/02/28150746/1987.pdf
1987-10-25,1987,6,REG,1987_06_NE_IND,nfl-tony-franklin-2,Tony Franklin,NE,IND,1,1,3,3,"38,31,49",https://media.eagles.1rmg.com/wp-content/uploads/2022/02/28150746/1987.pdf
1987-10-25,1987,6,REG,1987_06_SF_NO,nfl-morten-andersen,Morten Andersen,NO,SF,1,1,5,7,"39,49,19,19,37",https://media.eagles.1rmg.com/wp-content/uploads/2022/02/28150746/1987.pdf
1987-10-25,1987,6,REG,1987_06_STL_NYG,nfl-raul-allegre,Raul Allegre,NYG,STL,3,3,3,3,"28,35,32",https://media.eagles.1rmg.com/wp-content/uploads/2022/02/28150746/1987.pdf
1987-11-01,1987,7,REG,1987_07_CLE_SD,nfl-vince-abbott,Vince Abbott,SD,CLE,3,3,2,4,"20,33",https://media.eagles.1rmg.com/wp-content/uploads/2022/02/28150746/1987.pdf
1987-11-01,1987,7,REG,1987_07_DET_DEN,nfl-rich-karlis,Rich Karlis,DEN,DET,4,4,2,3,"28,29",https://media.eagles.1rmg.com/wp-content/uploads/2022/02/28150746/1987.pdf
1987-11-01,1987,7,REG,1987_07_HOU_CIN,nfl-jim-breech,Jim Breech,CIN,HOU,2,2,5,6,"32,33,26,39,32",https://media.eagles.1rmg.com/wp-content/uploads/2022/02/28150746/1987.pdf
1987-11-02,1987,7,REG,1987_07_NYG_DAL,nfl-roger-ruzek,Roger Ruzek,DAL,NYG,3,3,4,4,"34,49,40,35",https://media.eagles.1rmg.com/wp-content/uploads/2022/02/28150746/1987.pdf
1987-11-01,1987,7,REG,1987_07_TB_GB,nfl-donald-igwebuike,Donald Igwebuike,TB,GB,2,2,3,3,"48,36,46",https://media.eagles.1rmg.com/wp-content/uploads/2022/02/28150746/1987.pdf
1987-11-01,1987,7,REG,1987_07_WAS_BUF,nfl-ali-haji-sheikh,Ali Haji-Sheikh,WAS,BUF,3,3,2,2,"30,33",https://media.eagles.1rmg.com/wp-content/uploads/2022/02/28150746/1987.pdf
1987-11-08,1987,8,REG,1987_08_CHI_GB,nfl-kevin-butler,Kevin Butler,CHI,GB,2,2,4,6,"27,29,24,52",https://media.eagles.1rmg.com/wp-content/uploads/2022/02/28150746/1987.pdf
1987-11-08,1987,8,REG,1987_08_DAL_DET,nfl-eddie-murray,Eddie Murray,DET,DAL,3,3,2,2,"30,19",https://media.eagles.1rmg.com/wp-content/uploads/2022/02/28150746/1987.pdf
1987-11-08,1987,8,REG,1987_08_HOU_SF,nfl-ray-wersching,Ray Wersching,SF,HOU,3,3,2,3,"28,38",https://media.eagles.1rmg.com/wp-content/uploads/2022/02/28150746/1987.pdf
1987-11-08,1987,8,REG,1987_08_HOU_SF,nfl-tony-zendejas,Tony Zendejas,HOU,SF,2,2,2,2,"20,48",https://media.eagles.1rmg.com/wp-content/uploads/2022/02/28150746/1987.pdf
1987-11-08,1987,8,REG,1987_08_PIT_KC,nfl-nick-lowery,Nick Lowery,KC,PIT,1,1,3,3,"41,27,38",https://media.eagles.1rmg.com/wp-content/uploads/2022/02/28150746/1987.pdf
1987-11-08,1987,8,REG,1987_08_SD_IND,nfl-dean-biasucci,Dean Biasucci,IND,SD,1,1,2,3,"37,27",https://media.eagles.1rmg.com/wp-content/uploads/2022/02/28150746/1987.pdf
1987-11-08,1987,8,REG,1987_08_SD_IND,nfl-vince-abbott,Vince Abbott,SD,IND,1,1,3,3,"42,37,39",https://media.eagles.1rmg.com/wp-content/uploads/2022/02/28150746/1987.pdf
1987-11-09,1987,8,REG,1987_08_SEA_NYJ,nfl-pat-leahy,Pat Leahy,NYJ,SEA,3,3,3,3,"35,36,26",https://media.eagles.1rmg.com/wp-content/uploads/2022/02/28150746/1987.pdf
1987-11-15,1987,9,REG,1987_09_CIN_ATL,nfl-jim-breech,Jim Breech,CIN,ATL,1,1,3,4,"31,22,30",https://media.eagles.1rmg.com/wp-content/uploads/2022/02/28150746/1987.pdf
1987-11-15,1987,9,REG,1987_09_DET_WAS,nfl-ali-haji-sheikh,Ali Haji-Sheikh,WAS,DET,2,2,2,2,"33,41",https://media.eagles.1rmg.com/wp-content/uploads/2022/02/28150746/1987.pdf
1987-11-15,1987,9,REG,1987_09_DET_WAS,nfl-eddie-murray,Eddie Murray,DET,WAS,1,1,2,3,"40,41",https://media.eagles.1rmg.com/wp-content/uploads/2022/02/28150746/1987.pdf
1987-11-15,1987,9,REG,1987_09_GB_SEA,nfl-max-zendejas,Max Zendejas,GB,SEA,1,1,2,2,"31,48",https://media.eagles.1rmg.com/wp-content/uploads/2022/02/28150746/1987.pdf
1987-11-15,1987,9,REG,1987_09_HOU_PIT,nfl-tony-zendejas,Tony Zendejas,HOU,PIT,2,2,3,3,"34,20,40",https://media.eagles.1rmg.com/wp-content/uploads/2022/02/28150746/1987.pdf
1987-11-15,1987,9,REG,1987_09_IND_MIA,nfl-dean-biasucci,Dean Biasucci,IND,MIA,4,4,4,4,"22,32,25,23",https://media.eagles.1rmg.com/wp-content/uploads/2022/02/28150746/1987.pdf
1987-11-15,1987,9,REG,1987_09_NO_SF,nfl-morten-andersen,Morten Andersen,NO,SF,2,2,4,5,"40,27,51,40",https://media.eagles.1rmg.com/wp-content/uploads/2022/02/28150746/1987.pdf
1987-11-15,1987,9,REG,1987_09_NYG_PHI,nfl-raul-allegre,Raul Allegre,NYG,PHI,2,2,2,4,"53,52",https://media.eagles.1rmg.com/wp-content/uploads/2022/02/28150746/1987.pdf
1987-11-15,1987,9,REG,1987_09_NYJ_KC,nfl-nick-lowery,Nick Lowery,KC,NYJ,0,0,3,3,"42,43,18",https://media.eagles.1rmg.com/wp-content/uploads/2022/02/28150746/1987.pdf
1987-11-15,1987,9,REG,1987_09_NYJ_KC,nfl-pat-leahy,Pat Leahy,NYJ,KC,1,1,3,4,"39,24,21",https://media.eagles.1rmg.com/wp-content/uploads/2022/02/28150746/1987.pdf
1987-11-15,1987,9,REG,1987_09_TB_MIN,nfl-chuck-nelson,Chuck Nelson,MIN,TB,2,2,3,5,"29,27,26",https://media.eagles.1rmg.com/wp-content/uploads/2022/02/28150746/1987.pdf
1987-11-22,1987,10,REG,1987_10_DET_CHI,nfl-kevin-butler,Kevin Butler,CHI,DET,3,3,3,3,"31,37,29",https://media.eagles.1rmg.com/wp-content/uploads/2022/02/28150746/1987.pdf
1987-11-23,1987,10,REG,1987_10_LA_WAS,nfl-ali-haji-sheikh,Ali Haji-Sheikh,WAS,LA,2,3,2,2,"22,29",https://media.eagles.1rmg.com/wp-content/uploads/2022/02/28150746/1987.pdf
1987-11-22,1987,10,REG,1987_10_MIA_DAL,nfl-fuad-reveiz,Fuad Reveiz,MIA,DAL,2,2,2,3,"26,33",https://media.eagles.1rmg.com/wp-content/uploads/2022/02/28150746/1987.pdf
1987-11-22,1987,10,REG,1987_10_NYG_NO,nfl-morten-andersen,Morten Andersen,NO,NYG,2,2,3,3,"19,43,28",https://media.eagles.1rmg.com/wp-content/uploads/2022/02/28150746/1987.pdf
1987-11-22,1987,10,REG,1987_10_PIT_CIN,nfl-gary-anderson,Gary Anderson,PIT,CIN,3,3,3,3,"43,52,46",https://media.eagles.1rmg.com/wp-content/uploads/2022/02/28150746/1987.pdf
1987-11-22,1987,10,REG,1987_10_PIT_CIN,nfl-jim-breech,Jim Breech,CIN,PIT,1,1,3,3,"35,38,41",https://media.eagles.1rmg.com/wp-content/uploads/2022/02/28150746/1987.pdf
1987-11-22,1987,10,REG,1987_10_SD_SEA,nfl-norm-johnson,Norm Johnson,SEA,SD,4,4,2,3,"34,22",https://media.eagles.1rmg.com/wp-content/uploads/2022/02/28150746/1987.pdf
1987-11-29,1987,11,REG,1987_11_CIN_NYJ,nfl-jim-breech,Jim Breech,CIN,NYJ,2,2,2,3,"31,35",https://media.eagles.1rmg.com/wp-content/uploads/2022/02/28150746/1987.pdf
1987-11-29,1987,11,REG,1987_11_CIN_NYJ,nfl-pat-leahy,Pat Leahy,NYJ,CIN,3,3,2,2,"24,23",https://media.eagles.1rmg.com/wp-content/uploads/2022/02/28150746/1987.pdf
1987-11-29,1987,11,REG,1987_11_GB_CHI,nfl-kevin-butler,Kevin Butler,CHI,GB,2,2,3,3,"21,27,52",https://media.eagles.1rmg.com/wp-content/uploads/2022/02/28150746/1987.pdf
1987-11-29,1987,11,REG,1987_11_HOU_IND,nfl-dean-biasucci,Dean Biasucci,IND,HOU,6,6,3,3,"36,45,49",https://media.eagles.1rmg.com/wp-content/uploads/2022/02/28150746/1987.pdf
1987-11-29,1987,11,REG,1987_11_HOU_IND,nfl-tony-zendejas,Tony Zendejas,HOU,IND,3,3,2,4,"28,44",https://media.eagles.1rmg.com/wp-content/uploads/2022/02/28150746/1987.pdf
1987-11-26,1987,11,REG,1987_11_KC_DET,nfl-eddie-murray,Eddie Murray,DET,KC,2,2,2,3,"48,37",https://media.eagles.1rmg.com/wp-content/uploads/2022/02/28150746/1987.pdf
1987-11-26,1987,11,REG,1987_11_KC_DET,nfl-nick-lowery,Nick Lowery,KC,DET,3,3,2,2,"52,54",https://media.eagles.1rmg.com/wp-content/uploads/2022/02/28150746/1987.pdf
1987-11-29,1987,11,REG,1987_11_MIA_BUF,nfl-scott-norwood,Scott Norwood,BUF,MIA,3,3,2,3,"39,28",https://media.eagles.1rmg.com/wp-content/uploads/2022/02/28150746/1987.pdf
1987-11-29,1987,11,REG,1987_11_NO_PIT,nfl-morten-andersen,Morten Andersen,NO,PIT,2,2,2,4,"25,32",https://media.eagles.1rmg.com/wp-content/uploads/2022/02/28150746/1987.pdf
1987-11-29,1987,11,REG,1987_11_NYG_WAS,nfl-raul-allegre,Raul Allegre,NYG,WAS,1,1,4,4,"24,42,30,45",https://media.eagles.1rmg.com/wp-content/uploads/2022/02/28150746/1987.pdf
1987-11-29,1987,11,REG,1987_11_PHI_NE,nfl-paul-mcfadden,Paul McFadden,PHI,NE,4,4,2,4,"19,38",https://media.eagles.1rmg.com/wp-content/uploads/2022/02/28150746/1987.pdf
1987-11-29,1987,11,REG,1987_11_STL_ATL,nfl-jim-gallery,Jim Gallery,STL,ATL,4,4,2,4,"29,29",https://media.eagles.1rmg.com/wp-content/uploads/2022/02/28150746/1987.pdf
1987-12-06,1987,12,REG,1987_12_CHI_MIN,nfl-kevin-butler,Kevin Butler,CHI,MIN,3,3,3,3,"23,26,30",https://media.eagles.1rmg.com/wp-content/uploads/2022/02/28150746/1987.pdf
1987-12-06,1987,12,REG,1987_12_IND_CLE,nfl-dean-biasucci,Dean Biasucci,IND,CLE,0,0,3,3,"33,37,41",https://media.eagles.1rmg.com/wp-content/uploads/2022/02/28150746/1987.pdf
1987-12-06,1987,12,REG,1987_12_KC_CIN,nfl-jim-breech,Jim Breech,CIN,KC,3,3,3,4,"37,27,32",https://media.eagles.1rmg.com/wp-content/uploads/2022/02/28150746/1987.pdf
1987-12-06,1987,12,REG,1987_12_KC_CIN,nfl-nick-lowery,Nick Lowery,KC,CIN,3,3,2,2,"39,33",https://media.eagles.1rmg.com/wp-content/uploads/2022/02/28150746/1987.pdf
1987-12-06,1987,12,REG,1987_12_LA_DET,nfl-eddie-murray,Eddie Murray,DET,LA,1,1,3,4,"53,39,36",https://media.eagles.1rmg.com/wp-content/uploads/2022/02/28150746/1987.pdf
1987-12-06,1987,12,REG,1987_12_NE_DEN,nfl-tony-franklin-2,Tony Franklin,NE,DEN,2,2,2,2,"36,27",https://media.eagles.1rmg.com/wp-content/uploads/2022/02/28150746/1987.pdf
1987-12-06,1987,12,REG,1987_12_PHI_NYG,nfl-paul-mcfadden,Paul McFadden,PHI,NYG,2,2,2,2,"41,49",https://media.eagles.1rmg.com/wp-content/uploads/2022/02/28150746/1987.pdf
1987-12-06,1987,12,REG,1987_12_PHI_NYG,nfl-raul-allegre,Raul Allegre,NYG,PHI,2,2,3,5,"20,46,28",https://media.eagles.1rmg.com/wp-content/uploads/2022/02/28150746/1987.pdf
1987-12-06,1987,12,REG,1987_12_SD_HOU,nfl-tony-zendejas,Tony Zendejas,HOU,SD,3,4,2,2,"48,47",https://media.eagles.1rmg.com/wp-content/uploads/2022/02/28150746/1987.pdf
1987-12-06,1987,12,REG,1987_12_SEA_PIT,nfl-gary-anderson,Gary Anderson,PIT,SEA,1,1,2,2,"37,24",https://media.eagles.1rmg.com/wp-content/uploads/2022/02/28150746/1987.pdf
1987-12-06,1987,12,REG,1987_12_SF_GB,nfl-max-zendejas,Max Zendejas,GB,SF,0,1,2,2,"30,45",https://media.eagles.1rmg.com/wp-content/uploads/2022/02/28150746/1987.pdf
1987-12-06,1987,12,REG,1987_12_TB_NO,nfl-donald-igwebuike,Donald Igwebuike,TB,NO,4,4,2,2,"37,43",https://media.eagles.1rmg.com/wp-content/uploads/2022/02/28150746/1987.pdf
1987-12-06,1987,12,REG,1987_12_TB_NO,nfl-morten-andersen,Morten Andersen,NO,TB,5,5,3,3,"40,24,32",https://media.eagles.1rmg.com/wp-content/uploads/2022/02/28150746/1987.pdf
1987-12-06,1987,12,REG,1987_12_WAS_STL,nfl-ali-haji-sheikh,Ali Haji-Sheikh,WAS,STL,4,4,2,2,"22,40",https://media.eagles.1rmg.com/wp-content/uploads/2022/02/28150746/1987.pdf
1987-12-13,1987,13,REG,1987_13_BUF_IND,nfl-scott-norwood,Scott Norwood,BUF,IND,3,3,2,2,"39,25",https://media.eagles.1rmg.com/wp-content/uploads/2022/02/28150746/1987.pdf
1987-12-14,1987,13,REG,1987_13_CHI_SF,nfl-ray-wersching,Ray Wersching,SF,CHI,5,5,2,2,"20,45",https://media.eagles.1rmg.com/wp-content/uploads/2022/02/28150746/1987.pdf
1987-12-13,1987,13,REG,1987_13_DAL_WAS,nfl-roger-ruzek,Roger Ruzek,DAL,WAS,2,2,2,3,"22,37",https://media.eagles.1rmg.com/wp-content/uploads/2022/02/28150746/1987.pdf
1987-12-13,1987,13,REG,1987_13_DET_TB,nfl-eddie-murray,Eddie Murray,DET,TB,2,2,2,2,"24,37",https://media.eagles.1rmg.com/wp-content/uploads/2022/02/28150746/1987.pdf
1987-12-13,1987,13,REG,1987_13_NYJ_NE,nfl-pat-leahy,Pat Leahy,NYJ,NE,2,2,2,2,"42,24",https://media.eagles.1rmg.com/wp-content/uploads/2022/02/28150746/1987.pdf
1987-12-13,1987,13,REG,1987_13_PIT_SD,nfl-gary-anderson,Gary Anderson,PIT,SD,2,2,2,3,"43,33",https://media.eagles.1rmg.com/wp-content/uploads/2022/02/28150746/1987.pdf
1987-12-21,1987,14,REG,1987_14_DAL_LA,nfl-roger-ruzek,Roger Ruzek,DAL,LA,2,2,5,5,"24,42,44,47,37",https://media.eagles.1rmg.com/wp-content/uploads/2022/02/28150746/1987.pdf
1987-12-20,1987,14,REG,1987_14_IND_SD,nfl-dean-biasucci,Dean Biasucci,IND,SD,2,2,2,2,"36,41",https://media.eagles.1rmg.com/wp-content/uploads/2022/02/28150746/1987.pdf
1987-12-19,1987,14,REG,1987_14_KC_DEN,nfl-rich-karlis,Rich Karlis,DEN,KC,2,2,2,2,"20,43",https://media.eagles.1rmg.com/wp-content/uploads/2022/02/28150746/1987.pdf
1987-12-20,1987,14,REG,1987_14_NO_CIN,nfl-morten-andersen,Morten Andersen,NO,CIN,5,5,2,2,"21,30",https://media.eagles.1rmg.com/wp-content/uploads/2022/02/28150746/1987.pdf
1987-12-20,1987,14,REG,1987_14_PHI_NYJ,nfl-pat-leahy,Pat Leahy,NYJ,PHI,3,3,2,2,"42,29",https://media.eagles.1rmg.com/wp-content/uploads/2022/02/28150746/1987.pdf
1987-12-20,1987,14,REG,1987_14_PIT_HOU,nfl-gary-anderson,Gary Anderson,PIT,HOU,1,1,3,3,"25,35,20",https://media.eagles.1rmg.com/wp-content/uploads/2022/02/28150746/1987.pdf
1987-12-20,1987,14,REG,1987_14_SEA_CHI,nfl-norm-johnson,Norm Johnson,SEA,CHI,4,4,2,2,"45,29",https://media.eagles.1rmg.com/wp-content/uploads/2022/02/28150746/1987.pdf
1987-12-26,1987,15,REG,1987_15_CLE_PIT,nfl-gary-anderson,Gary Anderson,PIT,CLE,1,1,2,3,"39,27",https://media.eagles.1rmg.com/wp-content/uploads/2022/02/28150746/1987.pdf
1987-12-27,1987,15,REG,1987_15_DET_ATL,nfl-eddie-murray,Eddie Murray,DET,ATL,3,3,3,4,"45,23,46",https://media.eagles.1rmg.com/wp-content/uploads/2022/02/28150746/1987.pdf
1987-12-27,1987,15,REG,1987_15_DET_ATL,nfl-mick-luckhurst,Mick Luckhurst,ATL,DET,1,1,2,3,"50,28",https://media.eagles.1rmg.com/wp-content/uploads/2022/02/28150746/1987.pdf
1987-12-27,1987,15,REG,1987_15_GB_NO,nfl-morten-andersen,Morten Andersen,NO,GB,3,3,4,4,"31,52,48,32",https://media.eagles.1rmg.com/wp-content/uploads/2022/02/28150746/1987.pdf
1987-12-27,1987,15,REG,1987_15_NYJ_NYG,nfl-raul-allegre,Raul Allegre,NYG,NYJ,2,2,2,4,"29,23",https://media.eagles.1rmg.com/wp-content/uploads/2022/02/28150746/1987.pdf
1987-12-27,1987,15,REG,1987_15_SEA_KC,nfl-nick-lowery,Nick Lowery,KC,SEA,5,5,2,2,"35,44",https://media.eagles.1rmg.com/wp-content/uploads/2022/02/28150746/1987.pdf
1987-12-27,1987,15,REG,1987_15_SEA_KC,nfl-norm-johnson,Norm Johnson,SEA,KC,2,2,2,3,"39,24",https://media.eagles.1rmg.com/wp-content/uploads/2022/02/28150746/1987.pdf
1987-12-27,1987,15,REG,1987_15_TB_IND,nfl-donald-igwebuike,Donald Igwebuike,TB,IND,0,0,2,3,"38,39",https://media.eagles.1rmg.com/wp-content/uploads/2022/02/28150746/1987.pdf
1987-12-26,1987,15,REG,1987_15_WAS_MIN,nfl-ali-haji-sheikh,Ali Haji-Sheikh,WAS,MIN,3,3,2,4,"37,26",https://media.eagles.1rmg.com/wp-content/uploads/2022/02/28150746/1987.pdf
1988-09-04,1988,1,REG,1988_01_MIN_BUF,nfl-scott-norwood,Scott Norwood,BUF,MIN,1,1,2,3,"27,26",https://media.eagles.1rmg.com/wp-content/uploads/2022/02/28150831/1988.pdf
1988-09-04,1988,1,REG,1988_01_NYJ_NE,nfl-teddy-garcia,Teddy Garcia,NE,NYJ,1,3,3,4,"39,24,47",https://media.eagles.1rmg.com/wp-content/uploads/2022/02/28150831/1988.pdf
1988-09-04,1988,1,REG,1988_01_PHI_TB,nfl-dean-dorsey,Dean Dorsey,PHI,TB,5,5,2,2,"23,26",https://media.eagles.1rmg.com/wp-content/uploads/2022/02/28150831/1988.pdf
1988-09-04,1988,1,REG,1988_01_SF_NO,nfl-mike-cofer,Mike Cofer,SF,NO,4,4,2,2,"25,32",https://media.eagles.1rmg.com/wp-content/uploads/2022/02/28150831/1988.pdf
1988-09-05,1988,1,REG,1988_01_WAS_NYG,nfl-chip-lohmiller,Chip Lohmiller,WAS,NYG,2,2,2,2,"26,25",https://media.eagles.1rmg.com/wp-content/uploads/2022/02/28150831/1988.pdf
1988-09-05,1988,1,REG,1988_01_WAS_NYG,nfl-raul-allegre,Raul Allegre,NYG,WAS,3,3,2,2,"23,32",https://media.eagles.1rmg.com/wp-content/uploads/2022/02/28150831/1988.pdf
1988-09-11,1988,2,REG,1988_02_CHI_IND,nfl-dean-biasucci,Dean Biasucci,IND,CHI,1,1,2,2,"38,53",https://media.eagles.1rmg.com/wp-content/uploads/2022/02/28150831/1988.pdf
1988-09-11,1988,2,REG,1988_02_MIA_BUF,nfl-fuad-reveiz,Fuad Reveiz,MIA,BUF,0,0,2,3,"31,27",https://media.eagles.1rmg.com/wp-content/uploads/2022/02/28150831/1988.pdf
1988-09-11,1988,2,REG,1988_02_MIA_BUF,nfl-scott-norwood,Scott Norwood,BUF,MIA,0,0,3,3,"41,35,28",https://media.eagles.1rmg.com/wp-content/uploads/2022/02/28150831/1988.pdf
1988-09-11,1988,2,REG,1988_02_NE_MIN,nfl-chuck-nelson,Chuck Nelson,MIN,NE,4,4,2,2,"39,24",https://media.eagles.1rmg.com/wp-content/uploads/2022/02/28150831/1988.pdf
1988-09-11,1988,2,REG,1988_02_NE_MIN,nfl-teddy-garcia,Teddy Garcia,NE,MIN,0,0,2,2,"50,23",https://media.eagles.1rmg.com/wp-content/uploads/2022/02/28150831/1988.pdf
1988-09-11,1988,2,REG,1988_02_NO_ATL,nfl-morten-andersen,Morten Andersen,NO,ATL,2,3,3,3,"41,29,28",https://media.eagles.1rmg.com/wp-content/uploads/2022/02/28150831/1988.pdf
1988-09-11,1988,2,REG,1988_02_PIT_WAS,nfl-chip-lohmiller,Chip Lohmiller,WAS,PIT,3,3,3,4,"37,46,19",https://media.eagles.1rmg.com/wp-content/uploads/2022/02/28150831/1988.pdf
1988-09-11,1988,2,REG,1988_02_PIT_WAS,nfl-gary-anderson,Gary Anderson,PIT,WAS,2,2,3,3,"33,24,43",https://media.eagles.1rmg.com/wp-content/uploads/2022/02/28150831/1988.pdf
1988-09-11,1988,2,REG,1988_02_SD_DEN,nfl-rich-karlis,Rich Karlis,DEN,SD,4,4,2,2,"51,38",https://media.eagles.1rmg.com/wp-content/uploads/2022/02/28150831/1988.pdf
1988-09-11,1988,2,REG,1988_02_SF_NYG,nfl-mike-cofer,Mike Cofer,SF,NYG,2,2,2,4,"35,26",https://media.eagles.1rmg.com/wp-content/uploads/2022/02/28150831/1988.pdf
1988-09-11,1988,2,REG,1988_02_TB_GB,nfl-donald-igwebuike,Donald Igwebuike,TB,GB,1,1,2,3,"53,28",https://media.eagles.1rmg.com/wp-content/uploads/2022/02/28150831/1988.pdf
1988-09-18,1988,3,REG,1988_03_ATL_SF,nfl-greg-davis,Greg Davis,ATL,SF,4,4,2,2,"47,41",https://media.eagles.1rmg.com/wp-content/uploads/2022/02/28150831/1988.pdf
1988-09-18,1988,3,REG,1988_03_BUF_NE,nfl-scott-norwood,Scott Norwood,BUF,NE,1,1,3,3,"38,44,41",https://media.eagles.1rmg.com/wp-content/uploads/2022/02/28150831/1988.pdf
1988-09-18,1988,3,REG,1988_03_DEN_KC,nfl-nick-lowery,Nick Lowery,KC,DEN,2,2,2,2,"50,29",https://media.eagles.1rmg.com/wp-content/uploads/2022/02/28150831/1988.pdf
1988-09-18,1988,3,REG,1988_03_DEN_KC,nfl-rich-karlis,Rich Karlis,DEN,KC,1,1,2,2,"23,42",https://media.eagles.1rmg.com/wp-content/uploads/2022/02/28150831/1988.pdf
1988-09-18,1988,3,REG,1988_03_NO_DET,nfl-morten-andersen,Morten Andersen,NO,DET,2,2,2,3,"37,29",https://media.eagles.1rmg.com/wp-content/uploads/2022/02/28150831/1988.pdf
1988-09-18,1988,3,REG,1988_03_PHX_TB,nfl-al-del-greco,Al Del Greco,PHX,TB,3,3,3,4,"47,37,23",https://media.eagles.1rmg.com/wp-content/uploads/2022/02/28150831/1988.pdf
1988-09-18,1988,3,REG,1988_03_SEA_SD,nfl-norm-johnson,Norm Johnson,SEA,SD,0,0,2,3,"40,42",https://media.eagles.1rmg.com/wp-content/uploads/2022/02/28150831/1988.pdf
1988-09-25,1988,4,REG,1988_04_ATL_DAL,nfl-greg-davis,Greg Davis,ATL,DAL,2,2,2,2,"43,24",https://media.eagles.1rmg.com/wp-content/uploads/2022/02/28150831/1988.pdf
1988-09-25,1988,4,REG,1988_04_MIA_IND,nfl-dean-biasucci,Dean Biasucci,IND,MIA,0,0,5,6,"50,34,41,51,25",https://media.eagles.1rmg.com/wp-content/uploads/2022/02/28150831/1988.pdf
1988-09-25,1988,4,REG,1988_04_PIT_BUF,nfl-scott-norwood,Scott Norwood,BUF,PIT,3,3,5,5,"38,39,39,48,49",https://media.eagles.1rmg.com/wp-content/uploads/2022/02/28150831/1988.pdf
1988-09-25,1988,4,REG,1988_04_TB_NO,nfl-donald-igwebuike,Donald Igwebuike,TB,NO,0,0,3,3,"25,35,35",https://media.eagles.1rmg.com/wp-content/uploads/2022/02/28150831/1988.pdf
1988-09-25,1988,4,REG,1988_04_TB_NO,nfl-morten-andersen,Morten Andersen,NO,TB,1,1,2,3,"28,41",https://media.eagles.1rmg.com/wp-content/uploads/2022/02/28150831/1988.pdf
1988-10-02,1988,5,REG,1988_05_CLE_PIT,nfl-gary-anderson,Gary Anderson,PIT,CLE,0,0,3,3,"49,35,45",https://media.eagles.1rmg.com/wp-content/uploads/2022/02/28150831/1988.pdf
1988-10-03,1988,5,REG,1988_05_DAL_NO,nfl-morten-andersen,Morten Andersen,NO,DAL,2,2,2,2,"27,49",https://media.eagles.1rmg.com/wp-content/uploads/2022/02/28150831/1988.pdf
1988-10-02,1988,5,REG,1988_05_DEN_SD,nfl-rich-karlis,Rich Karlis,DEN,SD,0,0,4,7,"30,43,30,28",https://media.eagles.1rmg.com/wp-content/uploads/2022/02/28150831/1988.pdf
1988-10-02,1988,5,REG,1988_05_DET_SF,nfl-eddie-murray,Eddie Murray,DET,SF,1,1,2,2,"24,34",https://media.eagles.1rmg.com/wp-content/uploads/2022/02/28150831/1988.pdf
1988-10-02,1988,5,REG,1988_05_DET_SF,nfl-mike-cofer,Mike Cofer,SF,DET,2,2,2,2,"29,29",https://media.eagles.1rmg.com/wp-content/uploads/2022/02/28150831/1988.pdf
1988-10-02,1988,5,REG,1988_05_GB_TB,nfl-donald-igwebuike,Donald Igwebuike,TB,GB,3,3,2,3,"45,44",https://media.eagles.1rmg.com/wp-content/uploads/2022/02/28150831/1988.pdf
1988-10-02,1988,5,REG,1988_05_PHX_LA,nfl-al-del-greco,Al Del Greco,PHX,LA,5,5,2,2,"43,51",https://media.eagles.1rmg.com/wp-content/uploads/2022/02/28150831/1988.pdf
1988-10-02,1988,5,REG,1988_05_SEA_ATL,nfl-greg-davis,Greg Davis,ATL,SEA,2,2,2,3,"32,31",https://media.eagles.1rmg.com/wp-content/uploads/2022/02/28150831/1988.pdf
1988-10-09,1988,6,REG,1988_06_DEN_SF,nfl-mike-cofer,Mike Cofer,SF,DEN,1,1,2,3,"37,27",https://media.eagles.1rmg.com/wp-content/uploads/2022/02/28150831/1988.pdf
1988-10-09,1988,6,REG,1988_06_DEN_SF,nfl-rich-karlis,Rich Karlis,DEN,SF,1,1,3,4,"27,27,22",https://media.eagles.1rmg.com/wp-content/uploads/2022/02/28150831/1988.pdf
1988-10-09,1988,6,REG,1988_06_IND_BUF,nfl-dean-biasucci,Dean Biasucci,IND,BUF,2,2,3,4,"31,40,22",https://media.eagles.1rmg.com/wp-content/uploads/2022/02/28150831/1988.pdf
1988-10-09,1988,6,REG,1988_06_IND_BUF,nfl-scott-norwood,Scott Norwood,BUF,IND,4,4,2,3,"45,19",https://media.eagles.1rmg.com/wp-content/uploads/2022/02/28150831/1988.pdf
1988-10-09,1988,6,REG,1988_06_KC_HOU,nfl-nick-lowery,Nick Lowery,KC,HOU,0,0,2,2,"28,51",https://media.eagles.1rmg.com/wp-content/uploads/2022/02/28150831/1988.pdf
1988-10-09,1988,6,REG,1988_06_NO_SD,nfl-morten-andersen,Morten Andersen,NO,SD,2,2,3,4,"27,35,34",https://media.eagles.1rmg.com/wp-content/uploads/2022/02/28150831/1988.pdf
1988-10-10,1988,6,REG,1988_06_NYG_PHI,nfl-raul-allegre,Raul Allegre,NYG,PHI,1,1,2,2,"47,22",https://media.eagles.1rmg.com/wp-content/uploads/2022/02/28150831/1988.pdf
1988-10-09,1988,6,REG,1988_06_SEA_CLE,nfl-norm-johnson,Norm Johnson,SEA,CLE,1,1,3,3,"31,38,22",https://media.eagles.1rmg.com/wp-content/uploads/2022/02/28150831/1988.pdf
1988-10-09,1988,6,REG,1988_06_TB_MIN,nfl-donald-igwebuike,Donald Igwebuike,TB,MIN,1,1,2,2,"31,36",https://media.eagles.1rmg.com/wp-content/uploads/2022/02/28150831/1988.pdf
1988-10-16,1988,7,REG,1988_07_ATL_DEN,nfl-rich-karlis,Rich Karlis,DEN,ATL,3,3,3,4,"47,41,50",https://media.eagles.1rmg.com/wp-content/uploads/2022/02/28150831/1988.pdf
1988-10-17,1988,7,REG,1988_07_BUF_NYJ,nfl-scott-norwood,Scott Norwood,BUF,NYJ,4,4,3,3,"30,34,28",https://media.eagles.1rmg.com/wp-content/uploads/2022/02/28150831/1988.pdf
1988-10-16,1988,7,REG,1988_07_DET_NYG,nfl-raul-allegre,Raul Allegre,NYG,DET,3,3,3,3,"33,48,25",https://media.eagles.1rmg.com/wp-content/uploads/2022/02/28150831/1988.pdf
1988-10-16,1988,7,REG,1988_07_GB_MIN,nfl-max-zendejas,Max Zendejas,GB,MIN,2,3,4,4,"37,22,36,45",https://media.eagles.1rmg.com/wp-content/uploads/2022/02/28150831/1988.pdf
1988-10-16,1988,7,REG,1988_07_HOU_PIT,nfl-tony-zendejas,Tony Zendejas,HOU,PIT,2,3,2,2,"50,27",https://media.eagles.1rmg.com/wp-content/uploads/2022/02/28150831/1988.pdf
1988-10-16,1988,7,REG,1988_07_NO_SEA,nfl-morten-andersen,Morten Andersen,NO,SEA,2,2,2,2,"23,31",https://media.eagles.1rmg.com/wp-content/uploads/2022/02/28150831/1988.pdf
1988-10-16,1988,7,REG,1988_07_NO_SEA,nfl-norm-johnson,Norm Johnson,SEA,NO,1,1,4,5,"22,47,46,42",https://media.eagles.1rmg.com/wp-content/uploads/2022/02/28150831/1988.pdf
1988-10-23,1988,8,REG,1988_08_DAL_PHI,nfl-roger-ruzek,Roger Ruzek,DAL,PHI,2,2,3,3,"26,34,30",https://media.eagles.1rmg.com/wp-content/uploads/2022/02/28150831/1988.pdf
1988-10-23,1988,8,REG,1988_08_DEN_PIT,nfl-gary-anderson,Gary Anderson,PIT,DEN,3,3,6,6,"30,32,21,37,22,30",https://media.eagles.1rmg.com/wp-content/uploads/2022/02/28150831/1988.pdf
1988-10-23,1988,8,REG,1988_08_DET_KC,nfl-nick-lowery,Nick Lowery,KC,DET,0,0,2,2,"38,43",https://media.eagles.1rmg.com/wp-content/uploads/2022/02/28150831/1988.pdf
1988-10-23,1988,8,REG,1988_08_IND_SD,nfl-dean-biasucci,Dean Biasucci,IND,SD,1,1,3,3,"20,44,51",https://media.eagles.1rmg.com/wp-content/uploads/2022/02/28150831/1988.pdf
1988-10-23,1988,8,REG,1988_08_MIN_TB,nfl-donald-igwebuike,Donald Igwebuike,TB,MIN,2,2,2,2,"18,32",https://media.eagles.1rmg.com/wp-content/uploads/2022/02/28150831/1988.pdf
1988-10-23,1988,8,REG,1988_08_NE_BUF,nfl-scott-norwood,Scott Norwood,BUF,NE,2,2,3,3,"30,35,33",https://media.eagles.1rmg.com/wp-content/uploads/2022/02/28150831/1988.pdf
1988-10-23,1988,8,REG,1988_08_NYG_ATL,nfl-greg-davis,Greg Davis,ATL,NYG,1,1,3,3,"32,37,31",https://media.eagles.1rmg.com/wp-content/uploads/2022/02/28150831/1988.pdf
1988-10-23,1988,8,REG,1988_08_NYG_ATL,nfl-paul-mcfadden,Paul McFadden,NYG,ATL,2,2,3,3,"21,27,45",https://media.eagles.1rmg.com/wp-content/uploads/2022/02/28150831/1988.pdf
1988-10-23,1988,8,REG,1988_08_WAS_GB,nfl-chip-lohmiller,Chip Lohmiller,WAS,GB,2,2,2,3,"33,20",https://media.eagles.1rmg.com/wp-content/uploads/2022/02/28150831/1988.pdf
1988-10-30,1988,9,REG,1988_09_CIN_CLE,nfl-jim-breech,Jim Breech,CIN,CLE,1,1,3,3,"19,32,22",https://media.eagles.1rmg.com/wp-content/uploads/2022/02/28150831/1988.pdf
1988-10-31,1988,9,REG,1988_09_DEN_IND,nfl-dean-biasucci,Dean Biasucci,IND,DEN,7,7,2,3,"31,27",https://media.eagles.1rmg.com/wp-content/uploads/2022/02/28150831/1988.pdf
1988-10-30,1988,9,REG,1988_09_NYG_DET,nfl-paul-mcfadden,Paul McFadden,NYG,DET,1,1,2,3,"42,33",https://media.eagles.1rmg.com/wp-content/uploads/2022/02/28150831/1988.pdf
1988-10-30,1988,9,REG,1988_09_PIT_NYJ,nfl-gary-anderson,Gary Anderson,PIT,NYJ,2,2,2,2,"25,21",https://media.eagles.1rmg.com/wp-content/uploads/2022/02/28150831/1988.pdf
1988-10-30,1988,9,REG,1988_09_WAS_HOU,nfl-tony-zendejas,Tony Zendejas,HOU,WAS,5,5,2,2,"41,39",https://media.eagles.1rmg.com/wp-content/uploads/2022/02/28150831/1988.pdf
1988-11-06,1988,10,REG,1988_10_BUF_SEA,nfl-scott-norwood,Scott Norwood,BUF,SEA,1,1,2,2,"27,23",https://media.eagles.1rmg.com/wp-content/uploads/2022/02/28150831/1988.pdf
1988-11-06,1988,10,REG,1988_10_DAL_NYG,nfl-paul-mcfadden,Paul McFadden,NYG,DAL,2,3,3,3,"37,50,47",https://media.eagles.1rmg.com/wp-content/uploads/2022/02/28150831/1988.pdf
1988-11-06,1988,10,REG,1988_10_GB_ATL,nfl-greg-davis,Greg Davis,ATL,GB,2,2,2,4,"52,43",https://media.eagles.1rmg.com/wp-content/uploads/2022/02/28150831/1988.pdf
1988-11-06,1988,10,REG,1988_10_KC_DEN,nfl-nick-lowery,Nick Lowery,KC,DEN,0,0,3,3,"46,29,34",https://media.eagles.1rmg.com/wp-content/uploads/2022/02/28150831/1988.pdf
1988-11-06,1988,10,REG,1988_10_SF_PHX,nfl-mike-cofer,Mike Cofer,SF,PHX,2,2,3,3,"42,27,30",https://media.eagles.1rmg.com/wp-content/uploads/2022/02/28150831/1988.pdf
1988-11-13,1988,11,REG,1988_11_CHI_WAS,nfl-kevin-butler,Kevin Butler,CHI,WAS,4,4,2,2,"32,24",https://media.eagles.1rmg.com/wp-content/uploads/2022/02/28150831/1988.pdf
1988-11-13,1988,11,REG,1988_11_CIN_KC,nfl-nick-lowery,Nick Lowery,KC,CIN,2,2,5,5,"37,35,23,47,39",https://media.eagles.1rmg.com/wp-content/uploads/2022/02/28150831/1988.pdf
1988-11-13,1988,11,REG,1988_11_CLE_DEN,nfl-rich-karlis,Rich Karlis,DEN,CLE,3,3,3,5,"18,22,32",https://media.eagles.1rmg.com/wp-content/uploads/2022/02/28150831/1988.pdf
1988-11-13,1988,11,REG,1988_11_HOU_SEA,nfl-norm-johnson,Norm Johnson,SEA,HOU,3,3,2,2,"40,46",https://media.eagles.1rmg.com/wp-content/uploads/2022/02/28150831/1988.pdf
1988-11-13,1988,11,REG,1988_11_IND_GB,nfl-dean-biasucci,Dean Biasucci,IND,GB,2,2,2,2,"20,25",https://media.eagles.1rmg.com/wp-content/uploads/2022/02/28150831/1988.pdf
1988-11-13,1988,11,REG,1988_11_MIN_DAL,nfl-chuck-nelson,Chuck Nelson,MIN,DAL,5,5,2,2,"39,27",https://media.eagles.1rmg.com/wp-content/uploads/2022/02/28150831/1988.pdf
1988-11-13,1988,11,REG,1988_11_NE_NYJ,nfl-pat-leahy,Pat Leahy,NYJ,NE,1,1,2,2,"47,48",https://media.eagles.1rmg.com/wp-content/uploads/2022/02/28150831/1988.pdf
1988-11-13,1988,11,REG,1988_11_PHI_PIT,nfl-gary-anderson,Gary Anderson,PIT,PHI,2,2,4,5,"52,21,29,41",https://media.eagles.1rmg.com/wp-content/uploads/2022/02/28150831/1988.pdf
1988-11-13,1988,11,REG,1988_11_TB_DET,nfl-donald-igwebuike,Donald Igwebuike,TB,DET,2,2,3,3,"23,22,52",https://media.eagles.1rmg.com/wp-content/uploads/2022/02/28150831/1988.pdf
1988-11-13,1988,11,REG,1988_11_TB_DET,nfl-eddie-murray,Eddie Murray,DET,TB,2,2,2,3,"39,38",https://media.eagles.1rmg.com/wp-content/uploads/2022/02/28150831/1988.pdf
1988-11-20,1988,12,REG,1988_12_CHI_TB,nfl-donald-igwebuike,Donald Igwebuike,TB,CHI,0,0,2,3,"27,23",https://media.eagles.1rmg.com/wp-content/uploads/2022/02/28150831/1988.pdf
1988-11-20,1988,12,REG,1988_12_CHI_TB,nfl-kevin-butler,Kevin Butler,CHI,TB,3,3,2,2,"36,43",https://media.eagles.1rmg.com/wp-content/uploads/2022/02/28150831/1988.pdf
1988-11-20,1988,12,REG,1988_12_DET_GB,nfl-eddie-murray,Eddie Murray,DET,GB,1,1,4,4,"42,37,19,26",https://media.eagles.1rmg.com/wp-content/uploads/2022/02/28150831/1988.pdf
1988-11-20,1988,12,REG,1988_12_IND_MIN,nfl-chuck-nelson,Chuck Nelson,MIN,IND,0,0,4,4,"25,26,30,49",https://media.eagles.1rmg.com/wp-content/uploads/2022/02/28150831/1988.pdf
1988-11-20,1988,12,REG,1988_12_NE_MIA,nfl-jason-staurovsky,Jason Staurovsky,NE,MIA,0,0,2,2,"22,34",https://media.eagles.1rmg.com/wp-content/uploads/2022/02/28150831/1988.pdf
1988-11-20,1988,12,REG,1988_12_NYJ_BUF,nfl-pat-leahy,Pat Leahy,NYJ,BUF,0,0,2,3,"23,40",https://media.eagles.1rmg.com/wp-content/uploads/2022/02/28150831/1988.pdf
1988-11-20,1988,12,REG,1988_12_NYJ_BUF,nfl-scott-norwood,Scott Norwood,BUF,NYJ,0,0,3,4,"25,26,30",https://media.eagles.1rmg.com/wp-content/uploads/2022/02/28150831/1988.pdf
1988-11-20,1988,12,REG,1988_12_SEA_KC,nfl-nick-lowery,Nick Lowery,KC,SEA,3,3,2,2,"34,40",https://media.eagles.1rmg.com/wp-content/uploads/2022/02/28150831/1988.pdf
1988-11-27,1988,13,REG,1988_13_CLE_WAS,nfl-chip-lohmiller,Chip Lohmiller,WAS,CLE,1,1,2,2,"21,40",https://media.eagles.1rmg.com/wp-content/uploads/2022/02/28150831/1988.pdf
1988-11-24,1988,13,REG,1988_13_HOU_DAL,nfl-tony-zendejas,Tony Zendejas,HOU,DAL,1,2,4,4,"28,49,47,22",https://media.eagles.1rmg.com/wp-content/uploads/2022/02/28150831/1988.pdf
1988-11-27,1988,13,REG,1988_13_KC_PIT,nfl-gary-anderson,Gary Anderson,PIT,KC,1,1,3,4,"23,20,22",https://media.eagles.1rmg.com/wp-content/uploads/2022/02/28150831/1988.pdf
1988-11-24,1988,13,REG,1988_13_MIN_DET,nfl-chuck-nelson,Chuck Nelson,MIN,DET,2,2,3,3,"21,33,18",https://media.eagles.1rmg.com/wp-content/uploads/2022/02/28150831/1988.pdf
1988-11-27,1988,13,REG,1988_13_NYG_NO,nfl-morten-andersen,Morten Andersen,NO,NYG,0,0,4,5,"27,41,26,45",https://media.eagles.1rmg.com/wp-content/uploads/2022/02/28150831/1988.pdf
1988-11-27,1988,13,REG,1988_13_NYG_NO,nfl-paul-mcfadden,Paul McFadden,NYG,NO,1,1,2,2,"46,35",https://media.eagles.1rmg.com/wp-content/uploads/2022/02/28150831/1988.pdf
1988-11-27,1988,13,REG,1988_13_SF_SD,nfl-mike-cofer,Mike Cofer,SF,SD,6,6,2,2,"45,32",https://media.eagles.1rmg.com/wp-content/uploads/2022/02/28150831/1988.pdf
1988-12-04,1988,14,REG,1988_14_GB_DET,nfl-eddie-murray,Eddie Murray,DET,GB,3,3,3,3,"26,23,23",https://media.eagles.1rmg.com/wp-content/uploads/2022/02/28150831/1988.pdf
1988-12-04,1988,14,REG,1988_14_PIT_HOU,nfl-tony-zendejas,Tony Zendejas,HOU,PIT,4,4,2,3,"36,41",https://media.eagles.1rmg.com/wp-content/uploads/2022/02/28150831/1988.pdf
1988-12-04,1988,14,REG,1988_14_SEA_NE,nfl-jason-staurovsky,Jason Staurovsky,NE,SEA,1,1,2,2,"34,22",https://media.eagles.1rmg.com/wp-content/uploads/2022/02/28150831/1988.pdf
1988-12-04,1988,14,REG,1988_14_SF_ATL,nfl-mike-cofer,Mike Cofer,SF,ATL,1,1,2,4,"31,23",https://media.eagles.1rmg.com/wp-content/uploads/2022/02/28150831/1988.pdf
1988-12-04,1988,14,REG,1988_14_WAS_PHI,nfl-chip-lohmiller,Chip Lohmiller,WAS,PHI,2,2,2,2,"37,44",https://media.eagles.1rmg.com/wp-content/uploads/2022/02/28150831/1988.pdf
1988-12-11,1988,15,REG,1988_15_CIN_HOU,nfl-jim-breech,Jim Breech,CIN,HOU,0,0,2,2,"45,27",https://media.eagles.1rmg.com/wp-content/uploads/2022/02/28150831/1988.pdf
1988-12-11,1988,15,REG,1988_15_CIN_HOU,nfl-tony-zendejas,Tony Zendejas,HOU,CIN,5,5,2,2,"43,48",https://media.eagles.1rmg.com/wp-content/uploads/2022/02/28150831/1988.pdf
1988-12-11,1988,15,REG,1988_15_DET_CHI,nfl-eddie-murray,Eddie Murray,DET,CHI,0,1,2,2,"25,44",https://media.eagles.1rmg.com/wp-content/uploads/2022/02/28150831/1988.pdf
1988-12-11,1988,15,REG,1988_15_DET_CHI,nfl-kevin-butler,Kevin Butler,CHI,DET,1,1,2,2,"35,32",https://media.eagles.1rmg.com/wp-content/uploads/2022/02/28150831/1988.pdf
1988-12-10,1988,15,REG,1988_15_IND_NYJ,nfl-pat-leahy,Pat Leahy,NYJ,IND,4,4,2,2,"35,46",https://media.eagles.1rmg.com/wp-content/uploads/2022/02/28150831/1988.pdf
1988-12-11,1988,15,REG,1988_15_KC_NYG,nfl-nick-lowery,Nick Lowery,KC,NYG,0,0,4,5,"31,51,46,41",https://media.eagles.1rmg.com/wp-content/uploads/2022/02/28150831/1988.pdf
1988-12-11,1988,15,REG,1988_15_MIN_GB,nfl-chuck-nelson,Chuck Nelson,MIN,GB,0,0,2,3,"38,37",https://media.eagles.1rmg.com/wp-content/uploads/2022/02/28150831/1988.pdf
1988-12-11,1988,15,REG,1988_15_NO_SF,nfl-mike-cofer,Mike Cofer,SF,NO,3,3,3,3,"40,47,19",https://media.eagles.1rmg.com/wp-content/uploads/2022/02/28150831/1988.pdf
1988-12-11,1988,15,REG,1988_15_PIT_SD,nfl-steve-deline,Steve DeLine,SD,PIT,2,2,2,2,"24,42",https://media.eagles.1rmg.com/wp-content/uploads/2022/02/28150831/1988.pdf
1988-12-18,1988,16,REG,1988_16_ATL_NO,nfl-greg-davis,Greg Davis,ATL,NO,0,0,3,3,"27,43,39",https://media.eagles.1rmg.com/wp-content/uploads/2022/02/28150831/1988.pdf
1988-12-19,1988,16,REG,1988_16_CHI_MIN,nfl-kevin-butler,Kevin Butler,CHI,MIN,3,3,2,2,"20,45",https://media.eagles.1rmg.com/wp-content/uploads/2022/02/28150831/1988.pdf
1988-12-18,1988,16,REG,1988_16_HOU_CLE,nfl-tony-zendejas,Tony Zendejas,HOU,CLE,2,2,3,3,"39,42,35",https://media.eagles.1rmg.com/wp-content/uploads/2022/02/28150831/1988.pdf
1988-12-18,1988,16,REG,1988_16_LA_SF,nfl-mike-cofer,Mike Cofer,SF,LA,1,1,3,3,"23,46,36",https://media.eagles.1rmg.com/wp-content/uploads/2022/02/28150831/1988.pdf
1988-12-18,1988,16,REG,1988_16_MIA_PIT,nfl-gary-anderson,Gary Anderson,PIT,MIA,4,4,4,4,"34,43,34,22",https://media.eagles.1rmg.com/wp-content/uploads/2022/02/28150831/1988.pdf
1988-12-18,1988,16,REG,1988_16_NYG_NYJ,nfl-pat-leahy,Pat Leahy,NYJ,NYG,3,3,2,2,"41,20",https://media.eagles.1rmg.com/wp-content/uploads/2022/02/28150831/1988.pdf
1989-09-10,1989,1,REG,1989_01_BUF_MIA,nfl-scott-norwood,Scott Norwood,BUF,MIA,3,3,2,2,"34,37",https://media.eagles.1rmg.com/wp-content/uploads/2022/02/28150907/1989.pdf
1989-09-10,1989,1,REG,1989_01_KC_DEN,nfl-david-treadwell,David Treadwell,DEN,KC,4,4,2,2,"41,29",https://media.eagles.1rmg.com/wp-content/uploads/2022/02/28150907/1989.pdf
1989-09-10,1989,1,REG,1989_01_KC_DEN,nfl-nick-lowery,Nick Lowery,KC,DEN,2,2,2,3,"41,23",https://media.eagles.1rmg.com/wp-content/uploads/2022/02/28150907/1989.pdf
1989-09-11,1989,1,REG,1989_01_NYG_WAS,nfl-raul-allegre,Raul Allegre,NYG,WAS,3,3,2,3,"32,52",https://media.eagles.1rmg.com/wp-content/uploads/2022/02/28150907/1989.pdf
1989-09-10,1989,1,REG,1989_01_PHX_DET,nfl-al-del-greco,Al Del Greco,PHX,DET,1,1,3,3,"29,23,33",https://media.eagles.1rmg.com/wp-content/uploads/2022/02/28150907/1989.pdf
1989-09-10,1989,1,REG,1989_01_PHX_DET,nfl-eddie-murray,Eddie Murray,DET,PHX,1,1,2,2,"30,23",https://media.eagles.1rmg.com/wp-content/uploads/2022/02/28150907/1989.pdf
1989-09-10,1989,1,REG,1989_01_SF_IND,nfl-mike-cofer,Mike Cofer,SF,IND,3,3,3,3,"38,26,31",https://media.eagles.1rmg.com/wp-content/uploads/2022/02/28150907/1989.pdf
1989-09-17,1989,2,REG,1989_02_DAL_ATL,nfl-paul-mcfadden,Paul McFadden,ATL,DAL,3,3,2,3,"28,38",https://media.eagles.1rmg.com/wp-content/uploads/2022/02/28150907/1989.pdf
1989-09-18,1989,2,REG,1989_02_DEN_BUF,nfl-david-treadwell,David Treadwell,DEN,BUF,2,2,4,4,"22,33,46,24",https://media.eagles.1rmg.com/wp-content/uploads/2022/02/28150907/1989.pdf
1989-09-17,1989,2,REG,1989_02_HOU_SD,nfl-tony-zendejas,Tony Zendejas,HOU,SD,4,4,2,5,"24,32",https://media.eagles.1rmg.com/wp-content/uploads/2022/02/28150907/1989.pdf
1989-09-17,1989,2,REG,1989_02_NO_GB,nfl-morten-andersen,Morten Andersen,NO,GB,4,4,2,2,"38,32",https://media.eagles.1rmg.com/wp-content/uploads/2022/02/28150907/1989.pdf
1989-09-17,1989,2,REG,1989_02_SF_TB,nfl-donald-igwebuike,Donald Igwebuike,TB,SF,1,1,3,3,"23,44,37",https://media.eagles.1rmg.com/wp-content/uploads/2022/02/28150907/1989.pdf
1989-09-17,1989,2,REG,1989_02_SF_TB,nfl-mike-cofer,Mike Cofer,SF,TB,2,2,2,2,"47,32",https://media.eagles.1rmg.com/wp-content/uploads/2022/02/28150907/1989.pdf
1989-09-24,1989,3,REG,1989_03_ATL_IND,nfl-dean-biasucci,Dean Biasucci,IND,ATL,1,1,2,2,"25,29",https://media.eagles.1rmg.com/wp-content/uploads/2022/02/28150907/1989.pdf
1989-09-24,1989,3,REG,1989_03_ATL_IND,nfl-paul-mcfadden,Paul McFadden,ATL,IND,0,0,3,3,"19,34,27",https://media.eagles.1rmg.com/wp-content/uploads/2022/02/28150907/1989.pdf
1989-09-24,1989,3,REG,1989_03_BUF_HOU,nfl-scott-norwood,Scott Norwood,BUF,HOU,5,5,2,2,"43,26",https://media.eagles.1rmg.com/wp-content/uploads/2022/02/28150907/1989.pdf
1989-09-24,1989,3,REG,1989_03_BUF_HOU,nfl-tony-zendejas,Tony Zendejas,HOU,BUF,5,5,2,4,"26,52",https://media.eagles.1rmg.com/wp-content/uploads/2022/02/28150907/1989.pdf
1989-09-24,1989,3,REG,1989_03_CHI_DET,nfl-eddie-murray,Eddie Murray,DET,CHI,3,3,2,2,"40,48",https://media.eagles.1rmg.com/wp-content/uploads/2022/02/28150907/1989.pdf
1989-09-24,1989,3,REG,1989_03_CHI_DET,nfl-kevin-butler,Kevin Butler,CHI,DET,5,5,4,4,"21,22,25,32",https://media.eagles.1rmg.com/wp-content/uploads/2022/02/28150907/1989.pdf
1989-09-24,1989,3,REG,1989_03_KC_SD,nfl-nick-lowery,Nick Lowery,KC,SD,0,0,2,3,"23,31",https://media.eagles.1rmg.com/wp-content/uploads/2022/02/28150907/1989.pdf
1989-09-24,1989,3,REG,1989_03_MIN_PIT,nfl-gary-anderson,Gary Anderson,PIT,MIN,3,3,2,3,"38,44",https://media.eagles.1rmg.com/wp-content/uploads/2022/02/28150907/1989.pdf
1989-09-24,1989,3,REG,1989_03_NO_TB,nfl-donald-igwebuike,Donald Igwebuike,TB,NO,2,2,2,2,"34,37",https://media.eagles.1rmg.com/wp-content/uploads/2022/02/28150907/1989.pdf
1989-09-24,1989,3,REG,1989_03_PHX_NYG,nfl-raul-allegre,Raul Allegre,NYG,PHX,3,3,4,5,"22,38,32,32",https://media.eagles.1rmg.com/wp-content/uploads/2022/02/28150907/1989.pdf
1989-09-24,1989,3,REG,1989_03_SF_PHI,nfl-luis-zendejas,Luis Zendejas,PHI,SF,2,2,4,4,"35,35,44,20",https://media.eagles.1rmg.com/wp-content/uploads/2022/02/28150907/1989.pdf
1989-09-24,1989,3,REG,1989_03_WAS_DAL,nfl-chip-lohmiller,Chip Lohmiller,WAS,DAL,3,3,3,3,"26,37,33",https://media.eagles.1rmg.com/wp-content/uploads/2022/02/28150907/1989.pdf
1989-10-01,1989,4,REG,1989_04_ATL_GB,nfl-chris-jacke,Chris Jacke,GB,ATL,2,2,3,3,"35,52,22",https://media.eagles.1rmg.com/wp-content/uploads/2022/02/28150907/1989.pdf
1989-10-01,1989,4,REG,1989_04_DEN_CLE,nfl-david-treadwell,David Treadwell,DEN,CLE,1,1,2,2,"21,26",https://media.eagles.1rmg.com/wp-content/uploads/2022/02/28150907/1989.pdf
1989-10-01,1989,4,REG,1989_04_LA_SF,nfl-mike-cofer,Mike Cofer,SF,LA,0,0,4,5,"26,32,41,17",https://media.eagles.1rmg.com/wp-content/uploads/2022/02/28150907/1989.pdf
1989-10-01,1989,4,REG,1989_04_MIA_HOU,nfl-tony-zendejas,Tony Zendejas,HOU,MIA,4,4,3,3,"32,40,32",https://media.eagles.1rmg.com/wp-content/uploads/2022/02/28150907/1989.pdf
1989-10-01,1989,4,REG,1989_04_NYG_DAL,nfl-raul-allegre,Raul Allegre,NYG,DAL,3,3,3,3,"37,32,27",https://media.eagles.1rmg.com/wp-content/uploads/2022/02/28150907/1989.pdf
1989-10-01,1989,4,REG,1989_04_NYG_DAL,nfl-roger-ruzek,Roger Ruzek,DAL,NYG,1,1,2,3,"19,33",https://media.eagles.1rmg.com/wp-content/uploads/2022/02/28150907/1989.pdf
1989-10-02,1989,4,REG,1989_04_PHI_CHI,nfl-luis-zendejas,Luis Zendejas,PHI,CHI,1,1,2,3,"47,19",https://media.eagles.1rmg.com/wp-content/uploads/2022/02/28150907/1989.pdf
1989-10-01,1989,4,REG,1989_04_SD_PHX,nfl-al-del-greco,Al Del Greco,PHX,SD,1,1,2,2,"36,33",https://media.eagles.1rmg.com/wp-content/uploads/2022/02/28150907/1989.pdf
1989-10-01,1989,4,REG,1989_04_WAS_NO,nfl-chip-lohmiller,Chip Lohmiller,WAS,NO,1,1,3,3,"48,19,18",https://media.eagles.1rmg.com/wp-content/uploads/2022/02/28150907/1989.pdf
1989-10-08,1989,5,REG,1989_05_BUF_IND,nfl-dean-biasucci,Dean Biasucci,IND,BUF,4,4,3,3,"32,46,25",https://media.eagles.1rmg.com/wp-content/uploads/2022/02/28150907/1989.pdf
1989-10-08,1989,5,REG,1989_05_CIN_PIT,nfl-gary-anderson,Gary Anderson,PIT,CIN,1,1,3,4,"24,40,34",https://media.eagles.1rmg.com/wp-content/uploads/2022/02/28150907/1989.pdf
1989-10-08,1989,5,REG,1989_05_CIN_PIT,nfl-jim-breech,Jim Breech,CIN,PIT,2,3,2,2,"24,27",https://media.eagles.1rmg.com/wp-content/uploads/2022/02/28150907/1989.pdf
1989-10-08,1989,5,REG,1989_05_CLE_MIA,nfl-pete-stoyanovich,Pete Stoyanovich,MIA,CLE,1,1,2,4,"43,35",https://media.eagles.1rmg.com/wp-content/uploads/2022/02/28150907/1989.pdf
1989-10-08,1989,5,REG,1989_05_HOU_NE,nfl-greg-davis,Greg Davis,NE,HOU,2,2,3,4,"30,34,43",https://media.eagles.1rmg.com/wp-content/uploads/2022/02/28150907/1989.pdf
1989-10-08,1989,5,REG,1989_05_HOU_NE,nfl-tony-zendejas,Tony Zendejas,HOU,NE,1,1,2,2,"46,22",https://media.eagles.1rmg.com/wp-content/uploads/2022/02/28150907/1989.pdf
1989-10-08,1989,5,REG,1989_05_KC_SEA,nfl-nick-lowery,Nick Lowery,KC,SEA,2,2,2,2,"39,25",https://media.eagles.1rmg.com/wp-content/uploads/2022/02/28150907/1989.pdf
1989-10-08,1989,5,REG,1989_05_KC_SEA,nfl-norm-johnson,Norm Johnson,SEA,KC,1,1,3,3,"37,26,37",https://media.eagles.1rmg.com/wp-content/uploads/2022/02/28150907/1989.pdf
1989-10-08,1989,5,REG,1989_05_NYG_PHI,nfl-raul-allegre,Raul Allegre,NYG,PHI,1,1,4,5,"25,41,45,24",https://media.eagles.1rmg.com/wp-content/uploads/2022/02/28150907/1989.pdf
1989-10-08,1989,5,REG,1989_05_PHX_WAS,nfl-chip-lohmiller,Chip Lohmiller,WAS,PHX,3,3,3,4,"22,32,37",https://media.eagles.1rmg.com/wp-content/uploads/2022/02/28150907/1989.pdf
1989-10-08,1989,5,REG,1989_05_SD_DEN,nfl-david-treadwell,David Treadwell,DEN,SD,1,1,3,4,"46,18,27",https://media.eagles.1rmg.com/wp-content/uploads/2022/02/28150907/1989.pdf
1989-10-08,1989,5,REG,1989_05_SF_NO,nfl-morten-andersen,Morten Andersen,NO,SF,2,2,2,2,"49,39",https://media.eagles.1rmg.com/wp-content/uploads/2022/02/28150907/1989.pdf
1989-10-15,1989,6,REG,1989_06_DET_TB,nfl-donald-igwebuike,Donald Igwebuike,TB,DET,1,1,3,3,"27,34,33",https://media.eagles.1rmg.com/wp-content/uploads/2022/02/28150907/1989.pdf
1989-10-15,1989,6,REG,1989_06_HOU_CHI,nfl-tony-zendejas,Tony Zendejas,HOU,CHI,3,3,2,3,"27,19",https://media.eagles.1rmg.com/wp-content/uploads/2022/02/28150907/1989.pdf
1989-10-16,1989,6,REG,1989_06_LA_BUF,nfl-scott-norwood,Scott Norwood,BUF,LA,2,2,3,3,"38,47,40",https://media.eagles.1rmg.com/wp-content/uploads/2022/02/28150907/1989.pdf
1989-10-15,1989,6,REG,1989_06_MIA_CIN,nfl-jim-breech,Jim Breech,CIN,MIA,1,1,2,2,"20,22",https://media.eagles.1rmg.com/wp-content/uploads/2022/02/28150907/1989.pdf
1989-10-15,1989,6,REG,1989_06_MIA_CIN,nfl-pete-stoyanovich,Pete Stoyanovich,MIA,CIN,2,2,2,2,"29,33",https://media.eagles.1rmg.com/wp-content/uploads/2022/02/28150907/1989.pdf
1989-10-15,1989,6,REG,1989_06_NE_ATL,nfl-greg-davis,Greg Davis,NE,ATL,0,1,3,3,"52,32,32",https://media.eagles.1rmg.com/wp-content/uploads/2022/02/28150907/1989.pdf
1989-10-15,1989,6,REG,1989_06_NE_ATL,nfl-paul-mcfadden,Paul McFadden,ATL,NE,1,1,3,4,"30,30,22",https://media.eagles.1rmg.com/wp-content/uploads/2022/02/28150907/1989.pdf
1989-10-15,1989,6,REG,1989_06_WAS_NYG,nfl-raul-allegre,Raul Allegre,NYG,WAS,2,2,2,2,"33,49",https://media.eagles.1rmg.com/wp-content/uploads/2022/02/28150907/1989.pdf
1989-10-22,1989,7,REG,1989_07_ATL_PHX,nfl-al-del-greco,Al Del Greco,PHX,ATL,4,4,2,2,"50,22",https://media.eagles.1rmg.com/wp-content/uploads/2022/02/28150907/1989.pdf
1989-10-22,1989,7,REG,1989_07_ATL_PHX,nfl-paul-mcfadden,Paul McFadden,ATL,PHX,2,2,2,3,"37,37",https://media.eagles.1rmg.com/wp-content/uploads/2022/02/28150907/1989.pdf
1989-10-22,1989,7,REG,1989_07_DAL_KC,nfl-nick-lowery,Nick Lowery,KC,DAL,4,4,2,2,"43,27",https://media.eagles.1rmg.com/wp-content/uploads/2022/02/28150907/1989.pdf
1989-10-22,1989,7,REG,1989_07_GB_MIA,nfl-chris-jacke,Chris Jacke,GB,MIA,2,2,2,2,"44,21",https://media.eagles.1rmg.com/wp-content/uploads/2022/02/28150907/1989.pdf
1989-10-22,1989,7,REG,1989_07_GB_MIA,nfl-pete-stoyanovich,Pete Stoyanovich,MIA,GB,2,2,3,3,"36,21,33",https://media.eagles.1rmg.com/wp-content/uploads/2022/02/28150907/1989.pdf
1989-10-22,1989,7,REG,1989_07_IND_CIN,nfl-jim-breech,Jim Breech,CIN,IND,0,0,4,4,"30,29,23,21",https://media.eagles.1rmg.com/wp-content/uploads/2022/02/28150907/1989.pdf
1989-10-22,1989,7,REG,1989_07_MIN_DET,nfl-rich-karlis,Rich Karlis,MIN,DET,2,2,2,2,"40,40",https://media.eagles.1rmg.com/wp-content/uploads/2022/02/28150907/1989.pdf
1989-10-22,1989,7,REG,1989_07_NE_SF,nfl-greg-davis,Greg Davis,NE,SF,2,2,2,2,"49,21",https://media.eagles.1rmg.com/wp-content/uploads/2022/02/28150907/1989.pdf
1989-10-22,1989,7,REG,1989_07_NO_LA,nfl-morten-andersen,Morten Andersen,NO,LA,4,5,2,2,"39,27",https://media.eagles.1rmg.com/wp-content/uploads/2022/02/28150907/1989.pdf
1989-10-22,1989,7,REG,1989_07_NYG_SD,nfl-chris-bahr,Chris Bahr,SD,NYG,1,1,2,3,"26,30",https://media.eagles.1rmg.com/wp-content/uploads/2022/02/28150907/1989.pdf
1989-10-22,1989,7,REG,1989_07_NYG_SD,nfl-raul-allegre,Raul Allegre,NYG,SD,2,2,2,3,"21,40",https://media.eagles.1rmg.com/wp-content/uploads/2022/02/28150907/1989.pdf
1989-10-22,1989,7,REG,1989_07_NYJ_BUF,nfl-scott-norwood,Scott Norwood,BUF,NYJ,4,4,2,3,"38,27",https://media.eagles.1rmg.com/wp-content/uploads/2022/02/28150907/1989.pdf
1989-10-22,1989,7,REG,1989_07_PIT_HOU,nfl-tony-zendejas,Tony Zendejas,HOU,PIT,3,3,2,4,"41,51",https://media.eagles.1rmg.com/wp-content/uploads/2022/02/28150907/1989.pdf
1989-10-22,1989,7,REG,1989_07_TB_WAS,nfl-chip-lohmiller,Chip Lohmiller,WAS,TB,3,3,3,3,"33,42,29",https://media.eagles.1rmg.com/wp-content/uploads/2022/02/28150907/1989.pdf
1989-10-29,1989,8,REG,1989_08_ATL_NO,nfl-morten-andersen,Morten Andersen,NO,ATL,2,2,2,3,"32,44",https://media.eagles.1rmg.com/wp-content/uploads/2022/02/28150907/1989.pdf
1989-10-29,1989,8,REG,1989_08_ATL_NO,nfl-paul-mcfadden,Paul McFadden,ATL,NO,1,1,2,2,"41,48",https://media.eagles.1rmg.com/wp-content/uploads/2022/02/28150907/1989.pdf
1989-10-29,1989,8,REG,1989_08_DET_GB,nfl-chris-jacke,Chris Jacke,GB,DET,2,2,3,4,"49,21,38",https://media.eagles.1rmg.com/wp-content/uploads/2022/02/28150907/1989.pdf
1989-10-29,1989,8,REG,1989_08_DET_GB,nfl-eddie-murray,Eddie Murray,DET,GB,2,2,2,3,"42,46",https://media.eagles.1rmg.com/wp-content/uploads/2022/02/28150907/1989.pdf
1989-10-29,1989,8,REG,1989_08_KC_PIT,nfl-gary-anderson,Gary Anderson,PIT,KC,2,2,3,4,"41,47,29",https://media.eagles.1rmg.com/wp-content/uploads/2022/02/28150907/1989.pdf
1989-10-29,1989,8,REG,1989_08_LA_CHI,nfl-kevin-butler,Kevin Butler,CHI,LA,2,2,2,2,"35,46",https://media.eagles.1rmg.com/wp-content/uploads/2022/02/28150907/1989.pdf
1989-10-29,1989,8,REG,1989_08_NE_IND,nfl-dean-biasucci,Dean Biasucci,IND,NE,2,2,2,2,"32,39",https://media.eagles.1rmg.com/wp-content/uploads/2022/02/28150907/1989.pdf
1989-10-29,1989,8,REG,1989_08_NE_IND,nfl-greg-davis,Greg Davis,NE,IND,2,2,3,5,"47,48,51",https://media.eagles.1rmg.com/wp-content/uploads/2022/02/28150907/1989.pdf
1989-10-29,1989,8,REG,1989_08_PHX_DAL,nfl-al-del-greco,Al Del Greco,PHX,DAL,1,1,4,4,"40,25,31,42",https://media.eagles.1rmg.com/wp-content/uploads/2022/02/28150907/1989.pdf
1989-10-29,1989,8,REG,1989_08_SF_NYJ,nfl-mike-cofer,Mike Cofer,SF,NYJ,2,2,3,3,"25,41,40",https://media.eagles.1rmg.com/wp-content/uploads/2022/02/28150907/1989.pdf
1989-11-05,1989,9,REG,1989_09_BUF_ATL,nfl-paul-mcfadden,Paul McFadden,ATL,BUF,3,3,3,4,"54,26,50",https://media.eagles.1rmg.com/wp-content/uploads/2022/02/28150907/1989.pdf
1989-11-05,1989,9,REG,1989_09_CHI_GB,nfl-kevin-butler,Kevin Butler,CHI,GB,1,1,2,2,"25,37",https://media.eagles.1rmg.com/wp-content/uploads/2022/02/28150907/1989.pdf
1989-11-05,1989,9,REG,1989_09_DAL_WAS,nfl-roger-ruzek,Roger Ruzek,DAL,WAS,1,1,2,3,"20,43",https://media.eagles.1rmg.com/wp-content/uploads/2022/02/28150907/1989.pdf
1989-11-05,1989,9,REG,1989_09_IND_MIA,nfl-dean-biasucci,Dean Biasucci,IND,MIA,1,1,2,3,"36,33",https://media.eagles.1rmg.com/wp-content/uploads/2022/02/28150907/1989.pdf
1989-11-06,1989,9,REG,1989_09_NO_SF,nfl-morten-andersen,Morten Andersen,NO,SF,1,1,2,2,"39,23",https://media.eagles.1rmg.com/wp-content/uploads/2022/02/28150907/1989.pdf
1989-11-05,1989,9,REG,1989_09_NYG_PHX,nfl-al-del-greco,Al Del Greco,PHX,NYG,1,1,2,3,"37,46",https://media.eagles.1rmg.com/wp-content/uploads/2022/02/28150907/1989.pdf
1989-11-05,1989,9,REG,1989_09_NYJ_NE,nfl-greg-davis,Greg Davis,NE,NYJ,2,3,2,4,"47,26",https://media.eagles.1rmg.com/wp-content/uploads/2022/02/28150907/1989.pdf
1989-11-05,1989,9,REG,1989_09_NYJ_NE,nfl-pat-leahy,Pat Leahy,NYJ,NE,3,3,2,2,"18,23",https://media.eagles.1rmg.com/wp-content/uploads/2022/02/28150907/1989.pdf
1989-11-05,1989,9,REG,1989_09_PHI_SD,nfl-chris-bahr,Chris Bahr,SD,PHI,2,2,2,3,"23,49",https://media.eagles.1rmg.com/wp-content/uploads/2022/02/28150907/1989.pdf
1989-11-05,1989,9,REG,1989_09_PIT_DEN,nfl-david-treadwell,David Treadwell,DEN,PIT,4,4,2,2,"26,26",https://media.eagles.1rmg.com/wp-content/uploads/2022/02/28150907/1989.pdf
1989-11-05,1989,9,REG,1989_09_SEA_KC,nfl-nick-lowery,Nick Lowery,KC,SEA,2,2,2,3,"34,33",https://media.eagles.1rmg.com/wp-content/uploads/2022/02/28150907/1989.pdf
1989-11-12,1989,10,REG,1989_10_CHI_PIT,nfl-kevin-butler,Kevin Butler,CHI,PIT,2,2,2,2,"39,35",https://media.eagles.1rmg.com/wp-content/uploads/2022/02/28150907/1989.pdf
1989-11-13,1989,10,REG,1989_10_CIN_HOU,nfl-tony-zendejas,Tony Zendejas,HOU,CIN,2,2,4,4,"32,42,47,28",https://media.eagles.1rmg.com/wp-content/uploads/2022/02/28150907/1989.pdf
1989-11-12,1989,10,REG,1989_10_DEN_KC,nfl-david-treadwell,David Treadwell,DEN,KC,1,1,3,3,"18,27,26",https://media.eagles.1rmg.com/wp-content/uploads/2022/02/28150907/1989.pdf
1989-11-12,1989,10,REG,1989_10_DEN_KC,nfl-nick-lowery,Nick Lowery,KC,DEN,1,1,2,2,"39,42",https://media.eagles.1rmg.com/wp-content/uploads/2022/02/28150907/1989.pdf
1989-11-12,1989,10,REG,1989_10_GB_DET,nfl-chris-jacke,Chris Jacke,GB,DET,2,2,2,3,"34,40",https://media.eagles.1rmg.com/wp-content/uploads/2022/02/28150907/1989.pdf
1989-11-12,1989,10,REG,1989_10_IND_BUF,nfl-scott-norwood,Scott Norwood,BUF,IND,3,3,3,4,"42,40,32",https://media.eagles.1rmg.com/wp-content/uploads/2022/02/28150907/1989.pdf
1989-11-12,1989,10,REG,1989_10_MIA_NYJ,nfl-pat-leahy,Pat Leahy,NYJ,MIA,2,2,3,3,"38,20,22",https://media.eagles.1rmg.com/wp-content/uploads/2022/02/28150907/1989.pdf
1989-11-19,1989,11,REG,1989_11_BUF_NE,nfl-jason-staurovsky,Jason Staurovsky,NE,BUF,3,3,4,4,"34,24,34,38",https://media.eagles.1rmg.com/wp-content/uploads/2022/02/28150907/1989.pdf
1989-11-19,1989,11,REG,1989_11_NYJ_IND,nfl-dean-biasucci,Dean Biasucci,IND,NYJ,3,3,2,3,"45,31",https://media.eagles.1rmg.com/wp-content/uploads/2022/02/28150907/1989.pdf
1989-11-19,1989,11,REG,1989_11_SD_PIT,nfl-gary-anderson,Gary Anderson,PIT,SD,2,2,2,2,"49,28",https://media.eagles.1rmg.com/wp-content/uploads/2022/02/28150907/1989.pdf
1989-11-19,1989,11,REG,1989_11_SEA_NYG,nfl-bjorn-nittmo,Bjorn Nittmo,NYG,SEA,1,1,2,3,"32,32",https://media.eagles.1rmg.com/wp-content/uploads/2022/02/28150907/1989.pdf
1989-11-19,1989,11,REG,1989_11_TB_CHI,nfl-donald-igwebuike,Donald Igwebuike,TB,CHI,2,3,4,5,"26,22,29,28",https://media.eagles.1rmg.com/wp-content/uploads/2022/02/28150907/1989.pdf
1989-11-26,1989,12,REG,1989_12_ATL_NYJ,nfl-pat-leahy,Pat Leahy,NYJ,ATL,3,3,2,2,"28,46",https://media.eagles.1rmg.com/wp-content/uploads/2022/02/28150907/1989.pdf
1989-11-23,1989,12,REG,1989_12_CLE_DET,nfl-eddie-murray,Eddie Murray,DET,CLE,1,1,2,2,"39,35",https://media.eagles.1rmg.com/wp-content/uploads/2022/02/28150907/1989.pdf
1989-11-26,1989,12,REG,1989_12_HOU_KC,nfl-nick-lowery,Nick Lowery,KC,HOU,4,4,2,3,"31,34",https://media.eagles.1rmg.com/wp-content/uploads/2022/02/28150907/1989.pdf
1989-11-26,1989,12,REG,1989_12_MIN_GB,nfl-chris-jacke,Chris Jacke,GB,MIN,2,2,2,3,"36,42",https://media.eagles.1rmg.com/wp-content/uploads/2022/02/28150907/1989.pdf
1989-11-26,1989,12,REG,1989_12_MIN_GB,nfl-rich-karlis,Rich Karlis,MIN,GB,1,1,4,4,"19,34,27,19",https://media.eagles.1rmg.com/wp-content/uploads/2022/02/28150907/1989.pdf
1989-11-27,1989,12,REG,1989_12_NYG_SF,nfl-mike-cofer,Mike Cofer,SF,NYG,4,4,2,2,"44,45",https://media.eagles.1rmg.com/wp-content/uploads/2022/02/28150907/1989.pdf
1989-11-26,1989,12,REG,1989_12_SD_IND,nfl-chris-bahr,Chris Bahr,SD,IND,0,0,2,3,"33,38",https://media.eagles.1rmg.com/wp-content/uploads/2022/02/28150907/1989.pdf
1989-11-26,1989,12,REG,1989_12_SEA_DEN,nfl-david-treadwell,David Treadwell,DEN,SEA,5,5,2,2,"30,45",https://media.eagles.1rmg.com/wp-content/uploads/2022/02/28150907/1989.pdf
1989-11-26,1989,12,REG,1989_12_TB_PHX,nfl-al-del-greco,Al Del Greco,PHX,TB,1,1,2,3,"21,28",https://media.eagles.1rmg.com/wp-content/uploads/2022/02/28150907/1989.pdf
1989-12-04,1989,13,REG,1989_13_BUF_SEA,nfl-scott-norwood,Scott Norwood,BUF,SEA,1,1,3,4,"32,40,43",https://media.eagles.1rmg.com/wp-content/uploads/2022/02/28150907/1989.pdf
1989-12-03,1989,13,REG,1989_13_CHI_MIN,nfl-rich-karlis,Rich Karlis,MIN,CHI,3,3,2,2,"51,45",https://media.eagles.1rmg.com/wp-content/uploads/2022/02/28150907/1989.pdf
1989-12-03,1989,13,REG,1989_13_GB_TB,nfl-donald-igwebuike,Donald Igwebuike,TB,GB,1,1,3,4,"49,40,36",https://media.eagles.1rmg.com/wp-content/uploads/2022/02/28150907/1989.pdf
1989-12-03,1989,13,REG,1989_13_IND_NE,nfl-jason-staurovsky,Jason Staurovsky,NE,IND,1,1,5,7,"44,37,24,50,23",https://media.eagles.1rmg.com/wp-content/uploads/2022/02/28150907/1989.pdf
1989-12-03,1989,13,REG,1989_13_MIA_KC,nfl-nick-lowery,Nick Lowery,KC,MIA,2,3,2,2,"34,28",https://media.eagles.1rmg.com/wp-content/uploads/2022/02/28150907/1989.pdf
1989-12-03,1989,13,REG,1989_13_SF_ATL,nfl-mike-cofer,Mike Cofer,SF,ATL,2,2,3,3,"35,23,27",https://media.eagles.1rmg.com/wp-content/uploads/2022/02/28150907/1989.pdf
1989-12-03,1989,13,REG,1989_13_WAS_PHX,nfl-chip-lohmiller,Chip Lohmiller,WAS,PHX,3,3,2,2,"29,24",https://media.eagles.1rmg.com/wp-content/uploads/2022/02/28150907/1989.pdf
1989-12-10,1989,14,REG,1989_14_DET_CHI,nfl-eddie-murray,Eddie Murray,DET,CHI,3,3,2,2,"45,28",https://media.eagles.1rmg.com/wp-content/uploads/2022/02/28150907/1989.pdf
1989-12-10,1989,14,REG,1989_14_NO_BUF,nfl-morten-andersen,Morten Andersen,NO,BUF,1,1,3,5,"31,26,22",https://media.eagles.1rmg.com/wp-content/uploads/2022/02/28150907/1989.pdf
1989-12-10,1989,14,REG,1989_14_NO_BUF,nfl-scott-norwood,Scott Norwood,BUF,NO,1,2,2,2,"43,48",https://media.eagles.1rmg.com/wp-content/uploads/2022/02/28150907/1989.pdf
1989-12-10,1989,14,REG,1989_14_PIT_NYJ,nfl-gary-anderson,Gary Anderson,PIT,NYJ,1,1,2,3,"42,45",https://media.eagles.1rmg.com/wp-content/uploads/2022/02/28150907/1989.pdf
1989-12-10,1989,14,REG,1989_14_SD_WAS,nfl-chip-lohmiller,Chip Lohmiller,WAS,SD,2,2,4,4,"38,31,32,28",https://media.eagles.1rmg.com/wp-content/uploads/2022/02/28150907/1989.pdf
1989-12-10,1989,14,REG,1989_14_TB_HOU,nfl-tony-zendejas,Tony Zendejas,HOU,TB,2,2,2,2,"30,37",https://media.eagles.1rmg.com/wp-content/uploads/2022/02/28150907/1989.pdf
1989-12-16,1989,15,REG,1989_15_DAL_NYG,nfl-bjorn-nittmo,Bjorn Nittmo,NYG,DAL,0,1,3,3,"33,22,26",https://media.eagles.1rmg.com/wp-content/uploads/2022/02/28150907/1989.pdf
1989-12-16,1989,15,REG,1989_15_DEN_PHX,nfl-david-treadwell,David Treadwell,DEN,PHX,4,4,3,3,"38,33,35",https://media.eagles.1rmg.com/wp-content/uploads/2022/02/28150907/1989.pdf
1989-12-17,1989,15,REG,1989_15_GB_CHI,nfl-chris-jacke,Chris Jacke,GB,CHI,4,4,4,4,"19,44,23,21",https://media.eagles.1rmg.com/wp-content/uploads/2022/02/28150907/1989.pdf
1989-12-17,1989,15,REG,1989_15_HOU_CIN,nfl-jim-breech,Jim Breech,CIN,HOU,7,7,2,2,"27,30",https://media.eagles.1rmg.com/wp-content/uploads/2022/02/28150907/1989.pdf
1989-12-17,1989,15,REG,1989_15_MIA_IND,nfl-pete-stoyanovich,Pete Stoyanovich,MIA,IND,1,1,2,3,"43,47",https://media.eagles.1rmg.com/wp-content/uploads/2022/02/28150907/1989.pdf
1989-12-17,1989,15,REG,1989_15_SD_KC,nfl-chris-bahr,Chris Bahr,SD,KC,2,2,2,3,"43,20",https://media.eagles.1rmg.com/wp-content/uploads/2022/02/28150907/1989.pdf
1989-12-17,1989,15,REG,1989_15_SD_KC,nfl-nick-lowery,Nick Lowery,KC,SD,1,1,2,2,"36,30",https://media.eagles.1rmg.com/wp-content/uploads/2022/02/28150907/1989.pdf
1989-12-17,1989,15,REG,1989_15_TB_DET,nfl-eddie-murray,Eddie Murray,DET,TB,3,3,4,4,"33,43,35,36",https://media.eagles.1rmg.com/wp-content/uploads/2022/02/28150907/1989.pdf
1989-12-24,1989,16,REG,1989_16_CHI_SF,nfl-mike-cofer,Mike Cofer,SF,CHI,2,2,4,4,"29,24,36,47",https://media.eagles.1rmg.com/wp-content/uploads/2022/02/28150907/1989.pdf
1989-12-23,1989,16,REG,1989_16_CLE_HOU,nfl-tony-zendejas,Tony Zendejas,HOU,CLE,2,2,2,3,"30,37",https://media.eagles.1rmg.com/wp-content/uploads/2022/02/28150907/1989.pdf
1989-12-24,1989,16,REG,1989_16_DEN_SD,nfl-chris-bahr,Chris Bahr,SD,DEN,1,1,4,5,"22,41,53,45",https://media.eagles.1rmg.com/wp-content/uploads/2022/02/28150907/1989.pdf
1989-12-24,1989,16,REG,1989_16_GB_DAL,nfl-chris-jacke,Chris Jacke,GB,DAL,2,2,2,2,"28,24",https://media.eagles.1rmg.com/wp-content/uploads/2022/02/28150907/1989.pdf
1989-12-24,1989,16,REG,1989_16_IND_NO,nfl-dean-biasucci,Dean Biasucci,IND,NO,0,0,2,2,"41,24",https://media.eagles.1rmg.com/wp-content/uploads/2022/02/28150907/1989.pdf
1989-12-24,1989,16,REG,1989_16_IND_NO,nfl-morten-andersen,Morten Andersen,NO,IND,5,5,2,2,"21,29",https://media.eagles.1rmg.com/wp-content/uploads/2022/02/28150907/1989.pdf
1989-12-24,1989,16,REG,1989_16_KC_MIA,nfl-nick-lowery,Nick Lowery,KC,MIA,3,3,2,2,"19,41",https://media.eagles.1rmg.com/wp-content/uploads/2022/02/28150907/1989.pdf
1989-12-24,1989,16,REG,1989_16_LA_NE,nfl-jason-staurovsky,Jason Staurovsky,NE,LA,2,2,2,2,"44,48",https://media.eagles.1rmg.com/wp-content/uploads/2022/02/28150907/1989.pdf
1989-12-23,1989,16,REG,1989_16_WAS_SEA,nfl-chip-lohmiller,Chip Lohmiller,WAS,SEA,3,3,2,3,"29,27",https://media.eagles.1rmg.com/wp-content/uploads/2022/02/28150907/1989.pdf
1990-09-09,1990,1,REG,1990_01_HOU_ATL,nfl-greg-davis,Greg Davis,ATL,HOU,5,5,4,4,"39,39,36,51",https://media.eagles.1rmg.com/wp-content/uploads/2022/02/28150948/1990.pdf
1990-09-09,1990,1,REG,1990_01_IND_BUF,nfl-scott-norwood,Scott Norwood,BUF,IND,2,2,4,6,"29,31,37,47",https://media.eagles.1rmg.com/wp-content/uploads/2022/02/28150948/1990.pdf
1990-09-09,1990,1,REG,1990_01_LA_GB,nfl-chris-jacke,Chris Jacke,GB,LA,3,4,3,3,"26,53,40",https://media.eagles.1rmg.com/wp-content/uploads/2022/02/28150948/1990.pdf
1990-09-09,1990,1,REG,1990_01_MIA_NE,nfl-pete-stoyanovich,Pete Stoyanovich,MIA,NE,3,3,2,2,"31,37",https://media.eagles.1rmg.com/wp-content/uploads/2022/02/28150948/1990.pdf
1990-09-09,1990,1,REG,1990_01_PHI_NYG,nfl-raul-allegre,Raul Allegre,NYG,PHI,3,3,2,2,"38,46",https://media.eagles.1rmg.com/wp-content/uploads/2022/02/28150948/1990.pdf
1990-09-09,1990,1,REG,1990_01_PHI_NYG,nfl-roger-ruzek,Roger Ruzek,PHI,NYG,2,2,2,2,"37,29",https://media.eagles.1rmg.com/wp-content/uploads/2022/02/28150948/1990.pdf
1990-09-10,1990,1,REG,1990_01_SF_NO,nfl-mike-cofer,Mike Cofer,SF,NO,1,1,2,5,"52,38",https://media.eagles.1rmg.com/wp-content/uploads/2022/02/28150948/1990.pdf
1990-09-10,1990,1,REG,1990_01_SF_NO,nfl-morten-andersen,Morten Andersen,NO,SF,0,0,4,4,"41,39,28,32",https://media.eagles.1rmg.com/wp-content/uploads/2022/02/28150948/1990.pdf
1990-09-16,1990,2,REG,1990_02_BUF_MIA,nfl-pete-stoyanovich,Pete Stoyanovich,MIA,BUF,3,3,3,3,"23,29,48",https://media.eagles.1rmg.com/wp-content/uploads/2022/02/28150948/1990.pdf
1990-09-16,1990,2,REG,1990_02_CHI_GB,nfl-chris-jacke,Chris Jacke,GB,CHI,1,1,2,2,"37,37",https://media.eagles.1rmg.com/wp-content/uploads/2022/02/28150948/1990.pdf
1990-09-16,1990,2,REG,1990_02_HOU_PIT,nfl-gary-anderson,Gary Anderson,PIT,HOU,2,2,2,2,"31,27",https://media.eagles.1rmg.com/wp-content/uploads/2022/02/28150948/1990.pdf
1990-09-17,1990,2,REG,1990_02_KC_DEN,nfl-nick-lowery,Nick Lowery,KC,DEN,2,2,3,4,"39,29,31",https://media.eagles.1rmg.com/wp-content/uploads/2022/02/28150948/1990.pdf
1990-09-16,1990,2,REG,1990_02_NE_IND,nfl-jason-staurovsky,Jason Staurovsky,NE,IND,1,1,3,4,"39,27,25",https://media.eagles.1rmg.com/wp-content/uploads/2022/02/28150948/1990.pdf
1990-09-16,1990,2,REG,1990_02_NO_MIN,nfl-donald-igwebuike,Donald Igwebuike,MIN,NO,3,3,3,3,"30,48,38",https://media.eagles.1rmg.com/wp-content/uploads/2022/02/28150948/1990.pdf
1990-09-16,1990,2,REG,1990_02_PHX_PHI,nfl-al-del-greco,Al Del Greco,PHX,PHI,2,2,3,3,"25,50,42",https://media.eagles.1rmg.com/wp-content/uploads/2022/02/28150948/1990.pdf
1990-09-16,1990,2,REG,1990_02_WAS_SF,nfl-chip-lohmiller,Chip Lohmiller,WAS,SF,1,1,2,3,"37,20",https://media.eagles.1rmg.com/wp-content/uploads/2022/02/28150948/1990.pdf
1990-09-16,1990,2,REG,1990_02_WAS_SF,nfl-mike-cofer,Mike Cofer,SF,WAS,2,2,4,4,"31,30,26,34",https://media.eagles.1rmg.com/wp-content/uploads/2022/02/28150948/1990.pdf
1990-09-23,1990,3,REG,1990_03_ATL_SF,nfl-greg-davis,Greg Davis,ATL,SF,1,1,2,3,"37,35",https://media.eagles.1rmg.com/wp-content/uploads/2022/02/28150948/1990.pdf
1990-09-24,1990,3,REG,1990_03_BUF_NYJ,nfl-scott-norwood,Scott Norwood,BUF,NYJ,3,3,3,4,"48,42,27",https://media.eagles.1rmg.com/wp-content/uploads/2022/02/28150948/1990.pdf
1990-09-23,1990,3,REG,1990_03_DAL_WAS,nfl-chip-lohmiller,Chip Lohmiller,WAS,DAL,1,1,4,4,"37,23,24,55",https://media.eagles.1rmg.com/wp-content/uploads/2022/02/28150948/1990.pdf
1990-09-23,1990,3,REG,1990_03_DAL_WAS,nfl-ken-willis,Ken Willis,DAL,WAS,1,1,2,4,"33,41",https://media.eagles.1rmg.com/wp-content/uploads/2022/02/28150948/1990.pdf
1990-09-23,1990,3,REG,1990_03_DET_TB,nfl-eddie-murray,Eddie Murray,DET,TB,2,2,2,2,"25,33",https://media.eagles.1rmg.com/wp-content/uploads/2022/02/28150948/1990.pdf
1990-09-23,1990,3,REG,1990_03_MIA_NYG,nfl-raul-allegre,Raul Allegre,NYG,MIA,2,2,2,3,"22,45",https://media.eagles.1rmg.com/wp-content/uploads/2022/02/28150948/1990.pdf
1990-09-23,1990,3,REG,1990_03_MIN_CHI,nfl-donald-igwebuike,Donald Igwebuike,MIN,CHI,1,1,3,3,"26,24,22",https://media.eagles.1rmg.com/wp-content/uploads/2022/02/28150948/1990.pdf
1990-09-23,1990,3,REG,1990_03_MIN_CHI,nfl-kevin-butler,Kevin Butler,CHI,MIN,1,1,4,5,"23,51,32,52",https://media.eagles.1rmg.com/wp-content/uploads/2022/02/28150948/1990.pdf
1990-09-23,1990,3,REG,1990_03_NE_CIN,nfl-jim-breech,Jim Breech,CIN,NE,5,5,2,2,"46,23",https://media.eagles.1rmg.com/wp-content/uploads/2022/02/28150948/1990.pdf
1990-09-23,1990,3,REG,1990_03_PHI_LA,nfl-roger-ruzek,Roger Ruzek,PHI,LA,3,3,2,3,"43,18",https://media.eagles.1rmg.com/wp-content/uploads/2022/02/28150948/1990.pdf
1990-09-23,1990,3,REG,1990_03_SEA_DEN,nfl-david-treadwell,David Treadwell,DEN,SEA,4,4,2,3,"27,25",https://media.eagles.1rmg.com/wp-content/uploads/2022/02/28150948/1990.pdf
1990-10-01,1990,4,REG,1990_04_CIN_SEA,nfl-jim-breech,Jim Breech,CIN,SEA,1,1,3,3,"34,26,43",https://media.eagles.1rmg.com/wp-content/uploads/2022/02/28150948/1990.pdf
1990-09-30,1990,4,REG,1990_04_CLE_KC,nfl-nick-lowery,Nick Lowery,KC,CLE,4,4,2,2,"39,34",https://media.eagles.1rmg.com/wp-content/uploads/2022/02/28150948/1990.pdf
1990-09-30,1990,4,REG,1990_04_IND_PHI,nfl-roger-ruzek,Roger Ruzek,PHI,IND,2,2,3,4,"22,44,31",https://media.eagles.1rmg.com/wp-content/uploads/2022/02/28150948/1990.pdf
1990-09-30,1990,4,REG,1990_04_MIA_PIT,nfl-gary-anderson,Gary Anderson,PIT,MIA,0,0,2,2,"46,35",https://media.eagles.1rmg.com/wp-content/uploads/2022/02/28150948/1990.pdf
1990-09-30,1990,4,REG,1990_04_NYJ_NE,nfl-jason-staurovsky,Jason Staurovsky,NE,NYJ,1,1,2,2,"46,40",https://media.eagles.1rmg.com/wp-content/uploads/2022/02/28150948/1990.pdf
1990-09-30,1990,4,REG,1990_04_NYJ_NE,nfl-pat-leahy,Pat Leahy,NYJ,NE,4,4,3,3,"24,18,46",https://media.eagles.1rmg.com/wp-content/uploads/2022/02/28150948/1990.pdf
1990-09-30,1990,4,REG,1990_04_TB_MIN,nfl-donald-igwebuike,Donald Igwebuike,MIN,TB,2,2,2,3,"28,32",https://media.eagles.1rmg.com/wp-content/uploads/2022/02/28150948/1990.pdf
1990-09-30,1990,4,REG,1990_04_TB_MIN,nfl-steve-christie,Steve Christie,TB,MIN,2,2,3,3,"39,22,36",https://media.eagles.1rmg.com/wp-content/uploads/2022/02/28150948/1990.pdf
1990-10-07,1990,5,REG,1990_05_CIN_LA,nfl-jim-breech,Jim Breech,CIN,LA,4,4,2,2,"40,44",https://media.eagles.1rmg.com/wp-content/uploads/2022/02/28150948/1990.pdf
1990-10-08,1990,5,REG,1990_05_CLE_DEN,nfl-david-treadwell,David Treadwell,DEN,CLE,3,3,2,2,"20,25",https://media.eagles.1rmg.com/wp-content/uploads/2022/02/28150948/1990.pdf
1990-10-07,1990,5,REG,1990_05_DET_MIN,nfl-donald-igwebuike,Donald Igwebuike,MIN,DET,3,3,2,2,"36,48",https://media.eagles.1rmg.com/wp-content/uploads/2022/02/28150948/1990.pdf
1990-10-07,1990,5,REG,1990_05_DET_MIN,nfl-eddie-murray,Eddie Murray,DET,MIN,4,4,2,2,"32,23",https://media.eagles.1rmg.com/wp-content/uploads/2022/02/28150948/1990.pdf
1990-10-07,1990,5,REG,1990_05_GB_CHI,nfl-chris-jacke,Chris Jacke,GB,CHI,1,1,2,2,"38,27",https://media.eagles.1rmg.com/wp-content/uploads/2022/02/28150948/1990.pdf
1990-10-07,1990,5,REG,1990_05_GB_CHI,nfl-kevin-butler,Kevin Butler,CHI,GB,3,3,2,3,"50,51",https://media.eagles.1rmg.com/wp-content/uploads/2022/02/28150948/1990.pdf
1990-10-07,1990,5,REG,1990_05_KC_IND,nfl-dean-biasucci,Dean Biasucci,IND,KC,2,2,3,4,"38,21,18",https://media.eagles.1rmg.com/wp-content/uploads/2022/02/28150948/1990.pdf
1990-10-07,1990,5,REG,1990_05_KC_IND,nfl-nick-lowery,Nick Lowery,KC,IND,1,1,4,5,"37,39,44,35",https://media.eagles.1rmg.com/wp-content/uploads/2022/02/28150948/1990.pdf
1990-10-07,1990,5,REG,1990_05_NO_ATL,nfl-morten-andersen,Morten Andersen,NO,ATL,3,3,2,2,"46,23",https://media.eagles.1rmg.com/wp-content/uploads/2022/02/28150948/1990.pdf
1990-10-07,1990,5,REG,1990_05_SD_PIT,nfl-gary-anderson,Gary Anderson,PIT,SD,4,4,2,2,"45,45",https://media.eagles.1rmg.com/wp-content/uploads/2022/02/28150948/1990.pdf
1990-10-07,1990,5,REG,1990_05_SEA_NE,nfl-jason-staurovsky,Jason Staurovsky,NE,SEA,2,2,2,2,"53,48",https://media.eagles.1rmg.com/wp-content/uploads/2022/02/28150948/1990.pdf
1990-10-07,1990,5,REG,1990_05_SEA_NE,nfl-norm-johnson,Norm Johnson,SEA,NE,3,4,2,3,"31,19",https://media.eagles.1rmg.com/wp-content/uploads/2022/02/28150948/1990.pdf
1990-10-14,1990,6,REG,1990_06_CIN_HOU,nfl-tony-zendejas,Tony Zendejas,HOU,CIN,6,6,2,2,"22,23",https://media.eagles.1rmg.com/wp-content/uploads/2022/02/28150948/1990.pdf
1990-10-14,1990,6,REG,1990_06_DAL_PHX,nfl-al-del-greco,Al Del Greco,PHX,DAL,2,2,2,2,"28,28",https://media.eagles.1rmg.com/wp-content/uploads/2022/02/28150948/1990.pdf
1990-10-14,1990,6,REG,1990_06_DET_KC,nfl-nick-lowery,Nick Lowery,KC,DET,5,5,2,2,"21,32",https://media.eagles.1rmg.com/wp-content/uploads/2022/02/28150948/1990.pdf
1990-10-14,1990,6,REG,1990_06_GB_TB,nfl-steve-christie,Steve Christie,TB,GB,2,2,4,4,"24,32,39,32",https://media.eagles.1rmg.com/wp-content/uploads/2022/02/28150948/1990.pdf
1990-10-15,1990,6,REG,1990_06_MIN_PHI,nfl-roger-ruzek,Roger Ruzek,PHI,MIN,2,3,4,4,"38,30,29,19",https://media.eagles.1rmg.com/wp-content/uploads/2022/02/28150948/1990.pdf
1990-10-14,1990,6,REG,1990_06_NYG_WAS,nfl-chip-lohmiller,Chip Lohmiller,WAS,NYG,2,2,2,3,"42,35",https://media.eagles.1rmg.com/wp-content/uploads/2022/02/28150948/1990.pdf
1990-10-22,1990,7,REG,1990_07_CIN_CLE,nfl-jim-breech,Jim Breech,CIN,CLE,4,4,2,2,"20,21",https://media.eagles.1rmg.com/wp-content/uploads/2022/02/28150948/1990.pdf
1990-10-21,1990,7,REG,1990_07_DAL_TB,nfl-steve-christie,Steve Christie,TB,DAL,1,1,2,3,"23,32",https://media.eagles.1rmg.com/wp-content/uploads/2022/02/28150948/1990.pdf
1990-10-21,1990,7,REG,1990_07_DEN_IND,nfl-david-treadwell,David Treadwell,DEN,IND,3,3,2,3,"39,42",https://media.eagles.1rmg.com/wp-content/uploads/2022/02/28150948/1990.pdf
1990-10-21,1990,7,REG,1990_07_KC_SEA,nfl-norm-johnson,Norm Johnson,SEA,KC,1,1,4,4,"39,27,39,43",https://media.eagles.1rmg.com/wp-content/uploads/2022/02/28150948/1990.pdf
1990-10-21,1990,7,REG,1990_07_NO_HOU,nfl-tony-zendejas,Tony Zendejas,HOU,NO,2,2,3,3,"43,45,33",https://media.eagles.1rmg.com/wp-content/uploads/2022/02/28150948/1990.pdf
1990-10-21,1990,7,REG,1990_07_NYJ_BUF,nfl-pat-leahy,Pat Leahy,NYJ,BUF,3,3,2,2,"28,25",https://media.eagles.1rmg.com/wp-content/uploads/2022/02/28150948/1990.pdf
1990-10-21,1990,7,REG,1990_07_PHI_WAS,nfl-chip-lohmiller,Chip Lohmiller,WAS,PHI,1,1,2,6,"33,39",https://media.eagles.1rmg.com/wp-content/uploads/2022/02/28150948/1990.pdf
1990-10-21,1990,7,REG,1990_07_PHX_NYG,nfl-al-del-greco,Al Del Greco,PHX,NYG,1,1,4,4,"39,18,34,45",https://media.eagles.1rmg.com/wp-content/uploads/2022/02/28150948/1990.pdf
1990-10-21,1990,7,REG,1990_07_PHX_NYG,nfl-matt-bahr,Matt Bahr,NYG,PHX,2,2,2,3,"34,40",https://media.eagles.1rmg.com/wp-content/uploads/2022/02/28150948/1990.pdf
1990-10-21,1990,7,REG,1990_07_PIT_SF,nfl-mike-cofer,Mike Cofer,SF,PIT,3,3,2,2,"39,20",https://media.eagles.1rmg.com/wp-content/uploads/2022/02/28150948/1990.pdf
1990-10-28,1990,8,REG,1990_08_BUF_NE,nfl-scott-norwood,Scott Norwood,BUF,NE,3,3,2,2,"35,35",https://media.eagles.1rmg.com/wp-content/uploads/2022/02/28150948/1990.pdf
1990-10-28,1990,8,REG,1990_08_CLE_SF,nfl-mike-cofer,Mike Cofer,SF,CLE,2,2,2,3,"40,45",https://media.eagles.1rmg.com/wp-content/uploads/2022/02/28150948/1990.pdf
1990-10-28,1990,8,REG,1990_08_DET_NO,nfl-rich-karlis,Rich Karlis,DET,NO,3,3,2,4,"25,39",https://media.eagles.1rmg.com/wp-content/uploads/2022/02/28150948/1990.pdf
1990-10-29,1990,8,REG,1990_08_LA_PIT,nfl-gary-anderson,Gary Anderson,PIT,LA,5,5,2,2,"42,30",https://media.eagles.1rmg.com/wp-content/uploads/2022/02/28150948/1990.pdf
1990-10-28,1990,8,REG,1990_08_MIA_IND,nfl-pete-stoyanovich,Pete Stoyanovich,MIA,IND,3,3,2,2,"34,53",https://media.eagles.1rmg.com/wp-content/uploads/2022/02/28150948/1990.pdf
1990-10-28,1990,8,REG,1990_08_NYJ_HOU,nfl-teddy-garcia,Teddy Garcia,HOU,NYJ,0,1,2,4,"42,49",https://media.eagles.1rmg.com/wp-content/uploads/2022/02/28150948/1990.pdf
1990-10-28,1990,8,REG,1990_08_PHI_DAL,nfl-ken-willis,Ken Willis,DAL,PHI,2,2,2,3,"43,43",https://media.eagles.1rmg.com/wp-content/uploads/2022/02/28150948/1990.pdf
1990-11-04,1990,9,REG,1990_09_ATL_PIT,nfl-greg-davis,Greg Davis,ATL,PIT,0,0,3,5,"41,43,38",https://media.eagles.1rmg.com/wp-content/uploads/2022/02/28150948/1990.pdf
1990-11-04,1990,9,REG,1990_09_CHI_TB,nfl-kevin-butler,Kevin Butler,CHI,TB,2,3,2,4,"30,22",https://media.eagles.1rmg.com/wp-content/uploads/2022/02/28150948/1990.pdf
1990-11-04,1990,9,REG,1990_09_DEN_MIN,nfl-david-treadwell,David Treadwell,DEN,MIN,1,2,3,3,"31,46,46",https://media.eagles.1rmg.com/wp-content/uploads/2022/02/28150948/1990.pdf
1990-11-04,1990,9,REG,1990_09_DEN_MIN,nfl-donald-igwebuike,Donald Igwebuike,MIN,DEN,3,3,2,2,"38,41",https://media.eagles.1rmg.com/wp-content/uploads/2022/02/28150948/1990.pdf
1990-11-04,1990,9,REG,1990_09_HOU_LA,nfl-teddy-garcia,Teddy Garcia,HOU,LA,1,1,2,2,"27,31",https://media.eagles.1rmg.com/wp-content/uploads/2022/02/28150948/1990.pdf
1990-11-04,1990,9,REG,1990_09_NE_PHI,nfl-jason-staurovsky,Jason Staurovsky,NE,PHI,2,2,2,3,"39,44",https://media.eagles.1rmg.com/wp-content/uploads/2022/02/28150948/1990.pdf
1990-11-04,1990,9,REG,1990_09_NE_PHI,nfl-roger-ruzek,Roger Ruzek,PHI,NE,6,6,2,2,"27,34",https://media.eagles.1rmg.com/wp-content/uploads/2022/02/28150948/1990.pdf
1990-11-04,1990,9,REG,1990_09_PHX_MIA,nfl-pete-stoyanovich,Pete Stoyanovich,MIA,PHX,2,2,3,3,"19,21,19",https://media.eagles.1rmg.com/wp-content/uploads/2022/02/28150948/1990.pdf
1990-11-04,1990,9,REG,1990_09_SF_GB,nfl-chris-jacke,Chris Jacke,GB,SF,2,2,2,2,"30,37",https://media.eagles.1rmg.com/wp-content/uploads/2022/02/28150948/1990.pdf
1990-11-04,1990,9,REG,1990_09_WAS_DET,nfl-chip-lohmiller,Chip Lohmiller,WAS,DET,5,5,2,2,"38,34",https://media.eagles.1rmg.com/wp-content/uploads/2022/02/28150948/1990.pdf
1990-11-11,1990,10,REG,1990_10_IND_NE,nfl-dean-biasucci,Dean Biasucci,IND,NE,1,1,2,2,"54,38",https://media.eagles.1rmg.com/wp-content/uploads/2022/02/28150948/1990.pdf
1990-11-11,1990,10,REG,1990_10_SEA_KC,nfl-nick-lowery,Nick Lowery,KC,SEA,1,1,3,3,"25,30,24",https://media.eagles.1rmg.com/wp-content/uploads/2022/02/28150948/1990.pdf
1990-11-11,1990,10,REG,1990_10_SF_DAL,nfl-ken-willis,Ken Willis,DAL,SF,0,0,2,2,"23,37",https://media.eagles.1rmg.com/wp-content/uploads/2022/02/28150948/1990.pdf
1990-11-18,1990,11,REG,1990_11_CHI_DEN,nfl-david-treadwell,David Treadwell,DEN,CHI,1,1,2,2,"27,24",https://media.eagles.1rmg.com/wp-content/uploads/2022/02/28150948/1990.pdf
1990-11-18,1990,11,REG,1990_11_CHI_DEN,nfl-kevin-butler,Kevin Butler,CHI,DEN,1,1,3,4,"37,32,44",https://media.eagles.1rmg.com/wp-content/uploads/2022/02/28150948/1990.pdf
1990-11-18,1990,11,REG,1990_11_DET_NYG,nfl-matt-bahr,Matt Bahr,NYG,DET,2,2,2,3,"24,49",https://media.eagles.1rmg.com/wp-content/uploads/2022/02/28150948/1990.pdf
1990-11-18,1990,11,REG,1990_11_NYJ_IND,nfl-pat-leahy,Pat Leahy,NYJ,IND,0,0,4,4,"32,21,29,40",https://media.eagles.1rmg.com/wp-content/uploads/2022/02/28150948/1990.pdf
1990-11-18,1990,11,REG,1990_11_PHI_ATL,nfl-greg-davis,Greg Davis,ATL,PHI,2,2,3,3,"53,46,28",https://media.eagles.1rmg.com/wp-content/uploads/2022/02/28150948/1990.pdf
1990-11-18,1990,11,REG,1990_11_SD_KC,nfl-nick-lowery,Nick Lowery,KC,SD,3,3,2,2,"36,37",https://media.eagles.1rmg.com/wp-content/uploads/2022/02/28150948/1990.pdf
1990-11-26,1990,12,REG,1990_12_BUF_HOU,nfl-teddy-garcia,Teddy Garcia,HOU,BUF,3,3,2,2,"25,36",https://media.eagles.1rmg.com/wp-content/uploads/2022/02/28150948/1990.pdf
1990-11-25,1990,12,REG,1990_12_CHI_MIN,nfl-kevin-butler,Kevin Butler,CHI,MIN,1,1,2,3,"41,43",https://media.eagles.1rmg.com/wp-content/uploads/2022/02/28150948/1990.pdf
1990-11-22,1990,12,REG,1990_12_DEN_DET,nfl-david-treadwell,David Treadwell,DEN,DET,3,3,2,2,"24,32",https://media.eagles.1rmg.com/wp-content/uploads/2022/02/28150948/1990.pdf
1990-11-22,1990,12,REG,1990_12_DEN_DET,nfl-eddie-murray,Eddie Murray,DET,DEN,4,4,4,4,"24,32,43,45",https://media.eagles.1rmg.com/wp-content/uploads/2022/02/28150948/1990.pdf
1990-11-25,1990,12,REG,1990_12_IND_CIN,nfl-dean-biasucci,Dean Biasucci,IND,CIN,4,4,2,3,"22,26",https://media.eagles.1rmg.com/wp-content/uploads/2022/02/28150948/1990.pdf
1990-11-25,1990,12,REG,1990_12_NE_PHX,nfl-al-del-greco,Al Del Greco,PHX,NE,4,4,2,3,"29,50",https://media.eagles.1rmg.com/wp-content/uploads/2022/02/28150948/1990.pdf
1990-11-25,1990,12,REG,1990_12_SEA_SD,nfl-norm-johnson,Norm Johnson,SEA,SD,1,1,2,3,"26,40",https://media.eagles.1rmg.com/wp-content/uploads/2022/02/28150948/1990.pdf
1990-11-25,1990,12,REG,1990_12_TB_GB,nfl-chris-jacke,Chris Jacke,GB,TB,2,2,2,3,"25,25",https://media.eagles.1rmg.com/wp-content/uploads/2022/02/28150948/1990.pdf
1990-11-22,1990,12,REG,1990_12_WAS_DAL,nfl-ken-willis,Ken Willis,DAL,WAS,3,3,2,2,"49,41",https://media.eagles.1rmg.com/wp-content/uploads/2022/02/28150948/1990.pdf
1990-12-02,1990,13,REG,1990_13_ATL_TB,nfl-steve-christie,Steve Christie,TB,ATL,2,2,3,3,"39,44,21",https://media.eagles.1rmg.com/wp-content/uploads/2022/02/28150948/1990.pdf
1990-12-02,1990,13,REG,1990_13_CIN_PIT,nfl-gary-anderson,Gary Anderson,PIT,CIN,0,0,4,4,"32,36,29,48",https://media.eagles.1rmg.com/wp-content/uploads/2022/02/28150948/1990.pdf
1990-12-02,1990,13,REG,1990_13_HOU_SEA,nfl-norm-johnson,Norm Johnson,SEA,HOU,1,1,2,2,"39,42",https://media.eagles.1rmg.com/wp-content/uploads/2022/02/28150948/1990.pdf
1990-12-02,1990,13,REG,1990_13_IND_PHX,nfl-al-del-greco,Al Del Greco,PHX,IND,2,2,2,2,"32,39",https://media.eagles.1rmg.com/wp-content/uploads/2022/02/28150948/1990.pdf
1990-12-02,1990,13,REG,1990_13_KC_NE,nfl-nick-lowery,Nick Lowery,KC,NE,4,4,3,3,"19,32,45",https://media.eagles.1rmg.com/wp-content/uploads/2022/02/28150948/1990.pdf
1990-12-02,1990,13,REG,1990_13_MIA_WAS,nfl-pete-stoyanovich,Pete Stoyanovich,MIA,WAS,2,2,2,2,"21,44",https://media.eagles.1rmg.com/wp-content/uploads/2022/02/28150948/1990.pdf
1990-12-02,1990,13,REG,1990_13_NO_DAL,nfl-morten-andersen,Morten Andersen,NO,DAL,1,1,2,2,"43,50",https://media.eagles.1rmg.com/wp-content/uploads/2022/02/28150948/1990.pdf
1990-12-02,1990,13,REG,1990_13_PHI_BUF,nfl-scott-norwood,Scott Norwood,BUF,PHI,3,3,3,4,"43,21,45",https://media.eagles.1rmg.com/wp-content/uploads/2022/02/28150948/1990.pdf
1990-12-09,1990,14,REG,1990_14_CHI_WAS,nfl-kevin-butler,Kevin Butler,CHI,WAS,0,0,3,4,"29,23,46",https://media.eagles.1rmg.com/wp-content/uploads/2022/02/28150948/1990.pdf
1990-12-09,1990,14,REG,1990_14_MIN_NYG,nfl-matt-bahr,Matt Bahr,NYG,MIN,2,2,3,3,"36,48,18",https://media.eagles.1rmg.com/wp-content/uploads/2022/02/28150948/1990.pdf
1990-12-09,1990,14,REG,1990_14_PHI_MIA,nfl-roger-ruzek,Roger Ruzek,PHI,MIA,2,2,2,3,"53,33",https://media.eagles.1rmg.com/wp-content/uploads/2022/02/28150948/1990.pdf
1990-12-09,1990,14,REG,1990_14_SEA_GB,nfl-norm-johnson,Norm Johnson,SEA,GB,2,2,2,2,"37,22",https://media.eagles.1rmg.com/wp-content/uploads/2022/02/28150948/1990.pdf
1990-12-09,1990,14,REG,1990_14_SF_CIN,nfl-mike-cofer,Mike Cofer,SF,CIN,2,2,2,2,"23,23",https://media.eagles.1rmg.com/wp-content/uploads/2022/02/28150948/1990.pdf
1990-12-15,1990,15,REG,1990_15_BUF_NYG,nfl-matt-bahr,Matt Bahr,NYG,BUF,1,1,2,2,"23,22",https://media.eagles.1rmg.com/wp-content/uploads/2022/02/28150948/1990.pdf
1990-12-16,1990,15,REG,1990_15_HOU_KC,nfl-teddy-garcia,Teddy Garcia,HOU,KC,3,3,2,3,"32,26",https://media.eagles.1rmg.com/wp-content/uploads/2022/02/28150948/1990.pdf
1990-12-16,1990,15,REG,1990_15_IND_NYJ,nfl-dean-biasucci,Dean Biasucci,IND,NYJ,2,3,3,3,"35,20,37",https://media.eagles.1rmg.com/wp-content/uploads/2022/02/28150948/1990.pdf
1990-12-16,1990,15,REG,1990_15_MIN_TB,nfl-steve-christie,Steve Christie,TB,MIN,2,2,4,4,"50,43,42,30",https://media.eagles.1rmg.com/wp-content/uploads/2022/02/28150948/1990.pdf
1990-12-16,1990,15,REG,1990_15_PIT_NO,nfl-gary-anderson,Gary Anderson,PIT,NO,0,0,3,4,"29,42,43",https://media.eagles.1rmg.com/wp-content/uploads/2022/02/28150948/1990.pdf
1990-12-16,1990,15,REG,1990_15_PIT_NO,nfl-morten-andersen,Morten Andersen,NO,PIT,0,0,2,2,"50,43",https://media.eagles.1rmg.com/wp-content/uploads/2022/02/28150948/1990.pdf
1990-12-16,1990,15,REG,1990_15_SD_DEN,nfl-david-treadwell,David Treadwell,DEN,SD,2,2,2,3,"49,26",https://media.eagles.1rmg.com/wp-content/uploads/2022/02/28150948/1990.pdf
1990-12-17,1990,15,REG,1990_15_SF_LA,nfl-mike-cofer,Mike Cofer,SF,LA,2,2,2,3,"23,31",https://media.eagles.1rmg.com/wp-content/uploads/2022/02/28150948/1990.pdf
1990-12-15,1990,15,REG,1990_15_WAS_NE,nfl-chip-lohmiller,Chip Lohmiller,WAS,NE,2,2,3,3,"19,38,26",https://media.eagles.1rmg.com/wp-content/uploads/2022/02/28150948/1990.pdf
1990-12-23,1990,16,REG,1990_16_HOU_CIN,nfl-teddy-garcia,Teddy Garcia,HOU,CIN,2,2,2,3,"29,36",https://media.eagles.1rmg.com/wp-content/uploads/2022/02/28150948/1990.pdf
1990-12-23,1990,16,REG,1990_16_LA_ATL,nfl-greg-davis,Greg Davis,ATL,LA,2,2,2,2,"21,23",https://media.eagles.1rmg.com/wp-content/uploads/2022/02/28150948/1990.pdf
1990-12-23,1990,16,REG,1990_16_NO_SF,nfl-morten-andersen,Morten Andersen,NO,SF,1,1,2,2,"30,40",https://media.eagles.1rmg.com/wp-content/uploads/2022/02/28150948/1990.pdf
1990-12-23,1990,16,REG,1990_16_TB_CHI,nfl-kevin-butler,Kevin Butler,CHI,TB,3,3,2,3,"46,43",https://media.eagles.1rmg.com/wp-content/uploads/2022/02/28150948/1990.pdf
1990-12-22,1990,16,REG,1990_16_WAS_IND,nfl-chip-lohmiller,Chip Lohmiller,WAS,IND,2,2,4,5,"53,56,29,27",https://media.eagles.1rmg.com/wp-content/uploads/2022/02/28150948/1990.pdf
1990-12-30,1990,17,REG,1990_17_BUF_WAS,nfl-chip-lohmiller,Chip Lohmiller,WAS,BUF,2,2,5,5,"37,24,19,43,32",https://media.eagles.1rmg.com/wp-content/uploads/2022/02/28150948/1990.pdf
1990-12-30,1990,17,REG,1990_17_DET_SEA,nfl-norm-johnson,Norm Johnson,SEA,DET,3,3,3,3,"43,25,37",https://media.eagles.1rmg.com/wp-content/uploads/2022/02/28150948/1990.pdf
1990-12-30,1990,17,REG,1990_17_GB_DEN,nfl-chris-jacke,Chris Jacke,GB,DEN,1,1,2,2,"37,24",https://media.eagles.1rmg.com/wp-content/uploads/2022/02/28150948/1990.pdf
1990-12-30,1990,17,REG,1990_17_GB_DEN,nfl-david-treadwell,David Treadwell,DEN,GB,2,2,2,2,"22,31",https://media.eagles.1rmg.com/wp-content/uploads/2022/02/28150948/1990.pdf
1990-12-29,1990,17,REG,1990_17_KC_CHI,nfl-nick-lowery,Nick Lowery,KC,CHI,0,1,5,5,"19,30,43,32,38",https://media.eagles.1rmg.com/wp-content/uploads/2022/02/28150948/1990.pdf
1990-12-31,1990,17,REG,1990_17_LA_NO,nfl-morten-andersen,Morten Andersen,NO,LA,2,2,2,4,"41,24",https://media.eagles.1rmg.com/wp-content/uploads/2022/02/28150948/1990.pdf
1990-12-30,1990,17,REG,1990_17_NYG_NE,nfl-matt-bahr,Matt Bahr,NYG,NE,1,1,2,3,"44,27",https://media.eagles.1rmg.com/wp-content/uploads/2022/02/28150948/1990.pdf
1990-12-30,1990,17,REG,1990_17_NYJ_TB,nfl-pat-leahy,Pat Leahy,NYJ,TB,1,1,3,3,"21,32,25",https://media.eagles.1rmg.com/wp-content/uploads/2022/02/28150948/1990.pdf
1990-12-30,1990,17,REG,1990_17_SF_MIN,nfl-mike-cofer,Mike Cofer,SF,MIN,2,2,2,2,"29,35",https://media.eagles.1rmg.com/wp-content/uploads/2022/02/28150948/1990.pdf
1991-09-01,1991,1,REG,1991_01_DAL_CLE,nfl-ken-willis,Ken Willis,DAL,CLE,2,2,4,4,"38,25,22,54",https://media.eagles.1rmg.com/wp-content/uploads/2022/02/28151026/1991.pdf
1991-09-01,1991,1,REG,1991_01_NE_IND,nfl-jason-staurovsky,Jason Staurovsky,NE,IND,1,1,3,3,"35,39,36",https://media.eagles.1rmg.com/wp-content/uploads/2022/02/28151026/1991.pdf
1991-09-01,1991,1,REG,1991_01_PHI_GB,nfl-roger-ruzek,Roger Ruzek,PHI,GB,2,2,2,2,"37,40",https://media.eagles.1rmg.com/wp-content/uploads/2022/02/28151026/1991.pdf
1991-09-01,1991,1,REG,1991_01_SD_PIT,nfl-gary-anderson,Gary Anderson,PIT,SD,2,2,4,4,"38,29,31,39",https://media.eagles.1rmg.com/wp-content/uploads/2022/02/28151026/1991.pdf
1991-09-01,1991,1,REG,1991_01_SD_PIT,nfl-john-carney,John Carney,SD,PIT,2,2,2,3,"48,35",https://media.eagles.1rmg.com/wp-content/uploads/2022/02/28151026/1991.pdf
1991-09-01,1991,1,REG,1991_01_SEA_NO,nfl-morten-andersen,Morten Andersen,NO,SEA,3,3,2,2,"47,31",https://media.eagles.1rmg.com/wp-content/uploads/2022/02/28151026/1991.pdf
1991-09-02,1991,1,REG,1991_01_SF_NYG,nfl-matt-bahr,Matt Bahr,NYG,SF,1,1,3,4,"35,28,35",https://media.eagles.1rmg.com/wp-content/uploads/2022/02/28151026/1991.pdf
1991-09-01,1991,1,REG,1991_01_TB_NYJ,nfl-pat-leahy,Pat Leahy,NYJ,TB,1,1,3,4,"30,25,40",https://media.eagles.1rmg.com/wp-content/uploads/2022/02/28151026/1991.pdf
1991-09-01,1991,1,REG,1991_01_TB_NYJ,nfl-steve-christie,Steve Christie,TB,NYJ,1,1,2,3,"29,38",https://media.eagles.1rmg.com/wp-content/uploads/2022/02/28151026/1991.pdf
1991-09-08,1991,2,REG,1991_02_CHI_TB,nfl-steve-christie,Steve Christie,TB,CHI,2,2,2,3,"31,36",https://media.eagles.1rmg.com/wp-content/uploads/2022/02/28151026/1991.pdf
1991-09-08,1991,2,REG,1991_02_GB_DET,nfl-eddie-murray,Eddie Murray,DET,GB,2,2,3,4,"41,27,36",https://media.eagles.1rmg.com/wp-content/uploads/2022/02/28151026/1991.pdf
1991-09-08,1991,2,REG,1991_02_HOU_CIN,nfl-ian-howfield,Ian Howfield,HOU,CIN,3,3,3,3,"19,21,37",https://media.eagles.1rmg.com/wp-content/uploads/2022/02/28151026/1991.pdf
1991-09-08,1991,2,REG,1991_02_IND_MIA,nfl-dean-biasucci,Dean Biasucci,IND,MIA,0,0,2,2,"48,21",https://media.eagles.1rmg.com/wp-content/uploads/2022/02/28151026/1991.pdf
1991-09-08,1991,2,REG,1991_02_LA_NYG,nfl-matt-bahr,Matt Bahr,NYG,LA,1,1,2,2,"46,40",https://media.eagles.1rmg.com/wp-content/uploads/2022/02/28151026/1991.pdf
1991-09-08,1991,2,REG,1991_02_PHX_PHI,nfl-greg-davis,Greg Davis,PHX,PHI,2,2,4,4,"52,28,22,42",https://media.eagles.1rmg.com/wp-content/uploads/2022/02/28151026/1991.pdf
1991-09-08,1991,2,REG,1991_02_SD_SF,nfl-mike-cofer,Mike Cofer,SF,SD,4,4,2,4,"34,28",https://media.eagles.1rmg.com/wp-content/uploads/2022/02/28151026/1991.pdf
1991-09-09,1991,2,REG,1991_02_WAS_DAL,nfl-chip-lohmiller,Chip Lohmiller,WAS,DAL,3,3,4,4,"53,52,45,46",https://media.eagles.1rmg.com/wp-content/uploads/2022/02/28151026/1991.pdf
1991-09-15,1991,3,REG,1991_03_ATL_SD,nfl-norm-johnson,Norm Johnson,ATL,SD,1,1,2,3,"28,36",https://media.eagles.1rmg.com/wp-content/uploads/2022/02/28151026/1991.pdf
1991-09-15,1991,3,REG,1991_03_BUF_NYJ,nfl-pat-leahy,Pat Leahy,NYJ,BUF,2,2,2,3,"32,39",https://media.eagles.1rmg.com/wp-content/uploads/2022/02/28151026/1991.pdf
1991-09-15,1991,3,REG,1991_03_BUF_NYJ,nfl-scott-norwood,Scott Norwood,BUF,NYJ,2,2,3,4,"52,25,44",https://media.eagles.1rmg.com/wp-content/uploads/2022/02/28151026/1991.pdf
1991-09-15,1991,3,REG,1991_03_CIN_CLE,nfl-jim-breech,Jim Breech,CIN,CLE,1,1,2,2,"21,36",https://media.eagles.1rmg.com/wp-content/uploads/2022/02/28151026/1991.pdf
1991-09-15,1991,3,REG,1991_03_MIA_DET,nfl-pete-stoyanovich,Pete Stoyanovich,MIA,DET,1,1,2,2,"18,47",https://media.eagles.1rmg.com/wp-content/uploads/2022/02/28151026/1991.pdf
1991-09-15,1991,3,REG,1991_03_NYG_CHI,nfl-kevin-butler,Kevin Butler,CHI,NYG,2,2,2,2,"46,20",https://media.eagles.1rmg.com/wp-content/uploads/2022/02/28151026/1991.pdf
1991-09-15,1991,3,REG,1991_03_PHX_WAS,nfl-chip-lohmiller,Chip Lohmiller,WAS,PHX,4,4,2,3,"30,48",https://media.eagles.1rmg.com/wp-content/uploads/2022/02/28151026/1991.pdf
1991-09-15,1991,3,REG,1991_03_SEA_DEN,nfl-david-treadwell,David Treadwell,DEN,SEA,1,1,3,3,"17,25,35",https://media.eagles.1rmg.com/wp-content/uploads/2022/02/28151026/1991.pdf
1991-09-15,1991,3,REG,1991_03_TB_GB,nfl-chris-jacke,Chris Jacke,GB,TB,1,1,2,3,"24,22",https://media.eagles.1rmg.com/wp-content/uploads/2022/02/28151026/1991.pdf
1991-09-15,1991,3,REG,1991_03_TB_GB,nfl-steve-christie,Steve Christie,TB,GB,1,1,2,2,"31,22",https://media.eagles.1rmg.com/wp-content/uploads/2022/02/28151026/1991.pdf
1991-09-22,1991,4,REG,1991_04_DAL_PHX,nfl-greg-davis,Greg Davis,PHX,DAL,0,0,3,4,"32,32,29",https://media.eagles.1rmg.com/wp-content/uploads/2022/02/28151026/1991.pdf
1991-09-22,1991,4,REG,1991_04_GB_MIA,nfl-chris-jacke,Chris Jacke,GB,MIA,1,1,2,2,"28,34",https://media.eagles.1rmg.com/wp-content/uploads/2022/02/28151026/1991.pdf
1991-09-22,1991,4,REG,1991_04_GB_MIA,nfl-pete-stoyanovich,Pete Stoyanovich,MIA,GB,1,1,3,3,"43,52,31",https://media.eagles.1rmg.com/wp-content/uploads/2022/02/28151026/1991.pdf
1991-09-22,1991,4,REG,1991_04_HOU_NE,nfl-ian-howfield,Ian Howfield,HOU,NE,2,2,2,2,"28,38",https://media.eagles.1rmg.com/wp-content/uploads/2022/02/28151026/1991.pdf
1991-09-22,1991,4,REG,1991_04_LA_SF,nfl-mike-cofer,Mike Cofer,SF,LA,3,3,2,3,"22,47",https://media.eagles.1rmg.com/wp-content/uploads/2022/02/28151026/1991.pdf
1991-09-22,1991,4,REG,1991_04_MIN_NO,nfl-morten-andersen,Morten Andersen,NO,MIN,2,2,4,4,"34,30,38,26",https://media.eagles.1rmg.com/wp-content/uploads/2022/02/28151026/1991.pdf
1991-09-22,1991,4,REG,1991_04_PIT_PHI,nfl-roger-ruzek,Roger Ruzek,PHI,PIT,2,2,3,3,"27,34,20",https://media.eagles.1rmg.com/wp-content/uploads/2022/02/28151026/1991.pdf
1991-09-22,1991,4,REG,1991_04_SD_DEN,nfl-david-treadwell,David Treadwell,DEN,SD,3,3,2,2,"34,23",https://media.eagles.1rmg.com/wp-content/uploads/2022/02/28151026/1991.pdf
1991-09-22,1991,4,REG,1991_04_SD_DEN,nfl-john-carney,John Carney,SD,DEN,1,1,4,4,"41,43,43,36",https://media.eagles.1rmg.com/wp-content/uploads/2022/02/28151026/1991.pdf
1991-09-22,1991,4,REG,1991_04_SEA_KC,nfl-john-kasay,John Kasay,SEA,KC,1,1,2,3,"45,38",https://media.eagles.1rmg.com/wp-content/uploads/2022/02/28151026/1991.pdf
1991-09-22,1991,4,REG,1991_04_SEA_KC,nfl-nick-lowery,Nick Lowery,KC,SEA,2,2,2,3,"37,39",https://media.eagles.1rmg.com/wp-content/uploads/2022/02/28151026/1991.pdf
1991-09-22,1991,4,REG,1991_04_WAS_CIN,nfl-chip-lohmiller,Chip Lohmiller,WAS,CIN,4,4,2,2,"40,26",https://media.eagles.1rmg.com/wp-content/uploads/2022/02/28151026/1991.pdf
1991-09-22,1991,4,REG,1991_04_WAS_CIN,nfl-jim-breech,Jim Breech,CIN,WAS,3,3,2,2,"46,25",https://media.eagles.1rmg.com/wp-content/uploads/2022/02/28151026/1991.pdf
1991-09-29,1991,5,REG,1991_05_CHI_BUF,nfl-kevin-butler,Kevin Butler,CHI,BUF,2,2,2,2,"28,42",https://media.eagles.1rmg.com/wp-content/uploads/2022/02/28151026/1991.pdf
1991-09-29,1991,5,REG,1991_05_DEN_MIN,nfl-fuad-reveiz,Fuad Reveiz,MIN,DEN,0,0,2,2,"49,25",https://media.eagles.1rmg.com/wp-content/uploads/2022/02/28151026/1991.pdf
1991-09-29,1991,5,REG,1991_05_KC_SD,nfl-john-carney,John Carney,SD,KC,1,1,2,3,"26,37",https://media.eagles.1rmg.com/wp-content/uploads/2022/02/28151026/1991.pdf
1991-09-29,1991,5,REG,1991_05_MIA_NYJ,nfl-pat-leahy,Pat Leahy,NYJ,MIA,5,5,2,3,"25,27",https://media.eagles.1rmg.com/wp-content/uploads/2022/02/28151026/1991.pdf
1991-09-29,1991,5,REG,1991_05_MIA_NYJ,nfl-pete-stoyanovich,Pete Stoyanovich,MIA,NYJ,2,2,3,3,"33,53,33",https://media.eagles.1rmg.com/wp-content/uploads/2022/02/28151026/1991.pdf
1991-09-29,1991,5,REG,1991_05_NO_ATL,nfl-morten-andersen,Morten Andersen,NO,ATL,3,3,2,2,"23,31",https://media.eagles.1rmg.com/wp-content/uploads/2022/02/28151026/1991.pdf
1991-09-29,1991,5,REG,1991_05_NYG_DAL,nfl-matt-bahr,Matt Bahr,NYG,DAL,1,1,3,4,"43,29,25",https://media.eagles.1rmg.com/wp-content/uploads/2022/02/28151026/1991.pdf
1991-10-07,1991,6,REG,1991_06_BUF_KC,nfl-nick-lowery,Nick Lowery,KC,BUF,3,3,4,4,"41,40,24,22",https://media.eagles.1rmg.com/wp-content/uploads/2022/02/28151026/1991.pdf
1991-10-07,1991,6,REG,1991_06_BUF_KC,nfl-scott-norwood,Scott Norwood,BUF,KC,0,0,2,2,"44,25",https://media.eagles.1rmg.com/wp-content/uploads/2022/02/28151026/1991.pdf
1991-10-06,1991,6,REG,1991_06_DAL_GB,nfl-ken-willis,Ken Willis,DAL,GB,2,2,2,3,"23,39",https://media.eagles.1rmg.com/wp-content/uploads/2022/02/28151026/1991.pdf
1991-10-06,1991,6,REG,1991_06_MIA_NE,nfl-pete-stoyanovich,Pete Stoyanovich,MIA,NE,2,2,2,3,"47,25",https://media.eagles.1rmg.com/wp-content/uploads/2022/02/28151026/1991.pdf
1991-10-06,1991,6,REG,1991_06_MIN_DET,nfl-fuad-reveiz,Fuad Reveiz,MIN,DET,2,2,2,2,"42,25",https://media.eagles.1rmg.com/wp-content/uploads/2022/02/28151026/1991.pdf
1991-10-06,1991,6,REG,1991_06_PHX_NYG,nfl-greg-davis,Greg Davis,PHX,NYG,0,0,3,4,"52,40,29",https://media.eagles.1rmg.com/wp-content/uploads/2022/02/28151026/1991.pdf
1991-10-06,1991,6,REG,1991_06_PHX_NYG,nfl-matt-bahr,Matt Bahr,NYG,PHX,2,2,2,2,"42,27",https://media.eagles.1rmg.com/wp-content/uploads/2022/02/28151026/1991.pdf
1991-10-06,1991,6,REG,1991_06_SEA_CIN,nfl-john-kasay,John Kasay,SEA,CIN,1,1,2,3,"36,31",https://media.eagles.1rmg.com/wp-content/uploads/2022/02/28151026/1991.pdf
1991-10-06,1991,6,REG,1991_06_WAS_CHI,nfl-chip-lohmiller,Chip Lohmiller,WAS,CHI,2,2,2,3,"47,23",https://media.eagles.1rmg.com/wp-content/uploads/2022/02/28151026/1991.pdf
1991-10-13,1991,7,REG,1991_07_ATL_SF,nfl-norm-johnson,Norm Johnson,ATL,SF,3,3,4,4,"29,43,44,30",https://media.eagles.1rmg.com/wp-content/uploads/2022/02/28151026/1991.pdf
1991-10-13,1991,7,REG,1991_07_CIN_DAL,nfl-jim-breech,Jim Breech,CIN,DAL,2,2,3,3,"45,24,26",https://media.eagles.1rmg.com/wp-content/uploads/2022/02/28151026/1991.pdf
1991-10-13,1991,7,REG,1991_07_IND_BUF,nfl-dean-biasucci,Dean Biasucci,IND,BUF,0,0,2,2,"26,29",https://media.eagles.1rmg.com/wp-content/uploads/2022/02/28151026/1991.pdf
1991-10-13,1991,7,REG,1991_07_NO_PHI,nfl-morten-andersen,Morten Andersen,NO,PHI,1,1,2,3,"36,26",https://media.eagles.1rmg.com/wp-content/uploads/2022/02/28151026/1991.pdf
1991-10-14,1991,7,REG,1991_07_NYG_PIT,nfl-matt-bahr,Matt Bahr,NYG,PIT,2,2,3,3,"45,40,44",https://media.eagles.1rmg.com/wp-content/uploads/2022/02/28151026/1991.pdf
1991-10-20,1991,8,REG,1991_08_ATL_PHX,nfl-greg-davis,Greg Davis,PHX,ATL,1,1,3,4,"29,51,49",https://media.eagles.1rmg.com/wp-content/uploads/2022/02/28151026/1991.pdf
1991-10-21,1991,8,REG,1991_08_CIN_BUF,nfl-jim-breech,Jim Breech,CIN,BUF,1,1,2,2,"32,42",https://media.eagles.1rmg.com/wp-content/uploads/2022/02/28151026/1991.pdf
1991-10-20,1991,8,REG,1991_08_HOU_MIA,nfl-pete-stoyanovich,Pete Stoyanovich,MIA,HOU,1,1,2,2,"34,46",https://media.eagles.1rmg.com/wp-content/uploads/2022/02/28151026/1991.pdf
1991-10-20,1991,8,REG,1991_08_KC_DEN,nfl-david-treadwell,David Treadwell,DEN,KC,1,1,4,4,"39,30,25,27",https://media.eagles.1rmg.com/wp-content/uploads/2022/02/28151026/1991.pdf
1991-10-20,1991,8,REG,1991_08_KC_DEN,nfl-nick-lowery,Nick Lowery,KC,DEN,1,1,3,3,"32,48,25",https://media.eagles.1rmg.com/wp-content/uploads/2022/02/28151026/1991.pdf
1991-10-20,1991,8,REG,1991_08_MIN_NE,nfl-fuad-reveiz,Fuad Reveiz,MIN,NE,2,2,3,4,"23,32,23",https://media.eagles.1rmg.com/wp-content/uploads/2022/02/28151026/1991.pdf
1991-10-20,1991,8,REG,1991_08_MIN_NE,nfl-jason-staurovsky,Jason Staurovsky,NE,MIN,2,3,2,3,"38,42",https://media.eagles.1rmg.com/wp-content/uploads/2022/02/28151026/1991.pdf
1991-10-20,1991,8,REG,1991_08_NYJ_IND,nfl-dean-biasucci,Dean Biasucci,IND,NYJ,0,0,2,3,"42,34",https://media.eagles.1rmg.com/wp-content/uploads/2022/02/28151026/1991.pdf
1991-10-20,1991,8,REG,1991_08_TB_NO,nfl-morten-andersen,Morten Andersen,NO,TB,2,2,3,4,"32,28,48",https://media.eagles.1rmg.com/wp-content/uploads/2022/02/28151026/1991.pdf
1991-10-27,1991,9,REG,1991_09_CHI_NO,nfl-kevin-butler,Kevin Butler,CHI,NO,2,2,2,3,"34,48",https://media.eagles.1rmg.com/wp-content/uploads/2022/02/28151026/1991.pdf
1991-10-27,1991,9,REG,1991_09_DAL_DET,nfl-eddie-murray,Eddie Murray,DET,DAL,4,4,2,2,"44,32",https://media.eagles.1rmg.com/wp-content/uploads/2022/02/28151026/1991.pdf
1991-10-27,1991,9,REG,1991_09_DEN_NE,nfl-david-treadwell,David Treadwell,DEN,NE,0,0,3,4,"35,18,34",https://media.eagles.1rmg.com/wp-content/uploads/2022/02/28151026/1991.pdf
1991-10-27,1991,9,REG,1991_09_DEN_NE,nfl-jason-staurovsky,Jason Staurovsky,NE,DEN,0,0,2,3,"20,17",https://media.eagles.1rmg.com/wp-content/uploads/2022/02/28151026/1991.pdf
1991-10-27,1991,9,REG,1991_09_SD_SEA,nfl-john-carney,John Carney,SD,SEA,0,0,3,4,"29,24,36",https://media.eagles.1rmg.com/wp-content/uploads/2022/02/28151026/1991.pdf
1991-10-27,1991,9,REG,1991_09_SD_SEA,nfl-john-kasay,John Kasay,SEA,SD,2,2,2,2,"51,54",https://media.eagles.1rmg.com/wp-content/uploads/2022/02/28151026/1991.pdf
1991-10-27,1991,9,REG,1991_09_SF_PHI,nfl-mike-cofer,Mike Cofer,SF,PHI,2,2,3,3,"45,25,50",https://media.eagles.1rmg.com/wp-content/uploads/2022/02/28151026/1991.pdf
1991-10-27,1991,9,REG,1991_09_WAS_NYG,nfl-raul-allegre,Raul Allegre,NYG,WAS,1,1,2,2,"23,36",https://media.eagles.1rmg.com/wp-content/uploads/2022/02/28151026/1991.pdf
1991-11-03,1991,10,REG,1991_10_CLE_CIN,nfl-jim-breech,Jim Breech,CIN,CLE,2,2,3,3,"23,38,38",https://media.eagles.1rmg.com/wp-content/uploads/2022/02/28151026/1991.pdf
1991-11-03,1991,10,REG,1991_10_DET_CHI,nfl-kevin-butler,Kevin Butler,CHI,DET,2,2,2,3,"21,25",https://media.eagles.1rmg.com/wp-content/uploads/2022/02/28151026/1991.pdf
1991-11-03,1991,10,REG,1991_10_GB_NYJ,nfl-pat-leahy,Pat Leahy,NYJ,GB,1,1,4,5,"30,39,22,37",https://media.eagles.1rmg.com/wp-content/uploads/2022/02/28151026/1991.pdf
1991-11-03,1991,10,REG,1991_10_HOU_WAS,nfl-chip-lohmiller,Chip Lohmiller,WAS,HOU,1,1,3,3,"21,20,41",https://media.eagles.1rmg.com/wp-content/uploads/2022/02/28151026/1991.pdf
1991-11-03,1991,10,REG,1991_10_HOU_WAS,nfl-ian-howfield,Ian Howfield,HOU,WAS,1,1,2,3,"24,23",https://media.eagles.1rmg.com/wp-content/uploads/2022/02/28151026/1991.pdf
1991-11-03,1991,10,REG,1991_10_MIA_IND,nfl-dean-biasucci,Dean Biasucci,IND,MIA,0,0,2,3,"47,25",https://media.eagles.1rmg.com/wp-content/uploads/2022/02/28151026/1991.pdf
1991-11-03,1991,10,REG,1991_10_NE_BUF,nfl-scott-norwood,Scott Norwood,BUF,NE,1,2,3,4,"19,21,42",https://media.eagles.1rmg.com/wp-content/uploads/2022/02/28151026/1991.pdf
1991-11-04,1991,10,REG,1991_10_NYG_PHI,nfl-roger-ruzek,Roger Ruzek,PHI,NYG,3,3,3,3,"38,36,25",https://media.eagles.1rmg.com/wp-content/uploads/2022/02/28151026/1991.pdf
1991-11-03,1991,10,REG,1991_10_PHX_DAL,nfl-ken-willis,Ken Willis,DAL,PHX,3,3,2,2,"36,27",https://media.eagles.1rmg.com/wp-content/uploads/2022/02/28151026/1991.pdf
1991-11-03,1991,10,REG,1991_10_PIT_DEN,nfl-david-treadwell,David Treadwell,DEN,PIT,2,2,2,3,"28,21",https://media.eagles.1rmg.com/wp-content/uploads/2022/02/28151026/1991.pdf
1991-11-03,1991,10,REG,1991_10_PIT_DEN,nfl-gary-anderson,Gary Anderson,PIT,DEN,1,1,2,3,"26,39",https://media.eagles.1rmg.com/wp-content/uploads/2022/02/28151026/1991.pdf
1991-11-03,1991,10,REG,1991_10_TB_MIN,nfl-steve-christie,Steve Christie,TB,MIN,1,1,2,2,"49,40",https://media.eagles.1rmg.com/wp-content/uploads/2022/02/28151026/1991.pdf
1991-11-10,1991,11,REG,1991_11_BUF_GB,nfl-scott-norwood,Scott Norwood,BUF,GB,4,4,2,2,"38,21",https://media.eagles.1rmg.com/wp-content/uploads/2022/02/28151026/1991.pdf
1991-11-10,1991,11,REG,1991_11_DAL_HOU,nfl-al-del-greco,Al Del Greco,HOU,DAL,2,2,4,5,"52,19,22,23",https://media.eagles.1rmg.com/wp-content/uploads/2022/02/28151026/1991.pdf
1991-11-10,1991,11,REG,1991_11_DAL_HOU,nfl-ken-willis,Ken Willis,DAL,HOU,2,2,3,3,"35,37,45",https://media.eagles.1rmg.com/wp-content/uploads/2022/02/28151026/1991.pdf
1991-11-10,1991,11,REG,1991_11_DET_TB,nfl-steve-christie,Steve Christie,TB,DET,3,3,3,4,"29,33,30",https://media.eagles.1rmg.com/wp-content/uploads/2022/02/28151026/1991.pdf
1991-11-10,1991,11,REG,1991_11_IND_NYJ,nfl-pat-leahy,Pat Leahy,NYJ,IND,3,3,2,4,"22,25",https://media.eagles.1rmg.com/wp-content/uploads/2022/02/28151026/1991.pdf
1991-11-10,1991,11,REG,1991_11_KC_LA,nfl-nick-lowery,Nick Lowery,KC,LA,3,3,2,2,"20,44",https://media.eagles.1rmg.com/wp-content/uploads/2022/02/28151026/1991.pdf
1991-11-10,1991,11,REG,1991_11_NE_MIA,nfl-pete-stoyanovich,Pete Stoyanovich,MIA,NE,3,3,3,4,"21,42,44",https://media.eagles.1rmg.com/wp-content/uploads/2022/02/28151026/1991.pdf
1991-11-10,1991,11,REG,1991_11_PHI_CLE,nfl-roger-ruzek,Roger Ruzek,PHI,CLE,2,3,4,4,"21,37,24,19",https://media.eagles.1rmg.com/wp-content/uploads/2022/02/28151026/1991.pdf
1991-11-18,1991,12,REG,1991_12_BUF_MIA,nfl-pete-stoyanovich,Pete Stoyanovich,MIA,BUF,3,3,2,2,"33,28",https://media.eagles.1rmg.com/wp-content/uploads/2022/02/28151026/1991.pdf
1991-11-18,1991,12,REG,1991_12_BUF_MIA,nfl-scott-norwood,Scott Norwood,BUF,MIA,5,5,2,2,"42,21",https://media.eagles.1rmg.com/wp-content/uploads/2022/02/28151026/1991.pdf
1991-11-17,1991,12,REG,1991_12_DAL_NYG,nfl-ken-willis,Ken Willis,DAL,NYG,0,0,3,3,"22,31,18",https://media.eagles.1rmg.com/wp-content/uploads/2022/02/28151026/1991.pdf
1991-11-17,1991,12,REG,1991_12_DAL_NYG,nfl-matt-bahr,Matt Bahr,NYG,DAL,1,2,3,3,"27,37,22",https://media.eagles.1rmg.com/wp-content/uploads/2022/02/28151026/1991.pdf
1991-11-17,1991,12,REG,1991_12_DEN_KC,nfl-nick-lowery,Nick Lowery,KC,DEN,2,2,2,2,"19,27",https://media.eagles.1rmg.com/wp-content/uploads/2022/02/28151026/1991.pdf
1991-11-17,1991,12,REG,1991_12_TB_ATL,nfl-norm-johnson,Norm Johnson,ATL,TB,5,5,2,2,"31,49",https://media.eagles.1rmg.com/wp-content/uploads/2022/02/28151026/1991.pdf
1991-11-24,1991,13,REG,1991_13_ATL_NO,nfl-morten-andersen,Morten Andersen,NO,ATL,2,2,2,3,"39,31",https://media.eagles.1rmg.com/wp-content/uploads/2022/02/28151026/1991.pdf
1991-11-24,1991,13,REG,1991_13_ATL_NO,nfl-norm-johnson,Norm Johnson,ATL,NO,2,2,3,3,"25,27,50",https://media.eagles.1rmg.com/wp-content/uploads/2022/02/28151026/1991.pdf
1991-11-24,1991,13,REG,1991_13_BUF_NE,nfl-scott-norwood,Scott Norwood,BUF,NE,1,1,2,2,"23,29",https://media.eagles.1rmg.com/wp-content/uploads/2022/02/28151026/1991.pdf
1991-11-24,1991,13,REG,1991_13_DEN_SEA,nfl-john-kasay,John Kasay,SEA,DEN,1,1,2,2,"36,42",https://media.eagles.1rmg.com/wp-content/uploads/2022/02/28151026/1991.pdf
1991-11-24,1991,13,REG,1991_13_DET_MIN,nfl-eddie-murray,Eddie Murray,DET,MIN,4,4,2,3,"37,50",https://media.eagles.1rmg.com/wp-content/uploads/2022/02/28151026/1991.pdf
1991-11-24,1991,13,REG,1991_13_KC_CLE,nfl-nick-lowery,Nick Lowery,KC,CLE,1,1,2,2,"34,22",https://media.eagles.1rmg.com/wp-content/uploads/2022/02/28151026/1991.pdf
1991-11-24,1991,13,REG,1991_13_MIA_CHI,nfl-kevin-butler,Kevin Butler,CHI,MIA,1,1,2,4,"32,19",https://media.eagles.1rmg.com/wp-content/uploads/2022/02/28151026/1991.pdf
1991-11-24,1991,13,REG,1991_13_MIA_CHI,nfl-pete-stoyanovich,Pete Stoyanovich,MIA,CHI,1,1,3,3,"35,22,27",https://media.eagles.1rmg.com/wp-content/uploads/2022/02/28151026/1991.pdf
1991-11-28,1991,14,REG,1991_14_CHI_DET,nfl-eddie-murray,Eddie Murray,DET,CHI,1,1,3,3,"21,50,37",https://media.eagles.1rmg.com/wp-content/uploads/2022/02/28151026/1991.pdf
1991-11-28,1991,14,REG,1991_14_CHI_DET,nfl-kevin-butler,Kevin Butler,CHI,DET,0,0,2,3,"27,22",https://media.eagles.1rmg.com/wp-content/uploads/2022/02/28151026/1991.pdf
1991-12-01,1991,14,REG,1991_14_KC_SEA,nfl-john-kasay,John Kasay,SEA,KC,0,0,2,2,"19,26",https://media.eagles.1rmg.com/wp-content/uploads/2022/02/28151026/1991.pdf
1991-12-01,1991,14,REG,1991_14_KC_SEA,nfl-nick-lowery,Nick Lowery,KC,SEA,1,1,4,4,"20,28,36,39",https://media.eagles.1rmg.com/wp-content/uploads/2022/02/28151026/1991.pdf
1991-12-01,1991,14,REG,1991_14_NE_DEN,nfl-david-treadwell,David Treadwell,DEN,NE,2,2,2,2,"20,24",https://media.eagles.1rmg.com/wp-content/uploads/2022/02/28151026/1991.pdf
1991-12-01,1991,14,REG,1991_14_NYG_CIN,nfl-jim-breech,Jim Breech,CIN,NYG,3,3,2,2,"35,35",https://media.eagles.1rmg.com/wp-content/uploads/2022/02/28151026/1991.pdf
1991-12-01,1991,14,REG,1991_14_NYJ_BUF,nfl-pat-leahy,Pat Leahy,NYJ,BUF,1,1,2,2,"19,23",https://media.eagles.1rmg.com/wp-content/uploads/2022/02/28151026/1991.pdf
1991-12-02,1991,14,REG,1991_14_PHI_HOU,nfl-al-del-greco,Al Del Greco,HOU,PHI,0,0,2,2,"42,47",https://media.eagles.1rmg.com/wp-content/uploads/2022/02/28151026/1991.pdf
1991-11-28,1991,14,REG,1991_14_PIT_DAL,nfl-ken-willis,Ken Willis,DAL,PIT,2,2,2,5,"19,43",https://media.eagles.1rmg.com/wp-content/uploads/2022/02/28151026/1991.pdf
1991-12-01,1991,14,REG,1991_14_TB_MIA,nfl-pete-stoyanovich,Pete Stoyanovich,MIA,TB,3,3,4,4,"41,24,19,30",https://media.eagles.1rmg.com/wp-content/uploads/2022/02/28151026/1991.pdf
1991-12-01,1991,14,REG,1991_14_WAS_LA,nfl-chip-lohmiller,Chip Lohmiller,WAS,LA,3,3,2,5,"35,35",https://media.eagles.1rmg.com/wp-content/uploads/2022/02/28151026/1991.pdf
1991-12-09,1991,15,REG,1991_15_CIN_MIA,nfl-jim-breech,Jim Breech,CIN,MIA,1,1,2,3,"27,50",https://media.eagles.1rmg.com/wp-content/uploads/2022/02/28151026/1991.pdf
1991-12-09,1991,15,REG,1991_15_CIN_MIA,nfl-pete-stoyanovich,Pete Stoyanovich,MIA,CIN,4,4,3,3,"50,22,36",https://media.eagles.1rmg.com/wp-content/uploads/2022/02/28151026/1991.pdf
1991-12-08,1991,15,REG,1991_15_GB_CHI,nfl-chris-jacke,Chris Jacke,GB,CHI,1,1,2,3,"25,25",https://media.eagles.1rmg.com/wp-content/uploads/2022/02/28151026/1991.pdf
1991-12-08,1991,15,REG,1991_15_MIN_TB,nfl-fuad-reveiz,Fuad Reveiz,MIN,TB,2,2,4,5,"50,40,32,50",https://media.eagles.1rmg.com/wp-content/uploads/2022/02/28151026/1991.pdf
1991-12-08,1991,15,REG,1991_15_NO_DAL,nfl-ken-willis,Ken Willis,DAL,NO,2,2,3,3,"50,41,40",https://media.eagles.1rmg.com/wp-content/uploads/2022/02/28151026/1991.pdf
1991-12-08,1991,15,REG,1991_15_NYJ_DET,nfl-eddie-murray,Eddie Murray,DET,NYJ,4,4,2,4,"43,37",https://media.eagles.1rmg.com/wp-content/uploads/2022/02/28151026/1991.pdf
1991-12-08,1991,15,REG,1991_15_NYJ_DET,nfl-pat-leahy,Pat Leahy,NYJ,DET,2,2,2,3,"22,25",https://media.eagles.1rmg.com/wp-content/uploads/2022/02/28151026/1991.pdf
1991-12-08,1991,15,REG,1991_15_SD_KC,nfl-nick-lowery,Nick Lowery,KC,SD,2,2,2,2,"29,18",https://media.eagles.1rmg.com/wp-content/uploads/2022/02/28151026/1991.pdf
1991-12-08,1991,15,REG,1991_15_SF_SEA,nfl-john-kasay,John Kasay,SEA,SF,1,1,3,4,"27,25,38",https://media.eagles.1rmg.com/wp-content/uploads/2022/02/28151026/1991.pdf
1991-12-08,1991,15,REG,1991_15_WAS_PHX,nfl-chip-lohmiller,Chip Lohmiller,WAS,PHX,2,2,2,3,"42,27",https://media.eagles.1rmg.com/wp-content/uploads/2022/02/28151026/1991.pdf
1991-12-15,1991,16,REG,1991_16_DAL_PHI,nfl-ken-willis,Ken Willis,DAL,PHI,2,2,3,4,"50,32,37",https://media.eagles.1rmg.com/wp-content/uploads/2022/02/28151026/1991.pdf
1991-12-15,1991,16,REG,1991_16_DAL_PHI,nfl-roger-ruzek,Roger Ruzek,PHI,DAL,1,1,2,3,"37,47",https://media.eagles.1rmg.com/wp-content/uploads/2022/02/28151026/1991.pdf
1991-12-15,1991,16,REG,1991_16_NYG_WAS,nfl-chip-lohmiller,Chip Lohmiller,WAS,NYG,4,4,2,2,"36,36",https://media.eagles.1rmg.com/wp-content/uploads/2022/02/28151026/1991.pdf
1991-12-15,1991,16,REG,1991_16_PHX_DEN,nfl-greg-davis,Greg Davis,PHX,DEN,1,1,4,5,"33,45,28,38",https://media.eagles.1rmg.com/wp-content/uploads/2022/02/28151026/1991.pdf
1991-12-15,1991,16,REG,1991_16_SEA_ATL,nfl-john-kasay,John Kasay,SEA,ATL,1,1,2,3,"43,43",https://media.eagles.1rmg.com/wp-content/uploads/2022/02/28151026/1991.pdf
1991-12-22,1991,17,REG,1991_17_ATL_DAL,nfl-norm-johnson,Norm Johnson,ATL,DAL,3,3,2,4,"25,29",https://media.eagles.1rmg.com/wp-content/uploads/2022/02/28151026/1991.pdf
1991-12-21,1991,17,REG,1991_17_HOU_NYG,nfl-al-del-greco,Al Del Greco,HOU,NYG,2,2,2,2,"37,34",https://media.eagles.1rmg.com/wp-content/uploads/2022/02/28151026/1991.pdf
1991-12-22,1991,17,REG,1991_17_NE_CIN,nfl-jim-breech,Jim Breech,CIN,NE,3,3,2,2,"49,25",https://media.eagles.1rmg.com/wp-content/uploads/2022/02/28151026/1991.pdf
1991-12-22,1991,17,REG,1991_17_NO_PHX,nfl-morten-andersen,Morten Andersen,NO,PHX,3,3,2,2,"27,39",https://media.eagles.1rmg.com/wp-content/uploads/2022/02/28151026/1991.pdf
1991-12-22,1991,17,REG,1991_17_WAS_PHI,nfl-chip-lohmiller,Chip Lohmiller,WAS,PHI,1,1,5,6,"21,47,47,38,35",https://media.eagles.1rmg.com/wp-content/uploads/2022/02/28151026/1991.pdf
1992-09-06,1992,1,REG,1992_01_DET_CHI,nfl-kevin-butler,Kevin Butler,CHI,DET,3,3,2,3,"34,38",https://media.eagles.1rmg.com/wp-content/uploads/2022/02/28151103/1992.pdf
1992-09-06,1992,1,REG,1992_01_LA_BUF,nfl-steve-christie,Steve Christie,BUF,LA,4,5,2,2,"49,38",https://media.eagles.1rmg.com/wp-content/uploads/2022/02/28151103/1992.pdf
1992-09-06,1992,1,REG,1992_01_MIN_GB,nfl-chris-jacke,Chris Jacke,GB,MIN,2,2,2,2,"25,24",https://media.eagles.1rmg.com/wp-content/uploads/2022/02/28151103/1992.pdf
1992-09-06,1992,1,REG,1992_01_MIN_GB,nfl-fuad-reveiz,Fuad Reveiz,MIN,GB,2,2,3,3,"50,38,25",https://media.eagles.1rmg.com/wp-content/uploads/2022/02/28151103/1992.pdf
1992-09-06,1992,1,REG,1992_01_NO_PHI,nfl-morten-andersen,Morten Andersen,NO,PHI,1,1,2,3,"39,31",https://media.eagles.1rmg.com/wp-content/uploads/2022/02/28151103/1992.pdf
1992-09-06,1992,1,REG,1992_01_PHX_TB,nfl-ken-willis,Ken Willis,TB,PHX,2,2,3,4,"40,45,23",https://media.eagles.1rmg.com/wp-content/uploads/2022/02/28151103/1992.pdf
1992-09-13,1992,2,REG,1992_02_BUF_SF,nfl-steve-christie,Steve Christie,BUF,SF,4,4,2,2,"41,28",https://media.eagles.1rmg.com/wp-content/uploads/2022/02/28151103/1992.pdf
1992-09-13,1992,2,REG,1992_02_CHI_NO,nfl-kevin-butler,Kevin Butler,CHI,NO,0,0,2,3,"39,30",https://media.eagles.1rmg.com/wp-content/uploads/2022/02/28151103/1992.pdf
1992-09-13,1992,2,REG,1992_02_DAL_NYG,nfl-lin-elliott,Lin Elliott,DAL,NYG,4,4,2,2,"39,35",https://media.eagles.1rmg.com/wp-content/uploads/2022/02/28151103/1992.pdf
1992-09-13,1992,2,REG,1992_02_HOU_IND,nfl-al-del-greco,Al Del Greco,HOU,IND,2,2,2,3,"27,20",https://media.eagles.1rmg.com/wp-content/uploads/2022/02/28151103/1992.pdf
1992-09-14,1992,2,REG,1992_02_MIA_CLE,nfl-pete-stoyanovich,Pete Stoyanovich,MIA,CLE,3,3,2,2,"22,32",https://media.eagles.1rmg.com/wp-content/uploads/2022/02/28151103/1992.pdf
1992-09-13,1992,2,REG,1992_02_NYJ_PIT,nfl-gary-anderson,Gary Anderson,PIT,NYJ,3,3,2,3,"28,35",https://media.eagles.1rmg.com/wp-content/uploads/2022/02/28151103/1992.pdf
1992-09-13,1992,2,REG,1992_02_SD_DEN,nfl-john-carney,John Carney,SD,DEN,1,1,2,3,"20,27",https://media.eagles.1rmg.com/wp-content/uploads/2022/02/28151103/1992.pdf
1992-09-13,1992,2,REG,1992_02_SEA_KC,nfl-nick-lowery,Nick Lowery,KC,SEA,2,2,2,2,"26,32",https://media.eagles.1rmg.com/wp-content/uploads/2022/02/28151103/1992.pdf
1992-09-20,1992,3,REG,1992_03_CIN_GB,nfl-jim-breech,Jim Breech,CIN,GB,2,2,3,3,"20,34,41",https://media.eagles.1rmg.com/wp-content/uploads/2022/02/28151103/1992.pdf
1992-09-20,1992,3,REG,1992_03_DEN_PHI,nfl-roger-ruzek,Roger Ruzek,PHI,DEN,3,3,3,3,"50,27,35",https://media.eagles.1rmg.com/wp-content/uploads/2022/02/28151103/1992.pdf
1992-09-20,1992,3,REG,1992_03_DET_WAS,nfl-chip-lohmiller,Chip Lohmiller,WAS,DET,1,1,2,3,"53,27",https://media.eagles.1rmg.com/wp-content/uploads/2022/02/28151103/1992.pdf
1992-09-20,1992,3,REG,1992_03_KC_HOU,nfl-al-del-greco,Al Del Greco,HOU,KC,2,2,3,3,"21,54,39",https://media.eagles.1rmg.com/wp-content/uploads/2022/02/28151103/1992.pdf
1992-09-20,1992,3,REG,1992_03_KC_HOU,nfl-nick-lowery,Nick Lowery,KC,HOU,2,2,2,3,"31,52",https://media.eagles.1rmg.com/wp-content/uploads/2022/02/28151103/1992.pdf
1992-09-20,1992,3,REG,1992_03_LA_MIA,nfl-pete-stoyanovich,Pete Stoyanovich,MIA,LA,2,2,4,5,"36,44,27,20",https://media.eagles.1rmg.com/wp-content/uploads/2022/02/28151103/1992.pdf
1992-09-21,1992,3,REG,1992_03_NYG_CHI,nfl-matt-bahr,Matt Bahr,NYG,CHI,3,3,2,3,"31,32",https://media.eagles.1rmg.com/wp-content/uploads/2022/02/28151103/1992.pdf
1992-09-20,1992,3,REG,1992_03_PHX_DAL,nfl-greg-davis,Greg Davis,PHX,DAL,2,2,2,2,"22,42",https://media.eagles.1rmg.com/wp-content/uploads/2022/02/28151103/1992.pdf
1992-09-20,1992,3,REG,1992_03_TB_MIN,nfl-ken-willis,Ken Willis,TB,MIN,2,2,2,2,"40,29",https://media.eagles.1rmg.com/wp-content/uploads/2022/02/28151103/1992.pdf
1992-09-27,1992,4,REG,1992_04_ATL_CHI,nfl-kevin-butler,Kevin Butler,CHI,ATL,5,5,2,2,"20,21",https://media.eagles.1rmg.com/wp-content/uploads/2022/02/28151103/1992.pdf
1992-09-27,1992,4,REG,1992_04_BUF_NE,nfl-steve-christie,Steve Christie,BUF,NE,5,5,2,2,"42,30",https://media.eagles.1rmg.com/wp-content/uploads/2022/02/28151103/1992.pdf
1992-09-27,1992,4,REG,1992_04_DEN_CLE,nfl-david-treadwell,David Treadwell,DEN,CLE,0,0,4,4,"23,44,32,20",https://media.eagles.1rmg.com/wp-content/uploads/2022/02/28151103/1992.pdf
1992-09-27,1992,4,REG,1992_04_MIA_SEA,nfl-pete-stoyanovich,Pete Stoyanovich,MIA,SEA,1,1,4,4,"53,31,37,27",https://media.eagles.1rmg.com/wp-content/uploads/2022/02/28151103/1992.pdf
1992-09-27,1992,4,REG,1992_04_SD_HOU,nfl-al-del-greco,Al Del Greco,HOU,SD,3,3,2,2,"49,46",https://media.eagles.1rmg.com/wp-content/uploads/2022/02/28151103/1992.pdf
1992-09-27,1992,4,REG,1992_04_SF_NO,nfl-mike-cofer,Mike Cofer,SF,NO,1,1,3,3,"40,26,42",https://media.eagles.1rmg.com/wp-content/uploads/2022/02/28151103/1992.pdf
1992-09-27,1992,4,REG,1992_04_TB_DET,nfl-jason-hanson-2,Jason Hanson,DET,TB,2,2,3,4,"42,35,36",https://media.eagles.1rmg.com/wp-content/uploads/2022/02/28151103/1992.pdf
1992-09-27,1992,4,REG,1992_04_TB_DET,nfl-ken-willis,Ken Willis,TB,DET,3,3,2,3,"42,31",https://media.eagles.1rmg.com/wp-content/uploads/2022/02/28151103/1992.pdf
1992-10-04,1992,5,REG,1992_05_CHI_MIN,nfl-kevin-butler,Kevin Butler,CHI,MIN,2,2,2,2,"50,37",https://media.eagles.1rmg.com/wp-content/uploads/2022/02/28151103/1992.pdf
1992-10-04,1992,5,REG,1992_05_KC_DEN,nfl-david-treadwell,David Treadwell,DEN,KC,2,2,2,3,"41,22",https://media.eagles.1rmg.com/wp-content/uploads/2022/02/28151103/1992.pdf
1992-10-04,1992,5,REG,1992_05_KC_DEN,nfl-nick-lowery,Nick Lowery,KC,DEN,1,1,4,5,"44,36,26,33",https://media.eagles.1rmg.com/wp-content/uploads/2022/02/28151103/1992.pdf
1992-10-04,1992,5,REG,1992_05_LA_SF,nfl-mike-cofer,Mike Cofer,SF,LA,3,3,2,2,"26,21",https://media.eagles.1rmg.com/wp-content/uploads/2022/02/28151103/1992.pdf
1992-10-04,1992,5,REG,1992_05_MIA_BUF,nfl-pete-stoyanovich,Pete Stoyanovich,MIA,BUF,4,4,3,3,"30,43,34",https://media.eagles.1rmg.com/wp-content/uploads/2022/02/28151103/1992.pdf
1992-10-04,1992,5,REG,1992_05_NE_NYJ,nfl-cary-blanchard,Cary Blanchard,NYJ,NE,3,3,3,3,"37,40,47",https://media.eagles.1rmg.com/wp-content/uploads/2022/02/28151103/1992.pdf
1992-10-04,1992,5,REG,1992_05_NO_DET,nfl-morten-andersen,Morten Andersen,NO,DET,1,1,2,3,"50,20",https://media.eagles.1rmg.com/wp-content/uploads/2022/02/28151103/1992.pdf
1992-10-12,1992,6,REG,1992_06_DEN_WAS,nfl-chip-lohmiller,Chip Lohmiller,WAS,DEN,4,4,2,3,"43,36",https://media.eagles.1rmg.com/wp-content/uploads/2022/02/28151103/1992.pdf
1992-10-11,1992,6,REG,1992_06_LA_NO,nfl-morten-andersen,Morten Andersen,NO,LA,1,1,2,2,"26,30",https://media.eagles.1rmg.com/wp-content/uploads/2022/02/28151103/1992.pdf
1992-10-11,1992,6,REG,1992_06_NYJ_IND,nfl-dean-biasucci,Dean Biasucci,IND,NYJ,0,0,2,5,"31,47",https://media.eagles.1rmg.com/wp-content/uploads/2022/02/28151103/1992.pdf
1992-10-11,1992,6,REG,1992_06_SEA_DAL,nfl-lin-elliott,Lin Elliott,DAL,SEA,3,3,2,3,"31,51",https://media.eagles.1rmg.com/wp-content/uploads/2022/02/28151103/1992.pdf
1992-10-11,1992,6,REG,1992_06_SF_NE,nfl-charlie-baumann,Charlie Baumann,NE,SF,0,1,2,2,"24,44",https://media.eagles.1rmg.com/wp-content/uploads/2022/02/28151103/1992.pdf
1992-10-18,1992,7,REG,1992_07_GB_CLE,nfl-chris-jacke,Chris Jacke,GB,CLE,0,0,2,2,"44,37",https://media.eagles.1rmg.com/wp-content/uploads/2022/02/28151103/1992.pdf
1992-10-18,1992,7,REG,1992_07_HOU_DEN,nfl-david-treadwell,David Treadwell,DEN,HOU,3,3,2,2,"45,28",https://media.eagles.1rmg.com/wp-content/uploads/2022/02/28151103/1992.pdf
1992-10-18,1992,7,REG,1992_07_SD_IND,nfl-john-carney,John Carney,SD,IND,4,4,2,2,"23,27",https://media.eagles.1rmg.com/wp-content/uploads/2022/02/28151103/1992.pdf
1992-10-26,1992,8,REG,1992_08_BUF_NYJ,nfl-cary-blanchard,Cary Blanchard,NYJ,BUF,2,2,2,2,"42,40",https://media.eagles.1rmg.com/wp-content/uploads/2022/02/28151103/1992.pdf
1992-10-25,1992,8,REG,1992_08_CHI_GB,nfl-kevin-butler,Kevin Butler,CHI,GB,3,3,3,3,"18,30,21",https://media.eagles.1rmg.com/wp-content/uploads/2022/02/28151103/1992.pdf
1992-10-25,1992,8,REG,1992_08_SEA_NYG,nfl-matt-bahr,Matt Bahr,NYG,SEA,2,2,3,3,"36,25,30",https://media.eagles.1rmg.com/wp-content/uploads/2022/02/28151103/1992.pdf
1992-10-25,1992,8,REG,1992_08_WAS_MIN,nfl-chip-lohmiller,Chip Lohmiller,WAS,MIN,0,0,5,5,"22,52,25,45,49",https://media.eagles.1rmg.com/wp-content/uploads/2022/02/28151103/1992.pdf
1992-10-25,1992,8,REG,1992_08_WAS_MIN,nfl-fuad-reveiz,Fuad Reveiz,MIN,WAS,1,1,2,2,"26,41",https://media.eagles.1rmg.com/wp-content/uploads/2022/02/28151103/1992.pdf
1992-11-01,1992,9,REG,1992_09_CLE_CIN,nfl-jim-breech,Jim Breech,CIN,CLE,3,3,3,3,"26,21,32",https://media.eagles.1rmg.com/wp-content/uploads/2022/02/28151103/1992.pdf
1992-11-01,1992,9,REG,1992_09_GB_DET,nfl-chris-jacke,Chris Jacke,GB,DET,3,3,2,2,"53,25",https://media.eagles.1rmg.com/wp-content/uploads/2022/02/28151103/1992.pdf
1992-11-01,1992,9,REG,1992_09_GB_DET,nfl-jason-hanson-2,Jason Hanson,DET,GB,1,1,2,2,"32,34",https://media.eagles.1rmg.com/wp-content/uploads/2022/02/28151103/1992.pdf
1992-11-01,1992,9,REG,1992_09_HOU_PIT,nfl-al-del-greco,Al Del Greco,HOU,PIT,2,2,2,3,"29,19",https://media.eagles.1rmg.com/wp-content/uploads/2022/02/28151103/1992.pdf
1992-11-01,1992,9,REG,1992_09_LA_ATL,nfl-norm-johnson,Norm Johnson,ATL,LA,3,3,3,3,"49,26,37",https://media.eagles.1rmg.com/wp-content/uploads/2022/02/28151103/1992.pdf
1992-11-01,1992,9,REG,1992_09_PHI_DAL,nfl-lin-elliott,Lin Elliott,DAL,PHI,2,2,2,4,"35,48",https://media.eagles.1rmg.com/wp-content/uploads/2022/02/28151103/1992.pdf
1992-11-01,1992,9,REG,1992_09_TB_NO,nfl-morten-andersen,Morten Andersen,NO,TB,2,2,3,4,"31,45,50",https://media.eagles.1rmg.com/wp-content/uploads/2022/02/28151103/1992.pdf
1992-11-08,1992,10,REG,1992_10_DAL_DET,nfl-lin-elliott,Lin Elliott,DAL,DET,4,4,3,3,"25,42,30",https://media.eagles.1rmg.com/wp-content/uploads/2022/02/28151103/1992.pdf
1992-11-08,1992,10,REG,1992_10_GB_NYG,nfl-matt-bahr,Matt Bahr,NYG,GB,3,3,2,2,"47,38",https://media.eagles.1rmg.com/wp-content/uploads/2022/02/28151103/1992.pdf
1992-11-08,1992,10,REG,1992_10_PHX_LA,nfl-greg-davis,Greg Davis,PHX,LA,2,2,2,4,"21,31",https://media.eagles.1rmg.com/wp-content/uploads/2022/02/28151103/1992.pdf
1992-11-08,1992,10,REG,1992_10_SD_KC,nfl-nick-lowery,Nick Lowery,KC,SD,1,1,3,3,"47,35,36",https://media.eagles.1rmg.com/wp-content/uploads/2022/02/28151103/1992.pdf
1992-11-09,1992,10,REG,1992_10_SF_ATL,nfl-mike-cofer,Mike Cofer,SF,ATL,5,5,2,2,"40,32",https://media.eagles.1rmg.com/wp-content/uploads/2022/02/28151103/1992.pdf
1992-11-08,1992,10,REG,1992_10_WAS_SEA,nfl-chip-lohmiller,Chip Lohmiller,WAS,SEA,1,1,3,4,"48,33,37",https://media.eagles.1rmg.com/wp-content/uploads/2022/02/28151103/1992.pdf
1992-11-16,1992,11,REG,1992_11_BUF_MIA,nfl-pete-stoyanovich,Pete Stoyanovich,MIA,BUF,2,2,2,3,"21,50",https://media.eagles.1rmg.com/wp-content/uploads/2022/02/28151103/1992.pdf
1992-11-16,1992,11,REG,1992_11_BUF_MIA,nfl-steve-christie,Steve Christie,BUF,MIA,2,2,4,5,"26,54,23,19",https://media.eagles.1rmg.com/wp-content/uploads/2022/02/28151103/1992.pdf
1992-11-15,1992,11,REG,1992_11_LA_DAL,nfl-lin-elliott,Lin Elliott,DAL,LA,2,2,3,3,"37,42,36",https://media.eagles.1rmg.com/wp-content/uploads/2022/02/28151103/1992.pdf
1992-11-15,1992,11,REG,1992_11_NE_IND,nfl-charlie-baumann,Charlie Baumann,NE,IND,4,4,3,3,"36,44,18",https://media.eagles.1rmg.com/wp-content/uploads/2022/02/28151103/1992.pdf
1992-11-15,1992,11,REG,1992_11_NE_IND,nfl-dean-biasucci,Dean Biasucci,IND,NE,4,4,2,4,"48,33",https://media.eagles.1rmg.com/wp-content/uploads/2022/02/28151103/1992.pdf
1992-11-15,1992,11,REG,1992_11_NO_SF,nfl-morten-andersen,Morten Andersen,NO,SF,2,2,2,2,"29,42",https://media.eagles.1rmg.com/wp-content/uploads/2022/02/28151103/1992.pdf
1992-11-15,1992,11,REG,1992_11_NYG_DEN,nfl-david-treadwell,David Treadwell,DEN,NYG,3,3,2,2,"25,46",https://media.eagles.1rmg.com/wp-content/uploads/2022/02/28151103/1992.pdf
1992-11-15,1992,11,REG,1992_11_NYG_DEN,nfl-matt-bahr,Matt Bahr,NYG,DEN,1,1,2,2,"30,38",https://media.eagles.1rmg.com/wp-content/uploads/2022/02/28151103/1992.pdf
1992-11-15,1992,11,REG,1992_11_PHI_GB,nfl-chris-jacke,Chris Jacke,GB,PHI,3,3,2,2,"31,41",https://media.eagles.1rmg.com/wp-content/uploads/2022/02/28151103/1992.pdf
1992-11-15,1992,11,REG,1992_11_PHX_ATL,nfl-norm-johnson,Norm Johnson,ATL,PHX,2,2,2,2,"27,35",https://media.eagles.1rmg.com/wp-content/uploads/2022/02/28151103/1992.pdf
1992-11-15,1992,11,REG,1992_11_WAS_KC,nfl-chip-lohmiller,Chip Lohmiller,WAS,KC,1,1,3,3,"40,26,38",https://media.eagles.1rmg.com/wp-content/uploads/2022/02/28151103/1992.pdf
1992-11-22,1992,12,REG,1992_12_ATL_BUF,nfl-steve-christie,Steve Christie,BUF,ATL,5,5,2,2,"47,18",https://media.eagles.1rmg.com/wp-content/uploads/2022/02/28151103/1992.pdf
1992-11-22,1992,12,REG,1992_12_DET_CIN,nfl-jason-hanson-2,Jason Hanson,DET,CIN,1,1,4,4,"35,27,20,29",https://media.eagles.1rmg.com/wp-content/uploads/2022/02/28151103/1992.pdf
1992-11-22,1992,12,REG,1992_12_DET_CIN,nfl-jim-breech,Jim Breech,CIN,DET,1,1,2,3,"40,20",https://media.eagles.1rmg.com/wp-content/uploads/2022/02/28151103/1992.pdf
1992-11-22,1992,12,REG,1992_12_HOU_MIA,nfl-al-del-greco,Al Del Greco,HOU,MIA,1,1,3,4,"24,41,23",https://media.eagles.1rmg.com/wp-content/uploads/2022/02/28151103/1992.pdf
1992-11-22,1992,12,REG,1992_12_HOU_MIA,nfl-pete-stoyanovich,Pete Stoyanovich,MIA,HOU,1,1,4,4,"38,40,29,52",https://media.eagles.1rmg.com/wp-content/uploads/2022/02/28151103/1992.pdf
1992-11-22,1992,12,REG,1992_12_SF_LA,nfl-mike-cofer,Mike Cofer,SF,LA,3,3,2,2,"34,40",https://media.eagles.1rmg.com/wp-content/uploads/2022/02/28151103/1992.pdf
1992-11-22,1992,12,REG,1992_12_TB_SD,nfl-john-carney,John Carney,SD,TB,3,3,2,2,"28,31",https://media.eagles.1rmg.com/wp-content/uploads/2022/02/28151103/1992.pdf
1992-11-23,1992,12,REG,1992_12_WAS_NO,nfl-morten-andersen,Morten Andersen,NO,WAS,2,2,2,2,"43,45",https://media.eagles.1rmg.com/wp-content/uploads/2022/02/28151103/1992.pdf
1992-11-29,1992,13,REG,1992_13_BUF_IND,nfl-dean-biasucci,Dean Biasucci,IND,BUF,1,1,3,5,"52,23,40",https://media.eagles.1rmg.com/wp-content/uploads/2022/02/28151103/1992.pdf
1992-11-29,1992,13,REG,1992_13_BUF_IND,nfl-steve-christie,Steve Christie,BUF,IND,1,1,2,2,"52,44",https://media.eagles.1rmg.com/wp-content/uploads/2022/02/28151103/1992.pdf
1992-11-30,1992,13,REG,1992_13_DEN_SEA,nfl-david-treadwell,David Treadwell,DEN,SEA,1,1,2,2,"28,36",https://media.eagles.1rmg.com/wp-content/uploads/2022/02/28151103/1992.pdf
1992-11-29,1992,13,REG,1992_13_MIA_NO,nfl-pete-stoyanovich,Pete Stoyanovich,MIA,NO,1,1,2,3,"48,34",https://media.eagles.1rmg.com/wp-content/uploads/2022/02/28151103/1992.pdf
1992-11-29,1992,13,REG,1992_13_NE_ATL,nfl-norm-johnson,Norm Johnson,ATL,NE,4,4,2,3,"26,54",https://media.eagles.1rmg.com/wp-content/uploads/2022/02/28151103/1992.pdf
1992-11-26,1992,13,REG,1992_13_NYG_DAL,nfl-lin-elliott,Lin Elliott,DAL,NYG,3,3,3,3,"45,33,53",https://media.eagles.1rmg.com/wp-content/uploads/2022/02/28151103/1992.pdf
1992-11-29,1992,13,REG,1992_13_PHX_WAS,nfl-chip-lohmiller,Chip Lohmiller,WAS,PHX,5,5,2,2,"32,18",https://media.eagles.1rmg.com/wp-content/uploads/2022/02/28151103/1992.pdf
1992-11-29,1992,13,REG,1992_13_TB_GB,nfl-chris-jacke,Chris Jacke,GB,TB,1,1,4,5,"34,33,29,48",https://media.eagles.1rmg.com/wp-content/uploads/2022/02/28151103/1992.pdf
1992-12-03,1992,14,REG,1992_14_ATL_NO,nfl-morten-andersen,Morten Andersen,NO,ATL,1,1,5,5,"20,31,24,26,37",https://media.eagles.1rmg.com/wp-content/uploads/2022/02/28151103/1992.pdf
1992-12-06,1992,14,REG,1992_14_IND_NE,nfl-dean-biasucci,Dean Biasucci,IND,NE,0,0,2,3,"30,48",https://media.eagles.1rmg.com/wp-content/uploads/2022/02/28151103/1992.pdf
1992-12-06,1992,14,REG,1992_14_SD_PHX,nfl-john-carney,John Carney,SD,PHX,3,3,2,2,"50,43",https://media.eagles.1rmg.com/wp-content/uploads/2022/02/28151103/1992.pdf
1992-12-13,1992,15,REG,1992_15_CIN_SD,nfl-john-carney,John Carney,SD,CIN,3,3,2,2,"21,48",https://media.eagles.1rmg.com/wp-content/uploads/2022/02/28151103/1992.pdf
1992-12-13,1992,15,REG,1992_15_DAL_WAS,nfl-chip-lohmiller,Chip Lohmiller,WAS,DAL,2,2,2,2,"32,22",https://media.eagles.1rmg.com/wp-content/uploads/2022/02/28151103/1992.pdf
1992-12-12,1992,15,REG,1992_15_DEN_BUF,nfl-steve-christie,Steve Christie,BUF,DEN,3,3,2,2,"29,25",https://media.eagles.1rmg.com/wp-content/uploads/2022/02/28151103/1992.pdf
1992-12-13,1992,15,REG,1992_15_GB_HOU,nfl-chris-jacke,Chris Jacke,GB,HOU,1,1,3,3,"39,36,20",https://media.eagles.1rmg.com/wp-content/uploads/2022/02/28151103/1992.pdf
1992-12-13,1992,15,REG,1992_15_IND_NYJ,nfl-cary-blanchard,Cary Blanchard,NYJ,IND,0,0,2,3,"35,19",https://media.eagles.1rmg.com/wp-content/uploads/2022/02/28151103/1992.pdf
1992-12-13,1992,15,REG,1992_15_NE_KC,nfl-nick-lowery,Nick Lowery,KC,NE,3,3,2,2,"30,26",https://media.eagles.1rmg.com/wp-content/uploads/2022/02/28151103/1992.pdf
1992-12-13,1992,15,REG,1992_15_PIT_CHI,nfl-gary-anderson,Gary Anderson,PIT,CHI,0,0,2,2,"38,38",https://media.eagles.1rmg.com/wp-content/uploads/2022/02/28151103/1992.pdf
1992-12-13,1992,15,REG,1992_15_PIT_CHI,nfl-kevin-butler,Kevin Butler,CHI,PIT,3,3,3,3,"37,26,38",https://media.eagles.1rmg.com/wp-content/uploads/2022/02/28151103/1992.pdf
1992-12-13,1992,15,REG,1992_15_SF_MIN,nfl-mike-cofer,Mike Cofer,SF,MIN,2,2,2,2,"46,26",https://media.eagles.1rmg.com/wp-content/uploads/2022/02/28151103/1992.pdf
1992-12-20,1992,16,REG,1992_16_BUF_NO,nfl-morten-andersen,Morten Andersen,NO,BUF,1,1,3,3,"35,27,42",https://media.eagles.1rmg.com/wp-content/uploads/2022/02/28151103/1992.pdf
1992-12-20,1992,16,REG,1992_16_BUF_NO,nfl-steve-christie,Steve Christie,BUF,NO,2,2,2,3,"25,29",https://media.eagles.1rmg.com/wp-content/uploads/2022/02/28151103/1992.pdf
1992-12-20,1992,16,REG,1992_16_CHI_DET,nfl-jason-hanson-2,Jason Hanson,DET,CHI,1,1,3,3,"22,38,30",https://media.eagles.1rmg.com/wp-content/uploads/2022/02/28151103/1992.pdf
1992-12-21,1992,16,REG,1992_16_DAL_ATL,nfl-lin-elliott,Lin Elliott,DAL,ATL,5,5,2,3,"47,22",https://media.eagles.1rmg.com/wp-content/uploads/2022/02/28151103/1992.pdf
1992-12-20,1992,16,REG,1992_16_NE_CIN,nfl-jim-breech,Jim Breech,CIN,NE,2,2,2,4,"21,39",https://media.eagles.1rmg.com/wp-content/uploads/2022/02/28151103/1992.pdf
1992-12-20,1992,16,REG,1992_16_NYJ_MIA,nfl-pete-stoyanovich,Pete Stoyanovich,MIA,NYJ,1,2,2,2,"32,37",https://media.eagles.1rmg.com/wp-content/uploads/2022/02/28151103/1992.pdf
1992-12-20,1992,16,REG,1992_16_PHX_IND,nfl-dean-biasucci,Dean Biasucci,IND,PHX,1,1,3,4,"26,28,42",https://media.eagles.1rmg.com/wp-content/uploads/2022/02/28151103/1992.pdf
1992-12-20,1992,16,REG,1992_16_PHX_IND,nfl-greg-davis,Greg Davis,PHX,IND,1,1,2,2,"28,48",https://media.eagles.1rmg.com/wp-content/uploads/2022/02/28151103/1992.pdf
1992-12-20,1992,16,REG,1992_16_WAS_PHI,nfl-chip-lohmiller,Chip Lohmiller,WAS,PHI,1,1,2,2,"29,41",https://media.eagles.1rmg.com/wp-content/uploads/2022/02/28151103/1992.pdf
1992-12-27,1992,17,REG,1992_17_ATL_LA,nfl-norm-johnson,Norm Johnson,ATL,LA,3,3,2,2,"44,38",https://media.eagles.1rmg.com/wp-content/uploads/2022/02/28151103/1992.pdf
1992-12-27,1992,17,REG,1992_17_BUF_HOU,nfl-al-del-greco,Al Del Greco,HOU,BUF,3,3,2,2,"28,18",https://media.eagles.1rmg.com/wp-content/uploads/2022/02/28151103/1992.pdf
1992-12-27,1992,17,REG,1992_17_CHI_DAL,nfl-lin-elliott,Lin Elliott,DAL,CHI,3,3,2,3,"21,34",https://media.eagles.1rmg.com/wp-content/uploads/2022/02/28151103/1992.pdf
1992-12-27,1992,17,REG,1992_17_DEN_KC,nfl-david-treadwell,David Treadwell,DEN,KC,2,2,2,2,"27,19",https://media.eagles.1rmg.com/wp-content/uploads/2022/02/28151103/1992.pdf
1992-12-28,1992,17,REG,1992_17_DET_SF,nfl-jason-hanson-2,Jason Hanson,DET,SF,0,0,2,2,"44,50",https://media.eagles.1rmg.com/wp-content/uploads/2022/02/28151103/1992.pdf
1992-12-27,1992,17,REG,1992_17_MIA_NE,nfl-charlie-baumann,Charlie Baumann,NE,MIA,1,1,2,2,"25,29",https://media.eagles.1rmg.com/wp-content/uploads/2022/02/28151103/1992.pdf
1992-12-27,1992,17,REG,1992_17_MIA_NE,nfl-pete-stoyanovich,Pete Stoyanovich,MIA,NE,1,1,3,3,"38,23,35",https://media.eagles.1rmg.com/wp-content/uploads/2022/02/28151103/1992.pdf
1992-12-27,1992,17,REG,1992_17_NYG_PHI,nfl-roger-ruzek,Roger Ruzek,PHI,NYG,2,2,2,3,"45,46",https://media.eagles.1rmg.com/wp-content/uploads/2022/02/28151103/1992.pdf
1992-12-27,1992,17,REG,1992_17_SD_SEA,nfl-john-carney,John Carney,SD,SEA,2,2,3,3,"31,38,47",https://media.eagles.1rmg.com/wp-content/uploads/2022/02/28151103/1992.pdf
1993-09-05,1993,1,REG,1993_01_ATL_DET,nfl-jason-hanson-2,Jason Hanson,DET,ATL,3,3,3,3,"44,37,37",https://media.eagles.1rmg.com/wp-content/uploads/2022/02/28151144/1993.pdf
1993-09-05,1993,1,REG,1993_01_ATL_DET,nfl-norm-johnson,Norm Johnson,ATL,DET,1,1,2,2,"54,20",https://media.eagles.1rmg.com/wp-content/uploads/2022/02/28151144/1993.pdf
1993-09-05,1993,1,REG,1993_01_DEN_NYJ,nfl-cary-blanchard,Cary Blanchard,NYJ,DEN,2,2,2,2,"22,43",https://media.eagles.1rmg.com/wp-content/uploads/2022/02/28151144/1993.pdf
1993-09-05,1993,1,REG,1993_01_DEN_NYJ,nfl-jason-elam,Jason Elam,DEN,NYJ,2,2,4,4,"28,30,30,41",https://media.eagles.1rmg.com/wp-content/uploads/2022/02/28151144/1993.pdf
1993-09-05,1993,1,REG,1993_01_HOU_NO,nfl-morten-andersen,Morten Andersen,NO,HOU,3,3,4,4,"28,37,18,47",https://media.eagles.1rmg.com/wp-content/uploads/2022/02/28151144/1993.pdf
1993-09-05,1993,1,REG,1993_01_KC_TB,nfl-nick-lowery,Nick Lowery,KC,TB,3,3,2,2,"21,23",https://media.eagles.1rmg.com/wp-content/uploads/2022/02/28151144/1993.pdf
1993-09-05,1993,1,REG,1993_01_LA_GB,nfl-chris-jacke,Chris Jacke,GB,LA,4,4,2,2,"51,33",https://media.eagles.1rmg.com/wp-content/uploads/2022/02/28151144/1993.pdf
1993-09-05,1993,1,REG,1993_01_MIA_IND,nfl-dean-biasucci,Dean Biasucci,IND,MIA,2,2,2,3,"26,33",https://media.eagles.1rmg.com/wp-content/uploads/2022/02/28151144/1993.pdf
1993-09-05,1993,1,REG,1993_01_NYG_CHI,nfl-david-treadwell,David Treadwell,NYG,CHI,2,2,4,4,"19,35,23,36",https://media.eagles.1rmg.com/wp-content/uploads/2022/02/28151144/1993.pdf
1993-09-05,1993,1,REG,1993_01_NYG_CHI,nfl-kevin-butler,Kevin Butler,CHI,NYG,2,2,2,2,"20,34",https://media.eagles.1rmg.com/wp-content/uploads/2022/02/28151144/1993.pdf
1993-09-05,1993,1,REG,1993_01_SEA_SD,nfl-john-carney,John Carney,SD,SEA,0,0,6,6,"26,44,50,32,51,19",https://media.eagles.1rmg.com/wp-content/uploads/2022/02/28151144/1993.pdf
1993-09-12,1993,2,REG,1993_02_BUF_DAL,nfl-steve-christie,Steve Christie,BUF,DAL,1,1,2,2,"48,35",https://media.eagles.1rmg.com/wp-content/uploads/2022/02/28151144/1993.pdf
1993-09-12,1993,2,REG,1993_02_DET_NE,nfl-jason-hanson-2,Jason Hanson,DET,NE,1,1,4,5,"22,26,23,38",https://media.eagles.1rmg.com/wp-content/uploads/2022/02/28151144/1993.pdf
1993-09-12,1993,2,REG,1993_02_DET_NE,nfl-scott-sisson,Scott Sisson,NE,DET,1,1,3,4,"26,21,32",https://media.eagles.1rmg.com/wp-content/uploads/2022/02/28151144/1993.pdf
1993-09-12,1993,2,REG,1993_02_IND_CIN,nfl-dean-biasucci,Dean Biasucci,IND,CIN,0,0,3,4,"53,31,42",https://media.eagles.1rmg.com/wp-content/uploads/2022/02/28151144/1993.pdf
1993-09-12,1993,2,REG,1993_02_IND_CIN,nfl-doug-pelfrey,Doug Pelfrey,CIN,IND,0,0,2,3,"35,23",https://media.eagles.1rmg.com/wp-content/uploads/2022/02/28151144/1993.pdf
1993-09-12,1993,2,REG,1993_02_KC_HOU,nfl-al-del-greco,Al Del Greco,HOU,KC,3,3,3,3,"25,22,50",https://media.eagles.1rmg.com/wp-content/uploads/2022/02/28151144/1993.pdf
1993-09-12,1993,2,REG,1993_02_NO_ATL,nfl-morten-andersen,Morten Andersen,NO,ATL,4,4,2,4,"27,44",https://media.eagles.1rmg.com/wp-content/uploads/2022/02/28151144/1993.pdf
1993-09-12,1993,2,REG,1993_02_PHI_GB,nfl-roger-ruzek,Roger Ruzek,PHI,GB,2,2,2,3,"27,30",https://media.eagles.1rmg.com/wp-content/uploads/2022/02/28151144/1993.pdf
1993-09-12,1993,2,REG,1993_02_SD_DEN,nfl-jason-elam,Jason Elam,DEN,SD,4,4,2,2,"20,54",https://media.eagles.1rmg.com/wp-content/uploads/2022/02/28151144/1993.pdf
1993-09-13,1993,2,REG,1993_02_SF_CLE,nfl-mike-cofer,Mike Cofer,SF,CLE,1,1,2,3,"46,28",https://media.eagles.1rmg.com/wp-content/uploads/2022/02/28151144/1993.pdf
1993-09-12,1993,2,REG,1993_02_TB_NYG,nfl-david-treadwell,David Treadwell,NYG,TB,2,2,3,3,"33,22,46",https://media.eagles.1rmg.com/wp-content/uploads/2022/02/28151144/1993.pdf
1993-09-19,1993,3,REG,1993_03_ATL_SF,nfl-norm-johnson,Norm Johnson,ATL,SF,3,3,3,3,"42,38,27",https://media.eagles.1rmg.com/wp-content/uploads/2022/02/28151144/1993.pdf
1993-09-20,1993,3,REG,1993_03_DEN_KC,nfl-nick-lowery,Nick Lowery,KC,DEN,0,0,5,5,"34,41,52,44,20",https://media.eagles.1rmg.com/wp-content/uploads/2022/02/28151144/1993.pdf
1993-09-19,1993,3,REG,1993_03_HOU_SD,nfl-john-carney,John Carney,SD,HOU,0,0,6,6,"34,34,27,27,36,27",https://media.eagles.1rmg.com/wp-content/uploads/2022/02/28151144/1993.pdf
1993-09-19,1993,3,REG,1993_03_LA_NYG,nfl-david-treadwell,David Treadwell,NYG,LA,2,2,2,2,"34,19",https://media.eagles.1rmg.com/wp-content/uploads/2022/02/28151144/1993.pdf
1993-09-19,1993,3,REG,1993_03_WAS_PHI,nfl-matt-bahr,Matt Bahr,PHI,WAS,4,4,2,2,"27,42",https://media.eagles.1rmg.com/wp-content/uploads/2022/02/28151144/1993.pdf
1993-09-26,1993,4,REG,1993_04_CLE_IND,nfl-dean-biasucci,Dean Biasucci,IND,CLE,2,2,3,3,"27,19,26",https://media.eagles.1rmg.com/wp-content/uploads/2022/02/28151144/1993.pdf
1993-09-26,1993,4,REG,1993_04_LA_HOU,nfl-al-del-greco,Al Del Greco,HOU,LA,1,1,2,2,"52,25",https://media.eagles.1rmg.com/wp-content/uploads/2022/02/28151144/1993.pdf
1993-09-26,1993,4,REG,1993_04_MIA_BUF,nfl-pete-stoyanovich,Pete Stoyanovich,MIA,BUF,1,1,3,4,"30,23,24",https://media.eagles.1rmg.com/wp-content/uploads/2022/02/28151144/1993.pdf
1993-09-26,1993,4,REG,1993_04_MIA_BUF,nfl-steve-christie,Steve Christie,BUF,MIA,1,1,2,2,"40,59",https://media.eagles.1rmg.com/wp-content/uploads/2022/02/28151144/1993.pdf
1993-09-26,1993,4,REG,1993_04_PHX_DET,nfl-greg-davis,Greg Davis,PHX,DET,2,2,2,2,"54,30",https://media.eagles.1rmg.com/wp-content/uploads/2022/02/28151144/1993.pdf
1993-09-26,1993,4,REG,1993_04_PHX_DET,nfl-jason-hanson-2,Jason Hanson,DET,PHX,2,2,4,6,"44,22,33,38",https://media.eagles.1rmg.com/wp-content/uploads/2022/02/28151144/1993.pdf
1993-09-26,1993,4,REG,1993_04_SF_NO,nfl-mike-cofer,Mike Cofer,SF,NO,1,1,2,2,"34,30",https://media.eagles.1rmg.com/wp-content/uploads/2022/02/28151144/1993.pdf
1993-09-26,1993,4,REG,1993_04_TB_CHI,nfl-kevin-butler,Kevin Butler,CHI,TB,5,5,4,4,"33,40,32,31",https://media.eagles.1rmg.com/wp-content/uploads/2022/02/28151144/1993.pdf
1993-10-03,1993,5,REG,1993_05_ATL_CHI,nfl-kevin-butler,Kevin Butler,CHI,ATL,0,0,2,3,"48,52",https://media.eagles.1rmg.com/wp-content/uploads/2022/02/28151144/1993.pdf
1993-10-03,1993,5,REG,1993_05_GB_DAL,nfl-eddie-murray,Eddie Murray,DAL,GB,3,3,5,5,"33,19,19,50,48",https://media.eagles.1rmg.com/wp-content/uploads/2022/02/28151144/1993.pdf
1993-10-03,1993,5,REG,1993_05_IND_DEN,nfl-dean-biasucci,Dean Biasucci,IND,DEN,1,1,2,2,"28,28",https://media.eagles.1rmg.com/wp-content/uploads/2022/02/28151144/1993.pdf
1993-10-03,1993,5,REG,1993_05_NO_LA,nfl-morten-andersen,Morten Andersen,NO,LA,4,4,3,4,"48,25,43",https://media.eagles.1rmg.com/wp-content/uploads/2022/02/28151144/1993.pdf
1993-10-10,1993,6,REG,1993_06_CIN_KC,nfl-doug-pelfrey,Doug Pelfrey,CIN,KC,0,0,5,5,"23,24,42,47,34",https://media.eagles.1rmg.com/wp-content/uploads/2022/02/28151144/1993.pdf
1993-10-10,1993,6,REG,1993_06_DAL_IND,nfl-eddie-murray,Eddie Murray,DAL,IND,3,3,2,2,"30,32",https://media.eagles.1rmg.com/wp-content/uploads/2022/02/28151144/1993.pdf
1993-10-10,1993,6,REG,1993_06_DEN_GB,nfl-chris-jacke,Chris Jacke,GB,DEN,3,3,3,3,"28,32,21",https://media.eagles.1rmg.com/wp-content/uploads/2022/02/28151144/1993.pdf
1993-10-10,1993,6,REG,1993_06_DEN_GB,nfl-jason-elam,Jason Elam,DEN,GB,3,3,2,2,"47,37",https://media.eagles.1rmg.com/wp-content/uploads/2022/02/28151144/1993.pdf
1993-10-10,1993,6,REG,1993_06_NE_PHX,nfl-scott-sisson,Scott Sisson,NE,PHX,2,2,3,4,"29,23,31",https://media.eagles.1rmg.com/wp-content/uploads/2022/02/28151144/1993.pdf
1993-10-10,1993,6,REG,1993_06_TB_MIN,nfl-fuad-reveiz,Fuad Reveiz,MIN,TB,1,1,2,2,"26,25",https://media.eagles.1rmg.com/wp-content/uploads/2022/02/28151144/1993.pdf
1993-10-14,1993,7,REG,1993_07_LA_ATL,nfl-norm-johnson,Norm Johnson,ATL,LA,3,3,3,3,"28,32,34",https://media.eagles.1rmg.com/wp-content/uploads/2022/02/28151144/1993.pdf
1993-10-17,1993,7,REG,1993_07_SEA_DET,nfl-jason-hanson-2,Jason Hanson,DET,SEA,3,3,3,3,"34,32,35",https://media.eagles.1rmg.com/wp-content/uploads/2022/02/28151144/1993.pdf
1993-10-17,1993,7,REG,1993_07_SF_DAL,nfl-eddie-murray,Eddie Murray,DAL,SF,2,2,4,5,"48,39,29,18",https://media.eagles.1rmg.com/wp-content/uploads/2022/02/28151144/1993.pdf
1993-10-17,1993,7,REG,1993_07_WAS_PHX,nfl-chip-lohmiller,Chip Lohmiller,WAS,PHX,0,0,2,2,"43,38",https://media.eagles.1rmg.com/wp-content/uploads/2022/02/28151144/1993.pdf
1993-10-17,1993,7,REG,1993_07_WAS_PHX,nfl-greg-davis,Greg Davis,PHX,WAS,4,4,2,2,"23,45",https://media.eagles.1rmg.com/wp-content/uploads/2022/02/28151144/1993.pdf
1993-10-24,1993,8,REG,1993_08_ATL_NO,nfl-morten-andersen,Morten Andersen,NO,ATL,1,1,2,2,"40,27",https://media.eagles.1rmg.com/wp-content/uploads/2022/02/28151144/1993.pdf
1993-10-24,1993,8,REG,1993_08_ATL_NO,nfl-norm-johnson,Norm Johnson,ATL,NO,2,2,4,4,"19,32,38,30",https://media.eagles.1rmg.com/wp-content/uploads/2022/02/28151144/1993.pdf
1993-10-24,1993,8,REG,1993_08_BUF_NYJ,nfl-steve-christie,Steve Christie,BUF,NYJ,1,1,4,4,"37,33,22,30",https://media.eagles.1rmg.com/wp-content/uploads/2022/02/28151144/1993.pdf
1993-10-24,1993,8,REG,1993_08_CIN_HOU,nfl-doug-pelfrey,Doug Pelfrey,CIN,HOU,0,1,2,2,"53,50",https://media.eagles.1rmg.com/wp-content/uploads/2022/02/28151144/1993.pdf
1993-10-24,1993,8,REG,1993_08_GB_TB,nfl-chris-jacke,Chris Jacke,GB,TB,4,4,3,3,"50,44,24",https://media.eagles.1rmg.com/wp-content/uploads/2022/02/28151144/1993.pdf
1993-10-24,1993,8,REG,1993_08_IND_MIA,nfl-pete-stoyanovich,Pete Stoyanovich,MIA,IND,5,5,2,3,"23,39",https://media.eagles.1rmg.com/wp-content/uploads/2022/02/28151144/1993.pdf
1993-10-25,1993,8,REG,1993_08_MIN_CHI,nfl-fuad-reveiz,Fuad Reveiz,MIN,CHI,1,2,2,3,"39,26",https://media.eagles.1rmg.com/wp-content/uploads/2022/02/28151144/1993.pdf
1993-10-25,1993,8,REG,1993_08_MIN_CHI,nfl-kevin-butler,Kevin Butler,CHI,MIN,0,0,4,4,"37,39,55,35",https://media.eagles.1rmg.com/wp-content/uploads/2022/02/28151144/1993.pdf
1993-10-24,1993,8,REG,1993_08_NE_SEA,nfl-scott-sisson,Scott Sisson,NE,SEA,0,0,3,5,"36,25,19",https://media.eagles.1rmg.com/wp-content/uploads/2022/02/28151144/1993.pdf
1993-10-24,1993,8,REG,1993_08_PIT_CLE,nfl-gary-anderson,Gary Anderson,PIT,CLE,2,2,3,4,"30,46,30",https://media.eagles.1rmg.com/wp-content/uploads/2022/02/28151144/1993.pdf
1993-10-31,1993,9,REG,1993_09_DAL_PHI,nfl-eddie-murray,Eddie Murray,DAL,PHI,2,2,3,3,"35,23,40",https://media.eagles.1rmg.com/wp-content/uploads/2022/02/28151144/1993.pdf
1993-10-31,1993,9,REG,1993_09_DET_MIN,nfl-fuad-reveiz,Fuad Reveiz,MIN,DET,3,3,2,2,"48,37",https://media.eagles.1rmg.com/wp-content/uploads/2022/02/28151144/1993.pdf
1993-10-31,1993,9,REG,1993_09_DET_MIN,nfl-jason-hanson-2,Jason Hanson,DET,MIN,3,3,3,3,"34,44,32",https://media.eagles.1rmg.com/wp-content/uploads/2022/02/28151144/1993.pdf
1993-10-31,1993,9,REG,1993_09_LA_SF,nfl-mike-cofer,Mike Cofer,SF,LA,4,5,2,2,"25,28",https://media.eagles.1rmg.com/wp-content/uploads/2022/02/28151144/1993.pdf
1993-10-31,1993,9,REG,1993_09_NE_IND,nfl-dean-biasucci,Dean Biasucci,IND,NE,0,0,3,3,"27,38,37",https://media.eagles.1rmg.com/wp-content/uploads/2022/02/28151144/1993.pdf
1993-10-31,1993,9,REG,1993_09_NE_IND,nfl-scott-sisson,Scott Sisson,NE,IND,0,0,2,3,"40,26",https://media.eagles.1rmg.com/wp-content/uploads/2022/02/28151144/1993.pdf
1993-10-31,1993,9,REG,1993_09_NO_PHX,nfl-morten-andersen,Morten Andersen,NO,PHX,2,2,2,2,"48,38",https://media.eagles.1rmg.com/wp-content/uploads/2022/02/28151144/1993.pdf
1993-11-07,1993,10,REG,1993_10_DEN_CLE,nfl-jason-elam,Jason Elam,DEN,CLE,3,3,2,2,"22,38",https://media.eagles.1rmg.com/wp-content/uploads/2022/02/28151144/1993.pdf
1993-11-08,1993,10,REG,1993_10_GB_KC,nfl-chris-jacke,Chris Jacke,GB,KC,1,1,3,3,"23,51,19",https://media.eagles.1rmg.com/wp-content/uploads/2022/02/28151144/1993.pdf
1993-11-08,1993,10,REG,1993_10_GB_KC,nfl-nick-lowery,Nick Lowery,KC,GB,2,2,3,4,"23,34,40",https://media.eagles.1rmg.com/wp-content/uploads/2022/02/28151144/1993.pdf
1993-11-07,1993,10,REG,1993_10_NYG_DAL,nfl-david-treadwell,David Treadwell,NYG,DAL,0,0,3,3,"22,45,29",https://media.eagles.1rmg.com/wp-content/uploads/2022/02/28151144/1993.pdf
1993-11-07,1993,10,REG,1993_10_PHI_PHX,nfl-greg-davis,Greg Davis,PHX,PHI,1,1,3,5,"23,20,29",https://media.eagles.1rmg.com/wp-content/uploads/2022/02/28151144/1993.pdf
1993-11-07,1993,10,REG,1993_10_SEA_HOU,nfl-al-del-greco,Al Del Greco,HOU,SEA,1,2,3,3,"33,51,39",https://media.eagles.1rmg.com/wp-content/uploads/2022/02/28151144/1993.pdf
1993-11-07,1993,10,REG,1993_10_TB_DET,nfl-jason-hanson-2,Jason Hanson,DET,TB,2,2,3,3,"29,49,37",https://media.eagles.1rmg.com/wp-content/uploads/2022/02/28151144/1993.pdf
1993-11-14,1993,11,REG,1993_11_CHI_SD,nfl-john-carney,John Carney,SD,CHI,1,1,2,4,"28,26",https://media.eagles.1rmg.com/wp-content/uploads/2022/02/28151144/1993.pdf
1993-11-14,1993,11,REG,1993_11_CHI_SD,nfl-kevin-butler,Kevin Butler,CHI,SD,1,1,3,3,"33,54,20",https://media.eagles.1rmg.com/wp-content/uploads/2022/02/28151144/1993.pdf
1993-11-14,1993,11,REG,1993_11_GB_NO,nfl-chris-jacke,Chris Jacke,GB,NO,1,1,4,4,"38,20,44,36",https://media.eagles.1rmg.com/wp-content/uploads/2022/02/28151144/1993.pdf
1993-11-14,1993,11,REG,1993_11_MIA_PHI,nfl-pete-stoyanovich,Pete Stoyanovich,MIA,PHI,1,1,2,2,"46,45",https://media.eagles.1rmg.com/wp-content/uploads/2022/02/28151144/1993.pdf
1993-11-14,1993,11,REG,1993_11_MIN_DEN,nfl-fuad-reveiz,Fuad Reveiz,MIN,DEN,2,2,4,4,"25,19,35,43",https://media.eagles.1rmg.com/wp-content/uploads/2022/02/28151144/1993.pdf
1993-11-14,1993,11,REG,1993_11_PHX_DAL,nfl-eddie-murray,Eddie Murray,DAL,PHX,2,2,2,2,"44,43",https://media.eagles.1rmg.com/wp-content/uploads/2022/02/28151144/1993.pdf
1993-11-14,1993,11,REG,1993_11_PHX_DAL,nfl-greg-davis,Greg Davis,PHX,DAL,1,1,2,2,"19,47",https://media.eagles.1rmg.com/wp-content/uploads/2022/02/28151144/1993.pdf
1993-11-14,1993,11,REG,1993_11_WAS_NYG,nfl-chip-lohmiller,Chip Lohmiller,WAS,NYG,0,0,2,3,"27,33",https://media.eagles.1rmg.com/wp-content/uploads/2022/02/28151144/1993.pdf
1993-11-14,1993,11,REG,1993_11_WAS_NYG,nfl-david-treadwell,David Treadwell,NYG,WAS,2,2,2,2,"43,39",https://media.eagles.1rmg.com/wp-content/uploads/2022/02/28151144/1993.pdf
1993-11-21,1993,12,REG,1993_12_CHI_KC,nfl-kevin-butler,Kevin Butler,CHI,KC,1,2,2,2,"32,45",https://media.eagles.1rmg.com/wp-content/uploads/2022/02/28151144/1993.pdf
1993-11-21,1993,12,REG,1993_12_DAL_ATL,nfl-norm-johnson,Norm Johnson,ATL,DAL,3,3,2,2,"26,24",https://media.eagles.1rmg.com/wp-content/uploads/2022/02/28151144/1993.pdf
1993-11-21,1993,12,REG,1993_12_DET_GB,nfl-chris-jacke,Chris Jacke,GB,DET,2,2,4,5,"27,52,20,34",https://media.eagles.1rmg.com/wp-content/uploads/2022/02/28151144/1993.pdf
1993-11-21,1993,12,REG,1993_12_HOU_CLE,nfl-al-del-greco,Al Del Greco,HOU,CLE,3,3,2,3,"28,30",https://media.eagles.1rmg.com/wp-content/uploads/2022/02/28151144/1993.pdf
1993-11-21,1993,12,REG,1993_12_IND_BUF,nfl-dean-biasucci,Dean Biasucci,IND,BUF,0,0,3,3,"26,22,37",https://media.eagles.1rmg.com/wp-content/uploads/2022/02/28151144/1993.pdf
1993-11-21,1993,12,REG,1993_12_MIN_TB,nfl-michael-husted,Michael Husted,TB,MIN,2,2,3,3,"26,54,21",https://media.eagles.1rmg.com/wp-content/uploads/2022/02/28151144/1993.pdf
1993-11-21,1993,12,REG,1993_12_NE_MIA,nfl-scott-sisson,Scott Sisson,NE,MIA,1,1,2,3,"28,40",https://media.eagles.1rmg.com/wp-content/uploads/2022/02/28151144/1993.pdf
1993-11-21,1993,12,REG,1993_12_PIT_DEN,nfl-gary-anderson,Gary Anderson,PIT,DEN,1,1,2,2,"37,38",https://media.eagles.1rmg.com/wp-content/uploads/2022/02/28151144/1993.pdf
1993-11-21,1993,12,REG,1993_12_PIT_DEN,nfl-jason-elam,Jason Elam,DEN,PIT,4,4,3,3,"48,27,28",https://media.eagles.1rmg.com/wp-content/uploads/2022/02/28151144/1993.pdf
1993-11-21,1993,12,REG,1993_12_WAS_LA,nfl-chip-lohmiller,Chip Lohmiller,WAS,LA,0,0,2,3,"19,34",https://media.eagles.1rmg.com/wp-content/uploads/2022/02/28151144/1993.pdf
1993-11-28,1993,13,REG,1993_13_BUF_KC,nfl-nick-lowery,Nick Lowery,KC,BUF,2,2,3,3,"30,22,34",https://media.eagles.1rmg.com/wp-content/uploads/2022/02/28151144/1993.pdf
1993-11-25,1993,13,REG,1993_13_CHI_DET,nfl-jason-hanson-2,Jason Hanson,DET,CHI,0,0,2,2,"39,27",https://media.eagles.1rmg.com/wp-content/uploads/2022/02/28151144/1993.pdf
1993-11-25,1993,13,REG,1993_13_MIA_DAL,nfl-pete-stoyanovich,Pete Stoyanovich,MIA,DAL,1,1,3,5,"20,31,19",https://media.eagles.1rmg.com/wp-content/uploads/2022/02/28151144/1993.pdf
1993-11-28,1993,13,REG,1993_13_NYJ_NE,nfl-cary-blanchard,Cary Blanchard,NYJ,NE,0,0,2,2,"33,23",https://media.eagles.1rmg.com/wp-content/uploads/2022/02/28151144/1993.pdf
1993-11-28,1993,13,REG,1993_13_TB_GB,nfl-chris-jacke,Chris Jacke,GB,TB,1,1,2,2,"24,36",https://media.eagles.1rmg.com/wp-content/uploads/2022/02/28151144/1993.pdf
1993-12-05,1993,14,REG,1993_14_ATL_HOU,nfl-al-del-greco,Al Del Greco,HOU,ATL,3,3,4,6,"52,43,21,36",https://media.eagles.1rmg.com/wp-content/uploads/2022/02/28151144/1993.pdf
1993-12-05,1993,14,REG,1993_14_DEN_SD,nfl-john-carney,John Carney,SD,DEN,1,1,2,4,"27,34",https://media.eagles.1rmg.com/wp-content/uploads/2022/02/28151144/1993.pdf
1993-12-05,1993,14,REG,1993_14_GB_CHI,nfl-kevin-butler,Kevin Butler,CHI,GB,3,3,3,4,"29,24,29",https://media.eagles.1rmg.com/wp-content/uploads/2022/02/28151144/1993.pdf
1993-12-05,1993,14,REG,1993_14_IND_NYJ,nfl-cary-blanchard,Cary Blanchard,NYJ,IND,0,0,2,4,"28,19",https://media.eagles.1rmg.com/wp-content/uploads/2022/02/28151144/1993.pdf
1993-12-05,1993,14,REG,1993_14_IND_NYJ,nfl-dean-biasucci,Dean Biasucci,IND,NYJ,0,0,3,3,"42,24,38",https://media.eagles.1rmg.com/wp-content/uploads/2022/02/28151144/1993.pdf
1993-12-05,1993,14,REG,1993_14_MIN_DET,nfl-fuad-reveiz,Fuad Reveiz,MIN,DET,1,1,2,3,"37,29",https://media.eagles.1rmg.com/wp-content/uploads/2022/02/28151144/1993.pdf
1993-12-05,1993,14,REG,1993_14_NO_CLE,nfl-morten-andersen,Morten Andersen,NO,CLE,1,1,2,2,"41,27",https://media.eagles.1rmg.com/wp-content/uploads/2022/02/28151144/1993.pdf
1993-12-06,1993,14,REG,1993_14_PHI_DAL,nfl-eddie-murray,Eddie Murray,DAL,PHI,2,2,3,3,"23,19,47",https://media.eagles.1rmg.com/wp-content/uploads/2022/02/28151144/1993.pdf
1993-12-12,1993,15,REG,1993_15_CHI_TB,nfl-michael-husted,Michael Husted,TB,CHI,1,1,2,3,"38,42",https://media.eagles.1rmg.com/wp-content/uploads/2022/02/28151144/1993.pdf
1993-12-12,1993,15,REG,1993_15_CLE_HOU,nfl-al-del-greco,Al Del Greco,HOU,CLE,1,1,4,4,"27,48,49,25",https://media.eagles.1rmg.com/wp-content/uploads/2022/02/28151144/1993.pdf
1993-12-12,1993,15,REG,1993_15_GB_SD,nfl-chris-jacke,Chris Jacke,GB,SD,2,2,2,3,"51,42",https://media.eagles.1rmg.com/wp-content/uploads/2022/02/28151144/1993.pdf
1993-12-12,1993,15,REG,1993_15_GB_SD,nfl-john-carney,John Carney,SD,GB,1,1,2,2,"47,43",https://media.eagles.1rmg.com/wp-content/uploads/2022/02/28151144/1993.pdf
1993-12-12,1993,15,REG,1993_15_IND_NYG,nfl-dean-biasucci,Dean Biasucci,IND,NYG,0,0,2,2,"21,26",https://media.eagles.1rmg.com/wp-content/uploads/2022/02/28151144/1993.pdf
1993-12-12,1993,15,REG,1993_15_KC_DEN,nfl-jason-elam,Jason Elam,DEN,KC,3,3,2,2,"36,53",https://media.eagles.1rmg.com/wp-content/uploads/2022/02/28151144/1993.pdf
1993-12-12,1993,15,REG,1993_15_LA_NO,nfl-morten-andersen,Morten Andersen,NO,LA,2,2,2,2,"18,32",https://media.eagles.1rmg.com/wp-content/uploads/2022/02/28151144/1993.pdf
1993-12-11,1993,15,REG,1993_15_SF_ATL,nfl-norm-johnson,Norm Johnson,ATL,SF,3,3,2,3,"47,37",https://media.eagles.1rmg.com/wp-content/uploads/2022/02/28151144/1993.pdf
1993-12-19,1993,16,REG,1993_16_BUF_MIA,nfl-pete-stoyanovich,Pete Stoyanovich,MIA,BUF,4,4,2,2,"41,18",https://media.eagles.1rmg.com/wp-content/uploads/2022/02/28151144/1993.pdf
1993-12-19,1993,16,REG,1993_16_BUF_MIA,nfl-steve-christie,Steve Christie,BUF,MIA,5,6,2,2,"38,32",https://media.eagles.1rmg.com/wp-content/uploads/2022/02/28151144/1993.pdf
1993-12-18,1993,16,REG,1993_16_DEN_CHI,nfl-jason-elam,Jason Elam,DEN,CHI,1,1,2,3,"29,24",https://media.eagles.1rmg.com/wp-content/uploads/2022/02/28151144/1993.pdf
1993-12-19,1993,16,REG,1993_16_HOU_PIT,nfl-al-del-greco,Al Del Greco,HOU,PIT,2,2,4,5,"34,22,33,21",https://media.eagles.1rmg.com/wp-content/uploads/2022/02/28151144/1993.pdf
1993-12-19,1993,16,REG,1993_16_LA_CIN,nfl-doug-pelfrey,Doug Pelfrey,CIN,LA,0,1,3,5,"43,28,25",https://media.eagles.1rmg.com/wp-content/uploads/2022/02/28151144/1993.pdf
1993-12-19,1993,16,REG,1993_16_PHI_IND,nfl-roger-ruzek,Roger Ruzek,PHI,IND,2,2,2,2,"21,25",https://media.eagles.1rmg.com/wp-content/uploads/2022/02/28151144/1993.pdf
1993-12-19,1993,16,REG,1993_16_PHX_SEA,nfl-greg-davis,Greg Davis,PHX,SEA,3,3,3,4,"50,55,41",https://media.eagles.1rmg.com/wp-content/uploads/2022/02/28151144/1993.pdf
1993-12-19,1993,16,REG,1993_16_SF_DET,nfl-mike-cofer,Mike Cofer,SF,DET,7,7,2,2,"43,21",https://media.eagles.1rmg.com/wp-content/uploads/2022/02/28151144/1993.pdf
1993-12-26,1993,17,REG,1993_17_DET_CHI,nfl-jason-hanson-2,Jason Hanson,DET,CHI,2,2,2,3,"40,37",https://media.eagles.1rmg.com/wp-content/uploads/2022/02/28151144/1993.pdf
1993-12-26,1993,17,REG,1993_17_KC_MIN,nfl-fuad-reveiz,Fuad Reveiz,MIN,KC,3,3,3,3,"22,19,34",https://media.eagles.1rmg.com/wp-content/uploads/2022/02/28151144/1993.pdf
1993-12-27,1993,17,REG,1993_17_MIA_SD,nfl-pete-stoyanovich,Pete Stoyanovich,MIA,SD,2,2,2,2,"31,50",https://media.eagles.1rmg.com/wp-content/uploads/2022/02/28151144/1993.pdf
1993-12-26,1993,17,REG,1993_17_NO_PHI,nfl-morten-andersen,Morten Andersen,NO,PHI,2,2,4,4,"41,56,35,37",https://media.eagles.1rmg.com/wp-content/uploads/2022/02/28151144/1993.pdf
1993-12-26,1993,17,REG,1993_17_NYG_PHX,nfl-david-treadwell,David Treadwell,NYG,PHX,0,0,2,3,"19,22",https://media.eagles.1rmg.com/wp-content/uploads/2022/02/28151144/1993.pdf
1993-12-26,1993,17,REG,1993_17_NYJ_BUF,nfl-steve-christie,Steve Christie,BUF,NYJ,1,1,3,3,"38,36,40",https://media.eagles.1rmg.com/wp-content/uploads/2022/02/28151144/1993.pdf
1993-12-26,1993,17,REG,1993_17_PIT_SEA,nfl-gary-anderson,Gary Anderson,PIT,SEA,0,0,2,2,"42,43",https://media.eagles.1rmg.com/wp-content/uploads/2022/02/28151144/1993.pdf
1994-01-02,1993,18,REG,1993_18_BUF_IND,nfl-steve-christie,Steve Christie,BUF,IND,3,3,3,4,"39,49,40",https://media.eagles.1rmg.com/wp-content/uploads/2022/02/28151144/1993.pdf
1994-01-02,1993,18,REG,1993_18_CHI_LA,nfl-kevin-butler,Kevin Butler,CHI,LA,0,0,2,3,"27,53",https://media.eagles.1rmg.com/wp-content/uploads/2022/02/28151144/1993.pdf
1994-01-02,1993,18,REG,1993_18_CIN_NO,nfl-doug-pelfrey,Doug Pelfrey,CIN,NO,1,1,2,2,"22,31",https://media.eagles.1rmg.com/wp-content/uploads/2022/02/28151144/1993.pdf
1994-01-02,1993,18,REG,1993_18_CIN_NO,nfl-morten-andersen,Morten Andersen,NO,CIN,2,2,2,3,"43,49",https://media.eagles.1rmg.com/wp-content/uploads/2022/02/28151144/1993.pdf
1994-01-02,1993,18,REG,1993_18_CLE_PIT,nfl-gary-anderson,Gary Anderson,PIT,CLE,1,1,3,3,"36,38,26",https://media.eagles.1rmg.com/wp-content/uploads/2022/02/28151144/1993.pdf
1994-01-02,1993,18,REG,1993_18_DAL_NYG,nfl-eddie-murray,Eddie Murray,DAL,NYG,1,1,3,3,"32,38,41",https://media.eagles.1rmg.com/wp-content/uploads/2022/02/28151144/1993.pdf
1994-01-02,1993,18,REG,1993_18_GB_DET,nfl-chris-jacke,Chris Jacke,GB,DET,2,2,2,2,"54,47",https://media.eagles.1rmg.com/wp-content/uploads/2022/02/28151144/1993.pdf
1994-01-02,1993,18,REG,1993_18_GB_DET,nfl-jason-hanson-2,Jason Hanson,DET,GB,3,3,3,4,"37,53,48",https://media.eagles.1rmg.com/wp-content/uploads/2022/02/28151144/1993.pdf
1994-01-02,1993,18,REG,1993_18_MIA_NE,nfl-pete-stoyanovich,Pete Stoyanovich,MIA,NE,3,3,2,2,"29,24",https://media.eagles.1rmg.com/wp-content/uploads/2022/02/28151144/1993.pdf
1994-01-03,1993,18,REG,1993_18_PHI_SF,nfl-mike-cofer,Mike Cofer,SF,PHI,4,4,2,4,"30,29",https://media.eagles.1rmg.com/wp-content/uploads/2022/02/28151144/1993.pdf
1994-01-03,1993,18,REG,1993_18_PHI_SF,nfl-roger-ruzek,Roger Ruzek,PHI,SF,4,4,3,3,"34,32,28",https://media.eagles.1rmg.com/wp-content/uploads/2022/02/28151144/1993.pdf
1994-01-02,1993,18,REG,1993_18_PHX_ATL,nfl-greg-davis,Greg Davis,PHX,ATL,3,3,2,2,"29,20",https://media.eagles.1rmg.com/wp-content/uploads/2022/02/28151144/1993.pdf
1994-01-02,1993,18,REG,1993_18_SD_TB,nfl-john-carney,John Carney,SD,TB,2,3,4,4,"48,38,43,45",https://media.eagles.1rmg.com/wp-content/uploads/2022/02/28151144/1993.pdf
1994-01-02,1993,18,REG,1993_18_SEA_KC,nfl-nick-lowery,Nick Lowery,KC,SEA,4,4,2,2,"23,47",https://media.eagles.1rmg.com/wp-content/uploads/2022/02/28151144/1993.pdf
1994-09-04,1994,1,REG,1994_01_ARI_LA,nfl-greg-davis,Greg Davis,ARI,LA,0,0,2,2,"37,34",https://media.eagles.1rmg.com/wp-content/uploads/2022/02/28151222/1994.pdf
1994-09-04,1994,1,REG,1994_01_MIN_GB,nfl-chris-jacke,Chris Jacke,GB,MIN,1,1,3,3,"25,39,49",https://media.eagles.1rmg.com/wp-content/uploads/2022/02/28151222/1994.pdf
1994-09-04,1994,1,REG,1994_01_NYJ_BUF,nfl-nick-lowery,Nick Lowery,NYJ,BUF,2,2,3,3,"27,42,22",https://media.eagles.1rmg.com/wp-content/uploads/2022/02/28151222/1994.pdf
1994-09-04,1994,1,REG,1994_01_SD_DEN,nfl-jason-elam,Jason Elam,DEN,SD,4,4,2,2,"25,42",https://media.eagles.1rmg.com/wp-content/uploads/2022/02/28151222/1994.pdf
1994-09-12,1994,2,REG,1994_02_CHI_PHI,nfl-eddie-murray,Eddie Murray,PHI,CHI,3,3,3,3,"41,29,33",https://media.eagles.1rmg.com/wp-content/uploads/2022/02/28151222/1994.pdf
1994-09-11,1994,2,REG,1994_02_DEN_NYJ,nfl-jason-elam,Jason Elam,DEN,NYJ,1,1,3,3,"42,21,29",https://media.eagles.1rmg.com/wp-content/uploads/2022/02/28151222/1994.pdf
1994-09-11,1994,2,REG,1994_02_HOU_DAL,nfl-chris-boniol,Chris Boniol,DAL,HOU,2,2,2,2,"45,29",https://media.eagles.1rmg.com/wp-content/uploads/2022/02/28151222/1994.pdf
1994-09-18,1994,3,REG,1994_03_BUF_HOU,nfl-steve-christie,Steve Christie,BUF,HOU,0,0,5,5,"37,42,48,29,48",https://media.eagles.1rmg.com/wp-content/uploads/2022/02/28151222/1994.pdf
1994-09-19,1994,3,REG,1994_03_DET_DAL,nfl-jason-hanson-2,Jason Hanson,DET,DAL,2,2,2,5,"32,44",https://media.eagles.1rmg.com/wp-content/uploads/2022/02/28151222/1994.pdf
1994-09-18,1994,3,REG,1994_03_GB_PHI,nfl-eddie-murray,Eddie Murray,PHI,GB,1,1,2,2,"26,26",https://media.eagles.1rmg.com/wp-content/uploads/2022/02/28151222/1994.pdf
1994-09-18,1994,3,REG,1994_03_MIN_CHI,nfl-fuad-reveiz,Fuad Reveiz,MIN,CHI,4,4,2,2,"43,24",https://media.eagles.1rmg.com/wp-content/uploads/2022/02/28151222/1994.pdf
1994-09-18,1994,3,REG,1994_03_NE_CIN,nfl-matt-bahr,Matt Bahr,NE,CIN,1,1,4,4,"43,24,28,35",https://media.eagles.1rmg.com/wp-content/uploads/2022/02/28151222/1994.pdf
1994-09-18,1994,3,REG,1994_03_NO_TB,nfl-morten-andersen,Morten Andersen,NO,TB,0,0,3,3,"43,31,43",https://media.eagles.1rmg.com/wp-content/uploads/2022/02/28151222/1994.pdf
1994-09-18,1994,3,REG,1994_03_SF_LA,nfl-doug-brien,Doug Brien,SF,LA,4,4,2,2,"33,47",https://media.eagles.1rmg.com/wp-content/uploads/2022/02/28151222/1994.pdf
1994-09-18,1994,3,REG,1994_03_WAS_NYG,nfl-chip-lohmiller,Chip Lohmiller,WAS,NYG,2,2,3,4,"25,41,35",https://media.eagles.1rmg.com/wp-content/uploads/2022/02/28151222/1994.pdf
1994-09-25,1994,4,REG,1994_04_ATL_WAS,nfl-norm-johnson,Norm Johnson,ATL,WAS,3,3,2,2,"30,22",https://media.eagles.1rmg.com/wp-content/uploads/2022/02/28151222/1994.pdf
1994-09-25,1994,4,REG,1994_04_CIN_HOU,nfl-al-del-greco,Al Del Greco,HOU,CIN,2,2,2,2,"45,24",https://media.eagles.1rmg.com/wp-content/uploads/2022/02/28151222/1994.pdf
1994-09-25,1994,4,REG,1994_04_CIN_HOU,nfl-doug-pelfrey,Doug Pelfrey,CIN,HOU,1,1,2,2,"21,49",https://media.eagles.1rmg.com/wp-content/uploads/2022/02/28151222/1994.pdf
1994-09-26,1994,4,REG,1994_04_DEN_BUF,nfl-jason-elam,Jason Elam,DEN,BUF,2,2,2,3,"28,43",https://media.eagles.1rmg.com/wp-content/uploads/2022/02/28151222/1994.pdf
1994-09-26,1994,4,REG,1994_04_DEN_BUF,nfl-steve-christie,Steve Christie,BUF,DEN,3,3,2,2,"36,28",https://media.eagles.1rmg.com/wp-content/uploads/2022/02/28151222/1994.pdf
1994-09-25,1994,4,REG,1994_04_NE_DET,nfl-matt-bahr,Matt Bahr,NE,DET,2,2,3,3,"20,28,21",https://media.eagles.1rmg.com/wp-content/uploads/2022/02/28151222/1994.pdf
1994-09-25,1994,4,REG,1994_04_NO_SF,nfl-morten-andersen,Morten Andersen,NO,SF,1,1,2,3,"22,26",https://media.eagles.1rmg.com/wp-content/uploads/2022/02/28151222/1994.pdf
1994-09-25,1994,4,REG,1994_04_TB_GB,nfl-chris-jacke,Chris Jacke,GB,TB,3,3,3,3,"21,20,22",https://media.eagles.1rmg.com/wp-content/uploads/2022/02/28151222/1994.pdf
1994-10-02,1994,5,REG,1994_05_BUF_CHI,nfl-kevin-butler,Kevin Butler,CHI,BUF,2,2,2,2,"50,20",https://media.eagles.1rmg.com/wp-content/uploads/2022/02/28151222/1994.pdf
1994-10-02,1994,5,REG,1994_05_BUF_CHI,nfl-steve-christie,Steve Christie,BUF,CHI,1,1,2,2,"28,30",https://media.eagles.1rmg.com/wp-content/uploads/2022/02/28151222/1994.pdf
1994-10-02,1994,5,REG,1994_05_DAL_WAS,nfl-chris-boniol,Chris Boniol,DAL,WAS,4,4,2,2,"28,47",https://media.eagles.1rmg.com/wp-content/uploads/2022/02/28151222/1994.pdf
1994-10-02,1994,5,REG,1994_05_MIA_CIN,nfl-pete-stoyanovich,Pete Stoyanovich,MIA,CIN,2,2,3,3,"28,27,32",https://media.eagles.1rmg.com/wp-content/uploads/2022/02/28151222/1994.pdf
1994-10-02,1994,5,REG,1994_05_NYG_NO,nfl-david-treadwell,David Treadwell,NYG,NO,1,1,3,4,"41,32,35",https://media.eagles.1rmg.com/wp-content/uploads/2022/02/28151222/1994.pdf
1994-10-02,1994,5,REG,1994_05_NYG_NO,nfl-morten-andersen,Morten Andersen,NO,NYG,3,3,2,2,"29,32",https://media.eagles.1rmg.com/wp-content/uploads/2022/02/28151222/1994.pdf
1994-10-09,1994,6,REG,1994_06_DEN_SEA,nfl-jason-elam,Jason Elam,DEN,SEA,1,1,3,4,"26,33,37",https://media.eagles.1rmg.com/wp-content/uploads/2022/02/28151222/1994.pdf
1994-10-09,1994,6,REG,1994_06_IND_NYJ,nfl-dean-biasucci,Dean Biasucci,IND,NYJ,0,0,2,3,"37,44",https://media.eagles.1rmg.com/wp-content/uploads/2022/02/28151222/1994.pdf
1994-10-09,1994,6,REG,1994_06_IND_NYJ,nfl-nick-lowery,Nick Lowery,NYJ,IND,1,1,3,3,"27,42,37",https://media.eagles.1rmg.com/wp-content/uploads/2022/02/28151222/1994.pdf
1994-10-09,1994,6,REG,1994_06_KC_SD,nfl-john-carney,John Carney,SD,KC,2,2,2,2,"23,32",https://media.eagles.1rmg.com/wp-content/uploads/2022/02/28151222/1994.pdf
1994-10-09,1994,6,REG,1994_06_TB_ATL,nfl-michael-husted,Michael Husted,TB,ATL,1,1,2,2,"35,38",https://media.eagles.1rmg.com/wp-content/uploads/2022/02/28151222/1994.pdf
1994-10-09,1994,6,REG,1994_06_TB_ATL,nfl-norm-johnson,Norm Johnson,ATL,TB,4,4,2,2,"27,29",https://media.eagles.1rmg.com/wp-content/uploads/2022/02/28151222/1994.pdf
1994-10-16,1994,7,REG,1994_07_ARI_WAS,nfl-todd-peterson-2,Todd Peterson,ARI,WAS,1,1,2,4,"35,29",https://media.eagles.1rmg.com/wp-content/uploads/2022/02/28151222/1994.pdf
1994-10-16,1994,7,REG,1994_07_IND_BUF,nfl-dean-biasucci,Dean Biasucci,IND,BUF,3,3,2,2,"43,33",https://media.eagles.1rmg.com/wp-content/uploads/2022/02/28151222/1994.pdf
1994-10-16,1994,7,REG,1994_07_SD_NO,nfl-john-carney,John Carney,SD,NO,3,3,5,5,"49,31,29,29,28",https://media.eagles.1rmg.com/wp-content/uploads/2022/02/28151222/1994.pdf
1994-10-23,1994,8,REG,1994_08_CIN_CLE,nfl-doug-pelfrey,Doug Pelfrey,CIN,CLE,1,1,2,3,"36,49",https://media.eagles.1rmg.com/wp-content/uploads/2022/02/28151222/1994.pdf
1994-10-23,1994,8,REG,1994_08_DEN_SD,nfl-jason-elam,Jason Elam,DEN,SD,2,2,2,3,"54,25",https://media.eagles.1rmg.com/wp-content/uploads/2022/02/28151222/1994.pdf
1994-10-23,1994,8,REG,1994_08_DEN_SD,nfl-john-carney,John Carney,SD,DEN,0,0,5,5,"22,39,37,26,44",https://media.eagles.1rmg.com/wp-content/uploads/2022/02/28151222/1994.pdf
1994-10-20,1994,8,REG,1994_08_GB_MIN,nfl-fuad-reveiz,Fuad Reveiz,MIN,GB,1,1,2,2,"29,27",https://media.eagles.1rmg.com/wp-content/uploads/2022/02/28151222/1994.pdf
1994-10-24,1994,8,REG,1994_08_HOU_PHI,nfl-al-del-greco,Al Del Greco,HOU,PHI,0,0,2,2,"21,24",https://media.eagles.1rmg.com/wp-content/uploads/2022/02/28151222/1994.pdf
1994-10-23,1994,8,REG,1994_08_LA_NO,nfl-morten-andersen,Morten Andersen,NO,LA,4,4,3,3,"21,40,37",https://media.eagles.1rmg.com/wp-content/uploads/2022/02/28151222/1994.pdf
1994-10-23,1994,8,REG,1994_08_TB_SF,nfl-doug-brien,Doug Brien,SF,TB,5,5,2,2,"23,35",https://media.eagles.1rmg.com/wp-content/uploads/2022/02/28151222/1994.pdf
1994-10-23,1994,8,REG,1994_08_WAS_IND,nfl-chip-lohmiller,Chip Lohmiller,WAS,IND,5,5,2,2,"21,27",https://media.eagles.1rmg.com/wp-content/uploads/2022/02/28151222/1994.pdf
1994-10-23,1994,8,REG,1994_08_WAS_IND,nfl-dean-biasucci,Dean Biasucci,IND,WAS,3,3,2,2,"50,28",https://media.eagles.1rmg.com/wp-content/uploads/2022/02/28151222/1994.pdf
1994-10-30,1994,9,REG,1994_09_CLE_DEN,nfl-jason-elam,Jason Elam,DEN,CLE,2,2,2,2,"27,32",https://media.eagles.1rmg.com/wp-content/uploads/2022/02/28151222/1994.pdf
1994-10-30,1994,9,REG,1994_09_DAL_CIN,nfl-chris-boniol,Chris Boniol,DAL,CIN,2,2,3,4,"37,43,38",https://media.eagles.1rmg.com/wp-content/uploads/2022/02/28151222/1994.pdf
1994-10-30,1994,9,REG,1994_09_DAL_CIN,nfl-doug-pelfrey,Doug Pelfrey,CIN,DAL,2,2,2,2,"22,33",https://media.eagles.1rmg.com/wp-content/uploads/2022/02/28151222/1994.pdf
1994-10-30,1994,9,REG,1994_09_DET_NYG,nfl-jason-hanson-2,Jason Hanson,DET,NYG,2,2,2,2,"31,24",https://media.eagles.1rmg.com/wp-content/uploads/2022/02/28151222/1994.pdf
1994-10-30,1994,9,REG,1994_09_KC_BUF,nfl-steve-christie,Steve Christie,BUF,KC,5,5,3,3,"49,26,24",https://media.eagles.1rmg.com/wp-content/uploads/2022/02/28151222/1994.pdf
1994-10-30,1994,9,REG,1994_09_MIA_NE,nfl-pete-stoyanovich,Pete Stoyanovich,MIA,NE,2,2,3,3,"44,50,48",https://media.eagles.1rmg.com/wp-content/uploads/2022/02/28151222/1994.pdf
1994-10-30,1994,9,REG,1994_09_MIN_TB,nfl-fuad-reveiz,Fuad Reveiz,MIN,TB,3,3,5,5,"36,21,48,38,35",https://media.eagles.1rmg.com/wp-content/uploads/2022/02/28151222/1994.pdf
1994-10-30,1994,9,REG,1994_09_PHI_WAS,nfl-chip-lohmiller,Chip Lohmiller,WAS,PHI,2,2,3,3,"54,23,40",https://media.eagles.1rmg.com/wp-content/uploads/2022/02/28151222/1994.pdf
1994-10-30,1994,9,REG,1994_09_SEA_SD,nfl-john-carney,John Carney,SD,SEA,3,3,2,2,"25,39",https://media.eagles.1rmg.com/wp-content/uploads/2022/02/28151222/1994.pdf
1994-11-06,1994,10,REG,1994_10_BUF_NYJ,nfl-nick-lowery,Nick Lowery,NYJ,BUF,1,2,3,3,"26,45,41",https://media.eagles.1rmg.com/wp-content/uploads/2022/02/28151222/1994.pdf
1994-11-06,1994,10,REG,1994_10_CHI_TB,nfl-kevin-butler,Kevin Butler,CHI,TB,2,2,2,2,"18,37",https://media.eagles.1rmg.com/wp-content/uploads/2022/02/28151222/1994.pdf
1994-11-06,1994,10,REG,1994_10_CHI_TB,nfl-michael-husted,Michael Husted,TB,CHI,0,0,2,3,"33,38",https://media.eagles.1rmg.com/wp-content/uploads/2022/02/28151222/1994.pdf
1994-11-06,1994,10,REG,1994_10_CIN_SEA,nfl-doug-pelfrey,Doug Pelfrey,CIN,SEA,0,0,6,6,"36,44,36,47,28,26",https://media.eagles.1rmg.com/wp-content/uploads/2022/02/28151222/1994.pdf
1994-11-06,1994,10,REG,1994_10_DEN_LA,nfl-jason-elam,Jason Elam,DEN,LA,1,1,2,3,"42,29",https://media.eagles.1rmg.com/wp-content/uploads/2022/02/28151222/1994.pdf
1994-11-06,1994,10,REG,1994_10_IND_MIA,nfl-pete-stoyanovich,Pete Stoyanovich,MIA,IND,1,1,3,4,"33,20,34",https://media.eagles.1rmg.com/wp-content/uploads/2022/02/28151222/1994.pdf
1994-11-06,1994,10,REG,1994_10_NE_CLE,nfl-matt-bahr,Matt Bahr,NE,CLE,0,0,2,2,"20,39",https://media.eagles.1rmg.com/wp-content/uploads/2022/02/28151222/1994.pdf
1994-11-06,1994,10,REG,1994_10_NO_MIN,nfl-morten-andersen,Morten Andersen,NO,MIN,2,2,2,2,"44,26",https://media.eagles.1rmg.com/wp-content/uploads/2022/02/28151222/1994.pdf
1994-11-06,1994,10,REG,1994_10_PIT_HOU,nfl-al-del-greco,Al Del Greco,HOU,PIT,0,0,3,3,"32,49,38",https://media.eagles.1rmg.com/wp-content/uploads/2022/02/28151222/1994.pdf
1994-11-06,1994,10,REG,1994_10_PIT_HOU,nfl-gary-anderson,Gary Anderson,PIT,HOU,0,0,4,4,"50,39,37,40",https://media.eagles.1rmg.com/wp-content/uploads/2022/02/28151222/1994.pdf
1994-11-06,1994,10,REG,1994_10_SD_ATL,nfl-john-carney,John Carney,SD,ATL,0,0,3,4,"50,33,49",https://media.eagles.1rmg.com/wp-content/uploads/2022/02/28151222/1994.pdf
1994-11-06,1994,10,REG,1994_10_SF_WAS,nfl-chip-lohmiller,Chip Lohmiller,WAS,SF,0,0,2,2,"22,23",https://media.eagles.1rmg.com/wp-content/uploads/2022/02/28151222/1994.pdf
1994-11-13,1994,11,REG,1994_11_ATL_NO,nfl-morten-andersen,Morten Andersen,NO,ATL,3,3,2,2,"34,39",https://media.eagles.1rmg.com/wp-content/uploads/2022/02/28151222/1994.pdf
1994-11-13,1994,11,REG,1994_11_ATL_NO,nfl-norm-johnson,Norm Johnson,ATL,NO,2,2,6,6,"23,33,33,31,48,30",https://media.eagles.1rmg.com/wp-content/uploads/2022/02/28151222/1994.pdf
1994-11-13,1994,11,REG,1994_11_CHI_MIA,nfl-pete-stoyanovich,Pete Stoyanovich,MIA,CHI,0,0,2,3,"29,33",https://media.eagles.1rmg.com/wp-content/uploads/2022/02/28151222/1994.pdf
1994-11-13,1994,11,REG,1994_11_HOU_CIN,nfl-doug-pelfrey,Doug Pelfrey,CIN,HOU,4,4,2,2,"50,40",https://media.eagles.1rmg.com/wp-content/uploads/2022/02/28151222/1994.pdf
1994-11-13,1994,11,REG,1994_11_MIN_NE,nfl-fuad-reveiz,Fuad Reveiz,MIN,NE,2,2,2,2,"40,33",https://media.eagles.1rmg.com/wp-content/uploads/2022/02/28151222/1994.pdf
1994-11-13,1994,11,REG,1994_11_MIN_NE,nfl-matt-bahr,Matt Bahr,NE,MIN,2,2,2,3,"38,23",https://media.eagles.1rmg.com/wp-content/uploads/2022/02/28151222/1994.pdf
1994-11-13,1994,11,REG,1994_11_TB_DET,nfl-michael-husted,Michael Husted,TB,DET,0,0,3,4,"20,41,34",https://media.eagles.1rmg.com/wp-content/uploads/2022/02/28151222/1994.pdf
1994-11-20,1994,12,REG,1994_12_DET_CHI,nfl-kevin-butler,Kevin Butler,CHI,DET,2,2,2,2,"28,23",https://media.eagles.1rmg.com/wp-content/uploads/2022/02/28151222/1994.pdf
1994-11-20,1994,12,REG,1994_12_GB_BUF,nfl-steve-christie,Steve Christie,BUF,GB,3,3,2,3,"38,51",https://media.eagles.1rmg.com/wp-content/uploads/2022/02/28151222/1994.pdf
1994-11-20,1994,12,REG,1994_12_IND_CIN,nfl-doug-pelfrey,Doug Pelfrey,CIN,IND,1,1,2,3,"29,46",https://media.eagles.1rmg.com/wp-content/uploads/2022/02/28151222/1994.pdf
1994-11-21,1994,12,REG,1994_12_NYG_HOU,nfl-david-treadwell,David Treadwell,NYG,HOU,1,1,2,2,"26,37",https://media.eagles.1rmg.com/wp-content/uploads/2022/02/28151222/1994.pdf
1994-11-20,1994,12,REG,1994_12_PHI_ARI,nfl-eddie-murray,Eddie Murray,PHI,ARI,0,0,2,2,"26,30",https://media.eagles.1rmg.com/wp-content/uploads/2022/02/28151222/1994.pdf
1994-11-20,1994,12,REG,1994_12_PHI_ARI,nfl-greg-davis,Greg Davis,ARI,PHI,0,0,4,4,"24,24,24,39",https://media.eagles.1rmg.com/wp-content/uploads/2022/02/28151222/1994.pdf
1994-11-20,1994,12,REG,1994_12_SD_NE,nfl-matt-bahr,Matt Bahr,NE,SD,2,2,3,5,"39,38,23",https://media.eagles.1rmg.com/wp-content/uploads/2022/02/28151222/1994.pdf
1994-11-20,1994,12,REG,1994_12_TB_SEA,nfl-michael-husted,Michael Husted,TB,SEA,1,1,2,2,"30,35",https://media.eagles.1rmg.com/wp-content/uploads/2022/02/28151222/1994.pdf
1994-11-27,1994,13,REG,1994_13_CHI_ARI,nfl-greg-davis,Greg Davis,ARI,CHI,1,1,3,3,"49,22,47",https://media.eagles.1rmg.com/wp-content/uploads/2022/02/28151222/1994.pdf
1994-11-27,1994,13,REG,1994_13_CHI_ARI,nfl-kevin-butler,Kevin Butler,CHI,ARI,1,1,4,4,"35,52,31,27",https://media.eagles.1rmg.com/wp-content/uploads/2022/02/28151222/1994.pdf
1994-11-27,1994,13,REG,1994_13_CIN_DEN,nfl-doug-pelfrey,Doug Pelfrey,CIN,DEN,1,1,2,3,"43,32",https://media.eagles.1rmg.com/wp-content/uploads/2022/02/28151222/1994.pdf
1994-11-27,1994,13,REG,1994_13_CIN_DEN,nfl-jason-elam,Jason Elam,DEN,CIN,0,0,3,5,"34,33,37",https://media.eagles.1rmg.com/wp-content/uploads/2022/02/28151222/1994.pdf
1994-11-24,1994,13,REG,1994_13_GB_DAL,nfl-chris-boniol,Chris Boniol,DAL,GB,3,3,3,3,"41,37,35",https://media.eagles.1rmg.com/wp-content/uploads/2022/02/28151222/1994.pdf
1994-11-27,1994,13,REG,1994_13_LA_SD,nfl-john-carney,John Carney,SD,LA,2,2,3,3,"31,48,37",https://media.eagles.1rmg.com/wp-content/uploads/2022/02/28151222/1994.pdf
1994-11-27,1994,13,REG,1994_13_NYG_WAS,nfl-chip-lohmiller,Chip Lohmiller,WAS,NYG,1,1,4,4,"43,29,29,46",https://media.eagles.1rmg.com/wp-content/uploads/2022/02/28151222/1994.pdf
1994-11-27,1994,13,REG,1994_13_PHI_ATL,nfl-norm-johnson,Norm Johnson,ATL,PHI,2,2,2,2,"50,40",https://media.eagles.1rmg.com/wp-content/uploads/2022/02/28151222/1994.pdf
1994-11-28,1994,13,REG,1994_13_SF_NO,nfl-doug-brien,Doug Brien,SF,NO,3,3,2,2,"40,48",https://media.eagles.1rmg.com/wp-content/uploads/2022/02/28151222/1994.pdf
1994-11-27,1994,13,REG,1994_13_TB_MIN,nfl-fuad-reveiz,Fuad Reveiz,MIN,TB,0,0,3,3,"23,21,51",https://media.eagles.1rmg.com/wp-content/uploads/2022/02/28151222/1994.pdf
1994-11-27,1994,13,REG,1994_13_TB_MIN,nfl-michael-husted,Michael Husted,TB,MIN,2,2,2,4,"27,22",https://media.eagles.1rmg.com/wp-content/uploads/2022/02/28151222/1994.pdf
1994-12-04,1994,14,REG,1994_14_ARI_HOU,nfl-greg-davis,Greg Davis,ARI,HOU,2,2,2,2,"25,23",https://media.eagles.1rmg.com/wp-content/uploads/2022/02/28151222/1994.pdf
1994-12-01,1994,14,REG,1994_14_CHI_MIN,nfl-fuad-reveiz,Fuad Reveiz,MIN,CHI,1,1,4,4,"45,41,29,38",https://media.eagles.1rmg.com/wp-content/uploads/2022/02/28151222/1994.pdf
1994-12-01,1994,14,REG,1994_14_CHI_MIN,nfl-kevin-butler,Kevin Butler,CHI,MIN,3,3,2,3,"29,33",https://media.eagles.1rmg.com/wp-content/uploads/2022/02/28151222/1994.pdf
1994-12-04,1994,14,REG,1994_14_DAL_PHI,nfl-eddie-murray,Eddie Murray,PHI,DAL,1,1,2,2,"22,19",https://media.eagles.1rmg.com/wp-content/uploads/2022/02/28151222/1994.pdf
1994-12-04,1994,14,REG,1994_14_DEN_KC,nfl-jason-elam,Jason Elam,DEN,KC,2,2,2,2,"34,34",https://media.eagles.1rmg.com/wp-content/uploads/2022/02/28151222/1994.pdf
1994-12-04,1994,14,REG,1994_14_GB_DET,nfl-jason-hanson-2,Jason Hanson,DET,GB,4,4,2,2,"27,34",https://media.eagles.1rmg.com/wp-content/uploads/2022/02/28151222/1994.pdf
1994-12-04,1994,14,REG,1994_14_NYJ_NE,nfl-nick-lowery,Nick Lowery,NYJ,NE,1,1,2,2,"46,26",https://media.eagles.1rmg.com/wp-content/uploads/2022/02/28151222/1994.pdf
1994-12-04,1994,14,REG,1994_14_WAS_TB,nfl-michael-husted,Michael Husted,TB,WAS,2,2,2,2,"53,22",https://media.eagles.1rmg.com/wp-content/uploads/2022/02/28151222/1994.pdf
1994-12-11,1994,15,REG,1994_15_CHI_GB,nfl-chris-jacke,Chris Jacke,GB,CHI,4,4,4,4,"39,24,20,29",https://media.eagles.1rmg.com/wp-content/uploads/2022/02/28151222/1994.pdf
1994-12-11,1994,15,REG,1994_15_CIN_NYG,nfl-brad-daluiso,Brad Daluiso,NYG,CIN,3,3,2,2,"52,33",https://media.eagles.1rmg.com/wp-content/uploads/2022/02/28151222/1994.pdf
1994-12-11,1994,15,REG,1994_15_CIN_NYG,nfl-doug-pelfrey,Doug Pelfrey,CIN,NYG,2,2,2,3,"38,23",https://media.eagles.1rmg.com/wp-content/uploads/2022/02/28151222/1994.pdf
1994-12-10,1994,15,REG,1994_15_DET_NYJ,nfl-jason-hanson-2,Jason Hanson,DET,NYJ,0,1,4,4,"37,49,48,23",https://media.eagles.1rmg.com/wp-content/uploads/2022/02/28151222/1994.pdf
1994-12-11,1994,15,REG,1994_15_IND_NE,nfl-dean-biasucci,Dean Biasucci,IND,NE,1,1,2,2,"27,47",https://media.eagles.1rmg.com/wp-content/uploads/2022/02/28151222/1994.pdf
1994-12-11,1994,15,REG,1994_15_MIN_BUF,nfl-fuad-reveiz,Fuad Reveiz,MIN,BUF,0,0,5,5,"30,38,30,25,22",https://media.eagles.1rmg.com/wp-content/uploads/2022/02/28151222/1994.pdf
1994-12-11,1994,15,REG,1994_15_NO_ATL,nfl-morten-andersen,Morten Andersen,NO,ATL,2,2,5,5,"45,33,31,34,35",https://media.eagles.1rmg.com/wp-content/uploads/2022/02/28151222/1994.pdf
1994-12-11,1994,15,REG,1994_15_NO_ATL,nfl-norm-johnson,Norm Johnson,ATL,NO,2,2,2,2,"42,21",https://media.eagles.1rmg.com/wp-content/uploads/2022/02/28151222/1994.pdf
1994-12-11,1994,15,REG,1994_15_WAS_ARI,nfl-chip-lohmiller,Chip Lohmiller,WAS,ARI,0,0,3,4,"34,31,21",https://media.eagles.1rmg.com/wp-content/uploads/2022/02/28151222/1994.pdf
1994-12-19,1994,16,REG,1994_16_DAL_NO,nfl-morten-andersen,Morten Andersen,NO,DAL,1,1,3,4,"21,32,29",https://media.eagles.1rmg.com/wp-content/uploads/2022/02/28151222/1994.pdf
1994-12-17,1994,16,REG,1994_16_DEN_SF,nfl-jason-elam,Jason Elam,DEN,SF,1,1,2,2,"28,45",https://media.eagles.1rmg.com/wp-content/uploads/2022/02/28151222/1994.pdf
1994-12-18,1994,16,REG,1994_16_LA_CHI,nfl-kevin-butler,Kevin Butler,CHI,LA,3,3,2,2,"41,30",https://media.eagles.1rmg.com/wp-content/uploads/2022/02/28151222/1994.pdf
1994-12-18,1994,16,REG,1994_16_MIA_IND,nfl-pete-stoyanovich,Pete Stoyanovich,MIA,IND,0,0,2,2,"33,19",https://media.eagles.1rmg.com/wp-content/uploads/2022/02/28151222/1994.pdf
1994-12-17,1994,16,REG,1994_16_MIN_DET,nfl-fuad-reveiz,Fuad Reveiz,MIN,DET,1,1,4,4,"34,26,37,48",https://media.eagles.1rmg.com/wp-content/uploads/2022/02/28151222/1994.pdf
1994-12-17,1994,16,REG,1994_16_MIN_DET,nfl-jason-hanson-2,Jason Hanson,DET,MIN,5,5,2,2,"39,41",https://media.eagles.1rmg.com/wp-content/uploads/2022/02/28151222/1994.pdf
1994-12-18,1994,16,REG,1994_16_NE_BUF,nfl-matt-bahr,Matt Bahr,NE,BUF,5,5,2,2,"33,20",https://media.eagles.1rmg.com/wp-content/uploads/2022/02/28151222/1994.pdf
1994-12-18,1994,16,REG,1994_16_NYG_PHI,nfl-brad-daluiso,Brad Daluiso,NYG,PHI,1,1,3,3,"47,19,18",https://media.eagles.1rmg.com/wp-content/uploads/2022/02/28151222/1994.pdf
1994-12-18,1994,16,REG,1994_16_NYG_PHI,nfl-eddie-murray,Eddie Murray,PHI,NYG,1,1,2,3,"32,42",https://media.eagles.1rmg.com/wp-content/uploads/2022/02/28151222/1994.pdf
1994-12-24,1994,17,REG,1994_17_ARI_ATL,nfl-greg-davis,Greg Davis,ARI,ATL,0,0,2,2,"22,49",https://media.eagles.1rmg.com/wp-content/uploads/2022/02/28151222/1994.pdf
1994-12-24,1994,17,REG,1994_17_BUF_IND,nfl-steve-christie,Steve Christie,BUF,IND,0,0,3,5,"20,21,24",https://media.eagles.1rmg.com/wp-content/uploads/2022/02/28151222/1994.pdf
1994-12-24,1994,17,REG,1994_17_DAL_NYG,nfl-brad-daluiso,Brad Daluiso,NYG,DAL,1,1,2,2,"38,30",https://media.eagles.1rmg.com/wp-content/uploads/2022/02/28151222/1994.pdf
1994-12-25,1994,17,REG,1994_17_DET_MIA,nfl-jason-hanson-2,Jason Hanson,DET,MIA,2,2,2,2,"32,40",https://media.eagles.1rmg.com/wp-content/uploads/2022/02/28151222/1994.pdf
1994-12-25,1994,17,REG,1994_17_DET_MIA,nfl-pete-stoyanovich,Pete Stoyanovich,MIA,DET,3,3,2,2,"40,45",https://media.eagles.1rmg.com/wp-content/uploads/2022/02/28151222/1994.pdf
1994-12-24,1994,17,REG,1994_17_GB_TB,nfl-chris-jacke,Chris Jacke,GB,TB,4,4,2,2,"38,18",https://media.eagles.1rmg.com/wp-content/uploads/2022/02/28151222/1994.pdf
1994-12-24,1994,17,REG,1994_17_GB_TB,nfl-michael-husted,Michael Husted,TB,GB,1,1,2,2,"38,27",https://media.eagles.1rmg.com/wp-content/uploads/2022/02/28151222/1994.pdf
1994-12-24,1994,17,REG,1994_17_NE_CHI,nfl-matt-bahr,Matt Bahr,NE,CHI,1,1,2,3,"29,22",https://media.eagles.1rmg.com/wp-content/uploads/2022/02/28151222/1994.pdf
1994-12-24,1994,17,REG,1994_17_NO_DEN,nfl-jason-elam,Jason Elam,DEN,NO,2,2,2,2,"32,30",https://media.eagles.1rmg.com/wp-content/uploads/2022/02/28151222/1994.pdf
1994-12-24,1994,17,REG,1994_17_NO_DEN,nfl-morten-andersen,Morten Andersen,NO,DEN,3,3,3,5,"26,37,40",https://media.eagles.1rmg.com/wp-content/uploads/2022/02/28151222/1994.pdf
1994-12-24,1994,17,REG,1994_17_NYJ_HOU,nfl-al-del-greco,Al Del Greco,HOU,NYJ,1,1,3,3,"28,50,42",https://media.eagles.1rmg.com/wp-content/uploads/2022/02/28151222/1994.pdf
1994-12-24,1994,17,REG,1994_17_PHI_CIN,nfl-doug-pelfrey,Doug Pelfrey,CIN,PHI,3,3,4,4,"18,36,22,54",https://media.eagles.1rmg.com/wp-content/uploads/2022/02/28151222/1994.pdf
1994-12-24,1994,17,REG,1994_17_PIT_SD,nfl-gary-anderson,Gary Anderson,PIT,SD,2,2,2,2,"28,28",https://media.eagles.1rmg.com/wp-content/uploads/2022/02/28151222/1994.pdf
1994-12-24,1994,17,REG,1994_17_PIT_SD,nfl-john-carney,John Carney,SD,PIT,4,4,3,3,"37,40,32",https://media.eagles.1rmg.com/wp-content/uploads/2022/02/28151222/1994.pdf
1994-12-26,1994,17,REG,1994_17_SF_MIN,nfl-fuad-reveiz,Fuad Reveiz,MIN,SF,1,1,2,2,"48,27",https://media.eagles.1rmg.com/wp-content/uploads/2022/02/28151222/1994.pdf
1995-09-10,1995,2,REG,1995_02_IND_NYJ,nfl-mike-cofer,Mike Cofer,IND,NYJ,3,3,2,4,"20,52",https://media.eagles.1rmg.com/wp-content/uploads/2022/02/28151420/1995.pdf
1995-09-10,1995,2,REG,1995_02_NO_STL,nfl-chip-lohmiller,Chip Lohmiller,NO,STL,1,1,2,3,"33,34",https://media.eagles.1rmg.com/wp-content/uploads/2022/02/28151420/1995.pdf
1995-09-17,1995,3,REG,1995_03_ATL_NO,nfl-morten-andersen,Morten Andersen,ATL,NO,1,1,4,4,"19,33,46,21",https://media.eagles.1rmg.com/wp-content/uploads/2022/02/28151420/1995.pdf
1995-09-17,1995,3,REG,1995_03_SD_PHI,nfl-john-carney,John Carney,SD,PHI,3,3,2,2,"35,21",https://media.eagles.1rmg.com/wp-content/uploads/2022/02/28151420/1995.pdf
1995-09-24,1995,4,REG,1995_04_ARI_DAL,nfl-chris-boniol,Chris Boniol,DAL,ARI,4,4,2,2,"25,30",https://media.eagles.1rmg.com/wp-content/uploads/2022/02/28151420/1995.pdf
1995-09-24,1995,4,REG,1995_04_ARI_DAL,nfl-greg-davis,Greg Davis,ARI,DAL,2,2,2,3,"31,19",https://media.eagles.1rmg.com/wp-content/uploads/2022/02/28151420/1995.pdf
1995-09-24,1995,4,REG,1995_04_CHI_STL,nfl-steve-mclaughlin,Steve McLaughlin,STL,CHI,4,4,2,2,"45,25",https://media.eagles.1rmg.com/wp-content/uploads/2022/02/28151420/1995.pdf
1995-09-24,1995,4,REG,1995_04_DEN_SD,nfl-jason-elam,Jason Elam,DEN,SD,0,0,2,2,"23,52",https://media.eagles.1rmg.com/wp-content/uploads/2022/02/28151420/1995.pdf
1995-10-01,1995,5,REG,1995_05_DAL_WAS,nfl-chris-boniol,Chris Boniol,DAL,WAS,2,2,3,3,"32,34,23",https://media.eagles.1rmg.com/wp-content/uploads/2022/02/28151420/1995.pdf
1995-10-01,1995,5,REG,1995_05_DAL_WAS,nfl-eddie-murray,Eddie Murray,WAS,DAL,3,3,2,2,"38,46",https://media.eagles.1rmg.com/wp-content/uploads/2022/02/28151420/1995.pdf
1995-10-01,1995,5,REG,1995_05_JAX_HOU,nfl-al-del-greco,Al Del Greco,HOU,JAX,1,1,3,4,"29,53,32",https://media.eagles.1rmg.com/wp-content/uploads/2022/02/28151420/1995.pdf
1995-10-01,1995,5,REG,1995_05_NYG_SF,nfl-brad-daluiso,Brad Daluiso,NYG,SF,0,0,2,3,"37,32",https://media.eagles.1rmg.com/wp-content/uploads/2022/02/28151420/1995.pdf
1995-10-01,1995,5,REG,1995_05_OAK_NYJ,nfl-cole-ford,Cole Ford,OAK,NYJ,5,6,2,2,"29,26",https://media.eagles.1rmg.com/wp-content/uploads/2022/02/28151420/1995.pdf
1995-10-01,1995,5,REG,1995_05_PHI_NO,nfl-gary-anderson,Gary Anderson,PHI,NO,0,0,5,5,"20,43,36,37,42",https://media.eagles.1rmg.com/wp-content/uploads/2022/02/28151420/1995.pdf
1995-10-01,1995,5,REG,1995_05_TB_CAR,nfl-michael-husted,Michael Husted,TB,CAR,2,2,2,3,"25,27",https://media.eagles.1rmg.com/wp-content/uploads/2022/02/28151420/1995.pdf
1995-10-08,1995,6,REG,1995_06_GB_DAL,nfl-chris-boniol,Chris Boniol,DAL,GB,4,4,2,2,"24,35",https://media.eagles.1rmg.com/wp-content/uploads/2022/02/28151420/1995.pdf
1995-10-08,1995,6,REG,1995_06_HOU_MIN,nfl-al-del-greco,Al Del Greco,HOU,MIN,0,0,3,3,"19,50,44",https://media.eagles.1rmg.com/wp-content/uploads/2022/02/28151420/1995.pdf
1995-10-08,1995,6,REG,1995_06_IND_MIA,nfl-cary-blanchard,Cary Blanchard,IND,MIA,3,3,2,2,"21,27",https://media.eagles.1rmg.com/wp-content/uploads/2022/02/28151420/1995.pdf
1995-10-08,1995,6,REG,1995_06_PIT_JAX,nfl-mike-hollis,Mike Hollis,JAX,PIT,2,2,2,2,"53,32",https://media.eagles.1rmg.com/wp-content/uploads/2022/02/28151420/1995.pdf
1995-10-08,1995,6,REG,1995_06_PIT_JAX,nfl-norm-johnson,Norm Johnson,PIT,JAX,1,1,3,3,"41,19,22",https://media.eagles.1rmg.com/wp-content/uploads/2022/02/28151420/1995.pdf
1995-10-09,1995,6,REG,1995_06_SD_KC,nfl-john-carney,John Carney,SD,KC,2,2,3,3,"20,36,29",https://media.eagles.1rmg.com/wp-content/uploads/2022/02/28151420/1995.pdf
1995-10-08,1995,6,REG,1995_06_WAS_PHI,nfl-eddie-murray,Eddie Murray,WAS,PHI,4,4,2,3,"36,46",https://media.eagles.1rmg.com/wp-content/uploads/2022/02/28151420/1995.pdf
1995-10-08,1995,6,REG,1995_06_WAS_PHI,nfl-gary-anderson,Gary Anderson,PHI,WAS,4,4,3,3,"40,43,35",https://media.eagles.1rmg.com/wp-content/uploads/2022/02/28151420/1995.pdf
1995-10-12,1995,7,REG,1995_07_ATL_STL,nfl-tony-zendejas,Tony Zendejas,ATL,STL,0,0,2,3,"40,45",https://media.eagles.1rmg.com/wp-content/uploads/2022/02/28151420/1995.pdf
1995-10-15,1995,7,REG,1995_07_CHI_JAX,nfl-mike-hollis,Mike Hollis,JAX,CHI,3,3,2,4,"49,40",https://media.eagles.1rmg.com/wp-content/uploads/2022/02/28151420/1995.pdf
1995-10-15,1995,7,REG,1995_07_NE_KC,nfl-matt-bahr,Matt Bahr,NE,KC,2,2,2,2,"29,20",https://media.eagles.1rmg.com/wp-content/uploads/2022/02/28151420/1995.pdf
1995-10-16,1995,7,REG,1995_07_OAK_DEN,nfl-jason-elam,Jason Elam,DEN,OAK,1,1,4,4,"30,32,33,37",https://media.eagles.1rmg.com/wp-content/uploads/2022/02/28151420/1995.pdf
1995-10-15,1995,7,REG,1995_07_SF_IND,nfl-cary-blanchard,Cary Blanchard,IND,SF,0,0,4,4,"32,46,45,41",https://media.eagles.1rmg.com/wp-content/uploads/2022/02/28151420/1995.pdf
1995-10-19,1995,8,REG,1995_08_CIN_PIT,nfl-norm-johnson,Norm Johnson,PIT,CIN,0,0,3,5,"25,28,38",https://media.eagles.1rmg.com/wp-content/uploads/2022/02/28151420/1995.pdf
1995-10-22,1995,8,REG,1995_08_DET_WAS,nfl-jason-hanson-2,Jason Hanson,DET,WAS,3,3,3,3,"42,20,39",https://media.eagles.1rmg.com/wp-content/uploads/2022/02/28151420/1995.pdf
1995-10-22,1995,8,REG,1995_08_IND_OAK,nfl-jeff-jaeger,Jeff Jaeger,OAK,IND,3,3,3,4,"28,24,35",https://media.eagles.1rmg.com/wp-content/uploads/2022/02/28151420/1995.pdf
1995-10-22,1995,8,REG,1995_08_NO_CAR,nfl-john-kasay,John Kasay,CAR,NO,2,2,2,2,"45,37",https://media.eagles.1rmg.com/wp-content/uploads/2022/02/28151420/1995.pdf
1995-10-22,1995,8,REG,1995_08_SD_SEA,nfl-todd-peterson-2,Todd Peterson,SEA,SD,1,1,2,2,"48,27",https://media.eagles.1rmg.com/wp-content/uploads/2022/02/28151420/1995.pdf
1995-10-29,1995,9,REG,1995_09_BUF_MIA,nfl-pete-stoyanovich,Pete Stoyanovich,MIA,BUF,2,2,3,3,"24,33,22",https://media.eagles.1rmg.com/wp-content/uploads/2022/02/28151420/1995.pdf
1995-10-29,1995,9,REG,1995_09_BUF_MIA,nfl-steve-christie,Steve Christie,BUF,MIA,0,0,2,2,"33,32",https://media.eagles.1rmg.com/wp-content/uploads/2022/02/28151420/1995.pdf
1995-10-29,1995,9,REG,1995_09_CAR_NE,nfl-john-kasay,John Kasay,CAR,NE,2,2,2,4,"27,29",https://media.eagles.1rmg.com/wp-content/uploads/2022/02/28151420/1995.pdf
1995-10-30,1995,9,REG,1995_09_CHI_MIN,nfl-fuad-reveiz,Fuad Reveiz,MIN,CHI,0,0,2,2,"22,43",https://media.eagles.1rmg.com/wp-content/uploads/2022/02/28151420/1995.pdf
1995-10-29,1995,9,REG,1995_09_CLE_CIN,nfl-doug-pelfrey,Doug Pelfrey,CIN,CLE,2,2,2,3,"37,41",https://media.eagles.1rmg.com/wp-content/uploads/2022/02/28151420/1995.pdf
1995-10-29,1995,9,REG,1995_09_DAL_ATL,nfl-morten-andersen,Morten Andersen,ATL,DAL,1,1,2,2,"21,40",https://media.eagles.1rmg.com/wp-content/uploads/2022/02/28151420/1995.pdf
1995-10-29,1995,9,REG,1995_09_GB_DET,nfl-chris-jacke,Chris Jacke,GB,DET,1,1,3,3,"20,50,28",https://media.eagles.1rmg.com/wp-content/uploads/2022/02/28151420/1995.pdf
1995-10-29,1995,9,REG,1995_09_NYG_WAS,nfl-eddie-murray,Eddie Murray,WAS,NYG,0,0,3,3,"47,52,27",https://media.eagles.1rmg.com/wp-content/uploads/2022/02/28151420/1995.pdf
1995-10-29,1995,9,REG,1995_09_STL_PHI,nfl-gary-anderson,Gary Anderson,PHI,STL,2,2,2,2,"20,36",https://media.eagles.1rmg.com/wp-content/uploads/2022/02/28151420/1995.pdf
1995-10-29,1995,9,REG,1995_09_TB_HOU,nfl-al-del-greco,Al Del Greco,HOU,TB,1,1,4,5,"19,45,41,39",https://media.eagles.1rmg.com/wp-content/uploads/2022/02/28151420/1995.pdf
1995-11-05,1995,10,REG,1995_10_ARI_DEN,nfl-greg-davis,Greg Davis,ARI,DEN,0,0,2,3,"31,20",https://media.eagles.1rmg.com/wp-content/uploads/2022/02/28151420/1995.pdf
1995-11-05,1995,10,REG,1995_10_BUF_IND,nfl-steve-christie,Steve Christie,BUF,IND,1,1,3,5,"39,23,33",https://media.eagles.1rmg.com/wp-content/uploads/2022/02/28151420/1995.pdf
1995-11-05,1995,10,REG,1995_10_CAR_SF,nfl-john-kasay,John Kasay,CAR,SF,1,1,2,2,"39,47",https://media.eagles.1rmg.com/wp-content/uploads/2022/02/28151420/1995.pdf
1995-11-05,1995,10,REG,1995_10_DET_ATL,nfl-morten-andersen,Morten Andersen,ATL,DET,2,2,2,4,"32,47",https://media.eagles.1rmg.com/wp-content/uploads/2022/02/28151420/1995.pdf
1995-11-05,1995,10,REG,1995_10_GB_MIN,nfl-chris-jacke,Chris Jacke,GB,MIN,1,1,3,3,"42,50,46",https://media.eagles.1rmg.com/wp-content/uploads/2022/02/28151420/1995.pdf
1995-11-05,1995,10,REG,1995_10_GB_MIN,nfl-fuad-reveiz,Fuad Reveiz,MIN,GB,3,3,2,3,"36,39",https://media.eagles.1rmg.com/wp-content/uploads/2022/02/28151420/1995.pdf
1995-11-05,1995,10,REG,1995_10_HOU_CLE,nfl-al-del-greco,Al Del Greco,HOU,CLE,4,4,3,3,"44,45,37",https://media.eagles.1rmg.com/wp-content/uploads/2022/02/28151420/1995.pdf
1995-11-05,1995,10,REG,1995_10_MIA_SD,nfl-john-carney,John Carney,SD,MIA,0,0,2,2,"33,39",https://media.eagles.1rmg.com/wp-content/uploads/2022/02/28151420/1995.pdf
1995-11-05,1995,10,REG,1995_10_NE_NYJ,nfl-matt-bahr,Matt Bahr,NE,NYJ,2,2,2,2,"41,29",https://media.eagles.1rmg.com/wp-content/uploads/2022/02/28151420/1995.pdf
1995-11-05,1995,10,REG,1995_10_NYG_SEA,nfl-todd-peterson-2,Todd Peterson,SEA,NYG,3,3,3,3,"23,41,32",https://media.eagles.1rmg.com/wp-content/uploads/2022/02/28151420/1995.pdf
1995-11-06,1995,10,REG,1995_10_PHI_DAL,nfl-chris-boniol,Chris Boniol,DAL,PHI,4,4,2,2,"42,37",https://media.eagles.1rmg.com/wp-content/uploads/2022/02/28151420/1995.pdf
1995-11-06,1995,10,REG,1995_10_PHI_DAL,nfl-gary-anderson,Gary Anderson,PHI,DAL,0,0,2,2,"36,37",https://media.eagles.1rmg.com/wp-content/uploads/2022/02/28151420/1995.pdf
1995-11-05,1995,10,REG,1995_10_PIT_CHI,nfl-kevin-butler,Kevin Butler,CHI,PIT,4,4,2,3,"40,27",https://media.eagles.1rmg.com/wp-content/uploads/2022/02/28151420/1995.pdf
1995-11-05,1995,10,REG,1995_10_PIT_CHI,nfl-norm-johnson,Norm Johnson,PIT,CHI,4,4,3,3,"40,46,24",https://media.eagles.1rmg.com/wp-content/uploads/2022/02/28151420/1995.pdf
1995-11-12,1995,11,REG,1995_11_ATL_BUF,nfl-steve-christie,Steve Christie,BUF,ATL,2,2,3,3,"23,38,21",https://media.eagles.1rmg.com/wp-content/uploads/2022/02/28151420/1995.pdf
1995-11-12,1995,11,REG,1995_11_CIN_HOU,nfl-al-del-greco,Al Del Greco,HOU,CIN,1,1,4,4,"40,34,34,23",https://media.eagles.1rmg.com/wp-content/uploads/2022/02/28151420/1995.pdf
1995-11-12,1995,11,REG,1995_11_CIN_HOU,nfl-doug-pelfrey,Doug Pelfrey,CIN,HOU,3,3,3,3,"33,49,27",https://media.eagles.1rmg.com/wp-content/uploads/2022/02/28151420/1995.pdf
1995-11-12,1995,11,REG,1995_11_DEN_PHI,nfl-jason-elam,Jason Elam,DEN,PHI,1,1,2,2,"44,48",https://media.eagles.1rmg.com/wp-content/uploads/2022/02/28151420/1995.pdf
1995-11-12,1995,11,REG,1995_11_MIN_ARI,nfl-greg-davis,Greg Davis,ARI,MIN,1,1,3,3,"39,44,44",https://media.eagles.1rmg.com/wp-content/uploads/2022/02/28151420/1995.pdf
1995-11-12,1995,11,REG,1995_11_NE_MIA,nfl-matt-bahr,Matt Bahr,NE,MIA,4,4,2,3,"55,47",https://media.eagles.1rmg.com/wp-content/uploads/2022/02/28151420/1995.pdf
1995-11-12,1995,11,REG,1995_11_SEA_JAX,nfl-mike-hollis,Mike Hollis,JAX,SEA,3,3,3,3,"26,50,29",https://media.eagles.1rmg.com/wp-content/uploads/2022/02/28151420/1995.pdf
1995-11-12,1995,11,REG,1995_11_SF_DAL,nfl-chris-boniol,Chris Boniol,DAL,SF,2,2,2,2,"26,37",https://media.eagles.1rmg.com/wp-content/uploads/2022/02/28151420/1995.pdf
1995-11-12,1995,11,REG,1995_11_TB_DET,nfl-jason-hanson-2,Jason Hanson,DET,TB,3,3,2,3,"29,18",https://media.eagles.1rmg.com/wp-content/uploads/2022/02/28151420/1995.pdf
1995-11-19,1995,12,REG,1995_12_ARI_CAR,nfl-john-kasay,John Kasay,CAR,ARI,3,3,2,3,"42,30",https://media.eagles.1rmg.com/wp-content/uploads/2022/02/28151420/1995.pdf
1995-11-19,1995,12,REG,1995_12_BUF_NYJ,nfl-nick-lowery,Nick Lowery,NYJ,BUF,2,2,2,2,"30,35",https://media.eagles.1rmg.com/wp-content/uploads/2022/02/28151420/1995.pdf
1995-11-19,1995,12,REG,1995_12_DAL_OAK,nfl-chris-boniol,Chris Boniol,DAL,OAK,4,4,2,2,"26,38",https://media.eagles.1rmg.com/wp-content/uploads/2022/02/28151420/1995.pdf
1995-11-19,1995,12,REG,1995_12_NO_MIN,nfl-fuad-reveiz,Fuad Reveiz,MIN,NO,4,4,3,3,"37,20,19",https://media.eagles.1rmg.com/wp-content/uploads/2022/02/28151420/1995.pdf
1995-11-19,1995,12,REG,1995_12_SD_DEN,nfl-jason-elam,Jason Elam,DEN,SD,3,3,3,4,"20,35,32",https://media.eagles.1rmg.com/wp-content/uploads/2022/02/28151420/1995.pdf
1995-11-19,1995,12,REG,1995_12_SD_DEN,nfl-john-carney,John Carney,SD,DEN,3,3,2,2,"29,32",https://media.eagles.1rmg.com/wp-content/uploads/2022/02/28151420/1995.pdf
1995-11-19,1995,12,REG,1995_12_SEA_WAS,nfl-eddie-murray,Eddie Murray,WAS,SEA,2,2,2,2,"18,48",https://media.eagles.1rmg.com/wp-content/uploads/2022/02/28151420/1995.pdf
1995-11-19,1995,12,REG,1995_12_SEA_WAS,nfl-todd-peterson-2,Todd Peterson,SEA,WAS,3,3,2,3,"39,47",https://media.eagles.1rmg.com/wp-content/uploads/2022/02/28151420/1995.pdf
1995-11-20,1995,12,REG,1995_12_SF_MIA,nfl-jeff-wilkins,Jeff Wilkins,SF,MIA,5,5,3,3,"33,31,20",https://media.eagles.1rmg.com/wp-content/uploads/2022/02/28151420/1995.pdf
1995-11-26,1995,13,REG,1995_13_ATL_ARI,nfl-greg-davis,Greg Davis,ARI,ATL,4,4,4,5,"44,29,23,28",https://media.eagles.1rmg.com/wp-content/uploads/2022/02/28151420/1995.pdf
1995-11-26,1995,13,REG,1995_13_CHI_NYG,nfl-kevin-butler,Kevin Butler,CHI,NYG,3,3,2,3,"34,37",https://media.eagles.1rmg.com/wp-content/uploads/2022/02/28151420/1995.pdf
1995-11-26,1995,13,REG,1995_13_CIN_JAX,nfl-mike-hollis,Mike Hollis,JAX,CIN,1,1,2,4,"36,39",https://media.eagles.1rmg.com/wp-content/uploads/2022/02/28151420/1995.pdf
1995-11-26,1995,13,REG,1995_13_DEN_HOU,nfl-jason-elam,Jason Elam,DEN,HOU,3,3,2,3,"56,35",https://media.eagles.1rmg.com/wp-content/uploads/2022/02/28151420/1995.pdf
1995-11-26,1995,13,REG,1995_13_MIA_IND,nfl-cary-blanchard,Cary Blanchard,IND,MIA,4,4,2,2,"29,31",https://media.eagles.1rmg.com/wp-content/uploads/2022/02/28151420/1995.pdf
1995-11-23,1995,13,REG,1995_13_MIN_DET,nfl-jason-hanson-2,Jason Hanson,DET,MIN,5,5,3,4,"32,40,39",https://media.eagles.1rmg.com/wp-content/uploads/2022/02/28151420/1995.pdf
1995-11-26,1995,13,REG,1995_13_NE_BUF,nfl-matt-bahr,Matt Bahr,NE,BUF,3,3,2,2,"29,43",https://media.eagles.1rmg.com/wp-content/uploads/2022/02/28151420/1995.pdf
1995-11-26,1995,13,REG,1995_13_NE_BUF,nfl-steve-christie,Steve Christie,BUF,NE,1,2,2,2,"51,48",https://media.eagles.1rmg.com/wp-content/uploads/2022/02/28151420/1995.pdf
1995-11-27,1995,13,REG,1995_13_OAK_SD,nfl-jeff-jaeger,Jeff Jaeger,OAK,SD,0,0,2,2,"30,26",https://media.eagles.1rmg.com/wp-content/uploads/2022/02/28151420/1995.pdf
1995-11-27,1995,13,REG,1995_13_OAK_SD,nfl-john-carney,John Carney,SD,OAK,0,0,4,5,"39,24,28,38",https://media.eagles.1rmg.com/wp-content/uploads/2022/02/28151420/1995.pdf
1995-11-26,1995,13,REG,1995_13_STL_SF,nfl-jeff-wilkins,Jeff Wilkins,SF,STL,5,5,2,2,"35,19",https://media.eagles.1rmg.com/wp-content/uploads/2022/02/28151420/1995.pdf
1995-11-26,1995,13,REG,1995_13_TB_GB,nfl-michael-husted,Michael Husted,TB,GB,1,1,2,2,"19,48",https://media.eagles.1rmg.com/wp-content/uploads/2022/02/28151420/1995.pdf
1995-12-03,1995,14,REG,1995_14_BUF_SF,nfl-jeff-wilkins,Jeff Wilkins,SF,BUF,3,3,2,3,"20,40",https://media.eagles.1rmg.com/wp-content/uploads/2022/02/28151420/1995.pdf
1995-12-04,1995,14,REG,1995_14_CHI_DET,nfl-jason-hanson-2,Jason Hanson,DET,CHI,3,3,2,2,"42,36",https://media.eagles.1rmg.com/wp-content/uploads/2022/02/28151420/1995.pdf
1995-12-03,1995,14,REG,1995_14_IND_CAR,nfl-john-kasay,John Kasay,CAR,IND,1,1,2,3,"34,38",https://media.eagles.1rmg.com/wp-content/uploads/2022/02/28151420/1995.pdf
1995-11-30,1995,14,REG,1995_14_NYG_ARI,nfl-greg-davis,Greg Davis,ARI,NYG,0,0,2,2,"44,28",https://media.eagles.1rmg.com/wp-content/uploads/2022/02/28151420/1995.pdf
1995-12-03,1995,14,REG,1995_14_PHI_SEA,nfl-todd-peterson-2,Todd Peterson,SEA,PHI,2,2,4,4,"47,35,37,45",https://media.eagles.1rmg.com/wp-content/uploads/2022/02/28151420/1995.pdf
1995-12-10,1995,15,REG,1995_15_BUF_STL,nfl-dean-biasucci,Dean Biasucci,STL,BUF,1,1,4,4,"28,37,51,25",https://media.eagles.1rmg.com/wp-content/uploads/2022/02/28151420/1995.pdf
1995-12-10,1995,15,REG,1995_15_CHI_CIN,nfl-doug-pelfrey,Doug Pelfrey,CIN,CHI,1,1,3,4,"28,37,39",https://media.eagles.1rmg.com/wp-content/uploads/2022/02/28151420/1995.pdf
1995-12-09,1995,15,REG,1995_15_CLE_MIN,nfl-fuad-reveiz,Fuad Reveiz,MIN,CLE,3,3,2,3,"23,28",https://media.eagles.1rmg.com/wp-content/uploads/2022/02/28151420/1995.pdf
1995-12-10,1995,15,REG,1995_15_DAL_PHI,nfl-gary-anderson,Gary Anderson,PHI,DAL,0,0,4,4,"42,27,38,42",https://media.eagles.1rmg.com/wp-content/uploads/2022/02/28151420/1995.pdf
1995-12-10,1995,15,REG,1995_15_GB_TB,nfl-michael-husted,Michael Husted,TB,GB,1,1,2,2,"38,47",https://media.eagles.1rmg.com/wp-content/uploads/2022/02/28151420/1995.pdf
1995-12-10,1995,15,REG,1995_15_IND_JAX,nfl-cary-blanchard,Cary Blanchard,IND,JAX,5,5,2,2,"22,44",https://media.eagles.1rmg.com/wp-content/uploads/2022/02/28151420/1995.pdf
1995-12-11,1995,15,REG,1995_15_KC_MIA,nfl-pete-stoyanovich,Pete Stoyanovich,MIA,KC,1,1,2,2,"33,33",https://media.eagles.1rmg.com/wp-content/uploads/2022/02/28151420/1995.pdf
1995-12-10,1995,15,REG,1995_15_NO_ATL,nfl-morten-andersen,Morten Andersen,ATL,NO,1,1,4,4,"25,51,55,55",https://media.eagles.1rmg.com/wp-content/uploads/2022/02/28151420/1995.pdf
1995-12-10,1995,15,REG,1995_15_PIT_OAK,nfl-norm-johnson,Norm Johnson,PIT,OAK,2,2,5,5,"41,35,32,20,22",https://media.eagles.1rmg.com/wp-content/uploads/2022/02/28151420/1995.pdf
1995-12-10,1995,15,REG,1995_15_SEA_DEN,nfl-jason-elam,Jason Elam,DEN,SEA,3,3,2,3,"29,46",https://media.eagles.1rmg.com/wp-content/uploads/2022/02/28151420/1995.pdf
1995-12-10,1995,15,REG,1995_15_WAS_NYG,nfl-brad-daluiso,Brad Daluiso,NYG,WAS,2,2,2,2,"36,42",https://media.eagles.1rmg.com/wp-content/uploads/2022/02/28151420/1995.pdf
1995-12-10,1995,15,REG,1995_15_WAS_NYG,nfl-eddie-murray,Eddie Murray,WAS,NYG,1,1,2,4,"34,30",https://media.eagles.1rmg.com/wp-content/uploads/2022/02/28151420/1995.pdf
1995-12-17,1995,16,REG,1995_16_ARI_PHI,nfl-greg-davis,Greg Davis,ARI,PHI,0,0,4,5,"37,35,37,35",https://media.eagles.1rmg.com/wp-content/uploads/2022/02/28151420/1995.pdf
1995-12-16,1995,16,REG,1995_16_GB_NO,nfl-chris-jacke,Chris Jacke,GB,NO,4,4,2,2,"47,20",https://media.eagles.1rmg.com/wp-content/uploads/2022/02/28151420/1995.pdf
1995-12-17,1995,16,REG,1995_16_JAX_DET,nfl-jason-hanson-2,Jason Hanson,DET,JAX,5,5,3,3,"38,39,33",https://media.eagles.1rmg.com/wp-content/uploads/2022/02/28151420/1995.pdf
1995-12-17,1995,16,REG,1995_16_MIA_BUF,nfl-pete-stoyanovich,Pete Stoyanovich,MIA,BUF,2,2,2,2,"50,30",https://media.eagles.1rmg.com/wp-content/uploads/2022/02/28151420/1995.pdf
1995-12-17,1995,16,REG,1995_16_MIA_BUF,nfl-steve-christie,Steve Christie,BUF,MIA,2,2,3,3,"20,24,25",https://media.eagles.1rmg.com/wp-content/uploads/2022/02/28151420/1995.pdf
1995-12-18,1995,16,REG,1995_16_MIN_SF,nfl-fuad-reveiz,Fuad Reveiz,MIN,SF,3,3,3,3,"29,43,38",https://media.eagles.1rmg.com/wp-content/uploads/2022/02/28151420/1995.pdf
1995-12-17,1995,16,REG,1995_16_NYG_DAL,nfl-brad-daluiso,Brad Daluiso,NYG,DAL,2,2,2,3,"20,27",https://media.eagles.1rmg.com/wp-content/uploads/2022/02/28151420/1995.pdf
1995-12-17,1995,16,REG,1995_16_NYG_DAL,nfl-chris-boniol,Chris Boniol,DAL,NYG,0,0,5,5,"27,32,23,45,35",https://media.eagles.1rmg.com/wp-content/uploads/2022/02/28151420/1995.pdf
1995-12-17,1995,16,REG,1995_16_NYJ_HOU,nfl-al-del-greco,Al Del Greco,HOU,NYJ,2,2,3,3,"49,53,24",https://media.eagles.1rmg.com/wp-content/uploads/2022/02/28151420/1995.pdf
1995-12-17,1995,16,REG,1995_16_OAK_SEA,nfl-todd-peterson-2,Todd Peterson,SEA,OAK,5,5,3,3,"39,19,38",https://media.eagles.1rmg.com/wp-content/uploads/2022/02/28151420/1995.pdf
1995-12-17,1995,16,REG,1995_16_SD_IND,nfl-cary-blanchard,Cary Blanchard,IND,SD,1,1,3,4,"36,42,50",https://media.eagles.1rmg.com/wp-content/uploads/2022/02/28151420/1995.pdf
1995-12-17,1995,16,REG,1995_16_SD_IND,nfl-john-carney,John Carney,SD,IND,3,3,2,4,"33,43",https://media.eagles.1rmg.com/wp-content/uploads/2022/02/28151420/1995.pdf
1995-12-24,1995,17,REG,1995_17_CAR_WAS,nfl-eddie-murray,Eddie Murray,WAS,CAR,2,2,2,2,"29,32",https://media.eagles.1rmg.com/wp-content/uploads/2022/02/28151420/1995.pdf
1995-12-24,1995,17,REG,1995_17_CLE_JAX,nfl-mike-hollis,Mike Hollis,JAX,CLE,1,1,3,3,"42,20,34",https://media.eagles.1rmg.com/wp-content/uploads/2022/02/28151420/1995.pdf
1995-12-25,1995,17,REG,1995_17_DAL_ARI,nfl-chris-boniol,Chris Boniol,DAL,ARI,4,4,3,3,"39,23,24",https://media.eagles.1rmg.com/wp-content/uploads/2022/02/28151420/1995.pdf
1995-12-25,1995,17,REG,1995_17_DAL_ARI,nfl-greg-davis,Greg Davis,ARI,DAL,1,1,2,2,"21,23",https://media.eagles.1rmg.com/wp-content/uploads/2022/02/28151420/1995.pdf
1995-12-24,1995,17,REG,1995_17_DEN_OAK,nfl-jason-elam,Jason Elam,DEN,OAK,2,2,3,4,"45,27,37",https://media.eagles.1rmg.com/wp-content/uploads/2022/02/28151420/1995.pdf
1995-12-23,1995,17,REG,1995_17_DET_TB,nfl-jason-hanson-2,Jason Hanson,DET,TB,4,4,3,3,"33,39,45",https://media.eagles.1rmg.com/wp-content/uploads/2022/02/28151420/1995.pdf
1995-12-24,1995,17,REG,1995_17_HOU_BUF,nfl-al-del-greco,Al Del Greco,HOU,BUF,2,2,2,2,"39,33",https://media.eagles.1rmg.com/wp-content/uploads/2022/02/28151420/1995.pdf
1995-12-24,1995,17,REG,1995_17_MIA_STL,nfl-dean-biasucci,Dean Biasucci,STL,MIA,1,1,3,4,"42,27,38",https://media.eagles.1rmg.com/wp-content/uploads/2022/02/28151420/1995.pdf
1995-12-24,1995,17,REG,1995_17_MIA_STL,nfl-pete-stoyanovich,Pete Stoyanovich,MIA,STL,5,5,2,2,"33,48",https://media.eagles.1rmg.com/wp-content/uploads/2022/02/28151420/1995.pdf
1995-12-24,1995,17,REG,1995_17_MIN_CIN,nfl-doug-pelfrey,Doug Pelfrey,CIN,MIN,3,3,2,2,"44,51",https://media.eagles.1rmg.com/wp-content/uploads/2022/02/28151420/1995.pdf
1995-12-24,1995,17,REG,1995_17_PHI_CHI,nfl-kevin-butler,Kevin Butler,CHI,PHI,2,2,2,4,"27,28",https://media.eagles.1rmg.com/wp-content/uploads/2022/02/28151420/1995.pdf
1995-12-24,1995,17,REG,1995_17_PIT_GB,nfl-norm-johnson,Norm Johnson,PIT,GB,1,1,2,2,"33,25",https://media.eagles.1rmg.com/wp-content/uploads/2022/02/28151420/1995.pdf
1995-12-23,1995,17,REG,1995_17_SD_NYG,nfl-john-carney,John Carney,SD,NYG,3,3,2,2,"30,45",https://media.eagles.1rmg.com/wp-content/uploads/2022/02/28151420/1995.pdf
1995-12-24,1995,17,REG,1995_17_SF_ATL,nfl-jeff-wilkins,Jeff Wilkins,SF,ATL,3,3,2,2,"39,32",https://media.eagles.1rmg.com/wp-content/uploads/2022/02/28151420/1995.pdf
1995-12-24,1995,17,REG,1995_17_SF_ATL,nfl-morten-andersen,Morten Andersen,ATL,SF,1,1,3,3,"52,28,59",https://media.eagles.1rmg.com/wp-content/uploads/2022/02/28151420/1995.pdf
1996-09-01,1996,1,REG,1996_01_CIN_STL,nfl-chip-lohmiller,Chip Lohmiller,STL,CIN,2,2,4,5,"42,20,29,20",https://media.eagles.1rmg.com/wp-content/uploads/2022/02/28151433/1996.pdf
1996-09-01,1996,1,REG,1996_01_CIN_STL,nfl-doug-pelfrey,Doug Pelfrey,CIN,STL,1,1,3,3,"27,35,47",https://media.eagles.1rmg.com/wp-content/uploads/2022/02/28151433/1996.pdf
1996-11-10,1996,11,REG,1996_11_ARI_WAS,nfl-scott-blanton,Scott Blanton,WAS,ARI,4,4,2,3,"53,24",https://media.eagles.1rmg.com/wp-content/uploads/2022/02/28151433/1996.pdf
1996-11-10,1996,11,REG,1996_11_CHI_DEN,nfl-jeff-jaeger,Jeff Jaeger,CHI,DEN,0,0,2,2,"35,48",https://media.eagles.1rmg.com/wp-content/uploads/2022/02/28151433/1996.pdf
1996-11-11,1996,11,REG,1996_11_DET_SD,nfl-john-carney,John Carney,SD,DET,3,3,2,3,"29,20",https://media.eagles.1rmg.com/wp-content/uploads/2022/02/28151433/1996.pdf
1996-11-10,1996,11,REG,1996_11_GB_KC,nfl-chris-jacke,Chris Jacke,GB,KC,2,2,2,2,"24,49",https://media.eagles.1rmg.com/wp-content/uploads/2022/02/28151433/1996.pdf
1996-11-10,1996,11,REG,1996_11_GB_KC,nfl-pete-stoyanovich,Pete Stoyanovich,KC,GB,3,3,2,2,"26,22",https://media.eagles.1rmg.com/wp-content/uploads/2022/02/28151433/1996.pdf
1996-11-10,1996,11,REG,1996_11_HOU_NO,nfl-doug-brien,Doug Brien,NO,HOU,0,0,2,2,"29,49",https://media.eagles.1rmg.com/wp-content/uploads/2022/02/28151433/1996.pdf
1996-11-10,1996,11,REG,1996_11_IND_MIA,nfl-cary-blanchard,Cary Blanchard,IND,MIA,1,1,2,2,"48,22",https://media.eagles.1rmg.com/wp-content/uploads/2022/02/28151433/1996.pdf
1996-11-10,1996,11,REG,1996_11_OAK_TB,nfl-michael-husted,Michael Husted,TB,OAK,2,2,2,3,"44,23",https://media.eagles.1rmg.com/wp-content/uploads/2022/02/28151433/1996.pdf
1996-11-17,1996,12,REG,1996_12_DEN_NE,nfl-jason-elam,Jason Elam,DEN,NE,4,4,2,3,"28,47",https://media.eagles.1rmg.com/wp-content/uploads/2022/02/28151433/1996.pdf
1996-11-18,1996,12,REG,1996_12_GB_DAL,nfl-chris-boniol,Chris Boniol,DAL,GB,0,0,7,7,"45,37,42,45,35,39,28",https://media.eagles.1rmg.com/wp-content/uploads/2022/02/28151433/1996.pdf
1996-11-17,1996,12,REG,1996_12_MIA_HOU,nfl-al-del-greco,Al Del Greco,HOU,MIA,2,2,2,2,"30,33",https://media.eagles.1rmg.com/wp-content/uploads/2022/02/28151433/1996.pdf
1996-11-17,1996,12,REG,1996_12_NYJ_IND,nfl-cary-blanchard,Cary Blanchard,IND,NYJ,2,2,4,4,"25,49,37,50",https://media.eagles.1rmg.com/wp-content/uploads/2022/02/28151433/1996.pdf
1996-11-17,1996,12,REG,1996_12_SEA_DET,nfl-todd-peterson-2,Todd Peterson,SEA,DET,1,1,3,4,"24,25,21",https://media.eagles.1rmg.com/wp-content/uploads/2022/02/28151433/1996.pdf
1996-11-17,1996,12,REG,1996_12_TB_SD,nfl-michael-husted,Michael Husted,TB,SD,1,1,4,5,"33,29,27,19",https://media.eagles.1rmg.com/wp-content/uploads/2022/02/28151433/1996.pdf
1996-11-17,1996,12,REG,1996_12_WAS_PHI,nfl-scott-blanton,Scott Blanton,WAS,PHI,2,2,4,4,"37,22,30,33",https://media.eagles.1rmg.com/wp-content/uploads/2022/02/28151433/1996.pdf
1996-11-24,1996,13,REG,1996_13_CAR_HOU,nfl-al-del-greco,Al Del Greco,HOU,CAR,0,0,2,2,"24,45",https://media.eagles.1rmg.com/wp-content/uploads/2022/02/28151433/1996.pdf
1996-11-24,1996,13,REG,1996_13_DAL_NYG,nfl-brad-daluiso,Brad Daluiso,NYG,DAL,2,2,2,2,"45,46",https://media.eagles.1rmg.com/wp-content/uploads/2022/02/28151433/1996.pdf
1996-11-24,1996,13,REG,1996_13_DAL_NYG,nfl-chris-boniol,Chris Boniol,DAL,NYG,0,0,2,2,"31,37",https://media.eagles.1rmg.com/wp-content/uploads/2022/02/28151433/1996.pdf
1996-11-24,1996,13,REG,1996_13_SF_WAS,nfl-jeff-wilkins,Jeff Wilkins,SF,WAS,1,1,4,5,"19,48,44,38",https://media.eagles.1rmg.com/wp-content/uploads/2022/02/28151433/1996.pdf
1996-12-01,1996,14,REG,1996_14_BUF_IND,nfl-cary-blanchard,Cary Blanchard,IND,BUF,1,1,2,4,"25,49",https://media.eagles.1rmg.com/wp-content/uploads/2022/02/28151433/1996.pdf
1996-12-01,1996,14,REG,1996_14_CIN_JAX,nfl-mike-hollis,Mike Hollis,JAX,CIN,1,1,5,5,"25,46,40,39,20",https://media.eagles.1rmg.com/wp-content/uploads/2022/02/28151433/1996.pdf
1996-12-01,1996,14,REG,1996_14_SEA_DEN,nfl-jason-elam,Jason Elam,DEN,SEA,4,4,2,2,"44,18",https://media.eagles.1rmg.com/wp-content/uploads/2022/02/28151433/1996.pdf
1996-12-02,1996,14,REG,1996_14_SF_ATL,nfl-jeff-wilkins,Jeff Wilkins,SF,ATL,2,2,4,4,"39,26,43,23",https://media.eagles.1rmg.com/wp-content/uploads/2022/02/28151433/1996.pdf
1996-12-01,1996,14,REG,1996_14_STL_NO,nfl-chip-lohmiller,Chip Lohmiller,STL,NO,2,2,4,4,"35,32,49,27",https://media.eagles.1rmg.com/wp-content/uploads/2022/02/28151433/1996.pdf
1996-12-08,1996,15,REG,1996_15_DEN_GB,nfl-jason-elam,Jason Elam,DEN,GB,0,0,2,2,"40,39",https://media.eagles.1rmg.com/wp-content/uploads/2022/02/28151433/1996.pdf
1996-12-08,1996,15,REG,1996_15_MIN_DET,nfl-jason-hanson-2,Jason Hanson,DET,MIN,1,1,3,4,"30,48,31",https://media.eagles.1rmg.com/wp-content/uploads/2022/02/28151433/1996.pdf
1996-12-08,1996,15,REG,1996_15_NYJ_NE,nfl-adam-vinatieri,Adam Vinatieri,NE,NYJ,4,4,2,2,"19,41",https://media.eagles.1rmg.com/wp-content/uploads/2022/02/28151433/1996.pdf
1996-12-05,1996,15,REG,1996_15_PHI_IND,nfl-cary-blanchard,Cary Blanchard,IND,PHI,4,4,3,3,"30,42,51",https://media.eagles.1rmg.com/wp-content/uploads/2022/02/28151433/1996.pdf
1996-12-15,1996,16,REG,1996_16_CIN_HOU,nfl-al-del-greco,Al Del Greco,HOU,CIN,1,1,2,3,"46,42",https://media.eagles.1rmg.com/wp-content/uploads/2022/02/28151433/1996.pdf
1996-12-15,1996,16,REG,1996_16_IND_KC,nfl-pete-stoyanovich,Pete Stoyanovich,KC,IND,1,1,2,2,"30,30",https://media.eagles.1rmg.com/wp-content/uploads/2022/02/28151433/1996.pdf
1996-12-15,1996,16,REG,1996_16_NE_DAL,nfl-adam-vinatieri,Adam Vinatieri,NE,DAL,0,0,2,2,"21,30",https://media.eagles.1rmg.com/wp-content/uploads/2022/02/28151433/1996.pdf
1996-12-15,1996,16,REG,1996_16_NE_DAL,nfl-chris-boniol,Chris Boniol,DAL,NE,0,0,4,4,"23,36,35,29",https://media.eagles.1rmg.com/wp-content/uploads/2022/02/28151433/1996.pdf
1996-12-15,1996,16,REG,1996_16_OAK_DEN,nfl-cole-ford,Cole Ford,OAK,DEN,1,1,2,2,"38,35",https://media.eagles.1rmg.com/wp-content/uploads/2022/02/28151433/1996.pdf
1996-12-15,1996,16,REG,1996_16_STL_ATL,nfl-chip-lohmiller,Chip Lohmiller,STL,ATL,4,4,2,2,"25,25",https://media.eagles.1rmg.com/wp-content/uploads/2022/02/28151433/1996.pdf
1996-12-15,1996,16,REG,1996_16_STL_ATL,nfl-morten-andersen,Morten Andersen,ATL,STL,3,3,2,2,"34,31",https://media.eagles.1rmg.com/wp-content/uploads/2022/02/28151433/1996.pdf
1996-12-15,1996,16,REG,1996_16_WAS_ARI,nfl-scott-blanton,Scott Blanton,WAS,ARI,2,2,4,4,"20,22,23,35",https://media.eagles.1rmg.com/wp-content/uploads/2022/02/28151433/1996.pdf
1996-12-22,1996,17,REG,1996_17_ARI_PHI,nfl-gary-anderson,Gary Anderson,PHI,ARI,2,2,5,5,"23,22,43,26,39",https://media.eagles.1rmg.com/wp-content/uploads/2022/02/28151433/1996.pdf
1996-12-22,1996,17,REG,1996_17_ARI_PHI,nfl-kevin-butler,Kevin Butler,ARI,PHI,1,2,2,3,"41,41",https://media.eagles.1rmg.com/wp-content/uploads/2022/02/28151433/1996.pdf
1996-12-22,1996,17,REG,1996_17_DAL_WAS,nfl-scott-blanton,Scott Blanton,WAS,DAL,4,4,3,3,"45,29,18",https://media.eagles.1rmg.com/wp-content/uploads/2022/02/28151433/1996.pdf
1996-12-22,1996,17,REG,1996_17_DEN_SD,nfl-john-carney,John Carney,SD,DEN,1,1,3,3,"50,21,22",https://media.eagles.1rmg.com/wp-content/uploads/2022/02/28151433/1996.pdf
1996-12-21,1996,17,REG,1996_17_NO_STL,nfl-doug-brien,Doug Brien,NO,STL,1,1,2,2,"43,35",https://media.eagles.1rmg.com/wp-content/uploads/2022/02/28151433/1996.pdf
1997-09-14,1997,3,REG,1997_03_ARI_WAS,nfl-kevin-butler,Kevin Butler,ARI,WAS,1,1,2,3,"32,47",https://media.eagles.1rmg.com/wp-content/uploads/2022/02/28151436/1997.pdf
1997-09-14,1997,3,REG,1997_03_ARI_WAS,nfl-scott-blanton,Scott Blanton,WAS,ARI,1,1,2,4,"20,19",https://media.eagles.1rmg.com/wp-content/uploads/2022/02/28151436/1997.pdf
1997-11-09,1997,11,REG,1997_11_SEA_SD,nfl-todd-peterson-2,Todd Peterson,SEA,SD,4,4,3,3,"27,28,27",https://media.eagles.1rmg.com/wp-content/uploads/2022/02/28151436/1997.pdf
1970-09-28,1970,2,REG,1970_02_KC_BAL,nfl-jan-stenerud,Jan Stenerud,KC,BAL,5,5,3,3,"28,17,48",https://media.eagles.1rmg.com/wp-content/uploads/2022/02/28145216/1970.pdf
1970-10-03,1970,3,REG,1970_03_OAK_MIA,nfl-garo-yepremian,Garo Yepremian,MIA,OAK,2,2,2,3,"47,40",https://media.eagles.1rmg.com/wp-content/uploads/2022/02/28145216/1970.pdf
1970-10-11,1970,4,REG,1970_04_ATL_DAL,nfl-mike-clark-2,Mike Clark,DAL,ATL,1,1,2,3,"19,10",https://media.eagles.1rmg.com/wp-content/uploads/2022/02/28145216/1970.pdf
1970-10-12,1970,4,REG,1970_04_GB_SD,nfl-dale-livingston,Dale Livingston,GB,SD,1,2,3,5,"16,27,14",https://media.eagles.1rmg.com/wp-content/uploads/2022/02/28145216/1970.pdf
1970-10-12,1970,4,REG,1970_04_GB_SD,nfl-mike-mercer,Mike Mercer,SD,GB,2,2,2,3,"16,39",https://media.eagles.1rmg.com/wp-content/uploads/2022/02/28145216/1970.pdf
1970-10-25,1970,6,REG,1970_06_DAL_KC,nfl-jan-stenerud,Jan Stenerud,KC,DAL,1,1,3,3,"25,32,22",https://media.eagles.1rmg.com/wp-content/uploads/2022/02/28145216/1970.pdf
1970-10-25,1970,6,REG,1970_06_DAL_KC,nfl-mike-clark-2,Mike Clark,DAL,KC,3,3,2,2,"38,34",https://media.eagles.1rmg.com/wp-content/uploads/2022/02/28145216/1970.pdf
1970-11-15,1970,9,REG,1970_09_ATL_PHI,nfl-ken-vinyard,Ken Vinyard,ATL,PHI,1,1,2,2,"15,32",https://media.eagles.1rmg.com/wp-content/uploads/2022/02/28145216/1970.pdf
1970-11-15,1970,9,REG,1970_09_ATL_PHI,nfl-mark-moseley,Mark Moseley,PHI,ATL,1,1,2,4,"41,17",https://media.eagles.1rmg.com/wp-content/uploads/2022/02/28145216/1970.pdf
1970-11-22,1970,10,REG,1970_10_BAL_MIA,nfl-garo-yepremian,Garo Yepremian,MIA,BAL,4,4,2,2,"43,46",https://media.eagles.1rmg.com/wp-content/uploads/2022/02/28145216/1970.pdf
1970-11-26,1970,11,REG,1970_11_GB_DAL,nfl-mike-clark-2,Mike Clark,DAL,GB,1,1,3,3,"21,12,15",https://media.eagles.1rmg.com/wp-content/uploads/2022/02/28145216/1970.pdf
1970-11-30,1970,11,REG,1970_11_MIA_ATL,nfl-garo-yepremian,Garo Yepremian,MIA,ATL,2,2,2,3,"9,43",https://media.eagles.1rmg.com/wp-content/uploads/2022/02/28145216/1970.pdf
1970-12-05,1970,12,REG,1970_12_CHI_MIN,nfl-fred-cox,Fred Cox,MIN,CHI,1,1,3,4,"21,23,10",https://media.eagles.1rmg.com/wp-content/uploads/2022/02/28145216/1970.pdf
1970-12-05,1970,12,REG,1970_12_CHI_MIN,nfl-mac-percival,Mac Percival,CHI,MIN,1,1,2,2,"33,24",https://media.eagles.1rmg.com/wp-content/uploads/2022/02/28145216/1970.pdf
1970-12-12,1970,13,REG,1970_13_DAL_CLE,nfl-mike-clark-2,Mike Clark,DAL,CLE,0,0,2,3,"39,31",https://media.eagles.1rmg.com/wp-content/uploads/2022/02/28145216/1970.pdf
1971-09-20,1971,1,REG,1971_01_MIN_DET,nfl-errol-mann,Errol Mann,DET,MIN,1,1,2,7,"20,36",https://media.eagles.1rmg.com/wp-content/uploads/2022/02/28145600/1971.pdf
1971-09-20,1971,1,REG,1971_01_MIN_DET,nfl-fred-cox,Fred Cox,MIN,DET,1,1,3,3,"13,42,9",https://media.eagles.1rmg.com/wp-content/uploads/2022/02/28145600/1971.pdf
1971-09-26,1971,2,REG,1971_02_DEN_GB,nfl-jim-turner-2,Jim Turner,DEN,GB,1,1,2,4,"28,41",https://media.eagles.1rmg.com/wp-content/uploads/2022/02/28145600/1971.pdf
1971-10-03,1971,3,REG,1971_03_ATL_DET,nfl-errol-mann,Errol Mann,DET,ATL,5,5,2,2,"18,13",https://media.eagles.1rmg.com/wp-content/uploads/2022/02/28145600/1971.pdf
1971-10-23,1971,6,REG,1971_06_BUF_SD,nfl-dennis-partee,Dennis Partee,SD,BUF,2,2,2,2,"9,10",https://media.eagles.1rmg.com/wp-content/uploads/2022/02/28145600/1971.pdf
1971-10-24,1971,6,REG,1971_06_CHI_DET,nfl-errol-mann,Errol Mann,DET,CHI,2,2,3,3,"28,49,29",https://media.eagles.1rmg.com/wp-content/uploads/2022/02/28145600/1971.pdf
1971-10-24,1971,6,REG,1971_06_GB_LA,nfl-david-ray,David Ray,LA,GB,3,3,3,3,"17,46,27",https://media.eagles.1rmg.com/wp-content/uploads/2022/02/28145600/1971.pdf
1971-11-14,1971,9,REG,1971_09_LA_DET,nfl-errol-mann,Errol Mann,DET,LA,1,1,2,4,"37,13",https://media.eagles.1rmg.com/wp-content/uploads/2022/02/28145600/1971.pdf
1971-11-25,1971,11,REG,1971_11_KC_DET,nfl-errol-mann,Errol Mann,DET,KC,3,3,3,3,"27,28,21",https://media.eagles.1rmg.com/wp-content/uploads/2022/02/28145600/1971.pdf
1971-12-19,1971,14,REG,1971_14_ATL_NO,nfl-charlie-durkee,Charlie Durkee,NO,ATL,2,2,2,2,"30,36",https://media.eagles.1rmg.com/wp-content/uploads/2022/02/28145600/1971.pdf
1971-12-19,1971,14,REG,1971_14_CLE_WAS,nfl-curt-knight,Curt Knight,WAS,CLE,1,1,2,4,"18,35",https://media.eagles.1rmg.com/wp-content/uploads/2022/02/28145600/1971.pdf
1971-12-19,1971,14,REG,1971_14_LA_PIT,nfl-david-ray,David Ray,LA,PIT,2,2,3,4,"15,10,28",https://media.eagles.1rmg.com/wp-content/uploads/2022/02/28145600/1971.pdf
1972-09-17,1972,1,REG,1972_01_NO_LA,nfl-david-ray,David Ray,LA,NO,4,4,2,3,"36,28",https://media.eagles.1rmg.com/wp-content/uploads/2022/02/28145652/1972.pdf
1972-09-24,1972,2,REG,1972_02_LA_CHI,nfl-david-ray,David Ray,LA,CHI,1,1,2,4,"20,45",https://media.eagles.1rmg.com/wp-content/uploads/2022/02/28145652/1972.pdf
1972-09-24,1972,2,REG,1972_02_LA_CHI,nfl-mac-percival,Mac Percival,CHI,LA,1,1,2,3,"19,45",https://media.eagles.1rmg.com/wp-content/uploads/2022/02/28145652/1972.pdf
1972-10-08,1972,4,REG,1972_04_CHI_GB,nfl-chester-marcol,Chester Marcol,GB,CHI,2,2,2,3,"26,37",https://media.eagles.1rmg.com/wp-content/uploads/2022/02/28145652/1972.pdf
1972-10-08,1972,4,REG,1972_04_PIT_DAL,nfl-roy-gerela,Roy Gerela,PIT,DAL,1,1,2,4,"39,39",https://media.eagles.1rmg.com/wp-content/uploads/2022/02/28145652/1972.pdf
1972-10-16,1972,5,REG,1972_05_GB_DET,nfl-errol-mann,Errol Mann,DET,GB,2,2,3,4,"12,45,51",https://media.eagles.1rmg.com/wp-content/uploads/2022/02/28145652/1972.pdf
1972-10-22,1972,6,REG,1972_06_CIN_LA,nfl-david-ray,David Ray,LA,CIN,1,1,2,2,"37,32",https://media.eagles.1rmg.com/wp-content/uploads/2022/02/28145652/1972.pdf
1972-10-23,1972,6,REG,1972_06_MIN_CHI,nfl-mac-percival,Mac Percival,CHI,MIN,1,1,2,2,"21,20",https://media.eagles.1rmg.com/wp-content/uploads/2022/02/28145652/1972.pdf
1972-10-29,1972,7,REG,1972_07_CHI_STL,nfl-mac-percival,Mac Percival,CHI,STL,3,3,2,3,"12,32",https://media.eagles.1rmg.com/wp-content/uploads/2022/02/28145652/1972.pdf
1972-11-05,1972,8,REG,1972_08_CIN_PIT,nfl-roy-gerela,Roy Gerela,PIT,CIN,4,4,2,2,"15,22",https://media.eagles.1rmg.com/wp-content/uploads/2022/02/28145652/1972.pdf
1972-11-19,1972,10,REG,1972_10_BAL_CIN,nfl-horst-muhlmann,Horst Muhlmann,CIN,BAL,1,2,2,2,"40,25",https://media.eagles.1rmg.com/wp-content/uploads/2022/02/28145652/1972.pdf
1972-12-10,1972,13,REG,1972_13_GB_MIN,nfl-chester-marcol,Chester Marcol,GB,MIN,2,2,3,4,"36,42,10",https://media.eagles.1rmg.com/wp-content/uploads/2022/02/28145652/1972.pdf
1972-12-16,1972,14,REG,1972_14_BAL_MIA,nfl-garo-yepremian,Garo Yepremian,MIA,BAL,1,1,3,3,"40,50,35",https://media.eagles.1rmg.com/wp-content/uploads/2022/02/28145652/1972.pdf
1972-12-17,1972,14,REG,1972_14_CIN_HOU,nfl-horst-muhlmann,Horst Muhlmann,CIN,HOU,7,7,4,4,"46,24,51,32",https://media.eagles.1rmg.com/wp-content/uploads/2022/02/28145652/1972.pdf
1973-09-16,1973,1,REG,1973_01_ATL_NO,nfl-nick-mike-mayer,Nick Mike-Mayer,ATL,NO,8,8,2,4,"21,45",https://media.eagles.1rmg.com/wp-content/uploads/2022/02/28145729/1973.pdf
1973-09-17,1973,1,REG,1973_01_NYJ_GB,nfl-chester-marcol,Chester Marcol,GB,NYJ,2,2,3,3,"9,37,10",https://media.eagles.1rmg.com/wp-content/uploads/2022/02/28145729/1973.pdf
1973-10-01,1973,3,REG,1973_03_ATL_DET,nfl-nick-mike-mayer,Nick Mike-Mayer,ATL,DET,0,0,2,2,"48,27",https://media.eagles.1rmg.com/wp-content/uploads/2022/02/28145729/1973.pdf
1973-09-30,1973,3,REG,1973_03_CHI_DEN,nfl-mac-percival,Mac Percival,CHI,DEN,3,3,2,2,"12,10",https://media.eagles.1rmg.com/wp-content/uploads/2022/02/28145729/1973.pdf
1973-09-30,1973,3,REG,1973_03_CHI_DEN,nfl-mirro-roder,Mirro Roder,CHI,DEN,0,0,2,2,"47,42",https://media.eagles.1rmg.com/wp-content/uploads/2022/02/28145729/1973.pdf
1973-10-14,1973,5,REG,1973_05_BAL_BUF,nfl-george-hunt,George Hunt,BAL,BUF,1,1,2,2,"19,22",https://media.eagles.1rmg.com/wp-content/uploads/2022/02/28145729/1973.pdf
1973-10-21,1973,6,REG,1973_06_ATL_SD,nfl-nick-mike-mayer,Nick Mike-Mayer,ATL,SD,5,5,2,2,"43,12",https://media.eagles.1rmg.com/wp-content/uploads/2022/02/28145729/1973.pdf
1973-10-21,1973,6,REG,1973_06_GB_LA,nfl-david-ray,David Ray,LA,GB,2,2,2,3,"44,40",https://media.eagles.1rmg.com/wp-content/uploads/2022/02/28145729/1973.pdf
1973-10-21,1973,6,REG,1973_06_NYJ_PIT,nfl-roy-gerela,Roy Gerela,PIT,NYJ,2,2,4,6,"27,29,36,13",https://media.eagles.1rmg.com/wp-content/uploads/2022/02/28145729/1973.pdf
1973-10-29,1973,7,REG,1973_07_KC_BUF,nfl-john-leypoldt,John Leypoldt,BUF,KC,1,1,3,5,"31,17,8",https://media.eagles.1rmg.com/wp-content/uploads/2022/02/28145729/1973.pdf
1973-11-04,1973,8,REG,1973_08_BUF_NO,nfl-bill-mcclard,Bill McClard,NO,BUF,1,1,2,4,"42,24",https://media.eagles.1rmg.com/wp-content/uploads/2022/02/28145729/1973.pdf
1973-11-05,1973,8,REG,1973_08_WAS_PIT,nfl-curt-knight,Curt Knight,WAS,PIT,1,1,3,4,"30,12,16",https://media.eagles.1rmg.com/wp-content/uploads/2022/02/28145729/1973.pdf
1973-11-12,1973,9,REG,1973_09_CHI_KC,nfl-jan-stenerud,Jan Stenerud,KC,CHI,1,1,4,5,"47,17,43,42",https://media.eagles.1rmg.com/wp-content/uploads/2022/02/28145729/1973.pdf
1973-11-18,1973,10,REG,1973_10_BAL_WAS,nfl-curt-knight,Curt Knight,WAS,BAL,1,1,5,5,"35,18,37,42,29",https://media.eagles.1rmg.com/wp-content/uploads/2022/02/28145729/1973.pdf
1973-11-19,1973,10,REG,1973_10_MIN_ATL,nfl-nick-mike-mayer,Nick Mike-Mayer,ATL,MIN,2,2,2,4,"25,49",https://media.eagles.1rmg.com/wp-content/uploads/2022/02/28145729/1973.pdf
1973-11-25,1973,11,REG,1973_11_ATL_NYJ,nfl-bobby-howfield,Bobby Howfield,NYJ,ATL,2,2,2,2,"14,24",https://media.eagles.1rmg.com/wp-content/uploads/2022/02/28145729/1973.pdf
1973-11-26,1973,11,REG,1973_11_GB_SF,nfl-bruce-gossett,Bruce Gossett,SF,GB,2,2,2,2,"25,22",https://media.eagles.1rmg.com/wp-content/uploads/2022/02/28145729/1973.pdf
1973-11-26,1973,11,REG,1973_11_GB_SF,nfl-chester-marcol,Chester Marcol,GB,SF,0,0,2,2,"35,15",https://media.eagles.1rmg.com/wp-content/uploads/2022/02/28145729/1973.pdf
1973-11-22,1973,11,REG,1973_11_WAS_DET,nfl-curt-knight,Curt Knight,WAS,DET,2,2,2,5,"25,23",https://media.eagles.1rmg.com/wp-content/uploads/2022/02/28145729/1973.pdf
1973-12-03,1973,12,REG,1973_12_PIT_MIA,nfl-garo-yepremian,Garo Yepremian,MIA,PIT,3,3,3,4,"28,46,14",https://media.eagles.1rmg.com/wp-content/uploads/2022/02/28145729/1973.pdf
1973-12-09,1973,13,REG,1973_13_CHI_DET,nfl-errol-mann,Errol Mann,DET,CHI,4,4,2,3,"36,37",https://media.eagles.1rmg.com/wp-content/uploads/2022/02/28145729/1973.pdf
1973-12-16,1973,14,REG,1973_14_CLE_LA,nfl-david-ray,David Ray,LA,CLE,3,3,3,5,"48,27,15",https://media.eagles.1rmg.com/wp-content/uploads/2022/02/28145729/1973.pdf
1973-12-15,1973,14,REG,1973_14_DET_MIA,nfl-garo-yepremian,Garo Yepremian,MIA,DET,4,4,2,2,"27,28",https://media.eagles.1rmg.com/wp-content/uploads/2022/02/28145729/1973.pdf
1974-09-29,1974,3,REG,1974_03_NYJ_BUF,nfl-bobby-howfield,Bobby Howfield,NYJ,BUF,0,0,2,2,"31,40",https://media.eagles.1rmg.com/wp-content/uploads/2022/02/28145810/1974.pdf
1974-10-06,1974,4,REG,1974_04_PIT_HOU,nfl-roy-gerela,Roy Gerela,PIT,HOU,1,1,2,2,"37,27",https://media.eagles.1rmg.com/wp-content/uploads/2022/02/28145810/1974.pdf
1974-10-14,1974,5,REG,1974_05_SF_DET,nfl-bruce-gossett,Bruce Gossett,SF,DET,1,1,2,3,"27,19",https://media.eagles.1rmg.com/wp-content/uploads/2022/02/28145810/1974.pdf
1974-10-21,1974,6,REG,1974_06_GB_CHI,nfl-chester-marcol,Chester Marcol,GB,CHI,0,0,3,3,"34,33,36",https://media.eagles.1rmg.com/wp-content/uploads/2022/02/28145810/1974.pdf
1974-11-04,1974,8,REG,1974_08_LA_SF,nfl-bruce-gossett,Bruce Gossett,SF,LA,1,1,2,3,"46,31",https://media.eagles.1rmg.com/wp-content/uploads/2022/02/28145810/1974.pdf
1974-11-10,1974,9,REG,1974_09_CHI_GB,nfl-chester-marcol,Chester Marcol,GB,CHI,2,2,2,2,"45,24",https://media.eagles.1rmg.com/wp-content/uploads/2022/02/28145810/1974.pdf
1974-11-17,1974,10,REG,1974_10_GB_MIN,nfl-chester-marcol,Chester Marcol,GB,MIN,1,1,4,6,"28,31,19,18",https://media.eagles.1rmg.com/wp-content/uploads/2022/02/28145810/1974.pdf
1974-11-24,1974,11,REG,1974_11_ATL_SF,nfl-bruce-gossett,Bruce Gossett,SF,ATL,3,3,2,3,"20,42",https://media.eagles.1rmg.com/wp-content/uploads/2022/02/28145810/1974.pdf
1974-11-28,1974,12,REG,1974_12_DEN_DET,nfl-errol-mann,Errol Mann,DET,DEN,3,3,2,2,"21,36",https://media.eagles.1rmg.com/wp-content/uploads/2022/02/28145810/1974.pdf
1975-09-21,1975,1,REG,1975_01_ATL_STL,nfl-jim-bakken,Jim Bakken,STL,ATL,2,2,3,3,"22,39,25",https://media.eagles.1rmg.com/wp-content/uploads/2022/02/28145853/1975.pdf
1975-09-21,1975,1,REG,1975_01_PIT_SD,nfl-roy-gerela,Roy Gerela,PIT,SD,4,4,3,3,"29,25,38",https://media.eagles.1rmg.com/wp-content/uploads/2022/02/28145853/1975.pdf
1975-09-29,1975,2,REG,1975_02_GB_DEN,nfl-jim-turner-2,Jim Turner,DEN,GB,2,2,3,3,"35,39,32",https://media.eagles.1rmg.com/wp-content/uploads/2022/02/28145853/1975.pdf
1975-10-13,1975,4,REG,1975_04_STL_WAS,nfl-mark-moseley,Mark Moseley,WAS,STL,3,3,2,3,"47,34",https://media.eagles.1rmg.com/wp-content/uploads/2022/02/28145853/1975.pdf
1975-11-02,1975,7,REG,1975_07_ATL_NO,nfl-richie-szaro,Richie Szaro,NO,ATL,2,2,3,4,"36,47,25",https://media.eagles.1rmg.com/wp-content/uploads/2022/02/28145853/1975.pdf
1975-11-09,1975,8,REG,1975_08_STL_PHI,nfl-horst-muhlmann,Horst Muhlmann,PHI,STL,2,2,3,3,"37,27,25",https://media.eagles.1rmg.com/wp-content/uploads/2022/02/28145853/1975.pdf
1975-11-17,1975,9,REG,1975_09_BUF_CIN,nfl-dave-green,Dave Green,CIN,BUF,3,4,2,3,"28,18",https://media.eagles.1rmg.com/wp-content/uploads/2022/02/28145853/1975.pdf
1975-11-23,1975,10,REG,1975_10_SF_NO,nfl-richie-szaro,Richie Szaro,NO,SF,0,0,2,3,"26,50",https://media.eagles.1rmg.com/wp-content/uploads/2022/02/28145853/1975.pdf
1975-12-07,1975,12,REG,1975_12_LA_NO,nfl-tom-dempsey,Tom Dempsey,LA,NO,0,1,2,2,"47,37",https://media.eagles.1rmg.com/wp-content/uploads/2022/02/28145853/1975.pdf
1975-12-14,1975,13,REG,1975_13_GB_LA,nfl-tom-dempsey,Tom Dempsey,LA,GB,1,2,3,4,"40,39,38",https://media.eagles.1rmg.com/wp-content/uploads/2022/02/28145853/1975.pdf
1975-12-14,1975,13,REG,1975_13_PHI_DEN,nfl-jim-turner-2,Jim Turner,DEN,PHI,1,3,2,2,"47,29",https://media.eagles.1rmg.com/wp-content/uploads/2022/02/28145853/1975.pdf
1975-12-21,1975,14,REG,1975_14_ATL_GB,nfl-joe-danelo,Joe Danelo,GB,ATL,1,2,3,4,"34,30,19",https://media.eagles.1rmg.com/wp-content/uploads/2022/02/28145853/1975.pdf
1975-12-20,1975,14,REG,1975_14_DEN_MIA,nfl-jim-turner-2,Jim Turner,DEN,MIA,1,1,2,4,"39,39",https://media.eagles.1rmg.com/wp-content/uploads/2022/02/28145853/1975.pdf
1976-09-13,1976,1,REG,1976_01_MIA_BUF,nfl-garo-yepremian,Garo Yepremian,MIA,BUF,3,3,3,3,"25,20,30",https://media.eagles.1rmg.com/wp-content/uploads/2022/02/28150027/1976.pdf
1976-10-17,1976,6,REG,1976_06_CHI_LA,nfl-tom-dempsey,Tom Dempsey,LA,CHI,2,2,2,3,"44,37",https://media.eagles.1rmg.com/wp-content/uploads/2022/02/28150027/1976.pdf
1976-10-24,1976,7,REG,1976_07_BAL_NYJ,nfl-toni-linhart,Toni Linhart,BAL,NYJ,2,2,2,2,"24,35",https://media.eagles.1rmg.com/wp-content/uploads/2022/02/28150027/1976.pdf
1976-12-05,1976,13,REG,1976_13_BUF_MIA,nfl-george-jakowenko,George Jakowenko,BUF,MIA,3,3,2,2,"28,49",https://media.eagles.1rmg.com/wp-content/uploads/2022/02/28150027/1976.pdf
1976-12-12,1976,14,REG,1976_14_GB_ATL,nfl-nick-mike-mayer,Nick Mike-Mayer,ATL,GB,2,2,2,2,"19,44",https://media.eagles.1rmg.com/wp-content/uploads/2022/02/28150027/1976.pdf
1977-10-23,1977,6,REG,1977_06_GB_TB,nfl-chester-marcol,Chester Marcol,GB,TB,1,1,2,3,"40,44",https://media.eagles.1rmg.com/wp-content/uploads/2022/02/28150108/1977.pdf
1977-10-23,1977,6,REG,1977_06_SEA_MIA,nfl-john-leypoldt,John Leypoldt,SEA,MIA,1,1,2,2,"19,41",https://media.eagles.1rmg.com/wp-content/uploads/2022/02/28150108/1977.pdf
1977-11-21,1977,10,REG,1977_10_GB_WAS,nfl-chester-marcol,Chester Marcol,GB,WAS,0,0,3,3,"40,42,44",https://media.eagles.1rmg.com/wp-content/uploads/2022/02/28150108/1977.pdf
1977-11-20,1977,10,REG,1977_10_HOU_SEA,nfl-tom-dempsey,Tom Dempsey,HOU,SEA,2,2,2,4,"27,37",https://media.eagles.1rmg.com/wp-content/uploads/2022/02/28150108/1977.pdf
1977-11-28,1977,11,REG,1977_11_BUF_OAK,nfl-carson-long,Carson Long,BUF,OAK,1,1,2,2,"33,40",https://media.eagles.1rmg.com/wp-content/uploads/2022/02/28150108/1977.pdf
1977-11-27,1977,11,REG,1977_11_KC_HOU,nfl-jan-stenerud,Jan Stenerud,KC,HOU,2,2,2,3,"30,26",https://media.eagles.1rmg.com/wp-content/uploads/2022/02/28150108/1977.pdf
1978-09-02,1978,1,REG,1978_01_NYG_TB,nfl-joe-danelo,Joe Danelo,NYG,TB,1,2,2,2,"42,23",https://media.eagles.1rmg.com/wp-content/uploads/2022/02/28150149/1978.pdf
1978-09-24,1978,4,REG,1978_04_LA_HOU,nfl-toni-fritsch,Toni Fritsch,HOU,LA,0,0,2,2,"32,20",https://media.eagles.1rmg.com/wp-content/uploads/2022/02/28150149/1978.pdf
1978-09-24,1978,4,REG,1978_04_NO_CIN,nfl-chris-bahr,Chris Bahr,CIN,NO,1,1,3,4,"20,22,42",https://media.eagles.1rmg.com/wp-content/uploads/2022/02/28150149/1978.pdf
1978-09-24,1978,4,REG,1978_04_NO_CIN,nfl-john-leypoldt,John Leypoldt,NO,CIN,2,2,2,2,"39,27",https://media.eagles.1rmg.com/wp-content/uploads/2022/02/28150149/1978.pdf
1978-10-01,1978,5,REG,1978_05_LA_NO,nfl-frank-corral,Frank Corral,LA,NO,2,3,2,4,"34,39",https://media.eagles.1rmg.com/wp-content/uploads/2022/02/28150149/1978.pdf
1978-10-08,1978,6,REG,1978_06_SF_LA,nfl-frank-corral,Frank Corral,LA,SF,3,3,2,3,"47,38",https://media.eagles.1rmg.com/wp-content/uploads/2022/02/28150149/1978.pdf
1978-10-22,1978,8,REG,1978_08_ATL_SF,nfl-tim-mazzetti,Tim Mazzetti,ATL,SF,2,2,2,3,"21,29",https://media.eagles.1rmg.com/wp-content/uploads/2022/02/28150149/1978.pdf
1978-11-12,1978,11,REG,1978_11_ATL_NO,nfl-tim-mazzetti,Tim Mazzetti,ATL,NO,2,2,2,2,"22,32",https://media.eagles.1rmg.com/wp-content/uploads/2022/02/28150149/1978.pdf
1978-11-12,1978,11,REG,1978_11_DEN_CLE,nfl-jim-turner-2,Jim Turner,DEN,CLE,1,2,2,2,"44,20",https://media.eagles.1rmg.com/wp-content/uploads/2022/02/28150149/1978.pdf
1978-12-04,1978,14,REG,1978_14_CHI_SD,nfl-rolf-benirschke,Rolf Benirschke,SD,CHI,4,5,2,2,"32,44",https://media.eagles.1rmg.com/wp-content/uploads/2022/02/28150149/1978.pdf
1978-12-17,1978,16,REG,1978_16_CLE_CIN,nfl-chris-bahr,Chris Bahr,CIN,CLE,6,6,2,2,"23,49",https://media.eagles.1rmg.com/wp-content/uploads/2022/02/28150149/1978.pdf
1979-09-03,1979,1,REG,1979_01_PIT_NE,nfl-john-smith-2,John Smith,NE,PIT,1,1,2,2,"31,32",https://media.eagles.1rmg.com/wp-content/uploads/2022/02/28150229/1979.pdf
1979-09-23,1979,4,REG,1979_04_HOU_CIN,nfl-chris-bahr,Chris Bahr,CIN,HOU,3,3,2,4,"52,55",https://media.eagles.1rmg.com/wp-content/uploads/2022/02/28150229/1979.pdf
1979-09-23,1979,4,REG,1979_04_HOU_CIN,nfl-toni-fritsch,Toni Fritsch,HOU,CIN,3,3,3,3,"43,47,29",https://media.eagles.1rmg.com/wp-content/uploads/2022/02/28150229/1979.pdf
1979-09-30,1979,5,REG,1979_05_BUF_BAL,nfl-steve-mike-mayer,Steve Mike-Mayer,BAL,BUF,1,1,2,3,"20,33",https://media.eagles.1rmg.com/wp-content/uploads/2022/02/28150229/1979.pdf
1979-10-07,1979,6,REG,1979_06_DAL_MIN,nfl-rick-danmeier,Rick Danmeier,MIN,DAL,2,2,2,2,"37,35",https://media.eagles.1rmg.com/wp-content/uploads/2022/02/28150229/1979.pdf
1979-10-14,1979,7,REG,1979_07_ATL_OAK,nfl-jim-breech,Jim Breech,OAK,ATL,5,6,3,4,"40,30,47",https://media.eagles.1rmg.com/wp-content/uploads/2022/02/28150229/1979.pdf
1979-10-14,1979,7,REG,1979_07_PHI_STL,nfl-steve-little,Steve Little,STL,PHI,2,2,2,3,"27,28",https://media.eagles.1rmg.com/wp-content/uploads/2022/02/28150229/1979.pdf
1979-10-28,1979,9,REG,1979_09_BUF_DET,nfl-nick-mike-mayer,Nick Mike-Mayer,BUF,DET,2,2,2,2,"23,42",https://media.eagles.1rmg.com/wp-content/uploads/2022/02/28150229/1979.pdf
1979-11-05,1979,10,REG,1979_10_HOU_MIA,nfl-toni-fritsch,Toni Fritsch,HOU,MIA,0,0,3,4,"46,48,39",https://media.eagles.1rmg.com/wp-content/uploads/2022/02/28150229/1979.pdf
1979-11-05,1979,10,REG,1979_10_HOU_MIA,nfl-uwe-von-schamann,Uwe von Schamann,MIA,HOU,0,0,2,2,"32,51",https://media.eagles.1rmg.com/wp-content/uploads/2022/02/28150229/1979.pdf
1979-11-18,1979,12,REG,1979_12_BAL_NE,nfl-john-smith-2,John Smith,NE,BAL,5,6,3,3,"24,29,42",https://media.eagles.1rmg.com/wp-content/uploads/2022/02/28150229/1979.pdf
1979-11-18,1979,12,REG,1979_12_GB_BUF,nfl-nick-mike-mayer,Nick Mike-Mayer,BUF,GB,1,1,4,5,"37,34,31,32",https://media.eagles.1rmg.com/wp-content/uploads/2022/02/28150229/1979.pdf
1979-11-18,1979,12,REG,1979_12_GB_BUF,nfl-tom-birney,Tom Birney,GB,BUF,0,1,2,2,"25,32",https://media.eagles.1rmg.com/wp-content/uploads/2022/02/28150229/1979.pdf
1979-11-25,1979,13,REG,1979_13_BUF_NE,nfl-john-smith-2,John Smith,NE,BUF,1,1,2,3,"47,32",https://media.eagles.1rmg.com/wp-content/uploads/2022/02/28150229/1979.pdf
1979-11-22,1979,13,REG,1979_13_CHI_DET,nfl-benny-ricardo,Benny Ricardo,DET,CHI,2,2,2,2,"35,29",https://media.eagles.1rmg.com/wp-content/uploads/2022/02/28150229/1979.pdf
1979-11-25,1979,13,REG,1979_13_LA_SF,nfl-frank-corral,Frank Corral,LA,SF,2,3,2,3,"23,24",https://media.eagles.1rmg.com/wp-content/uploads/2022/02/28150229/1979.pdf
1979-11-25,1979,13,REG,1979_13_LA_SF,nfl-ray-wersching,Ray Wersching,SF,LA,2,2,2,3,"43,19",https://media.eagles.1rmg.com/wp-content/uploads/2022/02/28150229/1979.pdf
1979-12-02,1979,14,REG,1979_14_CIN_PIT,nfl-matt-bahr,Matt Bahr,PIT,CIN,4,4,3,3,"43,23,32",https://media.eagles.1rmg.com/wp-content/uploads/2022/02/28150229/1979.pdf
1979-12-09,1979,15,REG,1979_15_LA_ATL,nfl-frank-corral,Frank Corral,LA,ATL,4,4,2,3,"18,24",https://media.eagles.1rmg.com/wp-content/uploads/2022/02/28150229/1979.pdf
1970-09-20,1970,1,REG,1970_01_DEN_BUF,nfl-bobby-howfield,Bobby Howfield,DEN,BUF,2,2,3,4,"27,48,31",https://media.eagles.1rmg.com/wp-content/uploads/2022/02/28145216/1970.pdf
1970-09-27,1970,2,REG,1970_02_MIA_HOU,nfl-garo-yepremian,Garo Yepremian,MIA,HOU,2,2,2,3,"31,42",https://media.eagles.1rmg.com/wp-content/uploads/2022/02/28145216/1970.pdf
1970-09-27,1970,2,REG,1970_02_NO_MIN,nfl-fred-cox,Fred Cox,MIN,NO,2,2,4,6,"22,14,15,47",https://media.eagles.1rmg.com/wp-content/uploads/2022/02/28145216/1970.pdf
1970-09-27,1970,2,REG,1970_02_OAK_SD,nfl-mike-mercer,Mike Mercer,SD,OAK,3,3,2,2,"48,39",https://media.eagles.1rmg.com/wp-content/uploads/2022/02/28145216/1970.pdf
1970-09-27,1970,2,REG,1970_02_PHI_CHI,nfl-mac-percival,Mac Percival,CHI,PHI,2,2,2,3,"17,36",https://media.eagles.1rmg.com/wp-content/uploads/2022/02/28145216/1970.pdf
1970-10-04,1970,3,REG,1970_03_HOU_CIN,nfl-horst-muhlmann,Horst Muhlmann,CIN,HOU,1,1,2,3,"51,36",https://media.eagles.1rmg.com/wp-content/uploads/2022/02/28145216/1970.pdf
1970-10-04,1970,3,REG,1970_03_MIN_GB,nfl-dale-livingston,Dale Livingston,GB,MIN,1,1,2,2,"28,33",https://media.eagles.1rmg.com/wp-content/uploads/2022/02/28145216/1970.pdf
1970-10-04,1970,3,REG,1970_03_NYJ_BUF,nfl-grant-guthrie,Grant Guthrie,BUF,NYJ,4,4,2,2,"10,40",https://media.eagles.1rmg.com/wp-content/uploads/2022/02/28145216/1970.pdf
1970-10-04,1970,3,REG,1970_03_WAS_PHI,nfl-curt-knight,Curt Knight,WAS,PHI,3,3,4,5,"26,44,12,22",https://media.eagles.1rmg.com/wp-content/uploads/2022/02/28145216/1970.pdf
1970-10-11,1970,4,REG,1970_04_DEN_OAK,nfl-bobby-howfield,Bobby Howfield,DEN,OAK,2,2,3,3,"23,47,34",https://media.eagles.1rmg.com/wp-content/uploads/2022/02/28145216/1970.pdf
1970-10-11,1970,4,REG,1970_04_PHI_NYG,nfl-pete-gogolak,Pete Gogolak,NYG,PHI,3,3,3,3,"15,45,40",https://media.eagles.1rmg.com/wp-content/uploads/2022/02/28145216/1970.pdf
1970-10-18,1970,5,REG,1970_05_DAL_MIN,nfl-fred-cox,Fred Cox,MIN,DAL,6,6,4,4,"42,31,28,34",https://media.eagles.1rmg.com/wp-content/uploads/2022/02/28145216/1970.pdf
1970-10-18,1970,5,REG,1970_05_DAL_MIN,nfl-mike-clark-2,Mike Clark,DAL,MIN,1,1,2,2,"19,43",https://media.eagles.1rmg.com/wp-content/uploads/2022/02/28145216/1970.pdf
1970-10-18,1970,5,REG,1970_05_DET_CLE,nfl-errol-mann,Errol Mann,DET,CLE,5,5,2,3,"51,34",https://media.eagles.1rmg.com/wp-content/uploads/2022/02/28145216/1970.pdf
1970-10-18,1970,5,REG,1970_05_MIA_BUF,nfl-garo-yepremian,Garo Yepremian,MIA,BUF,3,3,4,4,"46,42,47,30",https://media.eagles.1rmg.com/wp-content/uploads/2022/02/28145216/1970.pdf
1970-10-18,1970,5,REG,1970_05_NO_SF,nfl-bruce-gossett,Bruce Gossett,SF,NO,2,2,2,3,"21,48",https://media.eagles.1rmg.com/wp-content/uploads/2022/02/28145216/1970.pdf
1970-10-18,1970,5,REG,1970_05_NO_SF,nfl-tom-dempsey,Tom Dempsey,NO,SF,2,2,2,2,"40,24",https://media.eagles.1rmg.com/wp-content/uploads/2022/02/28145216/1970.pdf
1970-10-18,1970,5,REG,1970_05_STL_PHI,nfl-mark-moseley,Mark Moseley,PHI,STL,2,2,2,4,"35,27",https://media.eagles.1rmg.com/wp-content/uploads/2022/02/28145216/1970.pdf
1970-10-25,1970,6,REG,1970_06_CIN_WAS,nfl-curt-knight,Curt Knight,WAS,CIN,2,2,2,2,"10,30",https://media.eagles.1rmg.com/wp-content/uploads/2022/02/28145216/1970.pdf
1970-10-25,1970,6,REG,1970_06_DEN_SF,nfl-bruce-gossett,Bruce Gossett,SF,DEN,1,1,4,5,"16,20,25,13",https://media.eagles.1rmg.com/wp-content/uploads/2022/02/28145216/1970.pdf
1970-10-25,1970,6,REG,1970_06_DET_CHI,nfl-errol-mann,Errol Mann,DET,CHI,1,1,3,3,"43,49,31",https://media.eagles.1rmg.com/wp-content/uploads/2022/02/28145216/1970.pdf
1970-10-25,1970,6,REG,1970_06_PHI_GB,nfl-dale-livingston,Dale Livingston,GB,PHI,3,3,3,4,"22,32,25",https://media.eagles.1rmg.com/wp-content/uploads/2022/02/28145216/1970.pdf
1970-11-01,1970,7,REG,1970_07_CHI_ATL,nfl-mac-percival,Mac Percival,CHI,ATL,2,2,3,4,"30,47,31",https://media.eagles.1rmg.com/wp-content/uploads/2022/02/28145216/1970.pdf
1970-11-01,1970,7,REG,1970_07_GB_SF,nfl-bruce-gossett,Bruce Gossett,SF,GB,2,2,4,4,"12,24,41,36",https://media.eagles.1rmg.com/wp-content/uploads/2022/02/28145216/1970.pdf
1970-11-01,1970,7,REG,1970_07_HOU_STL,nfl-jim-bakken,Jim Bakken,STL,HOU,5,5,3,5,"32,14,38",https://media.eagles.1rmg.com/wp-content/uploads/2022/02/28145216/1970.pdf
1970-11-01,1970,7,REG,1970_07_MIN_DET,nfl-fred-cox,Fred Cox,MIN,DET,3,3,3,5,"27,10,36",https://media.eagles.1rmg.com/wp-content/uploads/2022/02/28145216/1970.pdf
1970-11-01,1970,7,REG,1970_07_NYG_NYJ,nfl-pete-gogolak,Pete Gogolak,NYG,NYJ,2,2,2,2,"25,37",https://media.eagles.1rmg.com/wp-content/uploads/2022/02/28145216/1970.pdf
1970-11-01,1970,7,REG,1970_07_SD_CLE,nfl-mike-mercer,Mike Mercer,SD,CLE,3,3,2,3,"37,12",https://media.eagles.1rmg.com/wp-content/uploads/2022/02/28145216/1970.pdf
1970-11-08,1970,8,REG,1970_08_CIN_BUF,nfl-horst-muhlmann,Horst Muhlmann,CIN,BUF,4,4,5,5,"22,30,13,36,43",https://media.eagles.1rmg.com/wp-content/uploads/2022/02/28145216/1970.pdf
1970-11-08,1970,8,REG,1970_08_DAL_NYG,nfl-mike-clark-2,Mike Clark,DAL,NYG,2,2,2,3,"28,22",https://media.eagles.1rmg.com/wp-content/uploads/2022/02/28145216/1970.pdf
1970-11-08,1970,8,REG,1970_08_DAL_NYG,nfl-pete-gogolak,Pete Gogolak,NYG,DAL,2,2,3,5,"40,42,54",https://media.eagles.1rmg.com/wp-content/uploads/2022/02/28145216/1970.pdf
1970-11-08,1970,8,REG,1970_08_DET_NO,nfl-tom-dempsey,Tom Dempsey,NO,DET,1,1,4,5,"29,27,8,63",https://media.eagles.1rmg.com/wp-content/uploads/2022/02/28145216/1970.pdf
1970-11-08,1970,8,REG,1970_08_SF_CHI,nfl-mac-percival,Mac Percival,CHI,SF,1,1,3,4,"36,37,19",https://media.eagles.1rmg.com/wp-content/uploads/2022/02/28145216/1970.pdf
1970-11-15,1970,9,REG,1970_09_CHI_GB,nfl-dale-livingston,Dale Livingston,GB,CHI,2,2,2,2,"17,49",https://media.eagles.1rmg.com/wp-content/uploads/2022/02/28145216/1970.pdf
1970-11-15,1970,9,REG,1970_09_CHI_GB,nfl-mac-percival,Mac Percival,CHI,GB,1,1,4,5,"23,38,13,31",https://media.eagles.1rmg.com/wp-content/uploads/2022/02/28145216/1970.pdf
1970-11-15,1970,9,REG,1970_09_DET_MIN,nfl-errol-mann,Errol Mann,DET,MIN,2,2,2,4,"28,17",https://media.eagles.1rmg.com/wp-content/uploads/2022/02/28145216/1970.pdf
1970-11-15,1970,9,REG,1970_09_OAK_DEN,nfl-bobby-howfield,Bobby Howfield,DEN,OAK,1,2,2,3,"47,44",https://media.eagles.1rmg.com/wp-content/uploads/2022/02/28145216/1970.pdf
1970-11-15,1970,9,REG,1970_09_WAS_NYG,nfl-curt-knight,Curt Knight,WAS,NYG,3,3,4,4,"15,27,27,40",https://media.eagles.1rmg.com/wp-content/uploads/2022/02/28145216/1970.pdf
1970-11-22,1970,10,REG,1970_10_DEN_NO,nfl-tom-dempsey,Tom Dempsey,NO,DEN,0,0,2,3,"47,14",https://media.eagles.1rmg.com/wp-content/uploads/2022/02/28145216/1970.pdf
1970-11-22,1970,10,REG,1970_10_PIT_CIN,nfl-horst-muhlmann,Horst Muhlmann,CIN,PIT,4,4,2,2,"17,13",https://media.eagles.1rmg.com/wp-content/uploads/2022/02/28145216/1970.pdf
1970-11-22,1970,10,REG,1970_10_STL_KC,nfl-jan-stenerud,Jan Stenerud,KC,STL,0,0,2,4,"39,15",https://media.eagles.1rmg.com/wp-content/uploads/2022/02/28145216/1970.pdf
1970-11-22,1970,10,REG,1970_10_STL_KC,nfl-jim-bakken,Jim Bakken,STL,KC,0,0,2,4,"49,14",https://media.eagles.1rmg.com/wp-content/uploads/2022/02/28145216/1970.pdf
1970-11-29,1970,11,REG,1970_11_NO_CIN,nfl-horst-muhlmann,Horst Muhlmann,CIN,NO,2,2,4,5,"35,11,34,22",https://media.eagles.1rmg.com/wp-content/uploads/2022/02/28145216/1970.pdf
1970-11-29,1970,11,REG,1970_11_NO_CIN,nfl-tom-dempsey,Tom Dempsey,NO,CIN,0,0,2,3,"28,18",https://media.eagles.1rmg.com/wp-content/uploads/2022/02/28145216/1970.pdf
1970-11-29,1970,11,REG,1970_11_PHI_STL,nfl-jim-bakken,Jim Bakken,STL,PHI,2,2,3,4,"45,42,31",https://media.eagles.1rmg.com/wp-content/uploads/2022/02/28145216/1970.pdf
1970-11-29,1970,11,REG,1970_11_SD_KC,nfl-jan-stenerud,Jan Stenerud,KC,SD,2,2,4,4,"43,39,17,26",https://media.eagles.1rmg.com/wp-content/uploads/2022/02/28145216/1970.pdf
1970-12-06,1970,12,REG,1970_12_BUF_NYG,nfl-grant-guthrie,Grant Guthrie,BUF,NYG,0,0,2,3,"23,28",https://media.eagles.1rmg.com/wp-content/uploads/2022/02/28145216/1970.pdf
1970-12-06,1970,12,REG,1970_12_BUF_NYG,nfl-pete-gogolak,Pete Gogolak,NYG,BUF,2,2,2,4,"25,15",https://media.eagles.1rmg.com/wp-content/uploads/2022/02/28145216/1970.pdf
1970-12-06,1970,12,REG,1970_12_GB_PIT,nfl-allan-watson,Allan Watson,PIT,GB,0,0,2,2,"15,45",https://media.eagles.1rmg.com/wp-content/uploads/2022/02/28145216/1970.pdf
1970-12-06,1970,12,REG,1970_12_OAK_NYJ,nfl-jim-turner-2,Jim Turner,NYJ,OAK,1,1,2,5,"32,32",https://media.eagles.1rmg.com/wp-content/uploads/2022/02/28145216/1970.pdf
1970-12-06,1970,12,REG,1970_12_STL_DET,nfl-errol-mann,Errol Mann,DET,STL,1,1,3,3,"14,13,10",https://media.eagles.1rmg.com/wp-content/uploads/2022/02/28145216/1970.pdf
1970-12-13,1970,13,REG,1970_13_CIN_HOU,nfl-horst-muhlmann,Horst Muhlmann,CIN,HOU,3,3,3,3,"25,25,30",https://media.eagles.1rmg.com/wp-content/uploads/2022/02/28145216/1970.pdf
1970-12-13,1970,13,REG,1970_13_PHI_WAS,nfl-mark-moseley,Mark Moseley,PHI,WAS,0,0,2,3,"24,16",https://media.eagles.1rmg.com/wp-content/uploads/2022/02/28145216/1970.pdf
1970-12-13,1970,13,REG,1970_13_PIT_ATL,nfl-ken-vinyard,Ken Vinyard,ATL,PIT,3,3,2,3,"35,17",https://media.eagles.1rmg.com/wp-content/uploads/2022/02/28145216/1970.pdf
1970-12-20,1970,14,REG,1970_14_CLE_DEN,nfl-bobby-howfield,Bobby Howfield,DEN,CLE,1,1,2,3,"48,30",https://media.eagles.1rmg.com/wp-content/uploads/2022/02/28145216/1970.pdf
1970-12-20,1970,14,REG,1970_14_KC_SD,nfl-jan-stenerud,Jan Stenerud,KC,SD,1,1,2,2,"37,10",https://media.eagles.1rmg.com/wp-content/uploads/2022/02/28145216/1970.pdf
1970-12-20,1970,14,REG,1970_14_MIN_ATL,nfl-fred-cox,Fred Cox,MIN,ATL,4,4,3,4,"40,15,37",https://media.eagles.1rmg.com/wp-content/uploads/2022/02/28145216/1970.pdf
1970-12-20,1970,14,REG,1970_14_PIT_PHI,nfl-allan-watson,Allan Watson,PIT,PHI,2,2,2,4,"21,17",https://media.eagles.1rmg.com/wp-content/uploads/2022/02/28145216/1970.pdf
1970-12-20,1970,14,REG,1970_14_STL_WAS,nfl-jim-bakken,Jim Bakken,STL,WAS,3,3,2,3,"45,34",https://media.eagles.1rmg.com/wp-content/uploads/2022/02/28145216/1970.pdf
1971-09-19,1971,1,REG,1971_01_OAK_NE,nfl-charlie-gogolak,Charlie Gogolak,NE,OAK,2,2,2,2,"46,22",https://media.eagles.1rmg.com/wp-content/uploads/2022/02/28145600/1971.pdf
1971-09-19,1971,1,REG,1971_01_PHI_CIN,nfl-horst-muhlmann,Horst Muhlmann,CIN,PHI,4,4,3,4,"36,35,26",https://media.eagles.1rmg.com/wp-content/uploads/2022/02/28145600/1971.pdf
1971-09-19,1971,1,REG,1971_01_PIT_CHI,nfl-roy-gerela,Roy Gerela,PIT,CHI,0,0,3,4,"32,29,42",https://media.eagles.1rmg.com/wp-content/uploads/2022/02/28145600/1971.pdf
1971-09-26,1971,2,REG,1971_02_CHI_MIN,nfl-mac-percival,Mac Percival,CHI,MIN,2,2,2,2,"45,45",https://media.eagles.1rmg.com/wp-content/uploads/2022/02/28145600/1971.pdf
1971-09-26,1971,2,REG,1971_02_KC_HOU,nfl-jan-stenerud,Jan Stenerud,KC,HOU,2,2,2,3,"43,11",https://media.eagles.1rmg.com/wp-content/uploads/2022/02/28145600/1971.pdf
1971-09-26,1971,2,REG,1971_02_MIA_BUF,nfl-garo-yepremian,Garo Yepremian,MIA,BUF,2,2,5,6,"15,46,13,9,48",https://media.eagles.1rmg.com/wp-content/uploads/2022/02/28145600/1971.pdf
1971-10-03,1971,3,REG,1971_03_KC_DEN,nfl-jan-stenerud,Jan Stenerud,KC,DEN,1,1,3,5,"20,26,16",https://media.eagles.1rmg.com/wp-content/uploads/2022/02/28145600/1971.pdf
1971-10-03,1971,3,REG,1971_03_NYG_STL,nfl-jim-bakken,Jim Bakken,STL,NYG,2,2,2,2,"14,22",https://media.eagles.1rmg.com/wp-content/uploads/2022/02/28145600/1971.pdf
1971-10-10,1971,4,REG,1971_04_HOU_WAS,nfl-curt-knight,Curt Knight,WAS,HOU,1,1,5,7,"15,36,13,17,39",https://media.eagles.1rmg.com/wp-content/uploads/2022/02/28145600/1971.pdf
1971-10-10,1971,4,REG,1971_04_MIA_CIN,nfl-garo-yepremian,Garo Yepremian,MIA,CIN,2,2,3,3,"19,36,16",https://media.eagles.1rmg.com/wp-content/uploads/2022/02/28145600/1971.pdf
1971-10-10,1971,4,REG,1971_04_MIA_CIN,nfl-horst-muhlmann,Horst Muhlmann,CIN,MIA,1,1,2,3,"16,9",https://media.eagles.1rmg.com/wp-content/uploads/2022/02/28145600/1971.pdf
1971-10-10,1971,4,REG,1971_04_MIN_PHI,nfl-fred-cox,Fred Cox,MIN,PHI,1,1,2,4,"14,17",https://media.eagles.1rmg.com/wp-content/uploads/2022/02/28145600/1971.pdf
1971-10-10,1971,4,REG,1971_04_OAK_DEN,nfl-jim-turner-2,Jim Turner,DEN,OAK,1,1,3,4,"43,10,24",https://media.eagles.1rmg.com/wp-content/uploads/2022/02/28145600/1971.pdf
1971-10-10,1971,4,REG,1971_04_STL_ATL,nfl-jim-bakken,Jim Bakken,STL,ATL,2,2,4,5,"37,45,33,26",https://media.eagles.1rmg.com/wp-content/uploads/2022/02/28145600/1971.pdf
1971-10-17,1971,5,REG,1971_05_NE_MIA,nfl-garo-yepremian,Garo Yepremian,MIA,NE,5,5,2,3,"34,42",https://media.eagles.1rmg.com/wp-content/uploads/2022/02/28145600/1971.pdf
1971-10-17,1971,5,REG,1971_05_SD_DEN,nfl-dennis-partee,Dennis Partee,SD,DEN,1,1,3,4,"41,20,35",https://media.eagles.1rmg.com/wp-content/uploads/2022/02/28145600/1971.pdf
1971-10-17,1971,5,REG,1971_05_SD_DEN,nfl-jim-turner-2,Jim Turner,DEN,SD,2,2,2,2,"49,10",https://media.eagles.1rmg.com/wp-content/uploads/2022/02/28145600/1971.pdf
1971-10-24,1971,6,REG,1971_06_CIN_OAK,nfl-horst-muhlmann,Horst Muhlmann,CIN,OAK,3,3,2,3,"36,11",https://media.eagles.1rmg.com/wp-content/uploads/2022/02/28145600/1971.pdf
1971-10-24,1971,6,REG,1971_06_DEN_CLE,nfl-jim-turner-2,Jim Turner,DEN,CLE,3,3,2,2,"10,36",https://media.eagles.1rmg.com/wp-content/uploads/2022/02/28145600/1971.pdf
1971-10-24,1971,6,REG,1971_06_HOU_PIT,nfl-roy-gerela,Roy Gerela,PIT,HOU,2,2,3,3,"28,22,12",https://media.eagles.1rmg.com/wp-content/uploads/2022/02/28145600/1971.pdf
1971-10-24,1971,6,REG,1971_06_NE_DAL,nfl-mike-clark-2,Mike Clark,DAL,NE,5,5,3,4,"16,17,12",https://media.eagles.1rmg.com/wp-content/uploads/2022/02/28145600/1971.pdf
1971-10-24,1971,6,REG,1971_06_NO_ATL,nfl-charlie-durkee,Charlie Durkee,NO,ATL,0,0,2,2,"28,24",https://media.eagles.1rmg.com/wp-content/uploads/2022/02/28145600/1971.pdf
1971-10-24,1971,6,REG,1971_06_SF_STL,nfl-bruce-gossett,Bruce Gossett,SF,STL,2,2,4,4,"12,19,34,40",https://media.eagles.1rmg.com/wp-content/uploads/2022/02/28145600/1971.pdf
1971-10-24,1971,6,REG,1971_06_WAS_KC,nfl-curt-knight,Curt Knight,WAS,KC,2,2,2,4,"33,23",https://media.eagles.1rmg.com/wp-content/uploads/2022/02/28145600/1971.pdf
1971-10-24,1971,6,REG,1971_06_WAS_KC,nfl-jan-stenerud,Jan Stenerud,KC,WAS,3,3,2,3,"39,15",https://media.eagles.1rmg.com/wp-content/uploads/2022/02/28145600/1971.pdf
1971-10-31,1971,7,REG,1971_07_CIN_HOU,nfl-horst-muhlmann,Horst Muhlmann,CIN,HOU,0,0,2,4,"46,45",https://media.eagles.1rmg.com/wp-content/uploads/2022/02/28145600/1971.pdf
1971-10-31,1971,7,REG,1971_07_DAL_CHI,nfl-mac-percival,Mac Percival,CHI,DAL,1,1,3,4,"44,38,35",https://media.eagles.1rmg.com/wp-content/uploads/2022/02/28145600/1971.pdf
1971-10-31,1971,7,REG,1971_07_DEN_PHI,nfl-jim-turner-2,Jim Turner,DEN,PHI,1,1,3,3,"37,42,42",https://media.eagles.1rmg.com/wp-content/uploads/2022/02/28145600/1971.pdf
1971-10-31,1971,7,REG,1971_07_KC_OAK,nfl-jan-stenerud,Jan Stenerud,KC,OAK,2,2,2,3,"12,37",https://media.eagles.1rmg.com/wp-content/uploads/2022/02/28145600/1971.pdf
1971-11-07,1971,8,REG,1971_08_BUF_MIA,nfl-garo-yepremian,Garo Yepremian,MIA,BUF,4,4,2,2,"38,24",https://media.eagles.1rmg.com/wp-content/uploads/2022/02/28145600/1971.pdf
1971-11-07,1971,8,REG,1971_08_CLE_PIT,nfl-roy-gerela,Roy Gerela,PIT,CLE,2,2,4,6,"45,23,17,13",https://media.eagles.1rmg.com/wp-content/uploads/2022/02/28145600/1971.pdf
1971-11-07,1971,8,REG,1971_08_DAL_STL,nfl-jim-bakken,Jim Bakken,STL,DAL,1,1,2,3,"41,36",https://media.eagles.1rmg.com/wp-content/uploads/2022/02/28145600/1971.pdf
1971-11-07,1971,8,REG,1971_08_DAL_STL,nfl-toni-fritsch,Toni Fritsch,DAL,STL,0,0,3,4,"27,14,26",https://media.eagles.1rmg.com/wp-content/uploads/2022/02/28145600/1971.pdf
1971-11-07,1971,8,REG,1971_08_KC_NYJ,nfl-bobby-howfield,Bobby Howfield,NYJ,KC,1,1,2,2,"30,39",https://media.eagles.1rmg.com/wp-content/uploads/2022/02/28145600/1971.pdf
1971-11-14,1971,9,REG,1971_09_NO_SF,nfl-bruce-gossett,Bruce Gossett,SF,NO,1,1,2,4,"16,37",https://media.eagles.1rmg.com/wp-content/uploads/2022/02/28145600/1971.pdf
1971-11-14,1971,9,REG,1971_09_WAS_CHI,nfl-curt-knight,Curt Knight,WAS,CHI,0,0,5,6,"30,12,37,9,27",https://media.eagles.1rmg.com/wp-content/uploads/2022/02/28145600/1971.pdf
1971-11-14,1971,9,REG,1971_09_WAS_CHI,nfl-mac-percival,Mac Percival,CHI,WAS,0,0,3,5,"15,42,9",https://media.eagles.1rmg.com/wp-content/uploads/2022/02/28145600/1971.pdf
1971-11-21,1971,10,REG,1971_10_MIN_NO,nfl-fred-cox,Fred Cox,MIN,NO,2,2,3,4,"33,47,32",https://media.eagles.1rmg.com/wp-content/uploads/2022/02/28145600/1971.pdf
1971-11-21,1971,10,REG,1971_10_NYG_PIT,nfl-pete-gogolak,Pete Gogolak,NYG,PIT,1,1,2,3,"25,29",https://media.eagles.1rmg.com/wp-content/uploads/2022/02/28145600/1971.pdf
1971-11-21,1971,10,REG,1971_10_PHI_STL,nfl-jim-bakken,Jim Bakken,STL,PHI,2,2,2,3,"27,20",https://media.eagles.1rmg.com/wp-content/uploads/2022/02/28145600/1971.pdf
1971-11-21,1971,10,REG,1971_10_PHI_STL,nfl-tom-dempsey,Tom Dempsey,PHI,STL,4,4,3,5,"41,27,45",https://media.eagles.1rmg.com/wp-content/uploads/2022/02/28145600/1971.pdf
1971-11-28,1971,11,REG,1971_11_NE_BUF,nfl-charlie-gogolak,Charlie Gogolak,NE,BUF,2,2,2,2,"40,17",https://media.eagles.1rmg.com/wp-content/uploads/2022/02/28145600/1971.pdf
1971-11-28,1971,11,REG,1971_11_NE_BUF,nfl-john-leypoldt,John Leypoldt,BUF,NE,3,3,2,3,"48,41",https://media.eagles.1rmg.com/wp-content/uploads/2022/02/28145600/1971.pdf
1971-11-28,1971,11,REG,1971_11_NO_GB,nfl-charlie-durkee,Charlie Durkee,NO,GB,2,2,5,6,"12,12,35,26,11",https://media.eagles.1rmg.com/wp-content/uploads/2022/02/28145600/1971.pdf
1971-11-28,1971,11,REG,1971_11_WAS_PHI,nfl-curt-knight,Curt Knight,WAS,PHI,2,2,2,4,"40,14",https://media.eagles.1rmg.com/wp-content/uploads/2022/02/28145600/1971.pdf
1971-12-05,1971,12,REG,1971_12_CIN_CLE,nfl-horst-muhlmann,Horst Muhlmann,CIN,CLE,3,3,2,3,"46,24",https://media.eagles.1rmg.com/wp-content/uploads/2022/02/28145600/1971.pdf
1971-12-05,1971,12,REG,1971_12_GB_STL,nfl-jim-bakken,Jim Bakken,STL,GB,1,1,3,5,"42,21,12",https://media.eagles.1rmg.com/wp-content/uploads/2022/02/28145600/1971.pdf
1971-12-05,1971,12,REG,1971_12_GB_STL,nfl-tim-webster,Tim Webster,GB,STL,1,1,3,5,"28,12,27",https://media.eagles.1rmg.com/wp-content/uploads/2022/02/28145600/1971.pdf
1971-12-05,1971,12,REG,1971_12_PHI_DET,nfl-errol-mann,Errol Mann,DET,PHI,2,2,2,3,"31,32",https://media.eagles.1rmg.com/wp-content/uploads/2022/02/28145600/1971.pdf
1971-12-05,1971,12,REG,1971_12_PHI_DET,nfl-tom-dempsey,Tom Dempsey,PHI,DET,2,2,3,3,"22,25,52",https://media.eagles.1rmg.com/wp-content/uploads/2022/02/28145600/1971.pdf
1971-12-11,1971,13,REG,1971_13_DET_MIN,nfl-fred-cox,Fred Cox,MIN,DET,3,3,2,3,"10,32",https://media.eagles.1rmg.com/wp-content/uploads/2022/02/28145600/1971.pdf
1971-12-12,1971,13,REG,1971_13_PIT_CIN,nfl-horst-muhlmann,Horst Muhlmann,CIN,PIT,1,1,2,3,"22,18",https://media.eagles.1rmg.com/wp-content/uploads/2022/02/28145600/1971.pdf
1971-12-19,1971,14,REG,1971_14_BUF_KC,nfl-jan-stenerud,Jan Stenerud,KC,BUF,1,1,5,7,"48,23,48,45,34",https://media.eagles.1rmg.com/wp-content/uploads/2022/02/28145600/1971.pdf
1971-12-19,1971,14,REG,1971_14_BUF_KC,nfl-john-leypoldt,John Leypoldt,BUF,KC,0,0,3,3,"45,31,49",https://media.eagles.1rmg.com/wp-content/uploads/2022/02/28145600/1971.pdf
1971-12-19,1971,14,REG,1971_14_DET_SF,nfl-errol-mann,Errol Mann,DET,SF,3,3,2,2,"31,39",https://media.eagles.1rmg.com/wp-content/uploads/2022/02/28145600/1971.pdf
1971-12-19,1971,14,REG,1971_14_GB_MIA,nfl-garo-yepremian,Garo Yepremian,MIA,GB,3,3,2,3,"26,27",https://media.eagles.1rmg.com/wp-content/uploads/2022/02/28145600/1971.pdf
1971-12-19,1971,14,REG,1971_14_GB_MIA,nfl-tim-webster,Tim Webster,GB,MIA,0,0,2,3,"14,24",https://media.eagles.1rmg.com/wp-content/uploads/2022/02/28145600/1971.pdf
1971-12-19,1971,14,REG,1971_14_MIN_CHI,nfl-fred-cox,Fred Cox,MIN,CHI,3,3,2,3,"25,39",https://media.eagles.1rmg.com/wp-content/uploads/2022/02/28145600/1971.pdf
1971-12-19,1971,14,REG,1971_14_SD_HOU,nfl-dennis-partee,Dennis Partee,SD,HOU,3,4,2,3,"50,20",https://media.eagles.1rmg.com/wp-content/uploads/2022/02/28145600/1971.pdf
1972-09-17,1972,1,REG,1972_01_HOU_DEN,nfl-jim-turner-2,Jim Turner,DEN,HOU,3,3,3,3,"45,29,40",https://media.eagles.1rmg.com/wp-content/uploads/2022/02/28145652/1972.pdf
1972-09-17,1972,1,REG,1972_01_SD_SF,nfl-bruce-gossett,Bruce Gossett,SF,SD,4,4,2,2,"43,20",https://media.eagles.1rmg.com/wp-content/uploads/2022/02/28145652/1972.pdf
1972-09-24,1972,2,REG,1972_02_SF_BUF,nfl-bruce-gossett,Bruce Gossett,SF,BUF,2,2,2,2,"47,20",https://media.eagles.1rmg.com/wp-content/uploads/2022/02/28145652/1972.pdf
1972-09-24,1972,2,REG,1972_02_SF_BUF,nfl-john-leypoldt,John Leypoldt,BUF,SF,3,3,2,3,"32,22",https://media.eagles.1rmg.com/wp-content/uploads/2022/02/28145652/1972.pdf
1972-10-01,1972,3,REG,1972_03_CIN_CLE,nfl-horst-muhlmann,Horst Muhlmann,CIN,CLE,0,0,2,4,"26,14",https://media.eagles.1rmg.com/wp-content/uploads/2022/02/28145652/1972.pdf
1972-10-01,1972,3,REG,1972_03_MIA_MIN,nfl-garo-yepremian,Garo Yepremian,MIA,MIN,1,1,3,4,"38,42,51",https://media.eagles.1rmg.com/wp-content/uploads/2022/02/28145652/1972.pdf
1972-10-02,1972,3,REG,1972_03_NYG_PHI,nfl-tom-dempsey,Tom Dempsey,PHI,NYG,0,1,2,3,"27,15",https://media.eagles.1rmg.com/wp-content/uploads/2022/02/28145652/1972.pdf
1972-10-01,1972,3,REG,1972_03_PIT_STL,nfl-jim-bakken,Jim Bakken,STL,PIT,1,2,2,2,"19,44",https://media.eagles.1rmg.com/wp-content/uploads/2022/02/28145652/1972.pdf
1972-10-01,1972,3,REG,1972_03_PIT_STL,nfl-roy-gerela,Roy Gerela,PIT,STL,2,2,3,3,"17,20,15",https://media.eagles.1rmg.com/wp-content/uploads/2022/02/28145652/1972.pdf
1972-10-01,1972,3,REG,1972_03_SF_NO,nfl-bruce-gossett,Bruce Gossett,SF,NO,4,4,3,4,"14,36,27",https://media.eagles.1rmg.com/wp-content/uploads/2022/02/28145652/1972.pdf
1972-10-08,1972,4,REG,1972_04_DET_ATL,nfl-errol-mann,Errol Mann,DET,ATL,2,3,2,2,"39,37",https://media.eagles.1rmg.com/wp-content/uploads/2022/02/28145652/1972.pdf
1972-10-08,1972,4,REG,1972_04_STL_MIN,nfl-jim-bakken,Jim Bakken,STL,MIN,1,1,2,3,"27,13",https://media.eagles.1rmg.com/wp-content/uploads/2022/02/28145652/1972.pdf
1972-10-15,1972,5,REG,1972_05_CIN_KC,nfl-horst-muhlmann,Horst Muhlmann,CIN,KC,2,2,3,3,"46,12,16",https://media.eagles.1rmg.com/wp-content/uploads/2022/02/28145652/1972.pdf
1972-10-15,1972,5,REG,1972_05_CIN_KC,nfl-jan-stenerud,Jan Stenerud,KC,CIN,1,1,3,4,"39,32,43",https://media.eagles.1rmg.com/wp-content/uploads/2022/02/28145652/1972.pdf
1972-10-15,1972,5,REG,1972_05_NYG_SF,nfl-pete-gogolak,Pete Gogolak,NYG,SF,2,2,3,3,"15,11,19",https://media.eagles.1rmg.com/wp-content/uploads/2022/02/28145652/1972.pdf
1972-10-15,1972,5,REG,1972_05_NYJ_NE,nfl-bobby-howfield,Bobby Howfield,NYJ,NE,5,5,2,2,"37,37",https://media.eagles.1rmg.com/wp-content/uploads/2022/02/28145652/1972.pdf
1972-10-15,1972,5,REG,1972_05_NYJ_NE,nfl-charlie-gogolak,Charlie Gogolak,NE,NYJ,1,1,2,3,"36,25",https://media.eagles.1rmg.com/wp-content/uploads/2022/02/28145652/1972.pdf
1972-10-15,1972,5,REG,1972_05_WAS_STL,nfl-curt-knight,Curt Knight,WAS,STL,3,3,4,4,"30,8,42,36",https://media.eagles.1rmg.com/wp-content/uploads/2022/02/28145652/1972.pdf
1972-10-22,1972,6,REG,1972_06_DAL_WAS,nfl-toni-fritsch,Toni Fritsch,DAL,WAS,2,2,2,3,"13,12",https://media.eagles.1rmg.com/wp-content/uploads/2022/02/28145652/1972.pdf
1972-10-22,1972,6,REG,1972_06_NE_PIT,nfl-roy-gerela,Roy Gerela,PIT,NE,3,3,4,5,"19,22,35,33",https://media.eagles.1rmg.com/wp-content/uploads/2022/02/28145652/1972.pdf
1972-10-22,1972,6,REG,1972_06_NO_SF,nfl-bruce-gossett,Bruce Gossett,SF,NO,2,2,2,3,"41,36",https://media.eagles.1rmg.com/wp-content/uploads/2022/02/28145652/1972.pdf
1972-10-22,1972,6,REG,1972_06_NO_SF,nfl-toni-linhart,Toni Linhart,NO,SF,2,2,2,3,"11,20",https://media.eagles.1rmg.com/wp-content/uploads/2022/02/28145652/1972.pdf
1972-10-22,1972,6,REG,1972_06_SD_DET,nfl-errol-mann,Errol Mann,DET,SD,4,4,2,3,"25,41",https://media.eagles.1rmg.com/wp-content/uploads/2022/02/28145652/1972.pdf
1972-10-29,1972,7,REG,1972_07_CLE_DEN,nfl-jim-turner-2,Jim Turner,DEN,CLE,2,2,2,3,"32,43",https://media.eagles.1rmg.com/wp-content/uploads/2022/02/28145652/1972.pdf
1972-10-29,1972,7,REG,1972_07_MIN_GB,nfl-chester-marcol,Chester Marcol,GB,MIN,1,1,2,3,"41,34",https://media.eagles.1rmg.com/wp-content/uploads/2022/02/28145652/1972.pdf
1972-10-29,1972,7,REG,1972_07_MIN_GB,nfl-fred-cox,Fred Cox,MIN,GB,3,3,2,2,"22,32",https://media.eagles.1rmg.com/wp-content/uploads/2022/02/28145652/1972.pdf
1972-10-29,1972,7,REG,1972_07_NE_NYJ,nfl-bobby-howfield,Bobby Howfield,NYJ,NE,4,4,2,3,"21,31",https://media.eagles.1rmg.com/wp-content/uploads/2022/02/28145652/1972.pdf
1972-11-05,1972,8,REG,1972_08_DAL_SD,nfl-toni-fritsch,Toni Fritsch,DAL,SD,4,4,2,3,"25,31",https://media.eagles.1rmg.com/wp-content/uploads/2022/02/28145652/1972.pdf
1972-11-05,1972,8,REG,1972_08_MIA_BUF,nfl-garo-yepremian,Garo Yepremian,MIA,BUF,3,3,3,3,"33,17,16",https://media.eagles.1rmg.com/wp-content/uploads/2022/02/28145652/1972.pdf
1972-11-05,1972,8,REG,1972_08_NO_MIN,nfl-charlie-durkee,Charlie Durkee,NO,MIN,0,0,2,3,"14,36",https://media.eagles.1rmg.com/wp-content/uploads/2022/02/28145652/1972.pdf
1972-11-05,1972,8,REG,1972_08_NO_MIN,nfl-fred-cox,Fred Cox,MIN,NO,4,4,3,3,"29,32,45",https://media.eagles.1rmg.com/wp-content/uploads/2022/02/28145652/1972.pdf
1972-11-05,1972,8,REG,1972_08_STL_PHI,nfl-jim-bakken,Jim Bakken,STL,PHI,0,0,2,3,"9,32",https://media.eagles.1rmg.com/wp-content/uploads/2022/02/28145652/1972.pdf
1972-11-12,1972,9,REG,1972_09_GB_CHI,nfl-chester-marcol,Chester Marcol,GB,CHI,2,2,3,3,"51,21,21",https://media.eagles.1rmg.com/wp-content/uploads/2022/02/28145652/1972.pdf
1972-11-12,1972,9,REG,1972_09_NYG_WAS,nfl-pete-gogolak,Pete Gogolak,NYG,WAS,1,1,2,2,"12,23",https://media.eagles.1rmg.com/wp-content/uploads/2022/02/28145652/1972.pdf
1972-11-12,1972,9,REG,1972_09_PHI_HOU,nfl-tom-dempsey,Tom Dempsey,PHI,HOU,0,0,6,7,"33,52,22,12,38,20",https://media.eagles.1rmg.com/wp-content/uploads/2022/02/28145652/1972.pdf
1972-11-19,1972,10,REG,1972_10_NO_DET,nfl-errol-mann,Errol Mann,DET,NO,3,3,2,2,"35,33",https://media.eagles.1rmg.com/wp-content/uploads/2022/02/28145652/1972.pdf
1972-11-19,1972,10,REG,1972_10_OAK_DEN,nfl-jim-turner-2,Jim Turner,DEN,OAK,2,2,2,3,"49,45",https://media.eagles.1rmg.com/wp-content/uploads/2022/02/28145652/1972.pdf
1972-11-19,1972,10,REG,1972_10_SD_KC,nfl-dennis-partee,Dennis Partee,SD,KC,3,3,2,3,"46,24",https://media.eagles.1rmg.com/wp-content/uploads/2022/02/28145652/1972.pdf
1972-11-26,1972,11,REG,1972_11_CIN_CHI,nfl-horst-muhlmann,Horst Muhlmann,CIN,CHI,1,1,2,3,"14,39",https://media.eagles.1rmg.com/wp-content/uploads/2022/02/28145652/1972.pdf
1972-11-26,1972,11,REG,1972_11_DEN_ATL,nfl-jim-turner-2,Jim Turner,DEN,ATL,2,2,2,3,"13,38",https://media.eagles.1rmg.com/wp-content/uploads/2022/02/28145652/1972.pdf
1972-11-26,1972,11,REG,1972_11_HOU_SD,nfl-dennis-partee,Dennis Partee,SD,HOU,4,4,2,3,"31,11",https://media.eagles.1rmg.com/wp-content/uploads/2022/02/28145652/1972.pdf
1972-11-26,1972,11,REG,1972_11_PHI_NYG,nfl-pete-gogolak,Pete Gogolak,NYG,PHI,8,8,2,3,"25,29",https://media.eagles.1rmg.com/wp-content/uploads/2022/02/28145652/1972.pdf
1972-12-03,1972,12,REG,1972_12_DAL_STL,nfl-toni-fritsch,Toni Fritsch,DAL,STL,3,3,2,4,"29,42",https://media.eagles.1rmg.com/wp-content/uploads/2022/02/28145652/1972.pdf
1972-12-03,1972,12,REG,1972_12_HOU_ATL,nfl-bill-bell,Bill Bell,ATL,HOU,2,2,2,3,"27,16",https://media.eagles.1rmg.com/wp-content/uploads/2022/02/28145652/1972.pdf
1972-12-03,1972,12,REG,1972_12_MIA_NE,nfl-garo-yepremian,Garo Yepremian,MIA,NE,4,4,3,3,"36,10,18",https://media.eagles.1rmg.com/wp-content/uploads/2022/02/28145652/1972.pdf
1972-12-03,1972,12,REG,1972_12_NO_NYJ,nfl-bobby-howfield,Bobby Howfield,NYJ,NO,0,0,6,7,"30,39,31,23,33,42",https://media.eagles.1rmg.com/wp-content/uploads/2022/02/28145652/1972.pdf
1972-12-03,1972,12,REG,1972_12_OAK_SD,nfl-dennis-partee,Dennis Partee,SD,OAK,1,2,2,5,"15,18",https://media.eagles.1rmg.com/wp-content/uploads/2022/02/28145652/1972.pdf
1972-12-03,1972,12,REG,1972_12_WAS_PHI,nfl-curt-knight,Curt Knight,WAS,PHI,2,2,3,3,"9,14,46",https://media.eagles.1rmg.com/wp-content/uploads/2022/02/28145652/1972.pdf
1972-12-10,1972,13,REG,1972_13_PIT_HOU,nfl-roy-gerela,Roy Gerela,PIT,HOU,0,0,3,3,"24,39,13",https://media.eagles.1rmg.com/wp-content/uploads/2022/02/28145652/1972.pdf
1972-12-10,1972,13,REG,1972_13_SD_DEN,nfl-bill-mcclard,Bill McClard,SD,DEN,1,1,2,2,"26,48",https://media.eagles.1rmg.com/wp-content/uploads/2022/02/28145652/1972.pdf
1972-12-17,1972,14,REG,1972_14_GB_NO,nfl-chester-marcol,Chester Marcol,GB,NO,3,3,3,5,"34,35,34",https://media.eagles.1rmg.com/wp-content/uploads/2022/02/28145652/1972.pdf
1972-12-16,1972,14,REG,1972_14_MIN_SF,nfl-bruce-gossett,Bruce Gossett,SF,MIN,2,2,2,2,"14,37",https://media.eagles.1rmg.com/wp-content/uploads/2022/02/28145652/1972.pdf
1973-09-16,1973,1,REG,1973_01_DAL_CHI,nfl-toni-fritsch,Toni Fritsch,DAL,CHI,2,2,2,3,"25,11",https://media.eagles.1rmg.com/wp-content/uploads/2022/02/28145729/1973.pdf
1973-09-16,1973,1,REG,1973_01_SF_MIA,nfl-bruce-gossett,Bruce Gossett,SF,MIA,1,1,2,4,"47,30",https://media.eagles.1rmg.com/wp-content/uploads/2022/02/28145729/1973.pdf
1973-09-16,1973,1,REG,1973_01_SF_MIA,nfl-garo-yepremian,Garo Yepremian,MIA,SF,1,1,4,4,"31,53,45,22",https://media.eagles.1rmg.com/wp-content/uploads/2022/02/28145729/1973.pdf
1973-09-23,1973,2,REG,1973_02_MIN_CHI,nfl-fred-cox,Fred Cox,MIN,CHI,1,1,5,6,"41,25,14,11,35",https://media.eagles.1rmg.com/wp-content/uploads/2022/02/28145729/1973.pdf
1973-09-23,1973,2,REG,1973_02_MIN_CHI,nfl-mac-percival,Mac Percival,CHI,MIN,1,1,2,3,"31,12",https://media.eagles.1rmg.com/wp-content/uploads/2022/02/28145729/1973.pdf
1973-09-23,1973,2,REG,1973_02_NYJ_BAL,nfl-bobby-howfield,Bobby Howfield,NYJ,BAL,4,4,2,2,"22,16",https://media.eagles.1rmg.com/wp-content/uploads/2022/02/28145729/1973.pdf
1973-09-30,1973,3,REG,1973_03_CIN_SD,nfl-ray-wersching,Ray Wersching,SD,CIN,1,1,2,3,"39,13",https://media.eagles.1rmg.com/wp-content/uploads/2022/02/28145729/1973.pdf
1973-09-30,1973,3,REG,1973_03_GB_MIN,nfl-fred-cox,Fred Cox,MIN,GB,0,0,3,3,"22,13,14",https://media.eagles.1rmg.com/wp-content/uploads/2022/02/28145729/1973.pdf
1973-09-30,1973,3,REG,1973_03_NYJ_BUF,nfl-john-leypoldt,John Leypoldt,BUF,NYJ,0,0,3,4,"42,20,42",https://media.eagles.1rmg.com/wp-content/uploads/2022/02/28145729/1973.pdf
1973-09-30,1973,3,REG,1973_03_OAK_KC,nfl-jan-stenerud,Jan Stenerud,KC,OAK,1,1,3,6,"47,41,29",https://media.eagles.1rmg.com/wp-content/uploads/2022/02/28145729/1973.pdf
1973-09-30,1973,3,REG,1973_03_PIT_HOU,nfl-roy-gerela,Roy Gerela,PIT,HOU,3,4,3,4,"20,47,26",https://media.eagles.1rmg.com/wp-content/uploads/2022/02/28145729/1973.pdf
1973-10-07,1973,4,REG,1973_04_DEN_KC,nfl-jan-stenerud,Jan Stenerud,KC,DEN,1,1,3,3,"38,40,39",https://media.eagles.1rmg.com/wp-content/uploads/2022/02/28145729/1973.pdf
1973-10-14,1973,5,REG,1973_05_CHI_ATL,nfl-nick-mike-mayer,Nick Mike-Mayer,ATL,CHI,5,5,3,3,"23,32,33",https://media.eagles.1rmg.com/wp-content/uploads/2022/02/28145729/1973.pdf
1973-10-14,1973,5,REG,1973_05_NYJ_NE,nfl-bobby-howfield,Bobby Howfield,NYJ,NE,0,0,3,3,"40,39,22",https://media.eagles.1rmg.com/wp-content/uploads/2022/02/28145729/1973.pdf
1973-10-21,1973,6,REG,1973_06_BUF_MIA,nfl-garo-yepremian,Garo Yepremian,MIA,BUF,3,3,2,2,"28,47",https://media.eagles.1rmg.com/wp-content/uploads/2022/02/28145729/1973.pdf
1973-10-21,1973,6,REG,1973_06_BUF_MIA,nfl-john-leypoldt,John Leypoldt,BUF,MIA,0,0,2,3,"11,50",https://media.eagles.1rmg.com/wp-content/uploads/2022/02/28145729/1973.pdf
1973-10-21,1973,6,REG,1973_06_STL_WAS,nfl-jim-bakken,Jim Bakken,STL,WAS,1,1,2,2,"32,31",https://media.eagles.1rmg.com/wp-content/uploads/2022/02/28145729/1973.pdf
1973-10-28,1973,7,REG,1973_07_DAL_PHI,nfl-tom-dempsey,Tom Dempsey,PHI,DAL,3,3,3,5,"7,35,32",https://media.eagles.1rmg.com/wp-content/uploads/2022/02/28145729/1973.pdf
1973-10-28,1973,7,REG,1973_07_MIA_NE,nfl-garo-yepremian,Garo Yepremian,MIA,NE,3,3,3,3,"25,37,23",https://media.eagles.1rmg.com/wp-content/uploads/2022/02/28145729/1973.pdf
1973-10-28,1973,7,REG,1973_07_NYG_STL,nfl-pete-gogolak,Pete Gogolak,NYG,STL,3,3,2,2,"14,22",https://media.eagles.1rmg.com/wp-content/uploads/2022/02/28145729/1973.pdf
1973-10-28,1973,7,REG,1973_07_SD_CLE,nfl-ray-wersching,Ray Wersching,SD,CLE,0,0,3,5,"11,8,16",https://media.eagles.1rmg.com/wp-content/uploads/2022/02/28145729/1973.pdf
1973-10-28,1973,7,REG,1973_07_WAS_NO,nfl-bill-mcclard,Bill McClard,NO,WAS,1,1,4,6,"35,43,30,37",https://media.eagles.1rmg.com/wp-content/uploads/2022/02/28145729/1973.pdf
1973-11-04,1973,8,REG,1973_08_CLE_MIN,nfl-fred-cox,Fred Cox,MIN,CLE,2,2,4,6,"16,23,33,41",https://media.eagles.1rmg.com/wp-content/uploads/2022/02/28145729/1973.pdf
1973-11-04,1973,8,REG,1973_08_HOU_BAL,nfl-george-hunt,George Hunt,BAL,HOU,3,3,2,4,"22,36",https://media.eagles.1rmg.com/wp-content/uploads/2022/02/28145729/1973.pdf
1973-11-04,1973,8,REG,1973_08_KC_SD,nfl-jan-stenerud,Jan Stenerud,KC,SD,1,2,2,3,"31,36",https://media.eagles.1rmg.com/wp-content/uploads/2022/02/28145729/1973.pdf
1973-11-04,1973,8,REG,1973_08_SF_DET,nfl-bruce-gossett,Bruce Gossett,SF,DET,2,2,2,2,"24,35",https://media.eagles.1rmg.com/wp-content/uploads/2022/02/28145729/1973.pdf
1973-11-11,1973,9,REG,1973_09_BAL_MIA,nfl-garo-yepremian,Garo Yepremian,MIA,BAL,5,5,3,4,"13,14,38",https://media.eagles.1rmg.com/wp-content/uploads/2022/02/28145729/1973.pdf
1973-11-11,1973,9,REG,1973_09_NE_NYJ,nfl-bobby-howfield,Bobby Howfield,NYJ,NE,3,3,4,4,"44,22,28,39",https://media.eagles.1rmg.com/wp-content/uploads/2022/02/28145729/1973.pdf
1973-11-11,1973,9,REG,1973_09_SD_DEN,nfl-ray-wersching,Ray Wersching,SD,DEN,1,2,2,3,"26,38",https://media.eagles.1rmg.com/wp-content/uploads/2022/02/28145729/1973.pdf
1973-11-11,1973,9,REG,1973_09_SF_WAS,nfl-bruce-gossett,Bruce Gossett,SF,WAS,0,0,3,3,"9,27,38",https://media.eagles.1rmg.com/wp-content/uploads/2022/02/28145729/1973.pdf
1973-11-11,1973,9,REG,1973_09_SF_WAS,nfl-curt-knight,Curt Knight,WAS,SF,3,3,4,5,"42,32,24,41",https://media.eagles.1rmg.com/wp-content/uploads/2022/02/28145729/1973.pdf
1973-11-18,1973,10,REG,1973_10_DEN_PIT,nfl-jim-turner-2,Jim Turner,DEN,PIT,2,2,3,4,"32,11,46",https://media.eagles.1rmg.com/wp-content/uploads/2022/02/28145729/1973.pdf
1973-11-18,1973,10,REG,1973_10_DEN_PIT,nfl-roy-gerela,Roy Gerela,PIT,DEN,1,1,2,3,"15,13",https://media.eagles.1rmg.com/wp-content/uploads/2022/02/28145729/1973.pdf
1973-11-18,1973,10,REG,1973_10_GB_NE,nfl-jeff-white,Jeff White,NE,GB,3,3,4,4,"19,21,26,18",https://media.eagles.1rmg.com/wp-content/uploads/2022/02/28145729/1973.pdf
1973-11-18,1973,10,REG,1973_10_STL_NYG,nfl-jim-bakken,Jim Bakken,STL,NYG,1,1,2,3,"29,18",https://media.eagles.1rmg.com/wp-content/uploads/2022/02/28145729/1973.pdf
1973-11-25,1973,11,REG,1973_11_CHI_MIN,nfl-mirro-roder,Mirro Roder,CHI,MIN,1,1,2,3,"43,24",https://media.eagles.1rmg.com/wp-content/uploads/2022/02/28145729/1973.pdf
1973-11-25,1973,11,REG,1973_11_NE_HOU,nfl-jeff-white,Jeff White,NE,HOU,3,3,3,5,"48,36,46",https://media.eagles.1rmg.com/wp-content/uploads/2022/02/28145729/1973.pdf
1973-11-25,1973,11,REG,1973_11_PIT_CLE,nfl-roy-gerela,Roy Gerela,PIT,CLE,1,1,3,5,"24,14,20",https://media.eagles.1rmg.com/wp-content/uploads/2022/02/28145729/1973.pdf
1973-12-02,1973,12,REG,1973_12_MIN_CIN,nfl-horst-muhlmann,Horst Muhlmann,CIN,MIN,3,3,2,2,"22,38",https://media.eagles.1rmg.com/wp-content/uploads/2022/02/28145729/1973.pdf
1973-12-09,1973,13,REG,1973_13_DEN_SD,nfl-jim-turner-2,Jim Turner,DEN,SD,4,4,4,5,"25,35,15,29",https://media.eagles.1rmg.com/wp-content/uploads/2022/02/28145729/1973.pdf
1973-12-09,1973,13,REG,1973_13_NYJ_PHI,nfl-bobby-howfield,Bobby Howfield,NYJ,PHI,2,2,3,4,"34,16,41",https://media.eagles.1rmg.com/wp-content/uploads/2022/02/28145729/1973.pdf
1973-12-09,1973,13,REG,1973_13_SF_NO,nfl-bill-mcclard,Bill McClard,NO,SF,1,1,3,5,"19,20,29",https://media.eagles.1rmg.com/wp-content/uploads/2022/02/28145729/1973.pdf
1973-12-16,1973,14,REG,1973_14_CIN_HOU,nfl-horst-muhlmann,Horst Muhlmann,CIN,HOU,3,3,2,2,"11,40",https://media.eagles.1rmg.com/wp-content/uploads/2022/02/28145729/1973.pdf
1973-12-16,1973,14,REG,1973_14_DAL_STL,nfl-toni-fritsch,Toni Fritsch,DAL,STL,3,3,3,4,"18,13,17",https://media.eagles.1rmg.com/wp-content/uploads/2022/02/28145729/1973.pdf
1973-12-16,1973,14,REG,1973_14_NE_BAL,nfl-george-hunt,George Hunt,BAL,NE,0,1,2,2,"16,32",https://media.eagles.1rmg.com/wp-content/uploads/2022/02/28145729/1973.pdf
1973-12-15,1973,14,REG,1973_14_PIT_SF,nfl-roy-gerela,Roy Gerela,PIT,SF,4,4,3,3,"27,27,35",https://media.eagles.1rmg.com/wp-content/uploads/2022/02/28145729/1973.pdf
1973-12-16,1973,14,REG,1973_14_SD_KC,nfl-jan-stenerud,Jan Stenerud,KC,SD,3,3,4,5,"45,36,20,27",https://media.eagles.1rmg.com/wp-content/uploads/2022/02/28145729/1973.pdf
1973-12-16,1973,14,REG,1973_14_SD_KC,nfl-ray-wersching,Ray Wersching,SD,KC,0,0,2,3,"22,26",https://media.eagles.1rmg.com/wp-content/uploads/2022/02/28145729/1973.pdf
1974-09-15,1974,1,REG,1974_01_MIA_NE,nfl-john-smith-2,John Smith,NE,MIA,4,4,2,3,"21,26",https://media.eagles.1rmg.com/wp-content/uploads/2022/02/28145810/1974.pdf
1974-09-15,1974,1,REG,1974_01_MIN_GB,nfl-fred-cox,Fred Cox,MIN,GB,2,4,2,2,"20,21",https://media.eagles.1rmg.com/wp-content/uploads/2022/02/28145810/1974.pdf
1974-09-29,1974,3,REG,1974_03_BAL_PHI,nfl-tom-dempsey,Tom Dempsey,PHI,BAL,3,3,3,3,"20,38,42",https://media.eagles.1rmg.com/wp-content/uploads/2022/02/28145810/1974.pdf
1974-09-29,1974,3,REG,1974_03_DET_GB,nfl-chester-marcol,Chester Marcol,GB,DET,1,1,4,6,"35,36,41,22",https://media.eagles.1rmg.com/wp-content/uploads/2022/02/28145810/1974.pdf
1974-09-29,1974,3,REG,1974_03_DET_GB,nfl-errol-mann,Errol Mann,DET,GB,1,1,4,5,"37,26,41,28",https://media.eagles.1rmg.com/wp-content/uploads/2022/02/28145810/1974.pdf
1974-10-06,1974,4,REG,1974_04_MIN_DAL,nfl-fred-cox,Fred Cox,MIN,DAL,2,2,3,3,"46,30,27",https://media.eagles.1rmg.com/wp-content/uploads/2022/02/28145810/1974.pdf
1974-10-06,1974,4,REG,1974_04_STL_SF,nfl-jim-bakken,Jim Bakken,STL,SF,4,4,2,3,"47,42",https://media.eagles.1rmg.com/wp-content/uploads/2022/02/28145810/1974.pdf
1974-10-13,1974,5,REG,1974_05_CHI_ATL,nfl-nick-mike-mayer,Nick Mike-Mayer,ATL,CHI,1,1,2,2,"35,31",https://media.eagles.1rmg.com/wp-content/uploads/2022/02/28145810/1974.pdf
1974-10-13,1974,5,REG,1974_05_MIA_WAS,nfl-mark-moseley,Mark Moseley,WAS,MIA,2,2,2,3,"40,41",https://media.eagles.1rmg.com/wp-content/uploads/2022/02/28145810/1974.pdf
1974-10-20,1974,6,REG,1974_06_NO_ATL,nfl-bill-mcclard,Bill McClard,NO,ATL,1,1,2,3,"41,31",https://media.eagles.1rmg.com/wp-content/uploads/2022/02/28145810/1974.pdf
1974-10-20,1974,6,REG,1974_06_SD_DEN,nfl-jim-turner-2,Jim Turner,DEN,SD,3,3,2,2,"34,20",https://media.eagles.1rmg.com/wp-content/uploads/2022/02/28145810/1974.pdf
1974-10-20,1974,6,REG,1974_06_STL_HOU,nfl-skip-butler,Skip Butler,HOU,STL,3,3,2,2,"28,24",https://media.eagles.1rmg.com/wp-content/uploads/2022/02/28145810/1974.pdf
1974-10-27,1974,7,REG,1974_07_GB_DET,nfl-errol-mann,Errol Mann,DET,GB,1,2,2,3,"34,41",https://media.eagles.1rmg.com/wp-content/uploads/2022/02/28145810/1974.pdf
1974-10-27,1974,7,REG,1974_07_WAS_STL,nfl-mark-moseley,Mark Moseley,WAS,STL,2,2,2,2,"48,34",https://media.eagles.1rmg.com/wp-content/uploads/2022/02/28145810/1974.pdf
1974-11-03,1974,8,REG,1974_08_HOU_NYJ,nfl-skip-butler,Skip Butler,HOU,NYJ,3,3,2,4,"45,46",https://media.eagles.1rmg.com/wp-content/uploads/2022/02/28145810/1974.pdf
1974-11-10,1974,9,REG,1974_09_WAS_PHI,nfl-mark-moseley,Mark Moseley,WAS,PHI,3,3,2,4,"40,35",https://media.eagles.1rmg.com/wp-content/uploads/2022/02/28145810/1974.pdf
1974-11-24,1974,11,REG,1974_11_BUF_CLE,nfl-john-leypoldt,John Leypoldt,BUF,CLE,1,1,2,2,"41,42",https://media.eagles.1rmg.com/wp-content/uploads/2022/02/28145810/1974.pdf
1974-11-24,1974,11,REG,1974_11_SD_GB,nfl-chester-marcol,Chester Marcol,GB,SD,4,4,2,3,"22,27",https://media.eagles.1rmg.com/wp-content/uploads/2022/02/28145810/1974.pdf
1974-12-01,1974,12,REG,1974_12_NE_OAK,nfl-john-smith-2,John Smith,NE,OAK,2,3,2,2,"22,35",https://media.eagles.1rmg.com/wp-content/uploads/2022/02/28145810/1974.pdf
1974-12-07,1974,13,REG,1974_13_CLE_DAL,nfl-efren-herrera,Efren Herrera,DAL,CLE,5,5,2,3,"39,19",https://media.eagles.1rmg.com/wp-content/uploads/2022/02/28145810/1974.pdf
1974-12-08,1974,13,REG,1974_13_GB_SF,nfl-chester-marcol,Chester Marcol,GB,SF,0,0,2,3,"43,29",https://media.eagles.1rmg.com/wp-content/uploads/2022/02/28145810/1974.pdf
1974-12-08,1974,13,REG,1974_13_OAK_KC,nfl-jan-stenerud,Jan Stenerud,KC,OAK,0,0,2,4,"50,27",https://media.eagles.1rmg.com/wp-content/uploads/2022/02/28145810/1974.pdf
1975-09-21,1975,1,REG,1975_01_DET_GB,nfl-errol-mann,Errol Mann,DET,GB,3,3,3,3,"28,18,47",https://media.eagles.1rmg.com/wp-content/uploads/2022/02/28145853/1975.pdf
1975-09-28,1975,2,REG,1975_02_MIA_NE,nfl-garo-yepremian,Garo Yepremian,MIA,NE,1,2,3,3,"26,26,33",https://media.eagles.1rmg.com/wp-content/uploads/2022/02/28145853/1975.pdf
1975-09-28,1975,2,REG,1975_02_OAK_BAL,nfl-toni-linhart,Toni Linhart,BAL,OAK,2,2,2,3,"31,37",https://media.eagles.1rmg.com/wp-content/uploads/2022/02/28145853/1975.pdf
1975-09-28,1975,2,REG,1975_02_PHI_CHI,nfl-bob-thomas,Bob Thomas,CHI,PHI,0,1,3,3,"44,24,26",https://media.eagles.1rmg.com/wp-content/uploads/2022/02/28145853/1975.pdf
1975-09-28,1975,2,REG,1975_02_PHI_CHI,nfl-horst-muhlmann,Horst Muhlmann,PHI,CHI,1,1,2,2,"44,43",https://media.eagles.1rmg.com/wp-content/uploads/2022/02/28145853/1975.pdf
1975-10-12,1975,4,REG,1975_04_NE_CIN,nfl-dave-green,Dave Green,CIN,NE,3,3,2,2,"29,21",https://media.eagles.1rmg.com/wp-content/uploads/2022/02/28145853/1975.pdf
1975-10-19,1975,5,REG,1975_05_PHI_STL,nfl-horst-muhlmann,Horst Muhlmann,PHI,STL,2,2,2,3,"45,40",https://media.eagles.1rmg.com/wp-content/uploads/2022/02/28145853/1975.pdf
1975-10-26,1975,6,REG,1975_06_DEN_KC,nfl-jan-stenerud,Jan Stenerud,KC,DEN,2,2,4,4,"28,46,37,23",https://media.eagles.1rmg.com/wp-content/uploads/2022/02/28145853/1975.pdf
1975-10-26,1975,6,REG,1975_06_DET_HOU,nfl-errol-mann,Errol Mann,DET,HOU,0,0,2,3,"34,37",https://media.eagles.1rmg.com/wp-content/uploads/2022/02/28145853/1975.pdf
1975-11-02,1975,7,REG,1975_07_HOU_KC,nfl-jan-stenerud,Jan Stenerud,KC,HOU,1,1,2,2,"37,37",https://media.eagles.1rmg.com/wp-content/uploads/2022/02/28145853/1975.pdf
1975-11-02,1975,7,REG,1975_07_MIA_CHI,nfl-bob-thomas,Bob Thomas,CHI,MIA,1,1,2,3,"27,31",https://media.eagles.1rmg.com/wp-content/uploads/2022/02/28145853/1975.pdf
1975-11-02,1975,7,REG,1975_07_MIA_CHI,nfl-garo-yepremian,Garo Yepremian,MIA,CHI,5,5,3,3,"39,32,35",https://media.eagles.1rmg.com/wp-content/uploads/2022/02/28145853/1975.pdf
1975-11-09,1975,8,REG,1975_08_GB_CHI,nfl-bob-thomas,Bob Thomas,CHI,GB,3,3,2,3,"34,48",https://media.eagles.1rmg.com/wp-content/uploads/2022/02/28145853/1975.pdf
1975-11-16,1975,9,REG,1975_09_GB_DET,nfl-errol-mann,Errol Mann,DET,GB,1,1,2,3,"28,23",https://media.eagles.1rmg.com/wp-content/uploads/2022/02/28145853/1975.pdf
1975-11-30,1975,11,REG,1975_11_PIT_NYJ,nfl-roy-gerela,Roy Gerela,PIT,NYJ,2,2,2,2,"26,19",https://media.eagles.1rmg.com/wp-content/uploads/2022/02/28145853/1975.pdf
1975-11-30,1975,11,REG,1975_11_SF_PHI,nfl-horst-muhlmann,Horst Muhlmann,PHI,SF,3,3,2,2,"51,42",https://media.eagles.1rmg.com/wp-content/uploads/2022/02/28145853/1975.pdf
1975-12-07,1975,12,REG,1975_12_SD_KC,nfl-jan-stenerud,Jan Stenerud,KC,SD,2,2,2,2,"21,22",https://media.eagles.1rmg.com/wp-content/uploads/2022/02/28145853/1975.pdf
1975-12-14,1975,13,REG,1975_13_STL_CHI,nfl-jim-bakken,Jim Bakken,STL,CHI,3,3,2,2,"40,29",https://media.eagles.1rmg.com/wp-content/uploads/2022/02/28145853/1975.pdf
1976-09-26,1976,3,REG,1976_03_BAL_DAL,nfl-toni-linhart,Toni Linhart,BAL,DAL,3,3,2,3,"30,24",https://media.eagles.1rmg.com/wp-content/uploads/2022/02/28150027/1976.pdf
1976-10-03,1976,4,REG,1976_04_NYG_STL,nfl-jim-bakken,Jim Bakken,STL,NYG,3,3,2,2,"22,34",https://media.eagles.1rmg.com/wp-content/uploads/2022/02/28150027/1976.pdf
1976-10-03,1976,4,REG,1976_04_TB_BAL,nfl-toni-linhart,Toni Linhart,BAL,TB,4,4,2,2,"32,38",https://media.eagles.1rmg.com/wp-content/uploads/2022/02/28150027/1976.pdf
1976-10-17,1976,6,REG,1976_06_CIN_PIT,nfl-chris-bahr,Chris Bahr,CIN,PIT,0,0,2,3,"22,19",https://media.eagles.1rmg.com/wp-content/uploads/2022/02/28150027/1976.pdf
1976-10-17,1976,6,REG,1976_06_CIN_PIT,nfl-roy-gerela,Roy Gerela,PIT,CIN,2,2,3,3,"42,40,30",https://media.eagles.1rmg.com/wp-content/uploads/2022/02/28150027/1976.pdf
1976-10-17,1976,6,REG,1976_06_DET_WAS,nfl-mark-moseley,Mark Moseley,WAS,DET,2,2,2,3,"42,45",https://media.eagles.1rmg.com/wp-content/uploads/2022/02/28150027/1976.pdf
1976-10-17,1976,6,REG,1976_06_NO_SF,nfl-steve-mike-mayer,Steve Mike-Mayer,SF,NO,3,4,2,2,"19,31",https://media.eagles.1rmg.com/wp-content/uploads/2022/02/28150027/1976.pdf
1976-10-24,1976,7,REG,1976_07_CIN_HOU,nfl-chris-bahr,Chris Bahr,CIN,HOU,3,3,2,3,"34,28",https://media.eagles.1rmg.com/wp-content/uploads/2022/02/28150027/1976.pdf
1976-10-24,1976,7,REG,1976_07_MIA_TB,nfl-garo-yepremian,Garo Yepremian,MIA,TB,2,2,3,3,"28,24,29",https://media.eagles.1rmg.com/wp-content/uploads/2022/02/28150027/1976.pdf
1976-10-31,1976,8,REG,1976_08_DEN_OAK,nfl-jim-turner-2,Jim Turner,DEN,OAK,0,0,2,2,"21,28",https://media.eagles.1rmg.com/wp-content/uploads/2022/02/28150027/1976.pdf
1976-11-07,1976,9,REG,1976_09_NO_GB,nfl-richie-szaro,Richie Szaro,NO,GB,3,3,2,2,"30,32",https://media.eagles.1rmg.com/wp-content/uploads/2022/02/28150027/1976.pdf
1976-11-07,1976,9,REG,1976_09_TB_DEN,nfl-jim-turner-2,Jim Turner,DEN,TB,6,6,2,2,"19,33",https://media.eagles.1rmg.com/wp-content/uploads/2022/02/28150027/1976.pdf
1976-11-14,1976,10,REG,1976_10_STL_LA,nfl-jim-bakken,Jim Bakken,STL,LA,3,3,3,3,"40,32,25",https://media.eagles.1rmg.com/wp-content/uploads/2022/02/28150027/1976.pdf
1976-11-14,1976,10,REG,1976_10_TB_NYJ,nfl-pat-leahy,Pat Leahy,NYJ,TB,4,4,2,3,"21,30",https://media.eagles.1rmg.com/wp-content/uploads/2022/02/28150027/1976.pdf
1976-12-12,1976,14,REG,1976_14_CLE_KC,nfl-jan-stenerud,Jan Stenerud,KC,CLE,3,5,2,3,"27,42",https://media.eagles.1rmg.com/wp-content/uploads/2022/02/28150027/1976.pdf
1976-12-12,1976,14,REG,1976_14_SEA_PHI,nfl-horst-muhlmann,Horst Muhlmann,PHI,SEA,3,3,2,2,"33,37",https://media.eagles.1rmg.com/wp-content/uploads/2022/02/28150027/1976.pdf
1977-10-09,1977,4,REG,1977_04_OAK_CLE,nfl-errol-mann,Errol Mann,OAK,CLE,2,2,4,5,"39,28,27,39",https://media.eagles.1rmg.com/wp-content/uploads/2022/02/28150108/1977.pdf
1977-10-23,1977,6,REG,1977_06_DEN_CIN,nfl-chris-bahr,Chris Bahr,CIN,DEN,1,1,2,3,"19,24",https://media.eagles.1rmg.com/wp-content/uploads/2022/02/28150108/1977.pdf
1977-10-23,1977,6,REG,1977_06_NYG_WAS,nfl-mark-moseley,Mark Moseley,WAS,NYG,0,0,2,2,"35,45",https://media.eagles.1rmg.com/wp-content/uploads/2022/02/28150108/1977.pdf
1977-10-30,1977,7,REG,1977_07_PHI_WAS,nfl-mark-moseley,Mark Moseley,WAS,PHI,2,2,3,6,"46,30,51",https://media.eagles.1rmg.com/wp-content/uploads/2022/02/28150108/1977.pdf
1977-10-30,1977,7,REG,1977_07_TB_SF,nfl-ray-wersching,Ray Wersching,SF,TB,2,2,2,2,"31,43",https://media.eagles.1rmg.com/wp-content/uploads/2022/02/28150108/1977.pdf
1977-11-20,1977,10,REG,1977_10_NE_BUF,nfl-john-smith-2,John Smith,NE,BUF,2,2,2,3,"33,25",https://media.eagles.1rmg.com/wp-content/uploads/2022/02/28150108/1977.pdf
1977-11-27,1977,11,REG,1977_11_NO_SF,nfl-ray-wersching,Ray Wersching,SF,NO,2,2,2,3,"40,42",https://media.eagles.1rmg.com/wp-content/uploads/2022/02/28150108/1977.pdf
1977-11-27,1977,11,REG,1977_11_SD_SEA,nfl-rolf-benirschke,Rolf Benirschke,SD,SEA,3,3,3,3,"40,26,39",https://media.eagles.1rmg.com/wp-content/uploads/2022/02/28150108/1977.pdf
1977-12-04,1977,12,REG,1977_12_NE_ATL,nfl-john-smith-2,John Smith,NE,ATL,1,1,3,5,"36,32,29",https://media.eagles.1rmg.com/wp-content/uploads/2022/02/28150108/1977.pdf
1977-12-04,1977,12,REG,1977_12_SEA_PIT,nfl-john-leypoldt,John Leypoldt,SEA,PIT,2,2,2,2,"20,27",https://media.eagles.1rmg.com/wp-content/uploads/2022/02/28150108/1977.pdf
1977-12-04,1977,12,REG,1977_12_SEA_PIT,nfl-roy-gerela,Roy Gerela,PIT,SEA,3,3,3,3,"22,28,43",https://media.eagles.1rmg.com/wp-content/uploads/2022/02/28150108/1977.pdf
1977-12-04,1977,12,REG,1977_12_STL_NYG,nfl-joe-danelo,Joe Danelo,NYG,STL,3,3,2,2,"20,37",https://media.eagles.1rmg.com/wp-content/uploads/2022/02/28150108/1977.pdf
1977-12-10,1977,13,REG,1977_13_WAS_STL,nfl-jim-bakken,Jim Bakken,STL,WAS,2,2,2,2,"32,27",https://media.eagles.1rmg.com/wp-content/uploads/2022/02/28150108/1977.pdf
1977-12-10,1977,13,REG,1977_13_WAS_STL,nfl-mark-moseley,Mark Moseley,WAS,STL,2,2,4,4,"40,23,37,42",https://media.eagles.1rmg.com/wp-content/uploads/2022/02/28150108/1977.pdf
1978-09-10,1978,2,REG,1978_02_CHI_SF,nfl-bob-thomas,Bob Thomas,CHI,SF,1,1,3,3,"32,44,38",https://media.eagles.1rmg.com/wp-content/uploads/2022/02/28150149/1978.pdf
1978-09-10,1978,2,REG,1978_02_CHI_SF,nfl-ray-wersching,Ray Wersching,SF,CHI,1,1,2,2,"44,27",https://media.eagles.1rmg.com/wp-content/uploads/2022/02/28150149/1978.pdf
1978-09-10,1978,2,REG,1978_02_HOU_KC,nfl-toni-fritsch,Toni Fritsch,HOU,KC,2,2,2,2,"33,49",https://media.eagles.1rmg.com/wp-content/uploads/2022/02/28150149/1978.pdf
1978-09-24,1978,4,REG,1978_04_DET_SEA,nfl-benny-ricardo,Benny Ricardo,DET,SEA,1,1,3,4,"44,35,29",https://media.eagles.1rmg.com/wp-content/uploads/2022/02/28150149/1978.pdf
1978-09-24,1978,4,REG,1978_04_NYJ_WAS,nfl-mark-moseley,Mark Moseley,WAS,NYJ,2,2,3,4,"39,34,44",https://media.eagles.1rmg.com/wp-content/uploads/2022/02/28150149/1978.pdf
1978-09-24,1978,4,REG,1978_04_SF_NYG,nfl-joe-danelo,Joe Danelo,NYG,SF,3,3,2,4,"52,28",https://media.eagles.1rmg.com/wp-content/uploads/2022/02/28150149/1978.pdf
1978-10-01,1978,5,REG,1978_05_OAK_CHI,nfl-bob-thomas,Bob Thomas,CHI,OAK,1,2,2,2,"25,24",https://media.eagles.1rmg.com/wp-content/uploads/2022/02/28150149/1978.pdf
1978-10-01,1978,5,REG,1978_05_OAK_CHI,nfl-errol-mann,Errol Mann,OAK,CHI,1,1,4,5,"42,35,34,29",https://media.eagles.1rmg.com/wp-content/uploads/2022/02/28150149/1978.pdf
1978-10-15,1978,7,REG,1978_07_PIT_CLE,nfl-roy-gerela,Roy Gerela,PIT,CLE,4,4,2,3,"23,44",https://media.eagles.1rmg.com/wp-content/uploads/2022/02/28150149/1978.pdf
1978-10-22,1978,8,REG,1978_08_CHI_TB,nfl-bob-thomas,Bob Thomas,CHI,TB,1,2,2,2,"21,27",https://media.eagles.1rmg.com/wp-content/uploads/2022/02/28150149/1978.pdf
1978-10-22,1978,8,REG,1978_08_DEN_BAL,nfl-jim-turner-2,Jim Turner,DEN,BAL,0,0,2,4,"33,26",https://media.eagles.1rmg.com/wp-content/uploads/2022/02/28150149/1978.pdf
1978-10-29,1978,9,REG,1978_09_SF_WAS,nfl-ray-wersching,Ray Wersching,SF,WAS,2,2,2,2,"29,35",https://media.eagles.1rmg.com/wp-content/uploads/2022/02/28150149/1978.pdf
1978-11-05,1978,10,REG,1978_10_NO_PIT,nfl-roy-gerela,Roy Gerela,PIT,NO,2,2,2,3,"27,21",https://media.eagles.1rmg.com/wp-content/uploads/2022/02/28150149/1978.pdf
1978-11-05,1978,10,REG,1978_10_SEA_CHI,nfl-bob-thomas,Bob Thomas,CHI,SEA,2,2,3,3,"33,36,39",https://media.eagles.1rmg.com/wp-content/uploads/2022/02/28150149/1978.pdf
1978-11-12,1978,11,REG,1978_11_KC_SD,nfl-jan-stenerud,Jan Stenerud,KC,SD,2,2,3,3,"39,20,47",https://media.eagles.1rmg.com/wp-content/uploads/2022/02/28150149/1978.pdf
1978-11-12,1978,11,REG,1978_11_MIA_BUF,nfl-garo-yepremian,Garo Yepremian,MIA,BUF,1,3,2,2,"47,24",https://media.eagles.1rmg.com/wp-content/uploads/2022/02/28150149/1978.pdf
1978-11-19,1978,12,REG,1978_12_STL_WAS,nfl-jim-bakken,Jim Bakken,STL,WAS,3,3,2,2,"32,27",https://media.eagles.1rmg.com/wp-content/uploads/2022/02/28150149/1978.pdf
1978-11-26,1978,13,REG,1978_13_SD_KC,nfl-jan-stenerud,Jan Stenerud,KC,SD,2,2,3,4,"32,37,35",https://media.eagles.1rmg.com/wp-content/uploads/2022/02/28150149/1978.pdf
1978-12-03,1978,14,REG,1978_14_BAL_NYJ,nfl-toni-linhart,Toni Linhart,BAL,NYJ,1,1,3,3,"30,22,41",https://media.eagles.1rmg.com/wp-content/uploads/2022/02/28150149/1978.pdf
1978-12-03,1978,14,REG,1978_14_PIT_HOU,nfl-roy-gerela,Roy Gerela,PIT,HOU,1,1,2,4,"41,23",https://media.eagles.1rmg.com/wp-content/uploads/2022/02/28150149/1978.pdf
1978-12-03,1978,14,REG,1978_14_SF_NO,nfl-ray-wersching,Ray Wersching,SF,NO,1,1,2,2,"45,42",https://media.eagles.1rmg.com/wp-content/uploads/2022/02/28150149/1978.pdf
1978-12-10,1978,15,REG,1978_15_NYJ_CLE,nfl-pat-leahy,Pat Leahy,NYJ,CLE,4,4,2,2,"45,39",https://media.eagles.1rmg.com/wp-content/uploads/2022/02/28150149/1978.pdf
1978-12-10,1978,15,REG,1978_15_OAK_MIA,nfl-garo-yepremian,Garo Yepremian,MIA,OAK,2,2,3,3,"35,27,34",https://media.eagles.1rmg.com/wp-content/uploads/2022/02/28150149/1978.pdf
1978-12-10,1978,15,REG,1978_15_SEA_SD,nfl-rolf-benirschke,Rolf Benirschke,SD,SEA,4,4,3,3,"37,26,27",https://media.eagles.1rmg.com/wp-content/uploads/2022/02/28150149/1978.pdf
1978-12-10,1978,15,REG,1978_15_TB_SF,nfl-ray-wersching,Ray Wersching,SF,TB,0,0,2,2,"28,30",https://media.eagles.1rmg.com/wp-content/uploads/2022/02/28150149/1978.pdf
1978-12-10,1978,15,REG,1978_15_WAS_ATL,nfl-tim-mazzetti,Tim Mazzetti,ATL,WAS,2,2,2,3,"21,32",https://media.eagles.1rmg.com/wp-content/uploads/2022/02/28150149/1978.pdf
1978-12-17,1978,16,REG,1978_16_MIN_OAK,nfl-errol-mann,Errol Mann,OAK,MIN,3,3,2,2,"30,45",https://media.eagles.1rmg.com/wp-content/uploads/2022/02/28150149/1978.pdf
1979-09-02,1979,1,REG,1979_01_ATL_NO,nfl-tim-mazzetti,Tim Mazzetti,ATL,NO,4,4,2,3,"27,43",https://media.eagles.1rmg.com/wp-content/uploads/2022/02/28150229/1979.pdf
1979-09-02,1979,1,REG,1979_01_GB_CHI,nfl-bob-thomas,Bob Thomas,CHI,GB,0,0,2,3,"25,19",https://media.eagles.1rmg.com/wp-content/uploads/2022/02/28150229/1979.pdf
1979-09-02,1979,1,REG,1979_01_HOU_WAS,nfl-mark-moseley,Mark Moseley,WAS,HOU,3,3,2,3,"27,39",https://media.eagles.1rmg.com/wp-content/uploads/2022/02/28150229/1979.pdf
1979-09-02,1979,1,REG,1979_01_HOU_WAS,nfl-toni-fritsch,Toni Fritsch,HOU,WAS,2,3,3,3,"41,46,26",https://media.eagles.1rmg.com/wp-content/uploads/2022/02/28150229/1979.pdf
1979-09-02,1979,1,REG,1979_01_SF_MIN,nfl-ray-wersching,Ray Wersching,SF,MIN,1,2,3,4,"37,22,44",https://media.eagles.1rmg.com/wp-content/uploads/2022/02/28150229/1979.pdf
1979-09-09,1979,2,REG,1979_02_DAL_SF,nfl-ray-wersching,Ray Wersching,SF,DAL,1,1,2,3,"30,44",https://media.eagles.1rmg.com/wp-content/uploads/2022/02/28150229/1979.pdf
1979-09-16,1979,3,REG,1979_03_DEN_ATL,nfl-jim-turner-2,Jim Turner,DEN,ATL,2,2,2,3,"24,24",https://media.eagles.1rmg.com/wp-content/uploads/2022/02/28150229/1979.pdf
1979-09-16,1979,3,REG,1979_03_KC_HOU,nfl-toni-fritsch,Toni Fritsch,HOU,KC,2,2,2,2,"28,23",https://media.eagles.1rmg.com/wp-content/uploads/2022/02/28150229/1979.pdf
1979-09-16,1979,3,REG,1979_03_MIA_MIN,nfl-rick-danmeier,Rick Danmeier,MIN,MIA,0,0,4,4,"39,44,40,24",https://media.eagles.1rmg.com/wp-content/uploads/2022/02/28150229/1979.pdf
1979-09-16,1979,3,REG,1979_03_OAK_SEA,nfl-efren-herrera,Efren Herrera,SEA,OAK,3,3,2,3,"46,20",https://media.eagles.1rmg.com/wp-content/uploads/2022/02/28150229/1979.pdf
1979-09-16,1979,3,REG,1979_03_PHI_NO,nfl-tony-franklin-2,Tony Franklin,PHI,NO,2,2,4,4,"24,36,19,44",https://media.eagles.1rmg.com/wp-content/uploads/2022/02/28150229/1979.pdf
1979-09-23,1979,4,REG,1979_04_BAL_PIT,nfl-steve-mike-mayer,Steve Mike-Mayer,BAL,PIT,1,1,2,2,"27,24",https://media.eagles.1rmg.com/wp-content/uploads/2022/02/28150229/1979.pdf
1979-09-23,1979,4,REG,1979_04_CHI_MIA,nfl-bob-thomas,Bob Thomas,CHI,MIA,1,1,3,3,"30,32,36",https://media.eagles.1rmg.com/wp-content/uploads/2022/02/28150229/1979.pdf
1979-09-23,1979,4,REG,1979_04_NYJ_BUF,nfl-nick-mike-mayer,Nick Mike-Mayer,BUF,NYJ,4,5,2,2,"23,29",https://media.eagles.1rmg.com/wp-content/uploads/2022/02/28150229/1979.pdf
1979-09-23,1979,4,REG,1979_04_SD_NE,nfl-john-smith-2,John Smith,NE,SD,3,3,2,2,"31,31",https://media.eagles.1rmg.com/wp-content/uploads/2022/02/28150229/1979.pdf
1979-09-23,1979,4,REG,1979_04_SEA_DEN,nfl-efren-herrera,Efren Herrera,SEA,DEN,4,4,2,3,"28,22",https://media.eagles.1rmg.com/wp-content/uploads/2022/02/28150229/1979.pdf
1979-09-30,1979,5,REG,1979_05_CIN_DAL,nfl-chris-bahr,Chris Bahr,CIN,DAL,1,1,2,2,"48,38",https://media.eagles.1rmg.com/wp-content/uploads/2022/02/28150229/1979.pdf
1979-09-30,1979,5,REG,1979_05_DEN_OAK,nfl-jim-breech,Jim Breech,OAK,DEN,3,3,2,2,"27,21",https://media.eagles.1rmg.com/wp-content/uploads/2022/02/28150229/1979.pdf
1979-10-07,1979,6,REG,1979_06_GB_ATL,nfl-tim-mazzetti,Tim Mazzetti,ATL,GB,2,2,3,4,"23,48,42",https://media.eagles.1rmg.com/wp-content/uploads/2022/02/28150229/1979.pdf
1979-10-14,1979,7,REG,1979_07_NE_CHI,nfl-john-smith-2,John Smith,NE,CHI,3,3,2,2,"21,29",https://media.eagles.1rmg.com/wp-content/uploads/2022/02/28150229/1979.pdf
1979-10-14,1979,7,REG,1979_07_WAS_CLE,nfl-mark-moseley,Mark Moseley,WAS,CLE,1,1,2,2,"35,17",https://media.eagles.1rmg.com/wp-content/uploads/2022/02/28150229/1979.pdf
1979-10-21,1979,8,REG,1979_08_CHI_MIN,nfl-bob-thomas,Bob Thomas,CHI,MIN,3,3,2,2,"23,23",https://media.eagles.1rmg.com/wp-content/uploads/2022/02/28150229/1979.pdf
1979-10-21,1979,8,REG,1979_08_HOU_SEA,nfl-efren-herrera,Efren Herrera,SEA,HOU,4,4,2,2,"48,30",https://media.eagles.1rmg.com/wp-content/uploads/2022/02/28150229/1979.pdf
1979-10-21,1979,8,REG,1979_08_MIA_NE,nfl-uwe-von-schamann,Uwe von Schamann,MIA,NE,1,1,2,2,"53,40",https://media.eagles.1rmg.com/wp-content/uploads/2022/02/28150229/1979.pdf
1979-10-21,1979,8,REG,1979_08_OAK_NYJ,nfl-jim-breech,Jim Breech,OAK,NYJ,1,2,2,3,"25,25",https://media.eagles.1rmg.com/wp-content/uploads/2022/02/28150229/1979.pdf
1979-10-21,1979,8,REG,1979_08_STL_DAL,nfl-steve-little,Steve Little,STL,DAL,1,1,2,4,"51,41",https://media.eagles.1rmg.com/wp-content/uploads/2022/02/28150229/1979.pdf
1979-10-28,1979,9,REG,1979_09_CHI_SF,nfl-ray-wersching,Ray Wersching,SF,CHI,3,3,2,2,"28,19",https://media.eagles.1rmg.com/wp-content/uploads/2022/02/28150229/1979.pdf
1979-10-28,1979,9,REG,1979_09_GB_MIA,nfl-uwe-von-schamann,Uwe von Schamann,MIA,GB,3,3,2,3,"26,36",https://media.eagles.1rmg.com/wp-content/uploads/2022/02/28150229/1979.pdf
1979-10-28,1979,9,REG,1979_09_NE_BAL,nfl-john-smith-2,John Smith,NE,BAL,2,3,2,2,"42,39",https://media.eagles.1rmg.com/wp-content/uploads/2022/02/28150229/1979.pdf
1979-11-04,1979,10,REG,1979_10_CLE_PHI,nfl-tony-franklin-2,Tony Franklin,PHI,CLE,1,2,2,3,"42,39",https://media.eagles.1rmg.com/wp-content/uploads/2022/02/28150229/1979.pdf
1979-11-04,1979,10,REG,1979_10_NE_BUF,nfl-john-smith-2,John Smith,NE,BUF,2,3,2,4,"33,37",https://media.eagles.1rmg.com/wp-content/uploads/2022/02/28150229/1979.pdf
1979-11-04,1979,10,REG,1979_10_NE_BUF,nfl-nick-mike-mayer,Nick Mike-Mayer,BUF,NE,0,0,2,5,"39,40",https://media.eagles.1rmg.com/wp-content/uploads/2022/02/28150229/1979.pdf
1979-11-11,1979,11,REG,1979_11_PIT_KC,nfl-matt-bahr,Matt Bahr,PIT,KC,3,3,3,3,"31,20,37",https://media.eagles.1rmg.com/wp-content/uploads/2022/02/28150229/1979.pdf
1979-11-11,1979,11,REG,1979_11_STL_WAS,nfl-mark-moseley,Mark Moseley,WAS,STL,3,3,3,3,"46,27,39",https://media.eagles.1rmg.com/wp-content/uploads/2022/02/28150229/1979.pdf
1979-11-18,1979,12,REG,1979_12_DAL_WAS,nfl-mark-moseley,Mark Moseley,WAS,DAL,4,4,2,3,"46,45",https://media.eagles.1rmg.com/wp-content/uploads/2022/02/28150229/1979.pdf
1979-11-25,1979,13,REG,1979_13_CLE_PIT,nfl-matt-bahr,Matt Bahr,PIT,CLE,3,3,4,5,"45,34,21,37",https://media.eagles.1rmg.com/wp-content/uploads/2022/02/28150229/1979.pdf
1979-11-25,1979,13,REG,1979_13_NO_ATL,nfl-garo-yepremian,Garo Yepremian,NO,ATL,4,4,3,3,"23,44,21",https://media.eagles.1rmg.com/wp-content/uploads/2022/02/28150229/1979.pdf
1979-11-25,1979,13,REG,1979_13_WAS_NYG,nfl-mark-moseley,Mark Moseley,WAS,NYG,0,0,2,4,"21,41",https://media.eagles.1rmg.com/wp-content/uploads/2022/02/28150229/1979.pdf
1979-12-02,1979,14,REG,1979_14_BAL_NYJ,nfl-dave-jacobs,Dave Jacobs,NYJ,BAL,3,3,3,5,"28,27,42",https://media.eagles.1rmg.com/wp-content/uploads/2022/02/28150229/1979.pdf
1979-12-02,1979,14,REG,1979_14_DEN_BUF,nfl-jim-turner-2,Jim Turner,DEN,BUF,1,1,2,4,"23,32",https://media.eagles.1rmg.com/wp-content/uploads/2022/02/28150229/1979.pdf
1979-12-02,1979,14,REG,1979_14_DEN_BUF,nfl-nick-mike-mayer,Nick Mike-Mayer,BUF,DEN,1,1,3,4,"28,32,34",https://media.eagles.1rmg.com/wp-content/uploads/2022/02/28150229/1979.pdf
1979-12-09,1979,15,REG,1979_15_CHI_GB,nfl-bob-thomas,Bob Thomas,CHI,GB,0,1,3,5,"34,33,44",https://media.eagles.1rmg.com/wp-content/uploads/2022/02/28150229/1979.pdf
1979-12-09,1979,15,REG,1979_15_NYG_STL,nfl-steve-little,Steve Little,STL,NYG,2,3,3,5,"30,25,42",https://media.eagles.1rmg.com/wp-content/uploads/2022/02/28150229/1979.pdf
1979-12-16,1979,16,REG,1979_16_PHI_HOU,nfl-toni-fritsch,Toni Fritsch,HOU,PHI,2,2,2,2,"44,37",https://media.eagles.1rmg.com/wp-content/uploads/2022/02/28150229/1979.pdf
1979-12-16,1979,16,REG,1979_16_PHI_HOU,nfl-tony-franklin-2,Tony Franklin,PHI,HOU,2,3,2,2,"22,41",https://media.eagles.1rmg.com/wp-content/uploads/2022/02/28150229/1979.pdf
1980-11-02,1980,9,REG,1980_09_DAL_STL,nfl-rafael-septien,Rafael Septien,DAL,STL,3,3,2,2,"28,32",https://media.eagles.1rmg.com/wp-content/uploads/2022/02/28150309/1980.pdf
1987-10-25,1987,6,REG,1987_06_NYJ_WAS,nfl-pat-leahy,Pat Leahy,NYJ,WAS,1,1,3,4,"33,23,21",https://media.eagles.1rmg.com/wp-content/uploads/2022/02/28150746/1987.pdf
1989-12-03,1989,13,REG,1989_13_HOU_PIT,nfl-gary-anderson,Gary Anderson,PIT,HOU,1,1,3,3,"18,37,18",https://media.eagles.1rmg.com/wp-content/uploads/2022/02/28150907/1989.pdf
1993-10-03,1993,5,REG,1993_05_DET_TB,nfl-michael-husted,Michael Husted,TB,DET,3,3,2,2,"52,46",https://media.eagles.1rmg.com/wp-content/uploads/2022/02/28151144/1993.pdf
1993-10-24,1993,8,REG,1993_08_DET_LA,nfl-jason-hanson-2,Jason Hanson,DET,LA,1,1,3,4,"25,24,18",https://media.eagles.1rmg.com/wp-content/uploads/2022/02/28151144/1993.pdf
1970-09-18,1970,1,REG,1970_01_STL_LA,nfl-jim-bakken,Jim Bakken,STL,LA,1,1,2,3,"17,9",https://media.eagles.1rmg.com/wp-content/uploads/2022/02/28145216/1970.pdf
1970-10-04,1970,3,REG,1970_03_HOU_CIN,nfl-roy-gerela,Roy Gerela,HOU,CIN,2,2,2,2,"28,37",https://media.eagles.1rmg.com/wp-content/uploads/2022/02/28145216/1970.pdf
1970-10-11,1970,4,REG,1970_04_BAL_HOU,nfl-roy-gerela,Roy Gerela,HOU,BAL,2,2,2,5,"27,9",https://media.eagles.1rmg.com/wp-content/uploads/2022/02/28145216/1970.pdf
1970-10-11,1970,4,REG,1970_04_NE_KC,nfl-jan-stenerud,Jan Stenerud,KC,NE,2,2,3,4,"42,44,24",https://media.eagles.1rmg.com/wp-content/uploads/2022/02/28145216/1970.pdf
1970-11-08,1970,8,REG,1970_08_CLE_OAK,nfl-don-cockroft,Don Cockroft,CLE,OAK,2,2,2,2,"42,32",https://media.eagles.1rmg.com/wp-content/uploads/2022/02/28145216/1970.pdf
1970-11-08,1970,8,REG,1970_08_HOU_KC,nfl-roy-gerela,Roy Gerela,HOU,KC,0,0,3,4,"38,18,48",https://media.eagles.1rmg.com/wp-content/uploads/2022/02/28145216/1970.pdf
1970-11-15,1970,9,REG,1970_09_SF_HOU,nfl-roy-gerela,Roy Gerela,HOU,SF,2,2,2,2,"26,26",https://media.eagles.1rmg.com/wp-content/uploads/2022/02/28145216/1970.pdf
1970-11-29,1970,11,REG,1970_11_CLE_PIT,nfl-don-cockroft,Don Cockroft,CLE,PIT,0,0,3,4,"16,38,46",https://media.eagles.1rmg.com/wp-content/uploads/2022/02/28145216/1970.pdf
1970-12-13,1970,13,REG,1970_13_CIN_HOU,nfl-roy-gerela,Roy Gerela,HOU,CIN,2,2,2,4,"46,31",https://media.eagles.1rmg.com/wp-content/uploads/2022/02/28145216/1970.pdf
1970-12-20,1970,14,REG,1970_14_CLE_DEN,nfl-don-cockroft,Don Cockroft,CLE,DEN,3,3,2,3,"32,34",https://media.eagles.1rmg.com/wp-content/uploads/2022/02/28145216/1970.pdf
1971-10-03,1971,3,REG,1971_03_NO_HOU,nfl-mark-moseley,Mark Moseley,HOU,NO,1,1,2,3,"22,44",https://media.eagles.1rmg.com/wp-content/uploads/2022/02/28145600/1971.pdf
1971-10-04,1971,3,REG,1971_03_OAK_CLE,nfl-don-cockroft,Don Cockroft,CLE,OAK,2,2,2,4,"27,14",https://media.eagles.1rmg.com/wp-content/uploads/2022/02/28145600/1971.pdf
1971-10-10,1971,4,REG,1971_04_HOU_WAS,nfl-mark-moseley,Mark Moseley,HOU,WAS,1,1,2,3,"42,25",https://media.eagles.1rmg.com/wp-content/uploads/2022/02/28145600/1971.pdf
1971-10-10,1971,4,REG,1971_04_PIT_CLE,nfl-don-cockroft,Don Cockroft,CLE,PIT,3,3,2,2,"25,20",https://media.eagles.1rmg.com/wp-content/uploads/2022/02/28145600/1971.pdf
1971-10-17,1971,5,REG,1971_05_CLE_CIN,nfl-don-cockroft,Don Cockroft,CLE,CIN,3,3,2,3,"35,22",https://media.eagles.1rmg.com/wp-content/uploads/2022/02/28145600/1971.pdf
1971-11-07,1971,8,REG,1971_08_HOU_NE,nfl-mark-moseley,Mark Moseley,HOU,NE,2,2,2,3,"25,41",https://media.eagles.1rmg.com/wp-content/uploads/2022/02/28145600/1971.pdf
1971-11-14,1971,9,REG,1971_09_NO_SF,nfl-charlie-durkee,Charlie Durkee,NO,SF,2,3,2,2,"14,38",https://media.eagles.1rmg.com/wp-content/uploads/2022/02/28145600/1971.pdf
1971-11-21,1971,10,REG,1971_10_HOU_CIN,nfl-mark-moseley,Mark Moseley,HOU,CIN,1,1,2,2,"37,26",https://media.eagles.1rmg.com/wp-content/uploads/2022/02/28145600/1971.pdf
1971-11-21,1971,10,REG,1971_10_NE_CLE,nfl-don-cockroft,Don Cockroft,CLE,NE,3,3,2,3,"34,31",https://media.eagles.1rmg.com/wp-content/uploads/2022/02/28145600/1971.pdf
1971-11-28,1971,11,REG,1971_11_CLE_HOU,nfl-don-cockroft,Don Cockroft,CLE,HOU,4,4,3,3,"40,35,39",https://media.eagles.1rmg.com/wp-content/uploads/2022/02/28145600/1971.pdf
1971-12-05,1971,12,REG,1971_12_PIT_HOU,nfl-mark-moseley,Mark Moseley,HOU,PIT,2,3,3,5,"25,37,25",https://media.eagles.1rmg.com/wp-content/uploads/2022/02/28145600/1971.pdf
1971-12-12,1971,13,REG,1971_13_HOU_BUF,nfl-mark-moseley,Mark Moseley,HOU,BUF,2,2,2,4,"44,44",https://media.eagles.1rmg.com/wp-content/uploads/2022/02/28145600/1971.pdf
1971-12-19,1971,14,REG,1971_14_CLE_WAS,nfl-don-cockroft,Don Cockroft,CLE,WAS,2,2,2,2,"30,32",https://media.eagles.1rmg.com/wp-content/uploads/2022/02/28145600/1971.pdf
1972-09-24,1972,2,REG,1972_02_CLE_PHI,nfl-don-cockroft,Don Cockroft,CLE,PHI,3,3,2,2,"10,44",https://media.eagles.1rmg.com/wp-content/uploads/2022/02/28145652/1972.pdf
1972-10-01,1972,3,REG,1972_03_CIN_CLE,nfl-don-cockroft,Don Cockroft,CLE,CIN,3,3,2,3,"31,30",https://media.eagles.1rmg.com/wp-content/uploads/2022/02/28145652/1972.pdf
1972-10-01,1972,3,REG,1972_03_NYJ_HOU,nfl-skip-butler,Skip Butler,HOU,NYJ,2,2,4,4,"12,20,20,12",https://media.eagles.1rmg.com/wp-content/uploads/2022/02/28145652/1972.pdf
1972-10-22,1972,6,REG,1972_06_CLE_HOU,nfl-don-cockroft,Don Cockroft,CLE,HOU,2,2,3,4,"33,33,26",https://media.eagles.1rmg.com/wp-content/uploads/2022/02/28145652/1972.pdf
1972-10-29,1972,7,REG,1972_07_CLE_DEN,nfl-don-cockroft,Don Cockroft,CLE,DEN,3,3,2,2,"27,57",https://media.eagles.1rmg.com/wp-content/uploads/2022/02/28145652/1972.pdf
1972-11-05,1972,8,REG,1972_08_HOU_CLE,nfl-don-cockroft,Don Cockroft,CLE,HOU,2,2,2,3,"19,32",https://media.eagles.1rmg.com/wp-content/uploads/2022/02/28145652/1972.pdf
1972-11-19,1972,10,REG,1972_10_PIT_CLE,nfl-don-cockroft,Don Cockroft,CLE,PIT,2,2,4,5,"26,38,12,26",https://media.eagles.1rmg.com/wp-content/uploads/2022/02/28145652/1972.pdf
1972-11-26,1972,11,REG,1972_11_BUF_CLE,nfl-don-cockroft,Don Cockroft,CLE,BUF,3,3,2,2,"33,49",https://media.eagles.1rmg.com/wp-content/uploads/2022/02/28145652/1972.pdf
1972-11-26,1972,11,REG,1972_11_HOU_SD,nfl-skip-butler,Skip Butler,HOU,SD,2,2,2,2,"49,47",https://media.eagles.1rmg.com/wp-content/uploads/2022/02/28145652/1972.pdf
1972-12-09,1972,13,REG,1972_13_CLE_CIN,nfl-don-cockroft,Don Cockroft,CLE,CIN,3,3,2,2,"27,27",https://media.eagles.1rmg.com/wp-content/uploads/2022/02/28145652/1972.pdf
1972-12-11,1972,13,REG,1972_13_NYJ_OAK,nfl-bobby-howfield,Bobby Howfield,NYJ,OAK,1,1,3,4,"25,30,42",https://media.eagles.1rmg.com/wp-content/uploads/2022/02/28145652/1972.pdf
1972-12-17,1972,14,REG,1972_14_CLE_NYJ,nfl-don-cockroft,Don Cockroft,CLE,NYJ,2,3,2,2,"8,13",https://media.eagles.1rmg.com/wp-content/uploads/2022/02/28145652/1972.pdf
1973-09-23,1973,2,REG,1973_02_CLE_PIT,nfl-don-cockroft,Don Cockroft,CLE,PIT,0,0,2,2,"43,28",https://media.eagles.1rmg.com/wp-content/uploads/2022/02/28145729/1973.pdf
1973-09-30,1973,3,REG,1973_03_NYG_CLE,nfl-don-cockroft,Don Cockroft,CLE,NYG,0,0,4,5,"11,27,30,10",https://media.eagles.1rmg.com/wp-content/uploads/2022/02/28145729/1973.pdf
1973-10-07,1973,4,REG,1973_04_LA_HOU,nfl-skip-butler,Skip Butler,HOU,LA,2,2,4,4,"8,35,37,36",https://media.eagles.1rmg.com/wp-content/uploads/2022/02/28145729/1973.pdf
1973-10-14,1973,5,REG,1973_05_DEN_HOU,nfl-skip-butler,Skip Butler,HOU,DEN,2,2,2,2,"20,49",https://media.eagles.1rmg.com/wp-content/uploads/2022/02/28145729/1973.pdf
1973-10-15,1973,5,REG,1973_05_MIA_CLE,nfl-don-cockroft,Don Cockroft,CLE,MIA,0,0,3,5,"30,44,35",https://media.eagles.1rmg.com/wp-content/uploads/2022/02/28145729/1973.pdf
1973-10-21,1973,6,REG,1973_06_HOU_CLE,nfl-skip-butler,Skip Butler,HOU,CLE,1,1,2,2,"9,31",https://media.eagles.1rmg.com/wp-content/uploads/2022/02/28145729/1973.pdf
1973-10-28,1973,7,REG,1973_07_SD_CLE,nfl-don-cockroft,Don Cockroft,CLE,SD,1,1,3,4,"40,17,42",https://media.eagles.1rmg.com/wp-content/uploads/2022/02/28145729/1973.pdf
1973-11-11,1973,9,REG,1973_09_CLE_HOU,nfl-don-cockroft,Don Cockroft,CLE,HOU,2,2,3,5,"30,22,45",https://media.eagles.1rmg.com/wp-content/uploads/2022/02/28145729/1973.pdf
1973-11-11,1973,9,REG,1973_09_CLE_HOU,nfl-skip-butler,Skip Butler,HOU,CLE,1,1,2,4,"27,46",https://media.eagles.1rmg.com/wp-content/uploads/2022/02/28145729/1973.pdf
1973-12-02,1973,12,REG,1973_12_CLE_KC,nfl-don-cockroft,Don Cockroft,CLE,KC,2,2,2,2,"44,28",https://media.eagles.1rmg.com/wp-content/uploads/2022/02/28145729/1973.pdf
1973-12-02,1973,12,REG,1973_12_OAK_HOU,nfl-skip-butler,Skip Butler,HOU,OAK,0,0,2,4,"44,16",https://media.eagles.1rmg.com/wp-content/uploads/2022/02/28145729/1973.pdf
1974-09-22,1974,2,REG,1974_02_HOU_CLE,nfl-don-cockroft,Don Cockroft,CLE,HOU,2,2,2,2,"27,41",https://media.eagles.1rmg.com/wp-content/uploads/2022/02/28145810/1974.pdf
1974-10-27,1974,7,REG,1974_07_DEN_CLE,nfl-don-cockroft,Don Cockroft,CLE,DEN,2,2,3,4,"27,30,25",https://media.eagles.1rmg.com/wp-content/uploads/2022/02/28145810/1974.pdf
1974-10-27,1974,7,REG,1974_07_HOU_CIN,nfl-skip-butler,Skip Butler,HOU,CIN,4,4,2,2,"21,34",https://media.eagles.1rmg.com/wp-content/uploads/2022/02/28145810/1974.pdf
1974-11-17,1974,10,REG,1974_10_PIT_CLE,nfl-don-cockroft,Don Cockroft,CLE,PIT,1,1,3,3,"44,35,18",https://media.eagles.1rmg.com/wp-content/uploads/2022/02/28145810/1974.pdf
1975-10-19,1975,5,REG,1975_05_CLE_DEN,nfl-don-cockroft,Don Cockroft,CLE,DEN,0,0,5,7,"24,49,43,20,42",https://media.eagles.1rmg.com/wp-content/uploads/2022/02/28145853/1975.pdf
1975-11-23,1975,10,REG,1975_10_CIN_CLE,nfl-don-cockroft,Don Cockroft,CLE,CIN,2,4,3,3,"27,32,43",https://media.eagles.1rmg.com/wp-content/uploads/2022/02/28145853/1975.pdf
1976-10-31,1976,8,REG,1976_08_CLE_CIN,nfl-don-cockroft,Don Cockroft,CLE,CIN,0,0,2,2,"18,26",https://media.eagles.1rmg.com/wp-content/uploads/2022/02/28150027/1976.pdf
1976-11-07,1976,9,REG,1976_09_CLE_HOU,nfl-don-cockroft,Don Cockroft,CLE,HOU,1,2,2,2,"30,40",https://media.eagles.1rmg.com/wp-content/uploads/2022/02/28150027/1976.pdf
1976-12-05,1976,13,REG,1976_13_HOU_CLE,nfl-don-cockroft,Don Cockroft,CLE,HOU,1,1,2,3,"29,46",https://media.eagles.1rmg.com/wp-content/uploads/2022/02/28150027/1976.pdf
1977-09-18,1977,1,REG,1977_01_CLE_CIN,nfl-don-cockroft,Don Cockroft,CLE,CIN,1,1,2,2,"41,25",https://media.eagles.1rmg.com/wp-content/uploads/2022/02/28150108/1977.pdf
1977-09-26,1977,2,REG,1977_02_NE_CLE,nfl-don-cockroft,Don Cockroft,CLE,NE,3,3,3,5,"37,37,35",https://media.eagles.1rmg.com/wp-content/uploads/2022/02/28150108/1977.pdf
1977-10-23,1977,6,REG,1977_06_CLE_BUF,nfl-don-cockroft,Don Cockroft,CLE,BUF,3,3,2,2,"41,27",https://media.eagles.1rmg.com/wp-content/uploads/2022/02/28150108/1977.pdf
1977-10-30,1977,7,REG,1977_07_KC_CLE,nfl-don-cockroft,Don Cockroft,CLE,KC,5,5,3,3,"29,34,27",https://media.eagles.1rmg.com/wp-content/uploads/2022/02/28150108/1977.pdf
1977-12-11,1977,13,REG,1977_13_HOU_CLE,nfl-don-cockroft,Don Cockroft,CLE,HOU,1,1,2,2,"26,40",https://media.eagles.1rmg.com/wp-content/uploads/2022/02/28150108/1977.pdf
1978-09-10,1978,2,REG,1978_02_CIN_CLE,nfl-don-cockroft,Don Cockroft,CLE,CIN,1,1,2,3,"32,27",https://media.eagles.1rmg.com/wp-content/uploads/2022/02/28150149/1978.pdf
1978-09-24,1978,4,REG,1978_04_CLE_PIT,nfl-don-cockroft,Don Cockroft,CLE,PIT,0,0,3,4,"43,30,41",https://media.eagles.1rmg.com/wp-content/uploads/2022/02/28150149/1978.pdf
1978-10-01,1978,5,REG,1978_05_HOU_CLE,nfl-don-cockroft,Don Cockroft,CLE,HOU,1,1,2,2,"41,40",https://media.eagles.1rmg.com/wp-content/uploads/2022/02/28150149/1978.pdf
1978-12-10,1978,15,REG,1978_15_NYJ_CLE,nfl-don-cockroft,Don Cockroft,CLE,NYJ,4,4,3,4,"26,22,22",https://media.eagles.1rmg.com/wp-content/uploads/2022/02/28150149/1978.pdf
1979-09-02,1979,1,REG,1979_01_CLE_NYJ,nfl-don-cockroft,Don Cockroft,CLE,NYJ,1,2,4,4,"31,36,35,27",https://media.eagles.1rmg.com/wp-content/uploads/2022/02/28150229/1979.pdf
1979-09-09,1979,2,REG,1979_02_CLE_KC,nfl-don-cockroft,Don Cockroft,CLE,KC,3,3,2,2,"27,32",https://media.eagles.1rmg.com/wp-content/uploads/2022/02/28150229/1979.pdf
1979-09-16,1979,3,REG,1979_03_BAL_CLE,nfl-don-cockroft,Don Cockroft,CLE,BAL,1,1,2,3,"37,28",https://media.eagles.1rmg.com/wp-content/uploads/2022/02/28150229/1979.pdf
1979-11-25,1979,13,REG,1979_13_CLE_PIT,nfl-don-cockroft,Don Cockroft,CLE,PIT,3,3,3,3,"20,32,40",https://media.eagles.1rmg.com/wp-content/uploads/2022/02/28150229/1979.pdf
1980-09-28,1980,4,REG,1980_04_CLE_TB,nfl-don-cockroft,Don Cockroft,CLE,TB,4,4,2,2,"35,36",https://media.eagles.1rmg.com/wp-content/uploads/2022/02/28150309/1980.pdf
1980-10-05,1980,5,REG,1980_05_DEN_CLE,nfl-don-cockroft,Don Cockroft,CLE,DEN,1,1,3,5,"24,45,40",https://media.eagles.1rmg.com/wp-content/uploads/2022/02/28150309/1980.pdf
1980-10-19,1980,7,REG,1980_07_GB_CLE,nfl-don-cockroft,Don Cockroft,CLE,GB,2,3,2,2,"40,42",https://media.eagles.1rmg.com/wp-content/uploads/2022/02/28150309/1980.pdf
1980-11-03,1980,9,REG,1980_09_CHI_CLE,nfl-don-cockroft,Don Cockroft,CLE,CHI,3,3,2,2,"23,42",https://media.eagles.1rmg.com/wp-content/uploads/2022/02/28150309/1980.pdf
1980-12-21,1980,16,REG,1980_16_CLE_CIN,nfl-don-cockroft,Don Cockroft,CLE,CIN,3,3,2,2,"26,22",https://media.eagles.1rmg.com/wp-content/uploads/2022/02/28150309/1980.pdf
1981-09-20,1981,3,REG,1981_03_CLE_CIN,nfl-dave-jacobs,Dave Jacobs,CLE,CIN,2,2,2,3,"28,30",https://media.eagles.1rmg.com/wp-content/uploads/2022/02/28150347/1981.pdf
1982-12-05,1982,5,REG,1982_05_SD_CLE,nfl-matt-bahr,Matt Bahr,CLE,SD,1,1,2,4,"46,34",https://media.eagles.1rmg.com/wp-content/uploads/2022/02/28150423/1982.pdf
1982-12-26,1982,8,REG,1982_08_CLE_HOU,nfl-matt-bahr,Matt Bahr,CLE,HOU,2,2,2,3,"18,24",https://media.eagles.1rmg.com/wp-content/uploads/2022/02/28150423/1982.pdf
1983-10-30,1983,9,REG,1983_09_HOU_CLE,nfl-matt-bahr,Matt Bahr,CLE,HOU,1,1,4,4,"37,37,29,30",https://media.eagles.1rmg.com/wp-content/uploads/2022/02/28150505/1983.pdf
1983-11-13,1983,11,REG,1983_11_TB_CLE,nfl-matt-bahr,Matt Bahr,CLE,TB,2,2,2,3,"27,42",https://media.eagles.1rmg.com/wp-content/uploads/2022/02/28150505/1983.pdf
1983-11-20,1983,12,REG,1983_12_CLE_NE,nfl-matt-bahr,Matt Bahr,CLE,NE,3,3,3,3,"22,20,20",https://media.eagles.1rmg.com/wp-content/uploads/2022/02/28150505/1983.pdf
1983-11-27,1983,13,REG,1983_13_BAL_CLE,nfl-matt-bahr,Matt Bahr,CLE,BAL,5,5,2,2,"26,27",https://media.eagles.1rmg.com/wp-content/uploads/2022/02/28150505/1983.pdf
1983-12-11,1983,15,REG,1983_15_CLE_HOU,nfl-matt-bahr,Matt Bahr,CLE,HOU,3,3,2,2,"44,45",https://media.eagles.1rmg.com/wp-content/uploads/2022/02/28150505/1983.pdf
1984-09-09,1984,2,REG,1984_02_TB_NO,nfl-obed-ariri,Obed Ariri,TB,NO,1,1,2,2,"48,40",https://media.eagles.1rmg.com/wp-content/uploads/2022/02/28150546/1984.pdf
1984-09-23,1984,4,REG,1984_04_PIT_CLE,nfl-matt-bahr,Matt Bahr,CLE,PIT,2,2,2,3,"18,48",https://media.eagles.1rmg.com/wp-content/uploads/2022/02/28150546/1984.pdf
1984-09-30,1984,5,REG,1984_05_CLE_KC,nfl-matt-bahr,Matt Bahr,CLE,KC,0,0,2,2,"34,23",https://media.eagles.1rmg.com/wp-content/uploads/2022/02/28150546/1984.pdf
1984-09-30,1984,5,REG,1984_05_GB_TB,nfl-obed-ariri,Obed Ariri,TB,GB,3,3,3,4,"46,49,48",https://media.eagles.1rmg.com/wp-content/uploads/2022/02/28150546/1984.pdf
1984-10-07,1984,6,REG,1984_06_NE_CLE,nfl-matt-bahr,Matt Bahr,CLE,NE,1,1,3,4,"24,48,27",https://media.eagles.1rmg.com/wp-content/uploads/2022/02/28150546/1984.pdf
1984-10-28,1984,9,REG,1984_09_TB_KC,nfl-obed-ariri,Obed Ariri,TB,KC,2,2,2,3,"34,25",https://media.eagles.1rmg.com/wp-content/uploads/2022/02/28150546/1984.pdf
1984-11-04,1984,10,REG,1984_10_CLE_BUF,nfl-matt-bahr,Matt Bahr,CLE,BUF,1,1,2,2,"28,36",https://media.eagles.1rmg.com/wp-content/uploads/2022/02/28150546/1984.pdf
1984-11-11,1984,11,REG,1984_11_NYG_TB,nfl-obed-ariri,Obed Ariri,TB,NYG,2,2,2,2,"37,20",https://media.eagles.1rmg.com/wp-content/uploads/2022/02/28150546/1984.pdf
1984-11-18,1984,12,REG,1984_12_CLE_ATL,nfl-matt-bahr,Matt Bahr,CLE,ATL,2,2,3,3,"27,46,20",https://media.eagles.1rmg.com/wp-content/uploads/2022/02/28150546/1984.pdf
1984-11-25,1984,13,REG,1984_13_HOU_CLE,nfl-matt-bahr,Matt Bahr,CLE,HOU,3,3,2,2,"18,29",https://media.eagles.1rmg.com/wp-content/uploads/2022/02/28150546/1984.pdf
1984-11-25,1984,13,REG,1984_13_LA_TB,nfl-obed-ariri,Obed Ariri,TB,LA,3,4,2,2,"26,24",https://media.eagles.1rmg.com/wp-content/uploads/2022/02/28150546/1984.pdf
1984-12-09,1984,15,REG,1984_15_ATL_TB,nfl-obed-ariri,Obed Ariri,TB,ATL,2,2,3,3,"30,36,28",https://media.eagles.1rmg.com/wp-content/uploads/2022/02/28150546/1984.pdf
1984-12-09,1984,15,REG,1984_15_CLE_PIT,nfl-matt-bahr,Matt Bahr,CLE,PIT,2,2,2,2,"29,49",https://media.eagles.1rmg.com/wp-content/uploads/2022/02/28150546/1984.pdf
1984-12-16,1984,16,REG,1984_16_CLE_HOU,nfl-matt-bahr,Matt Bahr,CLE,HOU,3,3,2,2,"29,29",https://media.eagles.1rmg.com/wp-content/uploads/2022/02/28150546/1984.pdf
1984-12-16,1984,16,REG,1984_16_NYJ_TB,nfl-obed-ariri,Obed Ariri,TB,NYJ,5,5,2,2,"37,35",https://media.eagles.1rmg.com/wp-content/uploads/2022/02/28150546/1984.pdf
1985-11-03,1985,9,REG,1985_09_CLE_PIT,nfl-matt-bahr,Matt Bahr,CLE,PIT,0,0,3,4,"34,45,30",https://media.eagles.1rmg.com/wp-content/uploads/2022/02/28150628/1985.pdf
1985-12-08,1985,14,REG,1985_14_CLE_SEA,nfl-matt-bahr,Matt Bahr,CLE,SEA,1,1,2,2,"27,32",https://media.eagles.1rmg.com/wp-content/uploads/2022/02/28150628/1985.pdf
1986-09-14,1986,2,REG,1986_02_CLE_HOU,nfl-matt-bahr,Matt Bahr,CLE,HOU,2,2,3,3,"34,29,45",https://media.eagles.1rmg.com/wp-content/uploads/2022/02/28150709/1986.pdf
1986-09-18,1986,3,REG,1986_03_CIN_CLE,nfl-matt-bahr,Matt Bahr,CLE,CIN,1,1,2,2,"19,34",https://media.eagles.1rmg.com/wp-content/uploads/2022/02/28150709/1986.pdf
1986-10-12,1986,6,REG,1986_06_KC_CLE,nfl-matt-bahr,Matt Bahr,CLE,KC,2,2,2,2,"34,36",https://media.eagles.1rmg.com/wp-content/uploads/2022/02/28150709/1986.pdf
1986-10-26,1986,8,REG,1986_08_CLE_MIN,nfl-matt-bahr,Matt Bahr,CLE,MIN,2,2,3,3,"52,19,22",https://media.eagles.1rmg.com/wp-content/uploads/2022/02/28150709/1986.pdf
1986-11-10,1986,10,REG,1986_10_MIA_CLE,nfl-matt-bahr,Matt Bahr,CLE,MIA,2,2,4,5,"32,19,18,21",https://media.eagles.1rmg.com/wp-content/uploads/2022/02/28150709/1986.pdf
1987-09-20,1987,2,REG,1987_02_PIT_CLE,nfl-jeff-jaeger,Jeff Jaeger,CLE,PIT,4,4,2,2,"29,23",https://media.eagles.1rmg.com/wp-content/uploads/2022/02/28150746/1987.pdf
1987-10-04,1987,3,REG,1987_03_CLE_NE,nfl-brian-franco,Brian Franco,CLE,NE,1,1,2,3,"28,21",https://media.eagles.1rmg.com/wp-content/uploads/2022/02/28150746/1987.pdf
1987-10-18,1987,5,REG,1987_05_CLE_CIN,nfl-jeff-jaeger,Jeff Jaeger,CLE,CIN,4,4,2,2,"45,33",https://media.eagles.1rmg.com/wp-content/uploads/2022/02/28150746/1987.pdf
1987-10-26,1987,6,REG,1987_06_LA_CLE,nfl-jeff-jaeger,Jeff Jaeger,CLE,LA,3,3,3,4,"23,48,41",https://media.eagles.1rmg.com/wp-content/uploads/2022/02/28150746/1987.pdf
1987-11-15,1987,9,REG,1987_09_BUF_CLE,nfl-jeff-jaeger,Jeff Jaeger,CLE,BUF,3,3,2,3,"22,40",https://media.eagles.1rmg.com/wp-content/uploads/2022/02/28150746/1987.pdf
1987-11-22,1987,10,REG,1987_10_CLE_HOU,nfl-jeff-jaeger,Jeff Jaeger,CLE,HOU,4,4,2,3,"21,32",https://media.eagles.1rmg.com/wp-content/uploads/2022/02/28150746/1987.pdf
1987-12-26,1987,15,REG,1987_15_CLE_PIT,nfl-matt-bahr,Matt Bahr,CLE,PIT,1,2,2,2,"31,30",https://media.eagles.1rmg.com/wp-content/uploads/2022/02/28150746/1987.pdf
1988-09-04,1988,1,REG,1988_01_CLE_KC,nfl-matt-bahr,Matt Bahr,CLE,KC,0,0,2,3,"19,38",https://media.eagles.1rmg.com/wp-content/uploads/2022/02/28150831/1988.pdf
1988-09-19,1988,3,REG,1988_03_IND_CLE,nfl-matt-bahr,Matt Bahr,CLE,IND,2,2,3,3,"21,29,40",https://media.eagles.1rmg.com/wp-content/uploads/2022/02/28150831/1988.pdf
1988-10-02,1988,5,REG,1988_05_CLE_PIT,nfl-matt-bahr,Matt Bahr,CLE,PIT,2,2,3,3,"22,21,40",https://media.eagles.1rmg.com/wp-content/uploads/2022/02/28150831/1988.pdf
1988-10-16,1988,7,REG,1988_07_PHI_CLE,nfl-matt-bahr,Matt Bahr,CLE,PHI,1,2,2,3,"24,37",https://media.eagles.1rmg.com/wp-content/uploads/2022/02/28150831/1988.pdf
1988-10-23,1988,8,REG,1988_08_CLE_PHX,nfl-matt-bahr,Matt Bahr,CLE,PHX,3,3,2,2,"46,23",https://media.eagles.1rmg.com/wp-content/uploads/2022/02/28150831/1988.pdf
1988-10-30,1988,9,REG,1988_09_CIN_CLE,nfl-matt-bahr,Matt Bahr,CLE,CIN,2,2,3,3,"34,39,29",https://media.eagles.1rmg.com/wp-content/uploads/2022/02/28150831/1988.pdf
1988-11-20,1988,12,REG,1988_12_PIT_CLE,nfl-matt-bahr,Matt Bahr,CLE,PIT,3,3,2,3,"32,34",https://media.eagles.1rmg.com/wp-content/uploads/2022/02/28150831/1988.pdf
1989-09-10,1989,1,REG,1989_01_CLE_PIT,nfl-matt-bahr,Matt Bahr,CLE,PIT,6,6,3,3,"27,20,27",https://media.eagles.1rmg.com/wp-content/uploads/2022/02/28150907/1989.pdf
1989-10-01,1989,4,REG,1989_04_DEN_CLE,nfl-matt-bahr,Matt Bahr,CLE,DEN,1,1,3,5,"36,48,48",https://media.eagles.1rmg.com/wp-content/uploads/2022/02/28150907/1989.pdf
1989-10-23,1989,7,REG,1989_07_CHI_CLE,nfl-matt-bahr,Matt Bahr,CLE,CHI,3,3,2,2,"31,35",https://media.eagles.1rmg.com/wp-content/uploads/2022/02/28150907/1989.pdf
1990-10-14,1990,6,REG,1990_06_CLE_NO,nfl-jerry-kauric,Jerry Kauric,CLE,NO,2,2,2,2,"37,39",https://media.eagles.1rmg.com/wp-content/uploads/2022/02/28150948/1990.pdf
1990-10-22,1990,7,REG,1990_07_CIN_CLE,nfl-jerry-kauric,Jerry Kauric,CLE,CIN,1,1,2,3,"21,30",https://media.eagles.1rmg.com/wp-content/uploads/2022/02/28150948/1990.pdf
1990-11-25,1990,12,REG,1990_12_MIA_CLE,nfl-jerry-kauric,Jerry Kauric,CLE,MIA,1,1,2,3,"36,42",https://media.eagles.1rmg.com/wp-content/uploads/2022/02/28150948/1990.pdf
1990-12-16,1990,15,REG,1990_15_ATL_CLE,nfl-jerry-kauric,Jerry Kauric,CLE,ATL,1,1,2,3,"23,41",https://media.eagles.1rmg.com/wp-content/uploads/2022/02/28150948/1990.pdf
1991-09-08,1991,2,REG,1991_02_CLE_NE,nfl-matt-stover,Matt Stover,CLE,NE,2,2,2,2,"30,32",https://media.eagles.1rmg.com/wp-content/uploads/2022/02/28151026/1991.pdf
1991-09-15,1991,3,REG,1991_03_CIN_CLE,nfl-matt-stover,Matt Stover,CLE,CIN,0,0,4,4,"30,42,38,45",https://media.eagles.1rmg.com/wp-content/uploads/2022/02/28151026/1991.pdf
1991-11-24,1991,13,REG,1991_13_KC_CLE,nfl-matt-stover,Matt Stover,CLE,KC,2,2,2,2,"34,21",https://media.eagles.1rmg.com/wp-content/uploads/2022/02/28151026/1991.pdf
1992-10-04,1992,5,REG,1992_05_SEA_SD,nfl-john-kasay,John Kasay,SEA,SD,0,0,2,2,"27,29",https://media.eagles.1rmg.com/wp-content/uploads/2022/02/28151103/1992.pdf
1992-10-25,1992,8,REG,1992_08_CLE_NE,nfl-matt-stover,Matt Stover,CLE,NE,1,1,4,7,"29,28,21,32",https://media.eagles.1rmg.com/wp-content/uploads/2022/02/28151103/1992.pdf
1992-11-15,1992,11,REG,1992_11_SD_CLE,nfl-matt-stover,Matt Stover,CLE,SD,1,1,2,2,"36,28",https://media.eagles.1rmg.com/wp-content/uploads/2022/02/28151103/1992.pdf
1992-11-29,1992,13,REG,1992_13_CHI_CLE,nfl-matt-stover,Matt Stover,CLE,CHI,3,3,2,3,"27,43",https://media.eagles.1rmg.com/wp-content/uploads/2022/02/28151103/1992.pdf
1992-11-30,1992,13,REG,1992_13_DEN_SEA,nfl-john-kasay,John Kasay,SEA,DEN,1,1,3,4,"30,33,32",https://media.eagles.1rmg.com/wp-content/uploads/2022/02/28151103/1992.pdf
1992-12-06,1992,14,REG,1992_14_CIN_CLE,nfl-matt-stover,Matt Stover,CLE,CIN,4,4,3,3,"34,30,27",https://media.eagles.1rmg.com/wp-content/uploads/2022/02/28151103/1992.pdf
1992-12-20,1992,16,REG,1992_16_SEA_DEN,nfl-john-kasay,John Kasay,SEA,DEN,0,0,2,2,"34,36",https://media.eagles.1rmg.com/wp-content/uploads/2022/02/28151103/1992.pdf
1993-09-05,1993,1,REG,1993_01_CIN_CLE,nfl-matt-stover,Matt Stover,CLE,CIN,3,3,2,2,"28,34",https://media.eagles.1rmg.com/wp-content/uploads/2022/02/28151144/1993.pdf
1993-09-13,1993,2,REG,1993_02_SF_CLE,nfl-matt-stover,Matt Stover,CLE,SF,2,2,3,3,"47,41,33",https://media.eagles.1rmg.com/wp-content/uploads/2022/02/28151144/1993.pdf
1993-09-26,1993,4,REG,1993_04_SEA_CIN,nfl-john-kasay,John Kasay,SEA,CIN,1,1,4,4,"32,35,23,35",https://media.eagles.1rmg.com/wp-content/uploads/2022/02/28151144/1993.pdf
1993-11-14,1993,11,REG,1993_11_CLE_SEA,nfl-john-kasay,John Kasay,SEA,CLE,2,2,2,4,"42,47",https://media.eagles.1rmg.com/wp-content/uploads/2022/02/28151144/1993.pdf
1993-11-21,1993,12,REG,1993_12_HOU_CLE,nfl-matt-stover,Matt Stover,CLE,HOU,2,2,2,2,"21,44",https://media.eagles.1rmg.com/wp-content/uploads/2022/02/28151144/1993.pdf
1993-12-05,1993,14,REG,1993_14_KC_SEA,nfl-john-kasay,John Kasay,SEA,KC,1,1,3,3,"22,26,37",https://media.eagles.1rmg.com/wp-content/uploads/2022/02/28151144/1993.pdf
1993-12-19,1993,16,REG,1993_16_PHX_SEA,nfl-john-kasay,John Kasay,SEA,PHX,3,3,2,3,"37,47",https://media.eagles.1rmg.com/wp-content/uploads/2022/02/28151144/1993.pdf
1993-12-26,1993,17,REG,1993_17_PIT_SEA,nfl-john-kasay,John Kasay,SEA,PIT,1,1,3,3,"32,48,35",https://media.eagles.1rmg.com/wp-content/uploads/2022/02/28151144/1993.pdf
1994-09-04,1994,1,REG,1994_01_KC_NO,nfl-lin-elliott,Lin Elliott,KC,NO,3,3,3,4,"24,22,27",https://media.eagles.1rmg.com/wp-content/uploads/2022/02/28151222/1994.pdf
1994-09-18,1994,3,REG,1994_03_KC_ATL,nfl-lin-elliott,Lin Elliott,KC,ATL,3,3,3,3,"48,19,45",https://media.eagles.1rmg.com/wp-content/uploads/2022/02/28151222/1994.pdf
1994-10-02,1994,5,REG,1994_05_NYJ_CLE,nfl-matt-stover,Matt Stover,CLE,NYJ,3,3,2,2,"23,45",https://media.eagles.1rmg.com/wp-content/uploads/2022/02/28151222/1994.pdf
1994-10-02,1994,5,REG,1994_05_SEA_IND,nfl-john-kasay,John Kasay,SEA,IND,1,1,2,3,"42,45",https://media.eagles.1rmg.com/wp-content/uploads/2022/02/28151222/1994.pdf
1994-10-09,1994,6,REG,1994_06_DEN_SEA,nfl-john-kasay,John Kasay,SEA,DEN,0,0,3,3,"37,36,42",https://media.eagles.1rmg.com/wp-content/uploads/2022/02/28151222/1994.pdf
1994-10-09,1994,6,REG,1994_06_KC_SD,nfl-lin-elliott,Lin Elliott,KC,SD,0,0,2,2,"25,25",https://media.eagles.1rmg.com/wp-content/uploads/2022/02/28151222/1994.pdf
1994-10-23,1994,8,REG,1994_08_CIN_CLE,nfl-matt-stover,Matt Stover,CLE,CIN,4,4,3,3,"45,27,35",https://media.eagles.1rmg.com/wp-content/uploads/2022/02/28151222/1994.pdf
1994-10-23,1994,8,REG,1994_08_SEA_KC,nfl-lin-elliott,Lin Elliott,KC,SEA,3,3,3,4,"49,34,27",https://media.eagles.1rmg.com/wp-content/uploads/2022/02/28151222/1994.pdf
1994-10-30,1994,9,REG,1994_09_CLE_DEN,nfl-matt-stover,Matt Stover,CLE,DEN,0,0,2,2,"43,45",https://media.eagles.1rmg.com/wp-content/uploads/2022/02/28151222/1994.pdf
1994-11-06,1994,10,REG,1994_10_NE_CLE,nfl-matt-stover,Matt Stover,CLE,NE,1,1,2,2,"33,41",https://media.eagles.1rmg.com/wp-content/uploads/2022/02/28151222/1994.pdf
1994-11-13,1994,11,REG,1994_11_CLE_PHI,nfl-matt-stover,Matt Stover,CLE,PHI,2,2,4,4,"35,41,22,36",https://media.eagles.1rmg.com/wp-content/uploads/2022/02/28151222/1994.pdf
1994-11-13,1994,11,REG,1994_11_SD_KC,nfl-lin-elliott,Lin Elliott,KC,SD,1,1,2,2,"27,34",https://media.eagles.1rmg.com/wp-content/uploads/2022/02/28151222/1994.pdf
1994-11-20,1994,12,REG,1994_12_CLE_KC,nfl-lin-elliott,Lin Elliott,KC,CLE,2,2,2,2,"22,28",https://media.eagles.1rmg.com/wp-content/uploads/2022/02/28151222/1994.pdf
1994-11-27,1994,13,REG,1994_13_HOU_CLE,nfl-matt-stover,Matt Stover,CLE,HOU,4,4,2,2,"37,23",https://media.eagles.1rmg.com/wp-content/uploads/2022/02/28151222/1994.pdf
1994-11-27,1994,13,REG,1994_13_KC_SEA,nfl-lin-elliott,Lin Elliott,KC,SEA,0,0,3,4,"32,23,38",https://media.eagles.1rmg.com/wp-content/uploads/2022/02/28151222/1994.pdf
1994-12-04,1994,14,REG,1994_14_IND_SEA,nfl-john-kasay,John Kasay,SEA,IND,1,1,2,2,"37,31",https://media.eagles.1rmg.com/wp-content/uploads/2022/02/28151222/1994.pdf
1994-12-04,1994,14,REG,1994_14_NYG_CLE,nfl-matt-stover,Matt Stover,CLE,NYG,1,1,2,2,"41,23",https://media.eagles.1rmg.com/wp-content/uploads/2022/02/28151222/1994.pdf
1994-12-10,1994,15,REG,1994_15_CLE_DAL,nfl-matt-stover,Matt Stover,CLE,DAL,1,1,4,4,"34,32,43,32",https://media.eagles.1rmg.com/wp-content/uploads/2022/02/28151222/1994.pdf
1995-09-10,1995,2,REG,1995_02_NYG_KC,nfl-lin-elliott,Lin Elliott,KC,NYG,2,2,2,2,"42,23",https://media.eagles.1rmg.com/wp-content/uploads/2022/02/28151420/1995.pdf
1995-09-10,1995,2,REG,1995_02_TB_CLE,nfl-matt-stover,Matt Stover,CLE,TB,1,1,3,3,"43,23,20",https://media.eagles.1rmg.com/wp-content/uploads/2022/02/28151420/1995.pdf
1995-10-09,1995,6,REG,1995_06_SD_KC,nfl-lin-elliott,Lin Elliott,KC,SD,2,2,3,3,"20,28,49",https://media.eagles.1rmg.com/wp-content/uploads/2022/02/28151420/1995.pdf
1995-10-29,1995,9,REG,1995_09_CLE_CIN,nfl-matt-stover,Matt Stover,CLE,CIN,2,2,5,5,"44,25,36,38,28",https://media.eagles.1rmg.com/wp-content/uploads/2022/02/28151420/1995.pdf
1995-11-12,1995,11,REG,1995_11_KC_SD,nfl-lin-elliott,Lin Elliott,KC,SD,1,1,3,3,"47,48,34",https://media.eagles.1rmg.com/wp-content/uploads/2022/02/28151420/1995.pdf
1995-11-19,1995,12,REG,1995_12_GB_CLE,nfl-matt-stover,Matt Stover,CLE,GB,2,2,2,2,"46,38",https://media.eagles.1rmg.com/wp-content/uploads/2022/02/28151420/1995.pdf
1995-11-23,1995,13,REG,1995_13_KC_DAL,nfl-lin-elliott,Lin Elliott,KC,DAL,0,0,2,2,"34,37",https://media.eagles.1rmg.com/wp-content/uploads/2022/02/28151420/1995.pdf
1995-12-03,1995,14,REG,1995_14_CLE_SD,nfl-matt-stover,Matt Stover,CLE,SD,1,1,2,2,"34,40",https://media.eagles.1rmg.com/wp-content/uploads/2022/02/28151420/1995.pdf
1995-12-17,1995,16,REG,1995_16_CIN_CLE,nfl-matt-stover,Matt Stover,CLE,CIN,2,2,4,4,"37,42,19,35",https://media.eagles.1rmg.com/wp-content/uploads/2022/02/28151420/1995.pdf
1995-12-24,1995,17,REG,1995_17_SEA_KC,nfl-lin-elliott,Lin Elliott,KC,SEA,2,2,4,4,"37,20,20,27",https://media.eagles.1rmg.com/wp-content/uploads/2022/02/28151420/1995.pdf
1972-09-17,1972,1,REG,1972_01_ATL_CHI,nfl-bill-bell,Bill Bell,ATL,CHI,4,4,3,3,"22,39,36",https://media.eagles.1rmg.com/wp-content/uploads/2022/02/28145652/1972.pdf
1972-10-08,1972,4,REG,1972_04_DET_ATL,nfl-bill-bell,Bill Bell,ATL,DET,2,2,3,4,"22,32,12",https://media.eagles.1rmg.com/wp-content/uploads/2022/02/28145652/1972.pdf
1979-11-25,1979,13,REG,1979_13_BUF_NE,nfl-nick-mike-mayer,Nick Mike-Mayer,BUF,NE,1,1,3,3,"29,26,29",https://media.eagles.1rmg.com/wp-content/uploads/2022/02/28150229/1979.pdf
1970-11-01,1970,7,REG,1970_07_LA_NO,nfl-david-ray,David Ray,LA,NO,3,3,3,3,"43,14,23",https://static.clubs.nfl.com/image/upload/saints/tecwancwttvcxqnxkoqm.pdf
1970-12-06,1970,12,REG,1970_12_NO_LA,nfl-david-ray,David Ray,LA,NO,4,4,2,3,"45,37",https://static.clubs.nfl.com/image/upload/saints/tecwancwttvcxqnxkoqm.pdf
1970-12-06,1970,12,REG,1970_12_NO_LA,nfl-tom-dempsey,Tom Dempsey,NO,LA,1,1,3,3,"24,50,54",https://static.clubs.nfl.com/image/upload/saints/tecwancwttvcxqnxkoqm.pdf
1970-10-11,1970,4,REG,1970_04_SF_LA,nfl-bruce-gossett,Bruce Gossett,SF,LA,2,2,2,3,"42,15",https://media.eagles.1rmg.com/wp-content/uploads/2022/02/28145216/1970.pdf
1970-10-11,1970,4,REG,1970_04_SF_LA,nfl-david-ray,David Ray,LA,SF,0,0,2,3,"16,31",https://media.eagles.1rmg.com/wp-content/uploads/2022/02/28145216/1970.pdf
1970-12-14,1970,13,REG,1970_13_DET_LA,nfl-david-ray,David Ray,LA,DET,2,2,3,4,"15,21,29",https://media.eagles.1rmg.com/wp-content/uploads/2022/02/28145216/1970.pdf
1971-09-19,1971,1,REG,1971_01_LA_NO,nfl-david-ray,David Ray,LA,NO,2,2,2,2,"31,27",https://media.eagles.1rmg.com/wp-content/uploads/2022/02/28145600/1971.pdf
1972-11-19,1972,10,REG,1972_10_MIN_LA,nfl-david-ray,David Ray,LA,MIN,5,5,2,3,"33,34",https://media.eagles.1rmg.com/wp-content/uploads/2022/02/28145652/1972.pdf
1973-09-30,1973,3,REG,1973_03_LA_SF,nfl-bruce-gossett,Bruce Gossett,SF,LA,2,2,2,2,"35,24",https://media.eagles.1rmg.com/wp-content/uploads/2022/02/28145729/1973.pdf
1973-09-30,1973,3,REG,1973_03_LA_SF,nfl-david-ray,David Ray,LA,SF,4,4,4,4,"16,19,27,25",https://media.eagles.1rmg.com/wp-content/uploads/2022/02/28145729/1973.pdf
1974-10-13,1974,5,REG,1974_05_LA_GB,nfl-david-ray,David Ray,LA,GB,0,0,2,2,"28,28",https://media.eagles.1rmg.com/wp-content/uploads/2022/02/28145810/1974.pdf
1976-11-28,1976,12,REG,1976_12_NO_LA,nfl-tom-dempsey,Tom Dempsey,LA,NO,3,4,2,2,"33,25",https://media.eagles.1rmg.com/wp-content/uploads/2022/02/28150027/1976.pdf
1979-10-14,1979,7,REG,1979_07_LA_DAL,nfl-frank-corral,Frank Corral,LA,DAL,0,0,2,2,"42,41",https://media.eagles.1rmg.com/wp-content/uploads/2022/02/28150229/1979.pdf
1979-10-28,1979,9,REG,1979_09_NYG_LA,nfl-joe-danelo,Joe Danelo,NYG,LA,2,2,2,3,"49,31",https://media.eagles.1rmg.com/wp-content/uploads/2022/02/28150229/1979.pdf
1982-12-12,1982,6,REG,1982_06_LA_KC,nfl-nick-lowery,Nick Lowery,KC,LA,1,1,3,4,"35,27,29",https://media.eagles.1rmg.com/wp-content/uploads/2022/02/28150423/1982.pdf
1983-01-02,1982,9,REG,1982_09_LA_SD,nfl-rolf-benirschke,Rolf Benirschke,SD,LA,4,4,2,3,"27,23",https://media.eagles.1rmg.com/wp-content/uploads/2022/02/28150423/1982.pdf
1983-10-02,1983,5,REG,1983_05_LA_WAS,nfl-mark-moseley,Mark Moseley,WAS,LA,4,4,3,4,"28,29,34",https://media.eagles.1rmg.com/wp-content/uploads/2022/02/28150505/1983.pdf
1983-10-09,1983,6,REG,1983_06_KC_LA,nfl-nick-lowery,Nick Lowery,KC,LA,2,2,2,3,"32,39",https://media.eagles.1rmg.com/wp-content/uploads/2022/02/28150505/1983.pdf
1983-10-30,1983,9,REG,1983_09_SEA_LA,nfl-norm-johnson,Norm Johnson,SEA,LA,4,4,2,2,"37,44",https://media.eagles.1rmg.com/wp-content/uploads/2022/02/28150505/1983.pdf
1983-11-06,1983,10,REG,1983_10_LA_KC,nfl-nick-lowery,Nick Lowery,KC,LA,2,2,2,3,"54,48",https://media.eagles.1rmg.com/wp-content/uploads/2022/02/28150505/1983.pdf
1983-11-13,1983,11,REG,1983_11_DEN_LA,nfl-rich-karlis,Rich Karlis,DEN,LA,2,2,2,2,"23,22",https://media.eagles.1rmg.com/wp-content/uploads/2022/02/28150505/1983.pdf
1984-09-24,1984,4,REG,1984_04_SD_LA,nfl-rolf-benirschke,Rolf Benirschke,SD,LA,3,3,3,3,"51,33,48",https://media.eagles.1rmg.com/wp-content/uploads/2022/02/28150546/1984.pdf
1984-09-30,1984,5,REG,1984_05_LA_DEN,nfl-rich-karlis,Rich Karlis,DEN,LA,1,1,3,3,"27,32,19",https://media.eagles.1rmg.com/wp-content/uploads/2022/02/28150546/1984.pdf
1984-10-28,1984,9,REG,1984_09_DEN_LA,nfl-rich-karlis,Rich Karlis,DEN,LA,1,1,3,4,"41,24,35",https://media.eagles.1rmg.com/wp-content/uploads/2022/02/28150546/1984.pdf
1984-12-16,1984,16,REG,1984_16_PIT_LA,nfl-gary-anderson,Gary Anderson,PIT,LA,1,1,2,3,"26,37",https://media.eagles.1rmg.com/wp-content/uploads/2022/02/28150546/1984.pdf
1985-09-12,1985,2,REG,1985_02_LA_KC,nfl-nick-lowery,Nick Lowery,KC,LA,3,3,5,5,"39,22,42,58,21",https://media.eagles.1rmg.com/wp-content/uploads/2022/02/28150628/1985.pdf
1985-09-22,1985,3,REG,1985_03_SF_LA,nfl-ray-wersching,Ray Wersching,SF,LA,4,4,2,3,"22,26",https://media.eagles.1rmg.com/wp-content/uploads/2022/02/28150628/1985.pdf
1985-09-29,1985,4,REG,1985_04_LA_NE,nfl-tony-franklin-2,Tony Franklin,NE,LA,2,2,2,2,"47,20",https://media.eagles.1rmg.com/wp-content/uploads/2022/02/28150628/1985.pdf
1985-10-13,1985,6,REG,1985_06_NO_LA,nfl-morten-andersen,Morten Andersen,NO,LA,1,1,2,2,"34,33",https://media.eagles.1rmg.com/wp-content/uploads/2022/02/28150628/1985.pdf
1985-11-03,1985,9,REG,1985_09_LA_SEA,nfl-norm-johnson,Norm Johnson,SEA,LA,3,4,2,3,"39,31",https://media.eagles.1rmg.com/wp-content/uploads/2022/02/28150628/1985.pdf
1985-11-10,1985,10,REG,1985_10_LA_SD,nfl-bob-thomas,Bob Thomas,SD,LA,4,4,2,4,"34,23",https://media.eagles.1rmg.com/wp-content/uploads/2022/02/28150628/1985.pdf
1986-11-09,1986,10,REG,1986_10_LA_DAL,nfl-rafael-septien,Rafael Septien,DAL,LA,1,1,2,3,"20,20",https://media.eagles.1rmg.com/wp-content/uploads/2022/02/28150709/1986.pdf
1986-12-08,1986,14,REG,1986_14_LA_SEA,nfl-norm-johnson,Norm Johnson,SEA,LA,4,4,3,4,"46,51,53",https://media.eagles.1rmg.com/wp-content/uploads/2022/02/28150709/1986.pdf
1986-12-21,1986,16,REG,1986_16_IND_LA,nfl-dean-biasucci,Dean Biasucci,IND,LA,3,3,3,3,"52,40,20",https://media.eagles.1rmg.com/wp-content/uploads/2022/02/28150709/1986.pdf
1987-11-01,1987,7,REG,1987_07_LA_NE,nfl-tony-franklin-2,Tony Franklin,NE,LA,2,2,4,4,"50,27,25,29",https://media.eagles.1rmg.com/wp-content/uploads/2022/02/28150746/1987.pdf
1987-11-15,1987,9,REG,1987_09_LA_SD,nfl-vince-abbott,Vince Abbott,SD,LA,1,1,3,4,"38,47,39",https://media.eagles.1rmg.com/wp-content/uploads/2022/02/28150746/1987.pdf
1987-11-22,1987,10,REG,1987_10_DEN_LA,nfl-rich-karlis,Rich Karlis,DEN,LA,2,2,3,4,"49,31,20",https://media.eagles.1rmg.com/wp-content/uploads/2022/02/28150746/1987.pdf
1987-12-13,1987,13,REG,1987_13_LA_KC,nfl-nick-lowery,Nick Lowery,KC,LA,1,1,3,3,"39,22,35",https://media.eagles.1rmg.com/wp-content/uploads/2022/02/28150746/1987.pdf
1987-12-27,1987,15,REG,1987_15_CHI_LA,nfl-kevin-butler,Kevin Butler,CHI,LA,0,0,2,2,"38,30",https://media.eagles.1rmg.com/wp-content/uploads/2022/02/28150746/1987.pdf
1988-09-26,1988,4,REG,1988_04_LA_DEN,nfl-rich-karlis,Rich Karlis,DEN,LA,3,3,2,2,"39,25",https://media.eagles.1rmg.com/wp-content/uploads/2022/02/28150831/1988.pdf
1988-10-23,1988,8,REG,1988_08_LA_NO,nfl-morten-andersen,Morten Andersen,NO,LA,2,2,2,2,"51,25",https://media.eagles.1rmg.com/wp-content/uploads/2022/02/28150831/1988.pdf
1988-12-04,1988,14,REG,1988_14_DEN_LA,nfl-rich-karlis,Rich Karlis,DEN,LA,2,2,2,2,"29,36",https://media.eagles.1rmg.com/wp-content/uploads/2022/02/28150831/1988.pdf
1988-12-11,1988,15,REG,1988_15_LA_BUF,nfl-scott-norwood,Scott Norwood,BUF,LA,4,4,3,3,"30,30,22",https://media.eagles.1rmg.com/wp-content/uploads/2022/02/28150831/1988.pdf
1988-12-18,1988,16,REG,1988_16_SEA_LA,nfl-norm-johnson,Norm Johnson,SEA,LA,4,4,5,5,"39,24,40,35,32",https://media.eagles.1rmg.com/wp-content/uploads/2022/02/28150831/1988.pdf
1989-11-19,1989,11,REG,1989_11_LA_HOU,nfl-tony-zendejas,Tony Zendejas,HOU,LA,2,2,3,3,"20,20,46",https://media.eagles.1rmg.com/wp-content/uploads/2022/02/28150907/1989.pdf
1989-12-03,1989,13,REG,1989_13_DEN_LA,nfl-david-treadwell,David Treadwell,DEN,LA,1,1,2,3,"34,35",https://media.eagles.1rmg.com/wp-content/uploads/2022/02/28150907/1989.pdf
1989-12-17,1989,15,REG,1989_15_LA_SEA,nfl-norm-johnson,Norm Johnson,SEA,LA,2,2,3,3,"29,25,43",https://media.eagles.1rmg.com/wp-content/uploads/2022/02/28150907/1989.pdf
1989-12-24,1989,16,REG,1989_16_LA_NYG,nfl-bjorn-nittmo,Bjorn Nittmo,NYG,LA,4,4,2,2,"28,21",https://media.eagles.1rmg.com/wp-content/uploads/2022/02/28150907/1989.pdf
1990-09-09,1990,1,REG,1990_01_DEN_LA,nfl-david-treadwell,David Treadwell,DEN,LA,0,0,3,3,"42,44,24",https://media.eagles.1rmg.com/wp-content/uploads/2022/02/28150948/1990.pdf
1990-09-16,1990,2,REG,1990_02_LA_SEA,nfl-norm-johnson,Norm Johnson,SEA,LA,1,1,2,3,"22,19",https://media.eagles.1rmg.com/wp-content/uploads/2022/02/28150948/1990.pdf
1990-12-02,1990,13,REG,1990_13_LA_DEN,nfl-david-treadwell,David Treadwell,DEN,LA,2,2,2,3,"45,21",https://media.eagles.1rmg.com/wp-content/uploads/2022/02/28150948/1990.pdf
1991-09-01,1991,1,REG,1991_01_LA_HOU,nfl-ian-howfield,Ian Howfield,HOU,LA,5,6,2,2,"34,46",https://media.eagles.1rmg.com/wp-content/uploads/2022/02/28151026/1991.pdf
1991-09-08,1991,2,REG,1991_02_DEN_LA,nfl-david-treadwell,David Treadwell,DEN,LA,1,1,2,2,"22,47",https://media.eagles.1rmg.com/wp-content/uploads/2022/02/28151026/1991.pdf
1991-09-29,1991,5,REG,1991_05_SF_LA,nfl-mike-cofer,Mike Cofer,SF,LA,0,0,2,2,"23,25",https://media.eagles.1rmg.com/wp-content/uploads/2022/02/28151026/1991.pdf
1991-10-13,1991,7,REG,1991_07_LA_SEA,nfl-john-kasay,John Kasay,SEA,LA,2,2,2,2,"36,45",https://media.eagles.1rmg.com/wp-content/uploads/2022/02/28151026/1991.pdf
1991-12-16,1991,16,REG,1991_16_LA_NO,nfl-morten-andersen,Morten Andersen,NO,LA,3,3,2,3,"37,42",https://media.eagles.1rmg.com/wp-content/uploads/2022/02/28151026/1991.pdf
1992-09-28,1992,4,REG,1992_04_LA_KC,nfl-nick-lowery,Nick Lowery,KC,LA,3,3,2,2,"22,41",https://media.eagles.1rmg.com/wp-content/uploads/2022/02/28151103/1992.pdf
1992-11-29,1992,13,REG,1992_13_LA_SD,nfl-john-carney,John Carney,SD,LA,3,3,2,2,"27,21",https://media.eagles.1rmg.com/wp-content/uploads/2022/02/28151103/1992.pdf
1992-12-14,1992,15,REG,1992_15_LA_MIA,nfl-pete-stoyanovich,Pete Stoyanovich,MIA,LA,2,2,2,3,"26,25",https://media.eagles.1rmg.com/wp-content/uploads/2022/02/28151103/1992.pdf
1992-12-20,1992,16,REG,1992_16_SD_LA,nfl-john-carney,John Carney,SD,LA,3,3,5,5,"42,23,25,28,23",https://media.eagles.1rmg.com/wp-content/uploads/2022/02/28151103/1992.pdf
1993-09-12,1993,2,REG,1993_02_LA_SEA,nfl-john-kasay,John Kasay,SEA,LA,1,1,2,2,"39,53",https://media.eagles.1rmg.com/wp-content/uploads/2022/02/28151144/1993.pdf
1993-10-18,1993,7,REG,1993_07_LA_DEN,nfl-jason-elam,Jason Elam,DEN,LA,2,2,2,3,"40,37",https://media.eagles.1rmg.com/wp-content/uploads/2022/02/28151144/1993.pdf
1993-10-31,1993,9,REG,1993_09_SD_LA,nfl-john-carney,John Carney,SD,LA,3,3,3,3,"45,36,38",https://media.eagles.1rmg.com/wp-content/uploads/2022/02/28151144/1993.pdf
1993-12-19,1993,16,REG,1993_16_TB_LA,nfl-michael-husted,Michael Husted,TB,LA,2,2,2,3,"57,31",https://media.eagles.1rmg.com/wp-content/uploads/2022/02/28151144/1993.pdf
1994-01-02,1993,18,REG,1993_18_DEN_LA,nfl-jason-elam,Jason Elam,DEN,LA,3,3,3,4,"52,25,27",https://media.eagles.1rmg.com/wp-content/uploads/2022/02/28151144/1993.pdf
1994-09-25,1994,4,REG,1994_04_SD_LA,nfl-john-carney,John Carney,SD,LA,2,2,4,4,"38,24,27,33",https://media.eagles.1rmg.com/wp-content/uploads/2022/02/28151222/1994.pdf
1994-10-16,1994,7,REG,1994_07_LA_MIA,nfl-pete-stoyanovich,Pete Stoyanovich,MIA,LA,2,2,2,2,"21,29",https://media.eagles.1rmg.com/wp-content/uploads/2022/02/28151222/1994.pdf
1994-11-06,1994,10,REG,1994_10_LA_KC,nfl-lin-elliott,Lin Elliott,KC,LA,1,1,2,2,"19,27",https://media.eagles.1rmg.com/wp-content/uploads/2022/02/28151222/1994.pdf
1994-12-11,1994,15,REG,1994_15_DEN_LA,nfl-jason-elam,Jason Elam,DEN,LA,1,1,2,2,"20,21",https://media.eagles.1rmg.com/wp-content/uploads/2022/02/28151222/1994.pdf
1994-12-18,1994,16,REG,1994_16_LA_SEA,nfl-john-kasay,John Kasay,SEA,LA,1,1,3,4,"41,50,33",https://media.eagles.1rmg.com/wp-content/uploads/2022/02/28151222/1994.pdf
1975-10-06,1975,3,REG,1975_03_DAL_DET,nfl-toni-fritsch,Toni Fritsch,DAL,DET,3,4,3,3,"21,29,39",https://media.eagles.1rmg.com/wp-content/uploads/2022/02/28145853/1975.pdf
1975-10-12,1975,4,REG,1975_04_DAL_NYG,nfl-toni-fritsch,Toni Fritsch,DAL,NYG,1,1,2,3,"24,22",https://media.eagles.1rmg.com/wp-content/uploads/2022/02/28145853/1975.pdf
1975-10-26,1975,6,REG,1975_06_DAL_PHI,nfl-toni-fritsch,Toni Fritsch,DAL,PHI,2,2,2,4,"20,42",https://media.eagles.1rmg.com/wp-content/uploads/2022/02/28145853/1975.pdf
1975-11-16,1975,9,REG,1975_09_DAL_NE,nfl-toni-fritsch,Toni Fritsch,DAL,NE,4,4,2,2,"43,26",https://media.eagles.1rmg.com/wp-content/uploads/2022/02/28145853/1975.pdf
1975-11-23,1975,10,REG,1975_10_PHI_DAL,nfl-toni-fritsch,Toni Fritsch,DAL,PHI,3,3,2,3,"26,20",https://media.eagles.1rmg.com/wp-content/uploads/2022/02/28145853/1975.pdf
1976-09-12,1976,1,REG,1976_01_PHI_DAL,nfl-efren-herrera,Efren Herrera,DAL,PHI,3,3,2,2,"37,46",https://media.eagles.1rmg.com/wp-content/uploads/2022/02/28150027/1976.pdf
1976-09-26,1976,3,REG,1976_03_BAL_DAL,nfl-efren-herrera,Efren Herrera,DAL,BAL,3,3,3,3,"37,18,32",https://media.eagles.1rmg.com/wp-content/uploads/2022/02/28150027/1976.pdf
1976-10-31,1976,8,REG,1976_08_DAL_WAS,nfl-efren-herrera,Efren Herrera,DAL,WAS,2,2,2,2,"37,21",https://media.eagles.1rmg.com/wp-content/uploads/2022/02/28150027/1976.pdf
1976-11-07,1976,9,REG,1976_09_NYG_DAL,nfl-efren-herrera,Efren Herrera,DAL,NYG,0,0,3,3,"22,30,20",https://media.eagles.1rmg.com/wp-content/uploads/2022/02/28150027/1976.pdf
1977-09-25,1977,2,REG,1977_02_NYG_DAL,nfl-efren-herrera,Efren Herrera,DAL,NYG,5,5,2,3,"37,41",https://media.eagles.1rmg.com/wp-content/uploads/2022/02/28150108/1977.pdf
1977-10-02,1977,3,REG,1977_03_TB_DAL,nfl-efren-herrera,Efren Herrera,DAL,TB,2,2,3,4,"32,19,20",https://media.eagles.1rmg.com/wp-content/uploads/2022/02/28150108/1977.pdf
1977-10-09,1977,4,REG,1977_04_DAL_STL,nfl-efren-herrera,Efren Herrera,DAL,STL,3,3,3,4,"29,40,44",https://media.eagles.1rmg.com/wp-content/uploads/2022/02/28150108/1977.pdf
1977-10-16,1977,5,REG,1977_05_WAS_DAL,nfl-efren-herrera,Efren Herrera,DAL,WAS,4,4,2,3,"44,52",https://media.eagles.1rmg.com/wp-content/uploads/2022/02/28150108/1977.pdf
1977-10-30,1977,7,REG,1977_07_DET_DAL,nfl-efren-herrera,Efren Herrera,DAL,DET,4,4,3,3,"21,45,30",https://media.eagles.1rmg.com/wp-content/uploads/2022/02/28150108/1977.pdf
1978-11-05,1978,10,REG,1978_10_DAL_MIA,nfl-rafael-septien,Rafael Septien,DAL,MIA,1,1,3,3,"30,39,24",https://media.eagles.1rmg.com/wp-content/uploads/2022/02/28150149/1978.pdf
1978-11-19,1978,12,REG,1978_12_NO_DAL,nfl-rafael-septien,Rafael Septien,DAL,NO,3,3,2,3,"24,26",https://media.eagles.1rmg.com/wp-content/uploads/2022/02/28150149/1978.pdf
1978-11-23,1978,13,REG,1978_13_WAS_DAL,nfl-rafael-septien,Rafael Septien,DAL,WAS,4,4,3,4,"33,21,44",https://media.eagles.1rmg.com/wp-content/uploads/2022/02/28150149/1978.pdf
1979-09-02,1979,1,REG,1979_01_DAL_STL,nfl-rafael-septien,Rafael Septien,DAL,STL,1,1,3,4,"37,24,27",https://media.eagles.1rmg.com/wp-content/uploads/2022/02/28150229/1979.pdf
1979-09-09,1979,2,REG,1979_02_DAL_SF,nfl-rafael-septien,Rafael Septien,DAL,SF,1,2,2,2,"23,51",https://media.eagles.1rmg.com/wp-content/uploads/2022/02/28150229/1979.pdf
1979-10-21,1979,8,REG,1979_08_STL_DAL,nfl-rafael-septien,Rafael Septien,DAL,STL,2,2,2,3,"51,29",https://media.eagles.1rmg.com/wp-content/uploads/2022/02/28150229/1979.pdf
1979-11-04,1979,10,REG,1979_10_DAL_NYG,nfl-rafael-septien,Rafael Septien,DAL,NYG,1,1,3,3,"26,37,22",https://media.eagles.1rmg.com/wp-content/uploads/2022/02/28150229/1979.pdf
1979-11-18,1979,12,REG,1979_12_DAL_WAS,nfl-rafael-septien,Rafael Septien,DAL,WAS,2,2,2,2,"34,37",https://media.eagles.1rmg.com/wp-content/uploads/2022/02/28150229/1979.pdf
1982-09-12,1982,1,REG,1982_01_LA_GB,nfl-mike-lansford,Mike Lansford,LA,GB,2,2,3,4,"32,29,28",https://media.eagles.1rmg.com/wp-content/uploads/2022/02/28150423/1982.pdf
1982-12-26,1982,8,REG,1982_08_CHI_LA,nfl-mike-lansford,Mike Lansford,LA,CHI,2,2,2,4,"29,37",https://media.eagles.1rmg.com/wp-content/uploads/2022/02/28150423/1982.pdf
1982-12-26,1982,8,REG,1982_08_DEN_LA,nfl-chris-bahr,Chris Bahr,LA,DEN,3,3,2,2,"19,36",https://media.eagles.1rmg.com/wp-content/uploads/2022/02/28150423/1982.pdf
1983-01-02,1982,9,REG,1982_09_LA_SD,nfl-chris-bahr,Chris Bahr,LA,SD,5,5,2,2,"22,32",https://media.eagles.1rmg.com/wp-content/uploads/2022/02/28150423/1982.pdf
1983-09-25,1983,4,REG,1983_04_LA_DEN,nfl-chris-bahr,Chris Bahr,LA,DEN,2,2,2,2,"27,29",https://media.eagles.1rmg.com/wp-content/uploads/2022/02/28150505/1983.pdf
1983-10-16,1983,7,REG,1983_07_LA_SEA,nfl-chris-bahr,Chris Bahr,LA,SEA,4,4,2,2,"32,42",https://media.eagles.1rmg.com/wp-content/uploads/2022/02/28150505/1983.pdf
1983-10-23,1983,8,REG,1983_08_LA_DAL,nfl-chris-bahr,Chris Bahr,LA,DAL,4,4,4,4,"37,24,26,26",https://media.eagles.1rmg.com/wp-content/uploads/2022/02/28150505/1983.pdf
1983-11-13,1983,11,REG,1983_11_DEN_LA,nfl-chris-bahr,Chris Bahr,LA,DEN,1,1,3,4,"28,42,39",https://media.eagles.1rmg.com/wp-content/uploads/2022/02/28150505/1983.pdf
1983-11-20,1983,12,REG,1983_12_LA_BUF,nfl-chris-bahr,Chris Bahr,LA,BUF,3,3,2,2,"41,36",https://media.eagles.1rmg.com/wp-content/uploads/2022/02/28150505/1983.pdf
1983-11-27,1983,13,REG,1983_13_BUF_LA,nfl-mike-lansford,Mike Lansford,LA,BUF,5,5,2,3,"37,49",https://media.eagles.1rmg.com/wp-content/uploads/2022/02/28150505/1983.pdf
1983-11-27,1983,13,REG,1983_13_NYG_LA,nfl-chris-bahr,Chris Bahr,LA,NYG,3,3,2,3,"47,38",https://media.eagles.1rmg.com/wp-content/uploads/2022/02/28150505/1983.pdf
1983-12-04,1983,14,REG,1983_14_LA_PHI,nfl-mike-lansford,Mike Lansford,LA,PHI,0,0,3,4,"27,28,28",https://media.eagles.1rmg.com/wp-content/uploads/2022/02/28150505/1983.pdf
1983-12-18,1983,16,REG,1983_16_SD_LA,nfl-chris-bahr,Chris Bahr,LA,SD,3,3,3,3,"21,32,28",https://media.eagles.1rmg.com/wp-content/uploads/2022/02/28150505/1983.pdf
1984-09-03,1984,1,REG,1984_01_DAL_LA,nfl-mike-lansford,Mike Lansford,LA,DAL,1,1,2,2,"31,36",https://media.eagles.1rmg.com/wp-content/uploads/2022/02/28150546/1984.pdf
1984-09-09,1984,2,REG,1984_02_CLE_LA,nfl-mike-lansford,Mike Lansford,LA,CLE,2,2,2,2,"37,27",https://media.eagles.1rmg.com/wp-content/uploads/2022/02/28150546/1984.pdf
1984-09-24,1984,4,REG,1984_04_SD_LA,nfl-chris-bahr,Chris Bahr,LA,SD,3,3,2,2,"42,36",https://media.eagles.1rmg.com/wp-content/uploads/2022/02/28150546/1984.pdf
1984-09-30,1984,5,REG,1984_05_LA_DEN,nfl-chris-bahr,Chris Bahr,LA,DEN,1,1,2,2,"27,50",https://media.eagles.1rmg.com/wp-content/uploads/2022/02/28150546/1984.pdf
1984-09-30,1984,5,REG,1984_05_NYG_LA,nfl-mike-lansford,Mike Lansford,LA,NYG,3,3,2,3,"33,35",https://media.eagles.1rmg.com/wp-content/uploads/2022/02/28150546/1984.pdf
1984-10-14,1984,7,REG,1984_07_MIN_LA,nfl-chris-bahr,Chris Bahr,LA,MIN,2,2,3,4,"22,24,20",https://media.eagles.1rmg.com/wp-content/uploads/2022/02/28150546/1984.pdf
1984-10-21,1984,8,REG,1984_08_LA_SD,nfl-chris-bahr,Chris Bahr,LA,SD,5,5,3,4,"42,33,32",https://media.eagles.1rmg.com/wp-content/uploads/2022/02/28150546/1984.pdf
1984-11-04,1984,10,REG,1984_10_LA_CHI,nfl-chris-bahr,Chris Bahr,LA,CHI,0,0,2,2,"44,40",https://media.eagles.1rmg.com/wp-content/uploads/2022/02/28150546/1984.pdf
1984-11-04,1984,10,REG,1984_10_LA_STL,nfl-mike-lansford,Mike Lansford,LA,STL,1,1,3,4,"33,27,32",https://media.eagles.1rmg.com/wp-content/uploads/2022/02/28150546/1984.pdf
1984-11-11,1984,11,REG,1984_11_CHI_LA,nfl-mike-lansford,Mike Lansford,LA,CHI,2,3,3,3,"21,45,29",https://media.eagles.1rmg.com/wp-content/uploads/2022/02/28150546/1984.pdf
1984-11-18,1984,12,REG,1984_12_LA_GB,nfl-mike-lansford,Mike Lansford,LA,GB,0,0,2,2,"21,50",https://media.eagles.1rmg.com/wp-content/uploads/2022/02/28150546/1984.pdf
1984-11-25,1984,13,REG,1984_13_LA_TB,nfl-mike-lansford,Mike Lansford,LA,TB,4,4,2,2,"35,27",https://media.eagles.1rmg.com/wp-content/uploads/2022/02/28150546/1984.pdf
1984-12-02,1984,14,REG,1984_14_NO_LA,nfl-mike-lansford,Mike Lansford,LA,NO,4,4,2,2,"25,30",https://media.eagles.1rmg.com/wp-content/uploads/2022/02/28150546/1984.pdf
1984-12-09,1984,15,REG,1984_15_HOU_LA,nfl-mike-lansford,Mike Lansford,LA,HOU,3,3,2,3,"35,19",https://media.eagles.1rmg.com/wp-content/uploads/2022/02/28150546/1984.pdf
1984-12-14,1984,16,REG,1984_16_LA_SF,nfl-mike-lansford,Mike Lansford,LA,SF,1,1,3,4,"41,28,42",https://media.eagles.1rmg.com/wp-content/uploads/2022/02/28150546/1984.pdf
1985-09-08,1985,1,REG,1985_01_DEN_LA,nfl-mike-lansford,Mike Lansford,LA,DEN,2,2,2,2,"37,33",https://media.eagles.1rmg.com/wp-content/uploads/2022/02/28150628/1985.pdf
1985-10-06,1985,5,REG,1985_05_KC_LA,nfl-chris-bahr,Chris Bahr,LA,KC,1,1,4,5,"37,25,41,41",https://media.eagles.1rmg.com/wp-content/uploads/2022/02/28150628/1985.pdf
1985-10-06,1985,5,REG,1985_05_MIN_LA,nfl-mike-lansford,Mike Lansford,LA,MIN,1,1,2,2,"43,33",https://media.eagles.1rmg.com/wp-content/uploads/2022/02/28150628/1985.pdf
1985-10-20,1985,7,REG,1985_07_LA_KC,nfl-mike-lansford,Mike Lansford,LA,KC,1,1,3,3,"33,37,30",https://media.eagles.1rmg.com/wp-content/uploads/2022/02/28150628/1985.pdf
1985-11-10,1985,10,REG,1985_10_LA_NYG,nfl-mike-lansford,Mike Lansford,LA,NYG,1,1,4,4,"31,40,26,25",https://media.eagles.1rmg.com/wp-content/uploads/2022/02/28150628/1985.pdf
1985-11-24,1985,12,REG,1985_12_GB_LA,nfl-mike-lansford,Mike Lansford,LA,GB,4,4,2,4,"43,32",https://media.eagles.1rmg.com/wp-content/uploads/2022/02/28150628/1985.pdf
1985-12-01,1985,13,REG,1985_13_LA_ATL,nfl-chris-bahr,Chris Bahr,LA,ATL,4,4,2,3,"35,49",https://media.eagles.1rmg.com/wp-content/uploads/2022/02/28150628/1985.pdf
1985-12-09,1985,14,REG,1985_14_LA_SF,nfl-mike-lansford,Mike Lansford,LA,SF,3,3,2,2,"25,29",https://media.eagles.1rmg.com/wp-content/uploads/2022/02/28150628/1985.pdf
1985-12-15,1985,15,REG,1985_15_SEA_LA,nfl-chris-bahr,Chris Bahr,LA,SEA,1,1,2,3,"22,27",https://media.eagles.1rmg.com/wp-content/uploads/2022/02/28150628/1985.pdf
1986-09-07,1986,1,REG,1986_01_LA_DEN,nfl-chris-bahr,Chris Bahr,LA,DEN,4,4,2,2,"43,42",https://media.eagles.1rmg.com/wp-content/uploads/2022/02/28150709/1986.pdf
1986-09-14,1986,2,REG,1986_02_LA_WAS,nfl-chris-bahr,Chris Bahr,LA,WAS,0,0,2,2,"28,23",https://media.eagles.1rmg.com/wp-content/uploads/2022/02/28150709/1986.pdf
1986-09-14,1986,2,REG,1986_02_SF_LA,nfl-mike-lansford,Mike Lansford,LA,SF,1,1,3,4,"24,32,18",https://media.eagles.1rmg.com/wp-content/uploads/2022/02/28150709/1986.pdf
1986-10-05,1986,5,REG,1986_05_TB_LA,nfl-mike-lansford,Mike Lansford,LA,TB,2,2,2,2,"34,40",https://media.eagles.1rmg.com/wp-content/uploads/2022/02/28150709/1986.pdf
1986-10-19,1986,7,REG,1986_07_LA_MIA,nfl-chris-bahr,Chris Bahr,LA,MIA,3,3,3,3,"32,33,40",https://media.eagles.1rmg.com/wp-content/uploads/2022/02/28150709/1986.pdf
1986-11-03,1986,9,REG,1986_09_LA_CHI,nfl-mike-lansford,Mike Lansford,LA,CHI,2,2,2,2,"26,50",https://media.eagles.1rmg.com/wp-content/uploads/2022/02/28150709/1986.pdf
1986-11-16,1986,11,REG,1986_11_CLE_LA,nfl-chris-bahr,Chris Bahr,LA,CLE,3,3,2,3,"40,27",https://media.eagles.1rmg.com/wp-content/uploads/2022/02/28150709/1986.pdf
1986-11-23,1986,12,REG,1986_12_NO_LA,nfl-mike-lansford,Mike Lansford,LA,NO,2,2,4,4,"32,47,29,44",https://media.eagles.1rmg.com/wp-content/uploads/2022/02/28150709/1986.pdf
1986-12-07,1986,14,REG,1986_14_DAL_LA,nfl-mike-lansford,Mike Lansford,LA,DAL,3,3,2,2,"37,27",https://media.eagles.1rmg.com/wp-content/uploads/2022/02/28150709/1986.pdf
1987-09-13,1987,1,REG,1987_01_LA_HOU,nfl-mike-lansford,Mike Lansford,LA,HOU,1,1,3,3,"28,44,47",https://media.eagles.1rmg.com/wp-content/uploads/2022/02/28150746/1987.pdf
1987-10-18,1987,5,REG,1987_05_LA_ATL,nfl-mike-lansford,Mike Lansford,LA,ATL,2,2,2,2,"40,40",https://media.eagles.1rmg.com/wp-content/uploads/2022/02/28150746/1987.pdf
1987-11-01,1987,7,REG,1987_07_LA_NE,nfl-chris-bahr,Chris Bahr,LA,NE,2,2,3,4,"31,31,39",https://media.eagles.1rmg.com/wp-content/uploads/2022/02/28150746/1987.pdf
1987-11-15,1987,9,REG,1987_09_LA_STL,nfl-mike-lansford,Mike Lansford,LA,STL,3,3,2,2,"28,20",https://media.eagles.1rmg.com/wp-content/uploads/2022/02/28150746/1987.pdf
1987-11-30,1987,11,REG,1987_11_LA_SEA,nfl-chris-bahr,Chris Bahr,LA,SEA,4,4,3,3,"23,47,23",https://media.eagles.1rmg.com/wp-content/uploads/2022/02/28150746/1987.pdf
1987-12-06,1987,12,REG,1987_12_BUF_LA,nfl-chris-bahr,Chris Bahr,LA,BUF,4,4,2,3,"22,33",https://media.eagles.1rmg.com/wp-content/uploads/2022/02/28150746/1987.pdf
1987-12-06,1987,12,REG,1987_12_LA_DET,nfl-mike-lansford,Mike Lansford,LA,DET,4,4,3,3,"48,47,48",https://media.eagles.1rmg.com/wp-content/uploads/2022/02/28150746/1987.pdf
1988-09-04,1988,1,REG,1988_01_LA_GB,nfl-mike-lansford,Mike Lansford,LA,GB,4,4,2,3,"33,29",https://media.eagles.1rmg.com/wp-content/uploads/2022/02/28150831/1988.pdf
1988-09-26,1988,4,REG,1988_04_LA_DEN,nfl-chris-bahr,Chris Bahr,LA,DEN,3,3,3,3,"28,44,35",https://media.eagles.1rmg.com/wp-content/uploads/2022/02/28150831/1988.pdf
1988-10-09,1988,6,REG,1988_06_LA_ATL,nfl-mike-lansford,Mike Lansford,LA,ATL,3,4,2,2,"40,25",https://media.eagles.1rmg.com/wp-content/uploads/2022/02/28150831/1988.pdf
1988-10-30,1988,9,REG,1988_09_LA_NO,nfl-mike-lansford,Mike Lansford,LA,NO,0,0,4,5,"37,18,47,30",https://media.eagles.1rmg.com/wp-content/uploads/2022/02/28150831/1988.pdf
1988-11-06,1988,10,REG,1988_10_LA_SD,nfl-chris-bahr,Chris Bahr,LA,SD,1,1,2,3,"36,29",https://media.eagles.1rmg.com/wp-content/uploads/2022/02/28150831/1988.pdf
1988-11-13,1988,11,REG,1988_11_LA_SF,nfl-chris-bahr,Chris Bahr,LA,SF,0,0,3,3,"45,50,19",https://media.eagles.1rmg.com/wp-content/uploads/2022/02/28150831/1988.pdf
1988-11-28,1988,13,REG,1988_13_LA_SEA,nfl-chris-bahr,Chris Bahr,LA,SEA,3,3,2,3,"46,46",https://media.eagles.1rmg.com/wp-content/uploads/2022/02/28150831/1988.pdf
1988-12-05,1988,14,REG,1988_14_CHI_LA,nfl-mike-lansford,Mike Lansford,LA,CHI,2,2,3,3,"25,27,22",https://media.eagles.1rmg.com/wp-content/uploads/2022/02/28150831/1988.pdf
1988-12-11,1988,15,REG,1988_15_ATL_LA,nfl-mike-lansford,Mike Lansford,LA,ATL,1,2,3,3,"35,36,32",https://media.eagles.1rmg.com/wp-content/uploads/2022/02/28150831/1988.pdf
1988-12-18,1988,16,REG,1988_16_SEA_LA,nfl-chris-bahr,Chris Bahr,LA,SEA,4,4,3,3,"26,28,24",https://media.eagles.1rmg.com/wp-content/uploads/2022/02/28150831/1988.pdf
1989-09-24,1989,3,REG,1989_03_GB_LA,nfl-mike-lansford,Mike Lansford,LA,GB,5,5,2,2,"39,45",https://media.eagles.1rmg.com/wp-content/uploads/2022/02/28150907/1989.pdf
1989-10-01,1989,4,REG,1989_04_LA_SF,nfl-mike-lansford,Mike Lansford,LA,SF,1,1,2,3,"40,26",https://media.eagles.1rmg.com/wp-content/uploads/2022/02/28150907/1989.pdf
1989-10-01,1989,4,REG,1989_04_SEA_LA,nfl-jeff-jaeger,Jeff Jaeger,LA,SEA,2,2,2,3,"45,28",https://media.eagles.1rmg.com/wp-content/uploads/2022/02/28150907/1989.pdf
1989-10-08,1989,5,REG,1989_05_ATL_LA,nfl-mike-lansford,Mike Lansford,LA,ATL,2,2,4,4,"48,35,27,42",https://media.eagles.1rmg.com/wp-content/uploads/2022/02/28150907/1989.pdf
1989-10-16,1989,6,REG,1989_06_LA_BUF,nfl-mike-lansford,Mike Lansford,LA,BUF,2,2,2,2,"34,36",https://media.eagles.1rmg.com/wp-content/uploads/2022/02/28150907/1989.pdf
1989-11-12,1989,10,REG,1989_10_LA_SD,nfl-jeff-jaeger,Jeff Jaeger,LA,SD,0,0,4,4,"23,36,33,32",https://media.eagles.1rmg.com/wp-content/uploads/2022/02/28150907/1989.pdf
1989-11-19,1989,11,REG,1989_11_PHX_LA,nfl-mike-lansford,Mike Lansford,LA,PHX,4,4,3,3,"27,23,40",https://media.eagles.1rmg.com/wp-content/uploads/2022/02/28150907/1989.pdf
1989-11-26,1989,12,REG,1989_12_LA_NO,nfl-mike-lansford,Mike Lansford,LA,NO,2,2,2,4,"32,31",https://media.eagles.1rmg.com/wp-content/uploads/2022/02/28150907/1989.pdf
1989-12-03,1989,13,REG,1989_13_DEN_LA,nfl-jeff-jaeger,Jeff Jaeger,LA,DEN,1,1,3,3,"37,46,26",https://media.eagles.1rmg.com/wp-content/uploads/2022/02/28150907/1989.pdf
1989-12-10,1989,14,REG,1989_14_PHX_LA,nfl-jeff-jaeger,Jeff Jaeger,LA,PHX,1,1,3,6,"25,30,48",https://media.eagles.1rmg.com/wp-content/uploads/2022/02/28150907/1989.pdf
1989-12-11,1989,14,REG,1989_14_SF_LA,nfl-mike-lansford,Mike Lansford,LA,SF,3,3,2,2,"25,22",https://media.eagles.1rmg.com/wp-content/uploads/2022/02/28150907/1989.pdf
1990-10-21,1990,7,REG,1990_07_ATL_LA,nfl-mike-lansford,Mike Lansford,LA,ATL,5,5,3,3,"46,24,32",https://media.eagles.1rmg.com/wp-content/uploads/2022/02/28150948/1990.pdf
1990-12-09,1990,14,REG,1990_14_NO_LA,nfl-mike-lansford,Mike Lansford,LA,NO,2,2,2,2,"38,18",https://media.eagles.1rmg.com/wp-content/uploads/2022/02/28150948/1990.pdf
1990-12-23,1990,16,REG,1990_16_LA_ATL,nfl-mike-lansford,Mike Lansford,LA,ATL,1,1,2,3,"19,25",https://media.eagles.1rmg.com/wp-content/uploads/2022/02/28150948/1990.pdf
1991-09-08,1991,2,REG,1991_02_DEN_LA,nfl-jeff-jaeger,Jeff Jaeger,LA,DEN,1,1,3,4,"29,23,34",https://media.eagles.1rmg.com/wp-content/uploads/2022/02/28151026/1991.pdf
1991-09-08,1991,2,REG,1991_02_LA_NYG,nfl-tony-zendejas,Tony Zendejas,LA,NYG,1,1,4,4,"29,50,32,33",https://media.eagles.1rmg.com/wp-content/uploads/2022/02/28151026/1991.pdf
1991-09-15,1991,3,REG,1991_03_IND_LA,nfl-jeff-jaeger,Jeff Jaeger,LA,IND,1,1,3,3,"33,41,33",https://media.eagles.1rmg.com/wp-content/uploads/2022/02/28151026/1991.pdf
1991-09-29,1991,5,REG,1991_05_GB_LA,nfl-tony-zendejas,Tony Zendejas,LA,GB,2,2,3,3,"30,32,28",https://media.eagles.1rmg.com/wp-content/uploads/2022/02/28151026/1991.pdf
1991-09-29,1991,5,REG,1991_05_SF_LA,nfl-jeff-jaeger,Jeff Jaeger,LA,SF,0,0,4,4,"44,20,49,41",https://media.eagles.1rmg.com/wp-content/uploads/2022/02/28151026/1991.pdf
1991-10-06,1991,6,REG,1991_06_SD_LA,nfl-jeff-jaeger,Jeff Jaeger,LA,SD,1,1,2,2,"39,34",https://media.eagles.1rmg.com/wp-content/uploads/2022/02/28151026/1991.pdf
1991-10-13,1991,7,REG,1991_07_LA_SEA,nfl-jeff-jaeger,Jeff Jaeger,LA,SEA,2,2,3,4,"47,49,37",https://media.eagles.1rmg.com/wp-content/uploads/2022/02/28151026/1991.pdf
1991-10-28,1991,9,REG,1991_09_LA_KC,nfl-jeff-jaeger,Jeff Jaeger,LA,KC,1,2,2,2,"18,22",https://media.eagles.1rmg.com/wp-content/uploads/2022/02/28151026/1991.pdf
1991-12-01,1991,14,REG,1991_14_LA_SD,nfl-jeff-jaeger,Jeff Jaeger,LA,SD,0,0,3,3,"37,19,53",https://media.eagles.1rmg.com/wp-content/uploads/2022/02/28151026/1991.pdf
1991-12-01,1991,14,REG,1991_14_WAS_LA,nfl-tony-zendejas,Tony Zendejas,LA,WAS,0,0,2,2,"41,34",https://media.eagles.1rmg.com/wp-content/uploads/2022/02/28151026/1991.pdf
1991-12-08,1991,15,REG,1991_15_BUF_LA,nfl-jeff-jaeger,Jeff Jaeger,LA,BUF,3,3,2,2,"19,28",https://media.eagles.1rmg.com/wp-content/uploads/2022/02/28151026/1991.pdf
1991-12-22,1991,17,REG,1991_17_LA_SEA,nfl-tony-zendejas,Tony Zendejas,LA,SEA,0,0,3,3,"44,46,50",https://media.eagles.1rmg.com/wp-content/uploads/2022/02/28151026/1991.pdf
1992-09-06,1992,1,REG,1992_01_LA_DEN,nfl-jeff-jaeger,Jeff Jaeger,LA,DEN,1,1,2,2,"41,34",https://media.eagles.1rmg.com/wp-content/uploads/2022/02/28151103/1992.pdf
1992-09-20,1992,3,REG,1992_03_CLE_LA,nfl-jeff-jaeger,Jeff Jaeger,LA,CLE,1,1,3,5,"27,30,43",https://media.eagles.1rmg.com/wp-content/uploads/2022/02/28151103/1992.pdf
1992-09-27,1992,4,REG,1992_04_NYJ_LA,nfl-tony-zendejas,Tony Zendejas,LA,NYJ,1,1,3,4,"49,22,20",https://media.eagles.1rmg.com/wp-content/uploads/2022/02/28151103/1992.pdf
1992-10-11,1992,6,REG,1992_06_BUF_LA,nfl-jeff-jaeger,Jeff Jaeger,LA,BUF,2,2,2,2,"45,36",https://media.eagles.1rmg.com/wp-content/uploads/2022/02/28151103/1992.pdf
1992-11-15,1992,11,REG,1992_11_LA_DAL,nfl-tony-zendejas,Tony Zendejas,LA,DAL,3,3,2,2,"33,44",https://media.eagles.1rmg.com/wp-content/uploads/2022/02/28151103/1992.pdf
1992-11-15,1992,11,REG,1992_11_SEA_LA,nfl-jeff-jaeger,Jeff Jaeger,LA,SEA,2,2,2,2,"47,43",https://media.eagles.1rmg.com/wp-content/uploads/2022/02/28151103/1992.pdf
1992-12-20,1992,16,REG,1992_16_LA_GB,nfl-tony-zendejas,Tony Zendejas,LA,GB,1,1,2,2,"19,39",https://media.eagles.1rmg.com/wp-content/uploads/2022/02/28151103/1992.pdf
1993-09-05,1993,1,REG,1993_01_LA_GB,nfl-tony-zendejas,Tony Zendejas,LA,GB,0,0,2,2,"31,32",https://media.eagles.1rmg.com/wp-content/uploads/2022/02/28151144/1993.pdf
1993-09-12,1993,2,REG,1993_02_PIT_LA,nfl-tony-zendejas,Tony Zendejas,LA,PIT,3,3,2,2,"54,50",https://media.eagles.1rmg.com/wp-content/uploads/2022/02/28151144/1993.pdf
1993-10-03,1993,5,REG,1993_05_NO_LA,nfl-tony-zendejas,Tony Zendejas,LA,NO,0,0,2,2,"53,37",https://media.eagles.1rmg.com/wp-content/uploads/2022/02/28151144/1993.pdf
1993-10-18,1993,7,REG,1993_07_LA_DEN,nfl-jeff-jaeger,Jeff Jaeger,LA,DEN,2,2,3,3,"32,49,53",https://media.eagles.1rmg.com/wp-content/uploads/2022/02/28151144/1993.pdf
1993-10-31,1993,9,REG,1993_09_SD_LA,nfl-jeff-jaeger,Jeff Jaeger,LA,SD,2,2,3,4,"38,21,31",https://media.eagles.1rmg.com/wp-content/uploads/2022/02/28151144/1993.pdf
1993-11-07,1993,10,REG,1993_10_LA_CHI,nfl-jeff-jaeger,Jeff Jaeger,LA,CHI,1,1,3,3,"31,21,21",https://media.eagles.1rmg.com/wp-content/uploads/2022/02/28151144/1993.pdf
1993-11-14,1993,11,REG,1993_11_KC_LA,nfl-jeff-jaeger,Jeff Jaeger,LA,KC,2,2,2,2,"35,30",https://media.eagles.1rmg.com/wp-content/uploads/2022/02/28151144/1993.pdf
1993-11-21,1993,12,REG,1993_12_LA_SD,nfl-jeff-jaeger,Jeff Jaeger,LA,SD,0,0,4,5,"20,20,37,27",https://media.eagles.1rmg.com/wp-content/uploads/2022/02/28151144/1993.pdf
1993-12-05,1993,14,REG,1993_14_LA_BUF,nfl-jeff-jaeger,Jeff Jaeger,LA,BUF,1,2,4,5,"37,34,26,47",https://media.eagles.1rmg.com/wp-content/uploads/2022/02/28151144/1993.pdf
1993-12-12,1993,15,REG,1993_15_SEA_LA,nfl-jeff-jaeger,Jeff Jaeger,LA,SEA,3,3,2,3,"24,48",https://media.eagles.1rmg.com/wp-content/uploads/2022/02/28151144/1993.pdf
1993-12-19,1993,16,REG,1993_16_TB_LA,nfl-jeff-jaeger,Jeff Jaeger,LA,TB,3,3,2,2,"50,33",https://media.eagles.1rmg.com/wp-content/uploads/2022/02/28151144/1993.pdf
1994-01-02,1993,18,REG,1993_18_CHI_LA,nfl-tony-zendejas,Tony Zendejas,LA,CHI,2,2,2,2,"29,29",https://media.eagles.1rmg.com/wp-content/uploads/2022/02/28151144/1993.pdf
1994-01-02,1993,18,REG,1993_18_DEN_LA,nfl-jeff-jaeger,Jeff Jaeger,LA,DEN,3,3,4,4,"43,50,39,47",https://media.eagles.1rmg.com/wp-content/uploads/2022/02/28151144/1993.pdf
1994-09-18,1994,3,REG,1994_03_LA_DEN,nfl-jeff-jaeger,Jeff Jaeger,LA,DEN,6,6,2,2,"42,33",https://media.eagles.1rmg.com/wp-content/uploads/2022/02/28151222/1994.pdf
1994-09-18,1994,3,REG,1994_03_SF_LA,nfl-tony-zendejas,Tony Zendejas,LA,SF,1,1,2,2,"25,35",https://media.eagles.1rmg.com/wp-content/uploads/2022/02/28151222/1994.pdf
1994-09-25,1994,4,REG,1994_04_LA_KC,nfl-tony-zendejas,Tony Zendejas,LA,KC,1,1,3,3,"29,23,28",https://media.eagles.1rmg.com/wp-content/uploads/2022/02/28151222/1994.pdf
1994-10-23,1994,8,REG,1994_08_LA_NO,nfl-tony-zendejas,Tony Zendejas,LA,NO,4,4,2,2,"47,32",https://media.eagles.1rmg.com/wp-content/uploads/2022/02/28151222/1994.pdf
1994-11-06,1994,10,REG,1994_10_DEN_LA,nfl-tony-zendejas,Tony Zendejas,LA,DEN,3,3,2,2,"35,18",https://media.eagles.1rmg.com/wp-content/uploads/2022/02/28151222/1994.pdf
1994-11-20,1994,12,REG,1994_12_LA_SF,nfl-tony-zendejas,Tony Zendejas,LA,SF,1,1,2,2,"31,27",https://media.eagles.1rmg.com/wp-content/uploads/2022/02/28151222/1994.pdf
1994-12-11,1994,15,REG,1994_15_DEN_LA,nfl-jeff-jaeger,Jeff Jaeger,LA,DEN,0,0,5,5,"44,29,47,30,28",https://media.eagles.1rmg.com/wp-content/uploads/2022/02/28151222/1994.pdf
1994-12-18,1994,16,REG,1994_16_LA_CHI,nfl-tony-zendejas,Tony Zendejas,LA,CHI,1,1,2,3,"18,21",https://media.eagles.1rmg.com/wp-content/uploads/2022/02/28151222/1994.pdf
1978-09-02,1978,1,REG,1978_01_NYG_TB,nfl-neil-o-donoghue,Neil O'Donoghue,TB,NYG,1,1,2,2,"34,26",https://media.eagles.1rmg.com/wp-content/uploads/2022/02/28150149/1978.pdf
1978-11-05,1978,10,REG,1978_10_TB_LA,nfl-neil-o-donoghue,Neil O'Donoghue,TB,LA,2,2,3,4,"42,25,30",https://media.eagles.1rmg.com/wp-content/uploads/2022/02/28150149/1978.pdf
1979-10-28,1979,9,REG,1979_09_TB_MIN,nfl-neil-o-donoghue,Neil O'Donoghue,TB,MIN,0,1,2,2,"22,44",https://media.eagles.1rmg.com/wp-content/uploads/2022/02/28150229/1979.pdf
1979-11-11,1979,11,REG,1979_11_TB_DET,nfl-neil-o-donoghue,Neil O'Donoghue,TB,DET,1,1,3,3,"32,39,28",https://media.eagles.1rmg.com/wp-content/uploads/2022/02/28150229/1979.pdf
1980-11-09,1980,10,REG,1980_10_ATL_STL,nfl-neil-o-donoghue,Neil O'Donoghue,STL,ATL,3,3,2,2,"34,37",https://media.eagles.1rmg.com/wp-content/uploads/2022/02/28150309/1980.pdf
1980-11-23,1980,12,REG,1980_12_KC_STL,nfl-neil-o-donoghue,Neil O'Donoghue,STL,KC,1,1,2,3,"40,43",https://media.eagles.1rmg.com/wp-content/uploads/2022/02/28150309/1980.pdf
1980-11-30,1980,13,REG,1980_13_STL_NYG,nfl-neil-o-donoghue,Neil O'Donoghue,STL,NYG,2,2,3,3,"43,41,23",https://media.eagles.1rmg.com/wp-content/uploads/2022/02/28150309/1980.pdf
1981-09-20,1981,3,REG,1981_03_WAS_STL,nfl-neil-o-donoghue,Neil O'Donoghue,STL,WAS,4,5,2,2,"24,47",https://media.eagles.1rmg.com/wp-content/uploads/2022/02/28150347/1981.pdf
1981-10-04,1981,5,REG,1981_05_DAL_STL,nfl-neil-o-donoghue,Neil O'Donoghue,STL,DAL,2,2,2,2,"19,37",https://media.eagles.1rmg.com/wp-content/uploads/2022/02/28150347/1981.pdf
1981-10-18,1981,7,REG,1981_07_STL_ATL,nfl-neil-o-donoghue,Neil O'Donoghue,STL,ATL,2,2,2,4,"26,22",https://media.eagles.1rmg.com/wp-content/uploads/2022/02/28150347/1981.pdf
1981-10-25,1981,8,REG,1981_08_MIN_STL,nfl-neil-o-donoghue,Neil O'Donoghue,STL,MIN,3,3,3,4,"19,23,46",https://media.eagles.1rmg.com/wp-content/uploads/2022/02/28150347/1981.pdf
1981-11-29,1981,13,REG,1981_13_STL_NE,nfl-neil-o-donoghue,Neil O'Donoghue,STL,NE,3,3,2,2,"44,45",https://media.eagles.1rmg.com/wp-content/uploads/2022/02/28150347/1981.pdf
1981-12-06,1981,14,REG,1981_14_NO_STL,nfl-neil-o-donoghue,Neil O'Donoghue,STL,NO,3,3,3,3,"41,31,24",https://media.eagles.1rmg.com/wp-content/uploads/2022/02/28150347/1981.pdf
1982-11-21,1982,3,REG,1982_03_SF_STL,nfl-neil-o-donoghue,Neil O'Donoghue,STL,SF,2,2,2,4,"30,32",https://media.eagles.1rmg.com/wp-content/uploads/2022/02/28150423/1982.pdf
1982-12-05,1982,5,REG,1982_05_STL_PHI,nfl-neil-o-donoghue,Neil O'Donoghue,STL,PHI,2,2,3,3,"26,20,34",https://media.eagles.1rmg.com/wp-content/uploads/2022/02/28150423/1982.pdf
1983-09-18,1983,3,REG,1983_03_SF_STL,nfl-neil-o-donoghue,Neil O'Donoghue,STL,SF,3,3,2,3,"43,48",https://media.eagles.1rmg.com/wp-content/uploads/2022/02/28150505/1983.pdf
1983-10-16,1983,7,REG,1983_07_STL_TB,nfl-neil-o-donoghue,Neil O'Donoghue,STL,TB,4,4,2,2,"52,43",https://media.eagles.1rmg.com/wp-content/uploads/2022/02/28150505/1983.pdf
1983-10-24,1983,8,REG,1983_08_NYG_STL,nfl-neil-o-donoghue,Neil O'Donoghue,STL,NYG,2,2,2,5,"34,22",https://media.eagles.1rmg.com/wp-content/uploads/2022/02/28150505/1983.pdf
1983-10-30,1983,9,REG,1983_09_MIN_STL,nfl-neil-o-donoghue,Neil O'Donoghue,STL,MIN,5,5,2,2,"52,47",https://media.eagles.1rmg.com/wp-content/uploads/2022/02/28150505/1983.pdf
1984-09-16,1984,3,REG,1984_03_STL_IND,nfl-neil-o-donoghue,Neil O'Donoghue,STL,IND,4,4,2,2,"47,46",https://media.eagles.1rmg.com/wp-content/uploads/2022/02/28150546/1984.pdf
1984-10-21,1984,8,REG,1984_08_WAS_STL,nfl-neil-o-donoghue,Neil O'Donoghue,STL,WAS,2,3,2,4,"29,21",https://media.eagles.1rmg.com/wp-content/uploads/2022/02/28150546/1984.pdf
1984-10-28,1984,9,REG,1984_09_STL_PHI,nfl-neil-o-donoghue,Neil O'Donoghue,STL,PHI,4,4,2,2,"28,47",https://media.eagles.1rmg.com/wp-content/uploads/2022/02/28150546/1984.pdf
1984-11-04,1984,10,REG,1984_10_LA_STL,nfl-neil-o-donoghue,Neil O'Donoghue,STL,LA,1,1,2,3,"49,43",https://media.eagles.1rmg.com/wp-content/uploads/2022/02/28150546/1984.pdf
1984-12-02,1984,14,REG,1984_14_STL_NE,nfl-neil-o-donoghue,Neil O'Donoghue,STL,NE,3,4,2,2,"36,33",https://media.eagles.1rmg.com/wp-content/uploads/2022/02/28150546/1984.pdf
1984-12-16,1984,16,REG,1984_16_STL_WAS,nfl-neil-o-donoghue,Neil O'Donoghue,STL,WAS,3,3,2,3,"30,34",https://media.eagles.1rmg.com/wp-content/uploads/2022/02/28150546/1984.pdf
1985-09-08,1985,1,REG,1985_01_STL_CLE,nfl-neil-o-donoghue,Neil O'Donoghue,STL,CLE,3,3,2,3,"37,35",https://media.eagles.1rmg.com/wp-content/uploads/2022/02/28150628/1985.pdf
1985-09-15,1985,2,REG,1985_02_CIN_STL,nfl-neil-o-donoghue,Neil O'Donoghue,STL,CIN,5,5,2,2,"46,49",https://media.eagles.1rmg.com/wp-content/uploads/2022/02/28150628/1985.pdf
1985-09-29,1985,4,REG,1985_04_GB_STL,nfl-neil-o-donoghue,Neil O'Donoghue,STL,GB,5,5,2,3,"22,36",https://media.eagles.1rmg.com/wp-content/uploads/2022/02/28150628/1985.pdf
1976-11-25,1976,12,REG,1976_12_BUF_BUF,nfl-benny-ricardo,Benny Ricardo,BUF,BUF,3,3,2,2,"22,35",https://media.eagles.1rmg.com/wp-content/uploads/2022/02/28150027/1976.pdf
1981-11-15,1981,11,REG,1981_11_SF_SF,nfl-matt-bahr,Matt Bahr,SF,SF,1,1,2,3,"28,24",https://media.eagles.1rmg.com/wp-content/uploads/2022/02/28150347/1981.pdf
1985-12-23,1985,16,REG,1985_16_LA_LA,nfl-chris-bahr,Chris Bahr,LA,LA,1,1,3,4,"27,51,29",https://media.eagles.1rmg.com/wp-content/uploads/2022/02/28150628/1985.pdf
1985-12-23,1985,16,REG,1985_16_LA_LA,nfl-mike-lansford,Mike Lansford,LA,LA,0,0,2,3,"52,40",https://media.eagles.1rmg.com/wp-content/uploads/2022/02/28150628/1985.pdf
1988-09-18,1988,3,REG,1988_03_LA_LA,nfl-mike-lansford,Mike Lansford,LA,LA,2,2,2,2,"37,46",https://media.eagles.1rmg.com/wp-content/uploads/2022/02/28150831/1988.pdf
1988-12-18,1988,16,REG,1988_16_DAL_DAL,nfl-luis-zendejas,Luis Zendejas,DAL,DAL,2,2,3,4,"37,27,27",https://media.eagles.1rmg.com/wp-content/uploads/2022/02/28150831/1988.pdf
1989-11-23,1989,12,REG,1989_12_DAL_DAL,nfl-roger-ruzek,Roger Ruzek,DAL,DAL,3,3,2,2,"36,38",https://media.eagles.1rmg.com/wp-content/uploads/2022/02/28150907/1989.pdf
1989-12-10,1989,14,REG,1989_14_DAL_DAL,nfl-roger-ruzek,Roger Ruzek,DAL,DAL,2,2,2,3,"29,46",https://media.eagles.1rmg.com/wp-content/uploads/2022/02/28150907/1989.pdf
1990-10-21,1990,7,REG,1990_07_LA_LA,nfl-john-carney,John Carney,LA,LA,0,0,3,3,"27,37,37",https://media.eagles.1rmg.com/wp-content/uploads/2022/02/28150948/1990.pdf
1990-12-30,1990,17,REG,1990_17_LA_LA,nfl-john-carney,John Carney,LA,LA,0,1,2,3,"19,21",https://media.eagles.1rmg.com/wp-content/uploads/2022/02/28150948/1990.pdf
1991-10-20,1991,8,REG,1991_08_LA_LA,nfl-jeff-jaeger,Jeff Jaeger,LA,LA,2,2,2,3,"35,34",https://media.eagles.1rmg.com/wp-content/uploads/2022/02/28151026/1991.pdf
1991-11-10,1991,11,REG,1991_11_MIA_MIA,nfl-charlie-baumann,Charlie Baumann,MIA,MIA,2,2,2,2,"44,37",https://media.eagles.1rmg.com/wp-content/uploads/2022/02/28151026/1991.pdf
1994-11-13,1994,11,REG,1994_11_LA_LA,nfl-jeff-jaeger,Jeff Jaeger,LA,LA,2,2,2,2,"44,47",https://media.eagles.1rmg.com/wp-content/uploads/2022/02/28151222/1994.pdf
1995-11-05,1995,10,REG,1995_10_STL_SF,nfl-doug-brien,Doug Brien,SF,STL,1,1,4,4,"35,26,47,42",https://static.clubs.nfl.com/image/upload/saints/zupknbzryc6xiedwrojn.pdf
1997-10-05,1997,6,REG,1997_06_SD_OAK,nfl-greg-davis,Greg Davis,SD,OAK,1,1,6,6,"30,22,38,43,33,33",https://media.eagles.1rmg.com/wp-content/uploads/2022/02/28151436/1997.pdf
1997-10-26,1997,9,REG,1997_09_IND_SD,nfl-greg-davis,Greg Davis,SD,IND,2,3,5,6,"45,35,34,31,45",https://media.eagles.1rmg.com/wp-content/uploads/2022/02/28151436/1997.pdf
1997-11-16,1997,12,REG,1997_12_OAK_SD,nfl-greg-davis,Greg Davis,SD,OAK,1,1,2,3,"45,22",https://media.eagles.1rmg.com/wp-content/uploads/2022/02/28151436/1997.pdf
1990-10-14,1990,6,REG,1990_06_SD_NYJ,nfl-john-carney,John Carney,SD,NYJ,3,3,3,3,"34,42,37",https://media.eagles.1rmg.com/wp-content/uploads/2022/02/28150948/1990.pdf
1990-10-28,1990,8,REG,1990_08_TB_SD,nfl-john-carney,John Carney,SD,TB,2,2,2,2,"28,27",https://media.eagles.1rmg.com/wp-content/uploads/2022/02/28150948/1990.pdf
1990-11-11,1990,10,REG,1990_10_DEN_SD,nfl-john-carney,John Carney,SD,DEN,3,3,4,4,"19,23,43,32",https://media.eagles.1rmg.com/wp-content/uploads/2022/02/28150948/1990.pdf
1981-10-18,1981,7,REG,1981_07_NO_CLE,nfl-matt-bahr,Matt Bahr,CLE,NO,2,2,2,2,"34,19",https://media.eagles.1rmg.com/wp-content/uploads/2022/02/28150347/1981.pdf
1981-11-01,1981,9,REG,1981_09_CLE_BUF,nfl-matt-bahr,Matt Bahr,CLE,BUF,1,1,2,2,"36,39",https://media.eagles.1rmg.com/wp-content/uploads/2022/02/28150347/1981.pdf
1981-11-08,1981,10,REG,1981_10_CLE_DEN,nfl-matt-bahr,Matt Bahr,CLE,DEN,2,2,2,2,"27,32",https://media.eagles.1rmg.com/wp-content/uploads/2022/02/28150347/1981.pdf
1981-12-03,1981,14,REG,1981_14_CLE_HOU,nfl-matt-bahr,Matt Bahr,CLE,HOU,1,1,2,2,"18,19",https://media.eagles.1rmg.com/wp-content/uploads/2022/02/28150347/1981.pdf
1981-12-12,1981,15,REG,1981_15_NYJ_CLE,nfl-matt-bahr,Matt Bahr,CLE,NYJ,1,1,2,2,"26,20",https://media.eagles.1rmg.com/wp-content/uploads/2022/02/28150347/1981.pdf
1971-10-03,1971,3,REG,1971_03_WAS_DAL,nfl-curt-knight,Curt Knight,WAS,DAL,2,2,2,2,"25,32",https://www.pro-football-reference.com/boxscores/197110030dal.htm
1976-10-10,1976,5,REG,1976_05_BUF_GB,nfl-john-leypoldt,John Leypoldt,BUF,GB,2,2,2,3,"48,44",https://www.pro-football-reference.com/boxscores/197610100gnb.htm
1976-10-10,1976,5,REG,1976_05_PIT_CLE,nfl-don-cockroft,Don Cockroft,CLE,PIT,0,1,4,6,"43,28,50,40",https://www.pro-football-reference.com/boxscores/197610100cle.htm; corroborated_by=https://www.brownsnation.com/don-cockroft/
1976-10-17,1976,6,REG,1976_06_BUF_TB,nfl-john-leypoldt,John Leypoldt,BUF,TB,1,1,2,3,"25,39",https://www.pro-football-reference.com/boxscores/197610170tam.htm
1976-10-24,1976,7,REG,1976_07_DET_SEA,nfl-benny-ricardo,Benny Ricardo,DET,SEA,5,5,2,2,"25,44",https://www.pro-football-reference.com/boxscores/197610240sea.htm
1976-10-31,1976,8,REG,1976_08_SEA_LA,nfl-john-leypoldt,John Leypoldt,SEA,LA,0,0,2,2,"43,41",https://www.pro-football-reference.com/boxscores/197610310ram.htm; corroborated_by=https://www.statmuse.com/nfl/game/10-31-1976-sea-%40-la-5788
1976-10-31,1976,8,REG,1976_08_GB_DET,nfl-benny-ricardo,Benny Ricardo,DET,GB,3,3,2,3,"34,39",https://ultimate70s.com/nflbox/19761031/ALL/N
1988-10-02,1988,5,REG,1988_05_HOU_PHI,nfl-luis-zendejas,Luis Zendejas,PHI,HOU,3,3,3,3,"22,39,41",https://media.eagles.1rmg.com/wp-content/uploads/2022/02/28150831/1988.pdf
1988-11-06,1988,10,REG,1988_10_LA_PHI,nfl-luis-zendejas,Luis Zendejas,PHI,LA,3,3,3,3,"23,50,40",https://media.eagles.1rmg.com/wp-content/uploads/2022/02/28150831/1988.pdf
1988-11-13,1988,11,REG,1988_11_PHI_PIT,nfl-luis-zendejas,Luis Zendejas,PHI,PIT,3,3,2,3,"34,18",https://media.eagles.1rmg.com/wp-content/uploads/2022/02/28150831/1988.pdf
1988-12-04,1988,14,REG,1988_14_WAS_PHI,nfl-luis-zendejas,Luis Zendejas,PHI,WAS,1,2,2,3,"40,19",https://media.eagles.1rmg.com/wp-content/uploads/2022/02/28150831/1988.pdf
1989-11-12,1989,10,REG,1989_10_DAL_PHX,nfl-luis-zendejas,Luis Zendejas,DAL,PHX,2,2,2,2,"32,29",https://media.eagles.1rmg.com/wp-content/uploads/2022/02/28150907/1989.pdf
1990-11-25,1990,12,REG,1990_12_CHI_MIN,nfl-fuad-reveiz,Fuad Reveiz,MIN,CHI,5,5,2,2,"41,45",https://media.eagles.1rmg.com/wp-content/uploads/2022/02/28150948/1990.pdf
1990-12-02,1990,13,REG,1990_13_GB_MIN,nfl-fuad-reveiz,Fuad Reveiz,MIN,GB,2,2,3,3,"29,32,41",https://media.eagles.1rmg.com/wp-content/uploads/2022/02/28150948/1990.pdf
1990-12-09,1990,14,REG,1990_14_MIN_NYG,nfl-fuad-reveiz,Fuad Reveiz,MIN,NYG,1,1,2,2,"22,37",https://media.eagles.1rmg.com/wp-content/uploads/2022/02/28150948/1990.pdf
1994-12-04,1994,14,REG,1994_14_ATL_SF,nfl-doug-brien,Doug Brien,SF,ATL,5,5,3,4,"24,36,32",https://www.pro-football-reference.com/boxscores/199412040sfo.htm; corroborated_by=https://www.jt-sw.com/football/boxes/index.nsf/Games/1994-14-atl-sf
1995-11-26,1995,13,REG,1995_13_CAR_NO,nfl-doug-brien,Doug Brien,NO,CAR,4,4,2,3,"45,39",https://media.eagles.1rmg.com/wp-content/uploads/2022/02/28151420/1995.pdf
1995-12-24,1995,17,REG,1995_17_NO_NYJ,nfl-doug-brien,Doug Brien,NO,NYJ,0,0,2,4,"32,23",https://media.eagles.1rmg.com/wp-content/uploads/2022/02/28151420/1995.pdf
1980-09-07,1980,1,REG,1980_01_DEN_PHI,nfl-tony-franklin-2,Tony Franklin,PHI,DEN,3,3,2,2,"17,35",https://www.pro-football-reference.com/boxscores/198009070phi.htm; corroborated_by=https://justapedia.org/wiki/1980_Philadelphia_Eagles_season
1977-12-18,1977,14,REG,1977_14_NYJ_PHI,nfl-nick-mike-mayer,Nick Mike-Mayer,PHI,NYJ,3,3,2,2,"39,41",https://media.eagles.1rmg.com/wp-content/uploads/2022/02/28150108/1977.pdf
1979-10-21,1979,8,REG,1979_08_SD_LA,nfl-mike-wood,Mike Wood,SD,LA,4,5,2,2,"37,31",https://media.eagles.1rmg.com/wp-content/uploads/2022/02/28150229/1979.pdf
1979-11-04,1979,10,REG,1979_10_SD_KC,nfl-mike-wood,Mike Wood,SD,KC,2,2,2,2,"31,26",https://media.eagles.1rmg.com/wp-content/uploads/2022/02/28150229/1979.pdf
1979-11-11,1979,11,REG,1979_11_SD_CIN,nfl-mike-wood,Mike Wood,SD,CIN,2,2,4,4,"22,42,34,32",https://media.eagles.1rmg.com/wp-content/uploads/2022/02/28150229/1979.pdf
1982-12-26,1982,8,REG,1982_08_CHI_LA,nfl-bob-thomas,Bob Thomas,CHI,LA,4,4,2,3,"41,31",https://media.eagles.1rmg.com/wp-content/uploads/2022/02/28150423/1982.pdf
1983-01-02,1982,9,REG,1982_09_CHI_TB,nfl-bob-thomas,Bob Thomas,CHI,TB,2,2,3,4,"43,19,40",https://media.eagles.1rmg.com/wp-content/uploads/2022/02/28150423/1982.pdf
1986-11-30,1986,13,REG,1986_13_HOU_CLE,nfl-mark-moseley,Mark Moseley,CLE,HOU,1,1,2,2,"23,29",https://media.eagles.1rmg.com/wp-content/uploads/2022/02/28150709/1986.pdf
1986-12-14,1986,15,REG,1986_15_CLE_CIN,nfl-mark-moseley,Mark Moseley,CLE,CIN,4,4,2,3,"39,19",https://media.eagles.1rmg.com/wp-content/uploads/2022/02/28150709/1986.pdf
1986-12-21,1986,16,REG,1986_16_SD_CLE,nfl-mark-moseley,Mark Moseley,CLE,SD,5,6,2,2,"37,32",https://media.eagles.1rmg.com/wp-content/uploads/2022/02/28150709/1986.pdf
1992-11-15,1992,11,REG,1992_11_CHI_TB,nfl-eddie-murray,Eddie Murray,TB,CHI,2,2,2,2,"31,40",https://media.eagles.1rmg.com/wp-content/uploads/2022/02/28151103/1992.pdf
1992-12-06,1992,14,REG,1992_14_LA_TB,nfl-eddie-murray,Eddie Murray,TB,LA,3,3,2,2,"34,47",https://media.eagles.1rmg.com/wp-content/uploads/2022/02/28151103/1992.pdf
1993-12-19,1993,16,REG,1993_16_NE_CLE,nfl-matt-bahr,Matt Bahr,NE,CLE,2,2,2,2,"23,34",https://media.eagles.1rmg.com/wp-content/uploads/2022/02/28151144/1993.pdf
1994-01-02,1993,18,REG,1993_18_MIA_NE,nfl-matt-bahr,Matt Bahr,NE,MIA,3,3,2,2,"31,37",https://media.eagles.1rmg.com/wp-content/uploads/2022/02/28151144/1993.pdf
1972-11-05,1972,8,REG,1972_08_STL_PHI,nfl-tom-dempsey,Tom Dempsey,PHI,STL,0,0,2,4,"11,30",https://media.eagles.1rmg.com/wp-content/uploads/2022/02/28145652/1972.pdf
1975-12-07,1975,12,REG,1975_12_WAS_ATL,nfl-nick-mike-mayer,Nick Mike-Mayer,ATL,WAS,3,3,2,2,"23,44",https://media.eagles.1rmg.com/wp-content/uploads/2022/02/28145853/1975.pdf
1977-09-25,1977,2,REG,1977_02_ATL_WAS,nfl-nick-mike-mayer,Nick Mike-Mayer,ATL,WAS,0,0,2,4,"23,27",https://media.eagles.1rmg.com/wp-content/uploads/2022/02/28150108/1977.pdf
1977-12-04,1977,12,REG,1977_12_OAK_LA,nfl-rafael-septien,Rafael Septien,LA,OAK,2,2,2,3,"21,44",https://media.eagles.1rmg.com/wp-content/uploads/2022/02/28150108/1977.pdf
1979-11-04,1979,10,REG,1979_10_BAL_GB,nfl-toni-linhart,Toni Linhart,BAL,GB,3,3,2,3,"24,39",https://media.eagles.1rmg.com/wp-content/uploads/2022/02/28150229/1979.pdf
1982-12-19,1982,7,REG,1982_07_GB_BAL,nfl-danny-miller,Danny Miller,BAL,GB,2,2,2,3,"23,40",https://media.eagles.1rmg.com/wp-content/uploads/2022/02/28150423/1982.pdf
1982-12-26,1982,8,REG,1982_08_BAL_SD,nfl-danny-miller,Danny Miller,BAL,SD,2,2,2,2,"46,58",https://media.eagles.1rmg.com/wp-content/uploads/2022/02/28150423/1982.pdf
1983-01-02,1982,9,REG,1982_09_ATL_NO,nfl-mick-luckhurst,Mick Luckhurst,ATL,NO,0,0,2,2,"40,29",https://media.eagles.1rmg.com/wp-content/uploads/2022/02/28150423/1982.pdf
1987-12-27,1987,15,REG,1987_15_STL_DAL,nfl-al-del-greco,Al Del Greco,STL,DAL,1,1,3,3,"32,28,37",https://media.eagles.1rmg.com/wp-content/uploads/2022/02/28150746/1987.pdf
1988-11-13,1988,11,REG,1988_11_IND_GB,nfl-dale-dawson,Dale Dawson,GB,IND,1,1,2,2,"22,20",https://media.eagles.1rmg.com/wp-content/uploads/2022/02/28150831/1988.pdf
1989-12-18,1989,15,REG,1989_15_PHI_NO,nfl-roger-ruzek,Roger Ruzek,PHI,NO,2,2,2,3,"21,19",https://media.eagles.1rmg.com/wp-content/uploads/2022/02/28150907/1989.pdf
1989-12-17,1989,15,REG,1989_15_WAS_ATL,nfl-greg-davis,Greg Davis,ATL,WAS,3,3,3,4,"33,24,32",https://media.eagles.1rmg.com/wp-content/uploads/2022/02/28150907/1989.pdf
1991-12-15,1991,16,REG,1991_16_NE_NYJ,nfl-charlie-baumann,Charlie Baumann,NE,NYJ,0,0,2,2,"45,41",https://media.eagles.1rmg.com/wp-content/uploads/2022/02/28151026/1991.pdf
1991-12-22,1991,17,REG,1991_17_NYJ_MIA,nfl-raul-allegre,Raul Allegre,NYJ,MIA,2,2,3,4,"25,44,30",https://media.eagles.1rmg.com/wp-content/uploads/2022/02/28151026/1991.pdf
1974-11-24,1974,11,REG,1974_11_NE_BAL,nfl-john-smith-2,John Smith,NE,BAL,3,3,2,2,"33,28",https://ultimate70s.com/nflbox/19741124/ALL/N; corroborated_by=https://media.eagles.1rmg.com/wp-content/uploads/2022/02/28145810/1974.pdf
1979-12-15,1979,16,REG,1979_16_GB_DET,nfl-tom-birney,Tom Birney,GB,DET,0,0,4,5,"27,25,47,41",https://www.pro-football-reference.com/boxscores/197912150det.htm; corroborated_by=https://media.eagles.1rmg.com/wp-content/uploads/2022/02/28150229/1979.pdf
1979-12-16,1979,16,REG,1979_16_SEA_OAK,nfl-efren-herrera,Efren Herrera,SEA,OAK,3,3,2,2,"24,43",https://www.pro-football-reference.com/boxscores/197912160rai.htm; corroborated_by=https://media.eagles.1rmg.com/wp-content/uploads/2022/02/28150229/1979.pdf
1980-09-11,1980,2,REG,1980_02_LA_TB,nfl-frank-corral,Frank Corral,LA,TB,0,0,3,3,"43,32,27",https://www.pro-football-reference.com/boxscores/198009110tam.htm; corroborated_by=https://media.eagles.1rmg.com/wp-content/uploads/2022/02/28150309/1980.pdf
1982-09-12,1982,1,REG,1982_01_SD_DEN,nfl-rolf-benirschke,Rolf Benirschke,SD,DEN,2,2,3,5,"50,24,40",https://www.pro-football-reference.com/boxscores/198209120den.htm; corroborated_by=https://media.eagles.1rmg.com/wp-content/uploads/2022/02/28150423/1982.pdf
1985-11-17,1985,11,REG,1985_11_MIA_IND,nfl-raul-allegre,Raul Allegre,IND,MIA,2,2,2,2,"28,32",https://www.pro-football-reference.com/boxscores/198511170clt.htm; corroborated_by=https://media.eagles.1rmg.com/wp-content/uploads/2022/02/28150628/1985.pdf
1985-11-24,1985,12,REG,1985_12_WAS_PIT,nfl-gary-anderson,Gary Anderson,PIT,WAS,2,2,3,3,"22,37,27",https://www.pro-football-reference.com/boxscores/198511240pit.htm
1985-12-14,1985,15,REG,1985_15_CHI_NYJ,nfl-kevin-butler,Kevin Butler,CHI,NYJ,1,1,4,4,"18,31,37,21",https://www.pro-football-reference.com/boxscores/198512140nyj.htm; corroborated_by=https://media.eagles.1rmg.com/wp-content/uploads/2022/02/28150628/1985.pdf
1986-09-14,1986,2,REG,1986_02_CLE_HOU,nfl-tony-zendejas,Tony Zendejas,HOU,CLE,2,2,2,2,"35,36",https://www.pro-football-reference.com/boxscores/198609140oti.htm; corroborated_by=https://media.eagles.1rmg.com/wp-content/uploads/2022/02/28150709/1986.pdf
1986-10-26,1986,8,REG,1986_08_TB_KC,nfl-donald-igwebuike,Donald Igwebuike,TB,KC,2,2,2,2,"49,39",https://www.pro-football-reference.com/boxscores/198610260kan.htm; corroborated_by=https://media.eagles.1rmg.com/wp-content/uploads/2022/02/28150709/1986.pdf
1986-12-14,1986,15,REG,1986_15_SF_NE,nfl-ray-wersching,Ray Wersching,SF,NE,2,2,3,3,"46,31,20",https://www.pro-football-reference.com/boxscores/198612140nwe.htm; corroborated_by=https://media.eagles.1rmg.com/wp-content/uploads/2022/02/28150709/1986.pdf
1987-11-01,1987,7,REG,1987_07_IND_NYJ,nfl-dean-biasucci,Dean Biasucci,IND,NYJ,1,1,4,5,"36,44,38,33",https://www.pro-football-reference.com/boxscores/198711010nyj.htm; corroborated_by=https://media.eagles.1rmg.com/wp-content/uploads/2022/02/28150746/1987.pdf
1987-11-08,1987,8,REG,1987_08_MIA_CIN,nfl-fuad-reveiz,Fuad Reveiz,MIA,CIN,2,2,2,3,"47,34",https://www.pro-football-reference.com/boxscores/198711080cin.htm; corroborated_by=https://media.eagles.1rmg.com/wp-content/uploads/2022/02/28150746/1987.pdf
1988-11-06,1988,10,REG,1988_10_NO_WAS,nfl-chip-lohmiller,Chip Lohmiller,WAS,NO,3,3,2,2,"32,23",https://www.pro-football-reference.com/boxscores/198811060was.htm; corroborated_by=https://media.eagles.1rmg.com/wp-content/uploads/2022/02/28150831/1988.pdf
1990-09-23,1990,3,REG,1990_03_DET_TB,nfl-steve-christie,Steve Christie,TB,DET,2,2,3,3,"55,28,21",https://www.pro-football-reference.com/boxscores/199009230tam.htm; corroborated_by=https://media.eagles.1rmg.com/wp-content/uploads/2022/02/28150948/1990.pdf
1990-12-09,1990,14,REG,1990_14_PHI_MIA,nfl-pete-stoyanovich,Pete Stoyanovich,MIA,PHI,2,2,3,3,"24,34,34",https://www.pro-football-reference.com/boxscores/199012090mia.htm; corroborated_by=https://media.eagles.1rmg.com/wp-content/uploads/2022/02/28150948/1990.pdf
1991-09-22,1991,4,REG,1991_04_CLE_NYG,nfl-matt-bahr,Matt Bahr,NYG,CLE,1,1,2,2,"44,48",https://www.pro-football-reference.com/boxscores/199109220nyg.htm; corroborated_by=https://media.eagles.1rmg.com/wp-content/uploads/2022/02/28151026/1991.pdf
1994-11-27,1994,13,REG,1994_13_NE_IND,nfl-matt-bahr,Matt Bahr,NE,IND,0,0,4,4,"22,37,25,43",https://www.pro-football-reference.com/boxscores/199411270clt.htm; corroborated_by=https://media.eagles.1rmg.com/wp-content/uploads/2022/02/28151222/1994.pdf
1971-09-26,1971,2,REG,1971_02_DET_NE,nfl-errol-mann,Errol Mann,DET,NE,2,2,2,2,"23,27",https://www.pro-football-reference.com/boxscores/197109260nwe.htm; corroborated_by=https://media.eagles.1rmg.com/wp-content/uploads/2022/02/28145600/1971.pdf
1971-10-18,1971,5,REG,1971_05_PIT_KC,nfl-roy-gerela,Roy Gerela,PIT,KC,1,1,3,4,"32,40,35",https://www.pro-football-reference.com/boxscores/197110180kan.htm
1971-12-19,1971,14,REG,1971_14_DEN_OAK,nfl-jim-turner-2,Jim Turner,DEN,OAK,1,1,2,3,"14,29",https://www.pro-football-reference.com/boxscores/197112190rai.htm; corroborated_by=https://media.eagles.1rmg.com/wp-content/uploads/2022/02/28145600/1971.pdf
1975-10-12,1975,4,REG,1975_04_DEN_PIT,nfl-jim-turner-2,Jim Turner,DEN,PIT,0,0,3,3,"22,39,36",https://www.pro-football-reference.com/boxscores/197510120pit.htm; corroborated_by=https://media.eagles.1rmg.com/wp-content/uploads/2022/02/28145853/1975.pdf
1977-11-20,1977,10,REG,1977_10_ATL_NO,nfl-fred-steinfort,Fred Steinfort,ATL,NO,2,2,2,2,"36,40",https://www.pro-football-reference.com/boxscores/197711200nor.htm; corroborated_by=https://media.eagles.1rmg.com/wp-content/uploads/2022/02/28150108/1977.pdf
1977-12-18,1977,14,REG,1977_14_CLE_SEA,nfl-don-cockroft,Don Cockroft,CLE,SEA,1,2,2,2,"24,33",https://www.pro-football-reference.com/boxscores/197712180sea.htm; corroborated_by=https://media.eagles.1rmg.com/wp-content/uploads/2022/02/28150108/1977.pdf
1979-11-29,1979,14,REG,1979_14_NE_MIA,nfl-uwe-von-schamann,Uwe von Schamann,MIA,NE,4,4,3,3,"31,33,27",https://www.pro-football-reference.com/boxscores/197911290mia.htm; corroborated_by=https://media.eagles.1rmg.com/wp-content/uploads/2022/02/28150229/1979.pdf
1990-12-09,1990,14,REG,1990_14_PHX_ATL,nfl-greg-davis,Greg Davis,ATL,PHX,1,1,2,2,"41,24",https://www.pro-football-reference.com/boxscores/199012090atl.htm; corroborated_by=https://media.eagles.1rmg.com/wp-content/uploads/2022/02/28150948/1990.pdf
1991-09-29,1991,5,REG,1991_05_DEN_MIN,nfl-david-treadwell,David Treadwell,DEN,MIN,1,1,2,2,"37,32",https://www.pro-football-reference.com/boxscores/199109290min.htm; corroborated_by=https://media.eagles.1rmg.com/wp-content/uploads/2022/02/28151026/1991.pdf
1991-10-13,1991,7,REG,1991_07_NO_PHI,nfl-roger-ruzek,Roger Ruzek,PHI,NO,0,0,2,2,"38,41",https://www.pro-football-reference.com/boxscores/199110130phi.htm; corroborated_by=https://media.eagles.1rmg.com/wp-content/uploads/2022/02/28151026/1991.pdf
1991-10-27,1991,9,REG,1991_09_GB_TB,nfl-chris-jacke,Chris Jacke,GB,TB,3,3,2,3,"34,46",https://www.pro-football-reference.com/boxscores/199110270tam.htm; corroborated_by=https://media.eagles.1rmg.com/wp-content/uploads/2022/02/28151026/1991.pdf
1993-09-26,1993,4,REG,1993_04_SF_NO,nfl-morten-andersen,Morten Andersen,NO,SF,1,1,3,4,"33,39,39",https://www.pro-football-reference.com/boxscores/199309260nor.htm; corroborated_by=https://media.eagles.1rmg.com/wp-content/uploads/2022/02/28151144/1993.pdf
1993-11-07,1993,10,REG,1993_10_BUF_NE,nfl-steve-christie,Steve Christie,BUF,NE,1,1,2,3,"27,30",https://www.pro-football-reference.com/boxscores/199311070nwe.htm; corroborated_by=https://media.eagles.1rmg.com/wp-content/uploads/2022/02/28151144/1993.pdf
1993-11-14,1993,11,REG,1993_11_ATL_LA,nfl-norm-johnson,Norm Johnson,ATL,LA,1,1,2,2,"46,44",https://www.pro-football-reference.com/boxscores/199311140ram.htm; corroborated_by=https://media.eagles.1rmg.com/wp-content/uploads/2022/02/28151144/1993.pdf
1993-12-05,1993,14,REG,1993_14_CIN_SF,nfl-doug-pelfrey,Doug Pelfrey,CIN,SF,0,0,2,2,"38,29",https://www.pro-football-reference.com/boxscores/199312050sfo.htm; corroborated_by=https://media.eagles.1rmg.com/wp-content/uploads/2022/02/28151144/1993.pdf
1994-09-11,1994,2,REG,1994_02_CIN_SD,nfl-john-carney,John Carney,SD,CIN,3,3,2,2,"38,20",https://www.pro-football-reference.com/boxscores/199409110sdg.htm; corroborated_by=https://media.eagles.1rmg.com/wp-content/uploads/2022/02/28151222/1994.pdf
1994-12-04,1994,14,REG,1994_14_NYG_CLE,nfl-brad-daluiso,Brad Daluiso,NYG,CLE,0,0,3,3,"25,30,33",https://www.pro-football-reference.com/boxscores/199412040cle.htm; corroborated_by=https://www.latimes.com/archives/la-xpm-1994-12-05-sp-5103-story.html
1994-12-24,1994,17,REG,1994_17_PHI_CIN,nfl-eddie-murray,Eddie Murray,PHI,CIN,3,3,3,3,"34,23,35",https://www.pro-football-reference.com/boxscores/199412240cin.htm; corroborated_by=https://media.eagles.1rmg.com/wp-content/uploads/2022/02/28151222/1994.pdf
1996-11-24,1996,13,REG,1996_13_ATL_CIN,nfl-doug-pelfrey,Doug Pelfrey,CIN,ATL,5,5,2,2,"37,20",https://www.pro-football-reference.com/boxscores/199611240cin.htm; corroborated_by=https://media.eagles.1rmg.com/wp-content/uploads/2022/02/28151433/1996.pdf
1976-10-31,1976,8,REG,1976_08_DEN_OAK,nfl-errol-mann,Errol Mann,OAK,DEN,1,2,2,2,"23,36",https://www.pro-football-reference.com/boxscores/197610310rai.htm; corroborated_by=https://media.eagles.1rmg.com/wp-content/uploads/2022/02/28150027/1976.pdf
1978-11-12,1978,11,REG,1978_11_TB_DET,nfl-neil-o-donoghue,Neil O'Donoghue,TB,DET,2,2,3,3,"27,49,28",https://www.buccaneersfan.com/Pages/TeamZone/Gameday/Lions/1978-11-12.htm; corroborated_by=https://media.eagles.1rmg.com/wp-content/uploads/2022/02/28150149/1978.pdf
1980-09-14,1980,2,REG,1980_02_NO_CHI,nfl-bob-thomas,Bob Thomas,CHI,NO,2,2,2,3,"37,35",https://www.pro-football-reference.com/boxscores/198009140chi.htm; corroborated_by=https://media.eagles.1rmg.com/wp-content/uploads/2022/02/28150309/1980.pdf
1980-11-09,1980,10,REG,1980_10_DET_MIN,nfl-rick-danmeier,Rick Danmeier,MIN,DET,4,4,2,4,"27,23",https://www.pro-football-reference.com/boxscores/198011090min.htm; corroborated_by=https://media.eagles.1rmg.com/wp-content/uploads/2022/02/28150309/1980.pdf
1983-10-16,1983,7,REG,1983_07_SD_NE,nfl-fred-steinfort,Fred Steinfort,NE,SD,4,4,3,3,"35,20,32",https://www.pro-football-reference.com/boxscores/198310160nwe.htm; corroborated_by=https://media.eagles.1rmg.com/wp-content/uploads/2022/02/28150505/1983.pdf
1983-11-27,1983,13,REG,1983_13_GB_ATL,nfl-jan-stenerud,Jan Stenerud,GB,ATL,5,5,2,2,"23,33",https://www.pro-football-reference.com/boxscores/198311270atl.htm; corroborated_by=https://media.eagles.1rmg.com/wp-content/uploads/2022/02/28150505/1983.pdf
1983-12-11,1983,15,REG,1983_15_CLE_HOU,nfl-florian-kempf,Florian Kempf,HOU,CLE,4,4,2,3,"40,35",https://www.pro-football-reference.com/boxscores/198312110oti.htm; corroborated_by=https://media.eagles.1rmg.com/wp-content/uploads/2022/02/28150505/1983.pdf
1984-09-09,1984,2,REG,1984_02_KC_CIN,nfl-jim-breech,Jim Breech,CIN,KC,2,2,2,3,"48,29",https://www.pro-football-reference.com/boxscores/198409090cin.htm; corroborated_by=https://media.eagles.1rmg.com/wp-content/uploads/2022/02/28150546/1984.pdf
1984-10-21,1984,8,REG,1984_08_CLE_CIN,nfl-matt-bahr,Matt Bahr,CLE,CIN,0,0,2,2,"50,47",https://www.pro-football-reference.com/boxscores/198410210cin.htm; corroborated_by=https://media.eagles.1rmg.com/wp-content/uploads/2022/02/28150546/1984.pdf
1984-11-18,1984,12,REG,1984_12_NYJ_HOU,nfl-pat-leahy,Pat Leahy,NYJ,HOU,2,2,2,3,"19,26",https://www.pro-football-reference.com/boxscores/198411180oti.htm; corroborated_by=https://media.eagles.1rmg.com/wp-content/uploads/2022/02/28150546/1984.pdf
1985-09-15,1985,2,REG,1985_02_CIN_STL,nfl-jim-breech,Jim Breech,CIN,STL,3,3,2,2,"33,47",https://www.pro-football-reference.com/boxscores/198509150crd.htm; corroborated_by=https://media.eagles.1rmg.com/wp-content/uploads/2022/02/28150628/1985.pdf
1987-11-08,1987,8,REG,1987_08_LA_MIN,nfl-chris-bahr,Chris Bahr,LA,MIN,2,2,2,2,"21,25",https://www.pro-football-reference.com/boxscores/198711080min.htm; corroborated_by=https://media.eagles.1rmg.com/wp-content/uploads/2022/02/28150746/1987.pdf
1993-11-28,1993,13,REG,1993_13_PHX_NYG,nfl-david-treadwell,David Treadwell,NYG,PHX,1,1,3,3,"22,37,22",https://www.pro-football-reference.com/boxscores/199311280nyg.htm; corroborated_by=https://media.eagles.1rmg.com/wp-content/uploads/2022/02/28151144/1993.pdf
1994-01-02,1993,18,REG,1993_18_DAL_NYG,nfl-david-treadwell,David Treadwell,NYG,DAL,1,1,2,2,"29,32",https://www.pro-football-reference.com/boxscores/199401020nyg.htm; corroborated_by=https://media.eagles.1rmg.com/wp-content/uploads/2022/02/28151144/1993.pdf
1995-11-19,1995,12,REG,1995_12_HOU_KC,nfl-lin-elliott,Lin Elliott,KC,HOU,2,2,2,2,"47,21",https://www.pro-football-reference.com/boxscores/199511190kan.htm; corroborated_by=https://media.eagles.1rmg.com/wp-content/uploads/2022/02/28151420/1995.pdf
