date,season,week,season_type,game_id,player_id,player_name,team,opponent,xp_made,xp_attempts,fg_made,fg_attempts,fg_made_distances
1970-09-19,1970,1,REG,1970_01_CHI_NYG,nfl-mac-percival,Mac Percival,CHI,NYG,3,3,1,2,28
1970-09-20,1970,1,REG,1970_01_ATL_NO,nfl-ken-vinyard,Ken Vinyard,ATL,NO,2,2,0,0,
1970-09-20,1970,1,REG,1970_01_ATL_NO,nfl-tom-dempsey,Tom Dempsey,NO,ATL,0,0,1,4,42
1970-09-20,1970,1,REG,1970_01_BAL_SD,nfl-mike-mercer,Mike Mercer,SD,BAL,2,2,0,1,
1970-09-20,1970,1,REG,1970_01_DAL_PHI,nfl-mark-moseley,Mark Moseley,PHI,DAL,1,1,0,0,
1970-09-20,1970,1,REG,1970_01_DAL_PHI,nfl-mike-clark-2,Mike Clark,DAL,PHI,2,2,1,1,13
1970-09-20,1970,1,REG,1970_01_DEN_BUF,nfl-grant-guthrie,Grant Guthrie,BUF,DEN,1,1,1,1,16
1970-09-20,1970,1,REG,1970_01_HOU_PIT,nfl-roy-gerela,Roy Gerela,HOU,PIT,2,2,1,2,8
1970-09-20,1970,1,REG,1970_01_KC_MIN,nfl-jan-stenerud,Jan Stenerud,KC,MIN,1,1,1,2,28
1970-09-20,1970,1,REG,1970_01_MIA_NE,nfl-karl-kremser,Karl Kremser,MIA,NE,2,2,0,1,
1970-09-20,1970,1,REG,1970_01_OAK_CIN,nfl-horst-muhlmann,Horst Muhlmann,CIN,OAK,4,4,1,3,38
1970-09-20,1970,1,REG,1970_01_WAS_SF,nfl-bruce-gossett,Bruce Gossett,SF,WAS,3,3,1,1,21
1970-09-20,1970,1,REG,1970_01_WAS_SF,nfl-curt-knight,Curt Knight,WAS,SF,2,2,1,1,18
1970-09-21,1970,1,REG,1970_01_NYJ_CLE,nfl-don-cockroft,Don Cockroft,CLE,NYJ,4,4,1,2,27
1970-09-21,1970,1,REG,1970_01_NYJ_CLE,nfl-jim-turner-2,Jim Turner,NYJ,CLE,3,3,0,1,
1970-09-27,1970,2,REG,1970_02_ATL_GB,nfl-dale-livingston,Dale Livingston,GB,ATL,3,4,0,1,
1970-09-27,1970,2,REG,1970_02_ATL_GB,nfl-ken-vinyard,Ken Vinyard,ATL,GB,3,3,1,4,19
1970-09-27,1970,2,REG,1970_02_CIN_DET,nfl-errol-mann,Errol Mann,DET,CIN,5,5,1,2,50
1970-09-27,1970,2,REG,1970_02_CIN_DET,nfl-horst-muhlmann,Horst Muhlmann,CIN,DET,0,0,1,1,35
1970-09-27,1970,2,REG,1970_02_CLE_SF,nfl-bruce-gossett,Bruce Gossett,SF,CLE,4,5,0,0,
1970-09-27,1970,2,REG,1970_02_CLE_SF,nfl-don-cockroft,Don Cockroft,CLE,SF,4,4,1,1,20
1970-09-27,1970,2,REG,1970_02_MIA_HOU,nfl-roy-gerela,Roy Gerela,HOU,MIA,1,1,1,1,10
1970-09-27,1970,2,REG,1970_02_NO_MIN,nfl-tom-dempsey,Tom Dempsey,NO,MIN,0,0,0,3,
1970-09-27,1970,2,REG,1970_02_NYG_DAL,nfl-mike-clark-2,Mike Clark,DAL,NYG,4,4,0,2,
1970-09-27,1970,2,REG,1970_02_NYG_DAL,nfl-pete-gogolak,Pete Gogolak,NYG,DAL,1,1,1,3,20
1970-09-27,1970,2,REG,1970_02_NYJ_NE,nfl-jim-turner-2,Jim Turner,NYJ,NE,4,4,1,1,25
1970-09-27,1970,2,REG,1970_02_PHI_CHI,nfl-mark-moseley,Mark Moseley,PHI,CHI,1,1,1,1,42
1970-09-27,1970,2,REG,1970_02_PIT_DEN,nfl-bobby-howfield,Bobby Howfield,DEN,PIT,2,2,0,2,
1970-09-27,1970,2,REG,1970_02_WAS_STL,nfl-curt-knight,Curt Knight,WAS,STL,2,2,1,1,36
1970-09-27,1970,2,REG,1970_02_WAS_STL,nfl-jim-bakken,Jim Bakken,STL,WAS,3,4,0,0,
1970-10-03,1970,3,REG,1970_03_PIT_CLE,nfl-don-cockroft,Don Cockroft,CLE,PIT,1,2,0,2,
1970-10-04,1970,3,REG,1970_03_DAL_STL,nfl-mike-clark-2,Mike Clark,DAL,STL,1,1,0,1,
1970-10-04,1970,3,REG,1970_03_MIN_GB,nfl-fred-cox,Fred Cox,MIN,GB,1,1,1,2,24
1970-10-04,1970,3,REG,1970_03_NYG_NO,nfl-pete-gogolak,Pete Gogolak,NYG,NO,1,1,1,4,8
1970-10-04,1970,3,REG,1970_03_NYG_NO,nfl-tom-dempsey,Tom Dempsey,NO,NYG,2,2,0,1,
1970-10-04,1970,3,REG,1970_03_NYJ_BUF,nfl-jim-turner-2,Jim Turner,NYJ,BUF,4,4,1,6,22
1970-10-04,1970,3,REG,1970_03_SD_LA,nfl-mike-mercer,Mike Mercer,SD,LA,1,1,1,1,30
1970-10-04,1970,3,REG,1970_03_SF_ATL,nfl-ken-vinyard,Ken Vinyard,ATL,SF,3,3,0,2,
1970-10-04,1970,3,REG,1970_03_WAS_PHI,nfl-mark-moseley,Mark Moseley,PHI,WAS,3,3,0,0,
1970-10-05,1970,3,REG,1970_03_CHI_DET,nfl-errol-mann,Errol Mann,DET,CHI,4,4,0,0,
1970-10-05,1970,3,REG,1970_03_CHI_DET,nfl-mac-percival,Mac Percival,CHI,DET,2,2,0,1,
1970-10-11,1970,4,REG,1970_04_ATL_DAL,nfl-ken-vinyard,Ken Vinyard,ATL,DAL,0,0,0,1,
1970-10-11,1970,4,REG,1970_04_BUF_PIT,nfl-grant-guthrie,Grant Guthrie,BUF,PIT,1,1,1,2,52
1970-10-11,1970,4,REG,1970_04_CIN_CLE,nfl-don-cockroft,Don Cockroft,CLE,CIN,4,4,0,0,
1970-10-11,1970,4,REG,1970_04_DET_WAS,nfl-curt-knight,Curt Knight,WAS,DET,4,4,1,1,31
1970-10-11,1970,4,REG,1970_04_DET_WAS,nfl-errol-mann,Errol Mann,DET,WAS,1,1,1,2,36
1970-10-11,1970,4,REG,1970_04_MIN_CHI,nfl-fred-cox,Fred Cox,MIN,CHI,3,3,1,3,22
1970-10-11,1970,4,REG,1970_04_MIN_CHI,nfl-mac-percival,Mac Percival,CHI,MIN,0,0,0,1,
1970-10-11,1970,4,REG,1970_04_NO_STL,nfl-jim-bakken,Jim Bakken,STL,NO,3,3,1,1,44
1970-10-11,1970,4,REG,1970_04_NO_STL,nfl-tom-dempsey,Tom Dempsey,NO,STL,2,2,1,3,34
1970-10-11,1970,4,REG,1970_04_PHI_NYG,nfl-mark-moseley,Mark Moseley,PHI,NYG,2,3,1,1,13
1970-10-18,1970,5,REG,1970_05_ATL_DEN,nfl-bobby-howfield,Bobby Howfield,DEN,ATL,3,3,1,2,51
1970-10-18,1970,5,REG,1970_05_ATL_DEN,nfl-ken-vinyard,Ken Vinyard,ATL,DEN,1,1,1,1,31
1970-10-18,1970,5,REG,1970_05_DET_CLE,nfl-don-cockroft,Don Cockroft,CLE,DET,3,3,1,1,47
1970-10-18,1970,5,REG,1970_05_LA_GB,nfl-dale-livingston,Dale Livingston,GB,LA,3,3,0,1,
1970-10-18,1970,5,REG,1970_05_LA_GB,nfl-david-ray,David Ray,LA,GB,4,4,1,2,36
1970-10-18,1970,5,REG,1970_05_MIA_BUF,nfl-grant-guthrie,Grant Guthrie,BUF,MIA,2,2,0,1,
1970-10-18,1970,5,REG,1970_05_PIT_HOU,nfl-roy-gerela,Roy Gerela,HOU,PIT,0,0,1,2,34
1970-10-18,1970,5,REG,1970_05_SD_CHI,nfl-mac-percival,Mac Percival,CHI,SD,1,1,0,0,
1970-10-18,1970,5,REG,1970_05_SD_CHI,nfl-mike-mercer,Mike Mercer,SD,CHI,2,3,0,0,
1970-10-18,1970,5,REG,1970_05_STL_PHI,nfl-jim-bakken,Jim Bakken,STL,PHI,5,5,0,0,
1970-10-25,1970,6,REG,1970_06_BUF_NYJ,nfl-grant-guthrie,Grant Guthrie,BUF,NYJ,1,1,1,3,9
1970-10-25,1970,6,REG,1970_06_CIN_WAS,nfl-horst-muhlmann,Horst Muhlmann,CIN,WAS,0,0,0,1,
1970-10-25,1970,6,REG,1970_06_CLE_MIA,nfl-don-cockroft,Don Cockroft,CLE,MIA,4,4,0,0,
1970-10-25,1970,6,REG,1970_06_DEN_SF,nfl-bobby-howfield,Bobby Howfield,DEN,SF,2,2,0,1,
1970-10-25,1970,6,REG,1970_06_DET_CHI,nfl-mac-percival,Mac Percival,CHI,DET,1,1,1,2,11
1970-10-25,1970,6,REG,1970_06_HOU_SD,nfl-mike-mercer,Mike Mercer,SD,HOU,4,4,1,1,45
1970-10-25,1970,6,REG,1970_06_HOU_SD,nfl-roy-gerela,Roy Gerela,HOU,SD,4,4,1,5,18
1970-10-25,1970,6,REG,1970_06_NE_BAL,nfl-charlie-gogolak,Charlie Gogolak,NE,BAL,0,0,1,3,15
1970-10-25,1970,6,REG,1970_06_NO_ATL,nfl-tom-dempsey,Tom Dempsey,NO,ATL,2,2,0,1,
1970-10-25,1970,6,REG,1970_06_PHI_GB,nfl-mark-moseley,Mark Moseley,PHI,GB,2,2,1,2,15
1970-10-25,1970,6,REG,1970_06_STL_NYG,nfl-jim-bakken,Jim Bakken,STL,NYG,2,2,1,2,25
1970-10-25,1970,6,REG,1970_06_STL_NYG,nfl-pete-gogolak,Pete Gogolak,NYG,STL,5,5,0,0,
1970-10-26,1970,6,REG,1970_06_LA_MIN,nfl-david-ray,David Ray,LA,MIN,0,0,1,1,23
1970-11-01,1970,7,REG,1970_07_BUF_NE,nfl-charlie-gogolak,Charlie Gogolak,NE,BUF,1,1,1,2,32
1970-11-01,1970,7,REG,1970_07_BUF_NE,nfl-grant-guthrie,Grant Guthrie,BUF,NE,6,6,1,2,20
1970-11-01,1970,7,REG,1970_07_CHI_ATL,nfl-ken-vinyard,Ken Vinyard,ATL,CHI,2,2,0,2,
1970-11-01,1970,7,REG,1970_07_GB_SF,nfl-dale-livingston,Dale Livingston,GB,SF,1,1,1,2,9
1970-11-01,1970,7,REG,1970_07_HOU_STL,nfl-roy-gerela,Roy Gerela,HOU,STL,0,0,0,1,
1970-11-01,1970,7,REG,1970_07_LA_NO,nfl-tom-dempsey,Tom Dempsey,NO,LA,2,2,1,1,23
1970-11-01,1970,7,REG,1970_07_MIA_BAL,nfl-garo-yepremian,Garo Yepremian,MIA,BAL,0,0,0,1,
1970-11-01,1970,7,REG,1970_07_MIN_DET,nfl-errol-mann,Errol Mann,DET,MIN,2,2,1,1,11
1970-11-01,1970,7,REG,1970_07_NYG_NYJ,nfl-jim-turner-2,Jim Turner,NYJ,NYG,1,1,1,1,31
1970-11-01,1970,7,REG,1970_07_OAK_KC,nfl-jan-stenerud,Jan Stenerud,KC,OAK,2,2,1,1,33
1970-11-01,1970,7,REG,1970_07_PHI_DAL,nfl-mark-moseley,Mark Moseley,PHI,DAL,2,2,1,1,19
1970-11-01,1970,7,REG,1970_07_PHI_DAL,nfl-mike-clark-2,Mike Clark,DAL,PHI,3,3,0,1,
1970-11-01,1970,7,REG,1970_07_SD_CLE,nfl-don-cockroft,Don Cockroft,CLE,SD,1,1,1,1,11
1970-11-01,1970,7,REG,1970_07_WAS_DEN,nfl-bobby-howfield,Bobby Howfield,DEN,WAS,0,0,1,2,36
1970-11-02,1970,7,REG,1970_07_CIN_PIT,nfl-horst-muhlmann,Horst Muhlmann,CIN,PIT,1,1,1,2,43
1970-11-08,1970,8,REG,1970_08_ATL_LA,nfl-david-ray,David Ray,LA,ATL,1,1,1,4,20
1970-11-08,1970,8,REG,1970_08_ATL_LA,nfl-ken-vinyard,Ken Vinyard,ATL,LA,1,1,1,2,39
1970-11-08,1970,8,REG,1970_08_CIN_BUF,nfl-grant-guthrie,Grant Guthrie,BUF,CIN,2,2,0,1,
1970-11-08,1970,8,REG,1970_08_DEN_SD,nfl-bobby-howfield,Bobby Howfield,DEN,SD,3,3,0,3,
1970-11-08,1970,8,REG,1970_08_DEN_SD,nfl-mike-mercer,Mike Mercer,SD,DEN,3,3,1,1,38
1970-11-08,1970,8,REG,1970_08_DET_NO,nfl-errol-mann,Errol Mann,DET,NO,2,2,1,1,18
1970-11-08,1970,8,REG,1970_08_HOU_KC,nfl-jan-stenerud,Jan Stenerud,KC,HOU,3,3,1,3,39
1970-11-08,1970,8,REG,1970_08_MIA_PHI,nfl-garo-yepremian,Garo Yepremian,MIA,PHI,2,2,1,2,24
1970-11-08,1970,8,REG,1970_08_MIA_PHI,nfl-mark-moseley,Mark Moseley,PHI,MIA,3,3,1,1,23
1970-11-08,1970,8,REG,1970_08_MIN_WAS,nfl-curt-knight,Curt Knight,WAS,MIN,1,1,1,2,15
1970-11-08,1970,8,REG,1970_08_NE_STL,nfl-charlie-gogolak,Charlie Gogolak,NE,STL,0,0,0,1,
1970-11-08,1970,8,REG,1970_08_NE_STL,nfl-jim-bakken,Jim Bakken,STL,NE,4,4,1,1,43
1970-11-08,1970,8,REG,1970_08_NYJ_PIT,nfl-jim-turner-2,Jim Turner,NYJ,PIT,2,2,1,1,17
1970-11-08,1970,8,REG,1970_08_SF_CHI,nfl-bruce-gossett,Bruce Gossett,SF,CHI,4,5,1,3,40
1970-11-09,1970,8,REG,1970_08_BAL_GB,nfl-dale-livingston,Dale Livingston,GB,BAL,1,1,1,3,20
1970-11-15,1970,9,REG,1970_09_BUF_BAL,nfl-grant-guthrie,Grant Guthrie,BUF,BAL,2,2,1,2,36
1970-11-15,1970,9,REG,1970_09_CLE_CIN,nfl-don-cockroft,Don Cockroft,CLE,CIN,1,1,1,2,15
1970-11-15,1970,9,REG,1970_09_CLE_CIN,nfl-horst-muhlmann,Horst Muhlmann,CIN,CLE,2,2,0,0,
1970-11-15,1970,9,REG,1970_09_DET_MIN,nfl-fred-cox,Fred Cox,MIN,DET,3,3,1,3,19
1970-11-15,1970,9,REG,1970_09_KC_PIT,nfl-jan-stenerud,Jan Stenerud,KC,PIT,4,4,1,3,32
1970-11-15,1970,9,REG,1970_09_NO_MIA,nfl-garo-yepremian,Garo Yepremian,MIA,NO,3,3,0,1,
1970-11-15,1970,9,REG,1970_09_NO_MIA,nfl-tom-dempsey,Tom Dempsey,NO,MIA,1,1,1,1,10
1970-11-15,1970,9,REG,1970_09_NYJ_LA,nfl-jim-turner-2,Jim Turner,NYJ,LA,4,4,1,2,23
1970-11-15,1970,9,REG,1970_09_SD_NE,nfl-charlie-gogolak,Charlie Gogolak,NE,SD,2,2,0,0,
1970-11-15,1970,9,REG,1970_09_SD_NE,nfl-mike-mercer,Mike Mercer,SD,NE,2,2,0,3,
1970-11-15,1970,9,REG,1970_09_SF_HOU,nfl-bruce-gossett,Bruce Gossett,SF,HOU,4,4,0,2,
1970-11-15,1970,9,REG,1970_09_WAS_NYG,nfl-pete-gogolak,Pete Gogolak,NYG,WAS,5,5,0,0,
1970-11-16,1970,9,REG,1970_09_STL_DAL,nfl-jim-bakken,Jim Bakken,STL,DAL,5,5,1,2,31
1970-11-22,1970,10,REG,1970_10_BUF_CHI,nfl-grant-guthrie,Grant Guthrie,BUF,CHI,1,2,0,1,
1970-11-22,1970,10,REG,1970_10_BUF_CHI,nfl-mac-percival,Mac Percival,CHI,BUF,4,4,1,2,37
1970-11-22,1970,10,REG,1970_10_DAL_WAS,nfl-curt-knight,Curt Knight,WAS,DAL,3,3,0,0,
1970-11-22,1970,10,REG,1970_10_DAL_WAS,nfl-mike-clark-2,Mike Clark,DAL,WAS,6,6,1,1,42
1970-11-22,1970,10,REG,1970_10_DEN_NO,nfl-bobby-howfield,Bobby Howfield,DEN,NO,4,4,1,2,35
1970-11-22,1970,10,REG,1970_10_GB_MIN,nfl-dale-livingston,Dale Livingston,GB,MIN,0,0,1,4,26
1970-11-22,1970,10,REG,1970_10_GB_MIN,nfl-fred-cox,Fred Cox,MIN,GB,1,1,1,2,25
1970-11-22,1970,10,REG,1970_10_HOU_CLE,nfl-don-cockroft,Don Cockroft,CLE,HOU,4,4,0,2,
1970-11-22,1970,10,REG,1970_10_HOU_CLE,nfl-roy-gerela,Roy Gerela,HOU,CLE,2,2,0,0,
1970-11-22,1970,10,REG,1970_10_LA_ATL,nfl-david-ray,David Ray,LA,ATL,2,2,1,3,10
1970-11-22,1970,10,REG,1970_10_LA_ATL,nfl-ken-vinyard,Ken Vinyard,ATL,LA,1,1,0,2,
1970-11-22,1970,10,REG,1970_10_NE_NYJ,nfl-charlie-gogolak,Charlie Gogolak,NE,NYJ,0,0,0,1,
1970-11-22,1970,10,REG,1970_10_NE_NYJ,nfl-jim-turner-2,Jim Turner,NYJ,NE,2,2,1,3,37
1970-11-22,1970,10,REG,1970_10_SD_OAK,nfl-mike-mercer,Mike Mercer,SD,OAK,2,2,1,1,11
1970-11-22,1970,10,REG,1970_10_SF_DET,nfl-bruce-gossett,Bruce Gossett,SF,DET,1,1,0,0,
1970-11-22,1970,10,REG,1970_10_SF_DET,nfl-errol-mann,Errol Mann,DET,SF,4,4,0,0,
1970-11-23,1970,10,REG,1970_10_NYG_PHI,nfl-mark-moseley,Mark Moseley,PHI,NYG,2,3,1,3,29
1970-11-26,1970,11,REG,1970_11_GB_DAL,nfl-dale-livingston,Dale Livingston,GB,DAL,0,0,1,1,19
1970-11-26,1970,11,REG,1970_11_OAK_DET,nfl-errol-mann,Errol Mann,DET,OAK,4,4,0,1,
1970-11-29,1970,11,REG,1970_11_CLE_PIT,nfl-allan-watson,Allan Watson,PIT,CLE,4,4,0,2,
1970-11-29,1970,11,REG,1970_11_DEN_HOU,nfl-bobby-howfield,Bobby Howfield,DEN,HOU,3,3,0,1,
1970-11-29,1970,11,REG,1970_11_DEN_HOU,nfl-roy-gerela,Roy Gerela,HOU,DEN,4,4,1,2,33
1970-11-29,1970,11,REG,1970_11_MIN_NYJ,nfl-fred-cox,Fred Cox,MIN,NYJ,1,1,1,4,43
1970-11-29,1970,11,REG,1970_11_NE_BUF,nfl-grant-guthrie,Grant Guthrie,BUF,NE,1,1,1,1,37
1970-11-29,1970,11,REG,1970_11_NYG_WAS,nfl-curt-knight,Curt Knight,WAS,NYG,3,3,1,2,27
1970-11-29,1970,11,REG,1970_11_PHI_STL,nfl-mark-moseley,Mark Moseley,PHI,STL,2,2,0,1,
1970-11-29,1970,11,REG,1970_11_SD_KC,nfl-mike-mercer,Mike Mercer,SD,KC,2,2,0,0,
1970-11-30,1970,11,REG,1970_11_MIA_ATL,nfl-ken-vinyard,Ken Vinyard,ATL,MIA,1,1,0,2,
1970-12-06,1970,12,REG,1970_12_ATL_SF,nfl-bruce-gossett,Bruce Gossett,SF,ATL,3,3,1,2,23
1970-12-06,1970,12,REG,1970_12_ATL_SF,nfl-ken-vinyard,Ken Vinyard,ATL,SF,2,3,0,1,
1970-12-06,1970,12,REG,1970_12_CIN_SD,nfl-horst-muhlmann,Horst Muhlmann,CIN,SD,2,2,1,3,53
1970-12-06,1970,12,REG,1970_12_CIN_SD,nfl-mike-mercer,Mike Mercer,SD,CIN,2,2,0,1,
1970-12-06,1970,12,REG,1970_12_GB_PIT,nfl-dale-livingston,Dale Livingston,GB,PIT,2,2,0,1,
1970-12-06,1970,12,REG,1970_12_PHI_BAL,nfl-mark-moseley,Mark Moseley,PHI,BAL,1,1,1,1,38
1970-12-06,1970,12,REG,1970_12_STL_DET,nfl-jim-bakken,Jim Bakken,STL,DET,0,0,1,2,29
1970-12-06,1970,12,REG,1970_12_WAS_DAL,nfl-curt-knight,Curt Knight,WAS,DAL,0,0,0,1,
1970-12-07,1970,12,REG,1970_12_CLE_HOU,nfl-don-cockroft,Don Cockroft,CLE,HOU,3,3,0,1,
1970-12-07,1970,12,REG,1970_12_CLE_HOU,nfl-roy-gerela,Roy Gerela,HOU,CLE,1,1,1,1,43
1970-12-12,1970,13,REG,1970_13_DAL_CLE,nfl-don-cockroft,Don Cockroft,CLE,DAL,0,0,0,1,
1970-12-13,1970,13,REG,1970_13_BAL_BUF,nfl-grant-guthrie,Grant Guthrie,BUF,BAL,2,2,0,0,
1970-12-13,1970,13,REG,1970_13_GB_CHI,nfl-dale-livingston,Dale Livingston,GB,CHI,2,2,1,1,32
1970-12-13,1970,13,REG,1970_13_GB_CHI,nfl-mac-percival,Mac Percival,CHI,GB,5,5,0,1,
1970-12-13,1970,13,REG,1970_13_MIN_NE,nfl-charlie-gogolak,Charlie Gogolak,NE,MIN,2,2,0,0,
1970-12-13,1970,13,REG,1970_13_MIN_NE,nfl-fred-cox,Fred Cox,MIN,NE,5,5,0,1,
1970-12-13,1970,13,REG,1970_13_NYG_STL,nfl-jim-bakken,Jim Bakken,STL,NYG,2,2,1,2,25
1970-12-13,1970,13,REG,1970_13_NYJ_MIA,nfl-jim-turner-2,Jim Turner,NYJ,MIA,1,1,1,1,21
1970-12-13,1970,13,REG,1970_13_PHI_WAS,nfl-curt-knight,Curt Knight,WAS,PHI,3,3,1,2,49
1970-12-13,1970,13,REG,1970_13_PIT_ATL,nfl-allan-watson,Allan Watson,PIT,ATL,1,2,1,2,21
1970-12-13,1970,13,REG,1970_13_SD_DEN,nfl-bobby-howfield,Bobby Howfield,DEN,SD,2,2,1,1,53
1970-12-13,1970,13,REG,1970_13_SD_DEN,nfl-mike-mercer,Mike Mercer,SD,DEN,2,2,1,1,42
1970-12-13,1970,13,REG,1970_13_SF_NO,nfl-bruce-gossett,Bruce Gossett,SF,NO,5,5,1,1,37
1970-12-13,1970,13,REG,1970_13_SF_NO,nfl-tom-dempsey,Tom Dempsey,NO,SF,3,4,0,1,
1970-12-14,1970,13,REG,1970_13_DET_LA,nfl-errol-mann,Errol Mann,DET,LA,4,4,0,0,
1970-12-20,1970,14,REG,1970_14_BUF_MIA,nfl-garo-yepremian,Garo Yepremian,MIA,BUF,6,6,1,1,43
1970-12-20,1970,14,REG,1970_14_BUF_MIA,nfl-grant-guthrie,Grant Guthrie,BUF,MIA,1,1,0,0,
1970-12-20,1970,14,REG,1970_14_CHI_NO,nfl-mac-percival,Mac Percival,CHI,NO,3,3,1,2,50
1970-12-20,1970,14,REG,1970_14_CHI_NO,nfl-tom-dempsey,Tom Dempsey,NO,CHI,0,0,1,3,47
1970-12-20,1970,14,REG,1970_14_GB_DET,nfl-dale-livingston,Dale Livingston,GB,DET,0,0,0,1,
1970-12-20,1970,14,REG,1970_14_HOU_DAL,nfl-mike-clark-2,Mike Clark,DAL,HOU,7,7,1,1,35
1970-12-20,1970,14,REG,1970_14_HOU_DAL,nfl-roy-gerela,Roy Gerela,HOU,DAL,1,1,1,1,37
1970-12-20,1970,14,REG,1970_14_KC_SD,nfl-mike-mercer,Mike Mercer,SD,KC,4,4,1,1,27
1970-12-20,1970,14,REG,1970_14_LA_NYG,nfl-david-ray,David Ray,LA,NYG,4,4,1,2,25
1970-12-20,1970,14,REG,1970_14_LA_NYG,nfl-pete-gogolak,Pete Gogolak,NYG,LA,0,0,1,3,42
1970-12-20,1970,14,REG,1970_14_MIN_ATL,nfl-ken-vinyard,Ken Vinyard,ATL,MIN,1,1,0,1,
1970-12-20,1970,14,REG,1970_14_NE_CIN,nfl-horst-muhlmann,Horst Muhlmann,CIN,NE,6,6,1,1,37
1970-12-20,1970,14,REG,1970_14_PIT_PHI,nfl-mark-moseley,Mark Moseley,PHI,PIT,3,4,1,3,18
1970-12-20,1970,14,REG,1970_14_SF_OAK,nfl-bruce-gossett,Bruce Gossett,SF,OAK,5,5,1,2,42
1970-12-20,1970,14,REG,1970_14_STL_WAS,nfl-curt-knight,Curt Knight,WAS,STL,4,4,0,0,
1971-09-19,1971,1,REG,1971_01_DAL_BUF,nfl-grant-guthrie,Grant Guthrie,BUF,DAL,4,5,1,2,40
1971-09-19,1971,1,REG,1971_01_DAL_BUF,nfl-mike-clark-2,Mike Clark,DAL,BUF,7,7,0,0,
1971-09-19,1971,1,REG,1971_01_HOU_CLE,nfl-braden-beck,Braden Beck,HOU,CLE,0,0,0,1,
1971-09-19,1971,1,REG,1971_01_HOU_CLE,nfl-don-cockroft,Don Cockroft,CLE,HOU,4,4,1,3,24
1971-09-19,1971,1,REG,1971_01_KC_SD,nfl-dennis-partee,Dennis Partee,SD,KC,3,3,0,2,
1971-09-19,1971,1,REG,1971_01_KC_SD,nfl-jan-stenerud,Jan Stenerud,KC,SD,2,2,0,0,
1971-09-19,1971,1,REG,1971_01_LA_NO,nfl-skip-butler,Skip Butler,NO,LA,3,3,1,3,32
1971-09-19,1971,1,REG,1971_01_MIA_DEN,nfl-garo-yepremian,Garo Yepremian,MIA,DEN,1,1,1,4,22
1971-09-19,1971,1,REG,1971_01_MIA_DEN,nfl-jim-turner-2,Jim Turner,DEN,MIA,1,1,1,3,10
1971-09-19,1971,1,REG,1971_01_NYG_GB,nfl-dave-conway,Dave Conway,GB,NYG,5,5,0,1,
1971-09-19,1971,1,REG,1971_01_NYG_GB,nfl-pete-gogolak,Pete Gogolak,NYG,GB,6,6,0,3,
1971-09-19,1971,1,REG,1971_01_PHI_CIN,nfl-happy-feller,Happy Feller,PHI,CIN,2,2,0,1,
1971-09-19,1971,1,REG,1971_01_PIT_CHI,nfl-mac-percival,Mac Percival,CHI,PIT,2,2,1,2,33
1971-09-19,1971,1,REG,1971_01_SF_ATL,nfl-bruce-gossett,Bruce Gossett,SF,ATL,2,2,1,1,28
1971-09-19,1971,1,REG,1971_01_WAS_STL,nfl-curt-knight,Curt Knight,WAS,STL,3,3,1,3,25
1971-09-19,1971,1,REG,1971_01_WAS_STL,nfl-jim-bakken,Jim Bakken,STL,WAS,2,2,1,1,25
1971-09-26,1971,2,REG,1971_02_CHI_MIN,nfl-fred-cox,Fred Cox,MIN,CHI,2,2,1,1,14
1971-09-26,1971,2,REG,1971_02_CIN_PIT,nfl-horst-muhlmann,Horst Muhlmann,CIN,PIT,1,1,1,3,33
1971-09-26,1971,2,REG,1971_02_CIN_PIT,nfl-roy-gerela,Roy Gerela,PIT,CIN,3,3,0,0,
1971-09-26,1971,2,REG,1971_02_CLE_BAL,nfl-don-cockroft,Don Cockroft,CLE,BAL,2,2,0,2,
1971-09-26,1971,2,REG,1971_02_DAL_PHI,nfl-happy-feller,Happy Feller,PHI,DAL,1,1,0,0,
1971-09-26,1971,2,REG,1971_02_DAL_PHI,nfl-mike-clark-2,Mike Clark,DAL,PHI,6,6,0,2,
1971-09-26,1971,2,REG,1971_02_DET_NE,nfl-charlie-gogolak,Charlie Gogolak,NE,DET,1,1,0,0,
1971-09-26,1971,2,REG,1971_02_KC_HOU,nfl-braden-beck,Braden Beck,HOU,KC,1,2,1,1,15
1971-09-26,1971,2,REG,1971_02_MIA_BUF,nfl-grant-guthrie,Grant Guthrie,BUF,MIA,2,2,0,1,
1971-09-26,1971,2,REG,1971_02_OAK_SD,nfl-dennis-partee,Dennis Partee,SD,OAK,0,0,0,3,
1971-09-26,1971,2,REG,1971_02_SF_NO,nfl-bruce-gossett,Bruce Gossett,SF,NO,5,5,1,3,42
1971-09-26,1971,2,REG,1971_02_SF_NO,nfl-skip-butler,Skip Butler,NO,SF,2,3,0,2,
1971-09-26,1971,2,REG,1971_02_WAS_NYG,nfl-pete-gogolak,Pete Gogolak,NYG,WAS,0,0,1,1,18
1971-09-27,1971,2,REG,1971_02_NYJ_STL,nfl-bobby-howfield,Bobby Howfield,NYJ,STL,1,1,1,3,25
1971-09-27,1971,2,REG,1971_02_NYJ_STL,nfl-jim-bakken,Jim Bakken,STL,NYJ,2,2,1,1,19
1971-10-03,1971,3,REG,1971_03_ATL_DET,nfl-bill-bell,Bill Bell,ATL,DET,5,5,1,1,36
1971-10-03,1971,3,REG,1971_03_BAL_NE,nfl-charlie-gogolak,Charlie Gogolak,NE,BAL,0,0,1,3,34
1971-10-03,1971,3,REG,1971_03_BUF_MIN,nfl-fred-cox,Fred Cox,MIN,BUF,2,2,1,2,40
1971-10-03,1971,3,REG,1971_03_BUF_MIN,nfl-grant-guthrie,Grant Guthrie,BUF,MIN,0,0,0,1,
1971-10-03,1971,3,REG,1971_03_CHI_LA,nfl-david-ray,David Ray,LA,CHI,2,2,1,2,23
1971-10-03,1971,3,REG,1971_03_CHI_LA,nfl-mac-percival,Mac Percival,CHI,LA,0,0,1,2,36
1971-10-03,1971,3,REG,1971_03_CIN_GB,nfl-horst-muhlmann,Horst Muhlmann,CIN,GB,2,2,1,1,26
1971-10-03,1971,3,REG,1971_03_KC_DEN,nfl-jim-turner-2,Jim Turner,DEN,KC,0,0,1,2,37
1971-10-03,1971,3,REG,1971_03_NYG_STL,nfl-pete-gogolak,Pete Gogolak,NYG,STL,3,3,0,2,
1971-10-03,1971,3,REG,1971_03_NYJ_MIA,nfl-bobby-howfield,Bobby Howfield,NYJ,MIA,2,2,0,1,
1971-10-03,1971,3,REG,1971_03_NYJ_MIA,nfl-garo-yepremian,Garo Yepremian,MIA,NYJ,1,1,1,3,43
1971-10-03,1971,3,REG,1971_03_SD_PIT,nfl-dennis-partee,Dennis Partee,SD,PIT,2,2,1,1,21
1971-10-03,1971,3,REG,1971_03_SD_PIT,nfl-roy-gerela,Roy Gerela,PIT,SD,3,3,0,1,
1971-10-03,1971,3,REG,1971_03_SF_PHI,nfl-bruce-gossett,Bruce Gossett,SF,PHI,4,4,1,3,31
1971-10-03,1971,3,REG,1971_03_SF_PHI,nfl-happy-feller,Happy Feller,PHI,SF,0,0,1,3,50
1971-10-10,1971,4,REG,1971_04_BAL_BUF,nfl-grant-guthrie,Grant Guthrie,BUF,BAL,0,0,0,1,
1971-10-10,1971,4,REG,1971_04_GB_DET,nfl-errol-mann,Errol Mann,DET,GB,4,4,1,1,12
1971-10-10,1971,4,REG,1971_04_MIN_PHI,nfl-happy-feller,Happy Feller,PHI,MIN,0,0,0,3,
1971-10-10,1971,4,REG,1971_04_NO_CHI,nfl-charlie-durkee,Charlie Durkee,NO,CHI,2,2,0,1,
1971-10-10,1971,4,REG,1971_04_NO_CHI,nfl-mac-percival,Mac Percival,CHI,NO,5,5,0,1,
1971-10-10,1971,4,REG,1971_04_NYJ_NE,nfl-charlie-gogolak,Charlie Gogolak,NE,NYJ,2,2,0,2,
1971-10-10,1971,4,REG,1971_04_PIT_CLE,nfl-roy-gerela,Roy Gerela,PIT,CLE,2,2,1,2,33
1971-10-10,1971,4,REG,1971_04_SD_KC,nfl-dennis-partee,Dennis Partee,SD,KC,1,1,1,1,43
1971-10-10,1971,4,REG,1971_04_SD_KC,nfl-jan-stenerud,Jan Stenerud,KC,SD,4,4,1,3,29
1971-10-10,1971,4,REG,1971_04_STL_ATL,nfl-bill-bell,Bill Bell,ATL,STL,0,1,1,1,15
1971-10-17,1971,5,REG,1971_05_BAL_NYG,nfl-pete-gogolak,Pete Gogolak,NYG,BAL,1,1,0,1,
1971-10-17,1971,5,REG,1971_05_BUF_NYJ,nfl-bobby-howfield,Bobby Howfield,NYJ,BUF,4,4,0,1,
1971-10-17,1971,5,REG,1971_05_BUF_NYJ,nfl-grant-guthrie,Grant Guthrie,BUF,NYJ,2,2,1,1,51
1971-10-17,1971,5,REG,1971_05_CHI_SF,nfl-mac-percival,Mac Percival,CHI,SF,0,0,0,2,
1971-10-17,1971,5,REG,1971_05_CLE_CIN,nfl-horst-muhlmann,Horst Muhlmann,CIN,CLE,3,3,1,1,12
1971-10-17,1971,5,REG,1971_05_DAL_NO,nfl-charlie-durkee,Charlie Durkee,NO,DAL,3,3,1,1,36
1971-10-17,1971,5,REG,1971_05_DAL_NO,nfl-mike-clark-2,Mike Clark,DAL,NO,2,2,0,1,
1971-10-17,1971,5,REG,1971_05_DET_HOU,nfl-errol-mann,Errol Mann,DET,HOU,4,4,1,2,13
1971-10-17,1971,5,REG,1971_05_DET_HOU,nfl-mark-moseley,Mark Moseley,HOU,DET,1,1,0,1,
1971-10-17,1971,5,REG,1971_05_LA_ATL,nfl-bill-bell,Bill Bell,ATL,LA,1,2,1,1,35
1971-10-17,1971,5,REG,1971_05_LA_ATL,nfl-david-ray,David Ray,LA,ATL,3,3,1,1,24
1971-10-17,1971,5,REG,1971_05_MIN_GB,nfl-fred-cox,Fred Cox,MIN,GB,3,3,1,2,22
1971-10-17,1971,5,REG,1971_05_NE_MIA,nfl-charlie-gogolak,Charlie Gogolak,NE,MIA,0,0,1,1,51
1971-10-17,1971,5,REG,1971_05_PHI_OAK,nfl-happy-feller,Happy Feller,PHI,OAK,1,1,1,2,31
1971-10-18,1971,5,REG,1971_05_PIT_KC,nfl-jan-stenerud,Jan Stenerud,KC,PIT,5,5,1,2,11
1971-10-23,1971,6,REG,1971_06_BUF_SD,nfl-grant-guthrie,Grant Guthrie,BUF,SD,0,0,1,4,36
1971-10-24,1971,6,REG,1971_06_CHI_DET,nfl-mac-percival,Mac Percival,CHI,DET,4,4,0,1,
1971-10-24,1971,6,REG,1971_06_HOU_PIT,nfl-mark-moseley,Mark Moseley,HOU,PIT,1,2,1,2,24
1971-10-24,1971,6,REG,1971_06_MIA_NYJ,nfl-bobby-howfield,Bobby Howfield,NYJ,MIA,2,2,0,1,
1971-10-24,1971,6,REG,1971_06_NE_DAL,nfl-charlie-gogolak,Charlie Gogolak,NE,DAL,3,3,0,0,
1971-10-24,1971,6,REG,1971_06_NO_ATL,nfl-bill-bell,Bill Bell,ATL,NO,4,4,0,1,
1971-10-24,1971,6,REG,1971_06_NYG_PHI,nfl-pete-gogolak,Pete Gogolak,NYG,PHI,1,1,0,0,
1971-10-24,1971,6,REG,1971_06_SF_STL,nfl-jim-bakken,Jim Bakken,STL,SF,2,2,0,1,
1971-10-25,1971,6,REG,1971_06_BAL_MIN,nfl-fred-cox,Fred Cox,MIN,BAL,1,1,1,1,32
1971-10-31,1971,7,REG,1971_07_ATL_CLE,nfl-bill-bell,Bill Bell,ATL,CLE,4,4,1,1,27
1971-10-31,1971,7,REG,1971_07_ATL_CLE,nfl-don-cockroft,Don Cockroft,CLE,ATL,2,2,0,0,
1971-10-31,1971,7,REG,1971_07_CIN_HOU,nfl-mark-moseley,Mark Moseley,HOU,CIN,1,1,1,2,42
1971-10-31,1971,7,REG,1971_07_DAL_CHI,nfl-mike-clark-2,Mike Clark,DAL,CHI,2,2,1,4,10
1971-10-31,1971,7,REG,1971_07_DEN_PHI,nfl-happy-feller,Happy Feller,PHI,DEN,2,2,1,1,27
1971-10-31,1971,7,REG,1971_07_MIA_LA,nfl-david-ray,David Ray,LA,MIA,2,2,0,2,
1971-10-31,1971,7,REG,1971_07_MIN_NYG,nfl-fred-cox,Fred Cox,MIN,NYG,2,2,1,1,37
1971-10-31,1971,7,REG,1971_07_MIN_NYG,nfl-pete-gogolak,Pete Gogolak,NYG,MIN,1,1,1,2,37
1971-10-31,1971,7,REG,1971_07_NE_SF,nfl-charlie-gogolak,Charlie Gogolak,NE,SF,1,1,1,3,32
1971-10-31,1971,7,REG,1971_07_NO_WAS,nfl-charlie-durkee,Charlie Durkee,NO,WAS,2,2,0,1,
1971-10-31,1971,7,REG,1971_07_NO_WAS,nfl-curt-knight,Curt Knight,WAS,NO,3,3,1,2,47
1971-10-31,1971,7,REG,1971_07_NYJ_SD,nfl-bobby-howfield,Bobby Howfield,NYJ,SD,2,2,0,0,
1971-10-31,1971,7,REG,1971_07_NYJ_SD,nfl-dennis-partee,Dennis Partee,SD,NYJ,7,7,0,0,
1971-10-31,1971,7,REG,1971_07_PIT_BAL,nfl-roy-gerela,Roy Gerela,PIT,BAL,3,3,0,0,
1971-10-31,1971,7,REG,1971_07_STL_BUF,nfl-jim-bakken,Jim Bakken,STL,BUF,4,4,0,1,
1971-10-31,1971,7,REG,1971_07_STL_BUF,nfl-john-leypoldt,John Leypoldt,BUF,STL,3,3,0,0,
1971-11-01,1971,7,REG,1971_07_DET_GB,nfl-errol-mann,Errol Mann,DET,GB,2,2,0,2,
1971-11-07,1971,8,REG,1971_08_ATL_CIN,nfl-bill-bell,Bill Bell,ATL,CIN,0,1,1,2,23
1971-11-07,1971,8,REG,1971_08_BUF_MIA,nfl-john-leypoldt,John Leypoldt,BUF,MIA,0,0,0,1,
1971-11-07,1971,8,REG,1971_08_CLE_PIT,nfl-don-cockroft,Don Cockroft,CLE,PIT,1,1,0,2,
1971-11-07,1971,8,REG,1971_08_DET_DEN,nfl-errol-mann,Errol Mann,DET,DEN,3,3,1,2,10
1971-11-07,1971,8,REG,1971_08_GB_CHI,nfl-mac-percival,Mac Percival,CHI,GB,2,2,0,1,
1971-11-07,1971,8,REG,1971_08_HOU_NE,nfl-charlie-gogolak,Charlie Gogolak,NE,HOU,4,4,0,1,
1971-11-07,1971,8,REG,1971_08_KC_NYJ,nfl-jan-stenerud,Jan Stenerud,KC,NYJ,1,1,1,2,19
1971-11-07,1971,8,REG,1971_08_OAK_NO,nfl-charlie-durkee,Charlie Durkee,NO,OAK,3,3,0,1,
1971-11-07,1971,8,REG,1971_08_PHI_WAS,nfl-curt-knight,Curt Knight,WAS,PHI,1,1,0,1,
1971-11-07,1971,8,REG,1971_08_PHI_WAS,nfl-happy-feller,Happy Feller,PHI,WAS,1,1,0,4,
1971-11-07,1971,8,REG,1971_08_SD_NYG,nfl-dennis-partee,Dennis Partee,SD,NYG,2,2,1,1,28
1971-11-07,1971,8,REG,1971_08_SD_NYG,nfl-pete-gogolak,Pete Gogolak,NYG,SD,5,5,0,0,
1971-11-08,1971,8,REG,1971_08_LA_BAL,nfl-david-ray,David Ray,LA,BAL,2,2,1,2,20
1971-11-14,1971,9,REG,1971_09_BAL_NYJ,nfl-bobby-howfield,Bobby Howfield,NYJ,BAL,1,2,0,1,
1971-11-14,1971,9,REG,1971_09_BUF_NE,nfl-charlie-gogolak,Charlie Gogolak,NE,BUF,5,5,1,1,38
1971-11-14,1971,9,REG,1971_09_CIN_DEN,nfl-horst-muhlmann,Horst Muhlmann,CIN,DEN,3,3,1,2,14
1971-11-14,1971,9,REG,1971_09_CIN_DEN,nfl-jim-turner-2,Jim Turner,DEN,CIN,1,1,1,2,37
1971-11-14,1971,9,REG,1971_09_CLE_KC,nfl-don-cockroft,Don Cockroft,CLE,KC,1,1,0,2,
1971-11-14,1971,9,REG,1971_09_GB_MIN,nfl-fred-cox,Fred Cox,MIN,GB,0,0,1,2,25
1971-11-14,1971,9,REG,1971_09_HOU_OAK,nfl-mark-moseley,Mark Moseley,HOU,OAK,3,3,0,0,
1971-11-14,1971,9,REG,1971_09_LA_DET,nfl-david-ray,David Ray,LA,DET,3,3,0,2,
1971-11-14,1971,9,REG,1971_09_NYG_ATL,nfl-bill-bell,Bill Bell,ATL,NYG,2,2,1,1,17
1971-11-14,1971,9,REG,1971_09_NYG_ATL,nfl-pete-gogolak,Pete Gogolak,NYG,ATL,3,3,0,0,
1971-11-14,1971,9,REG,1971_09_PHI_DAL,nfl-happy-feller,Happy Feller,PHI,DAL,1,1,0,1,
1971-11-14,1971,9,REG,1971_09_PIT_MIA,nfl-garo-yepremian,Garo Yepremian,MIA,PIT,3,3,1,1,43
1971-11-14,1971,9,REG,1971_09_PIT_MIA,nfl-roy-gerela,Roy Gerela,PIT,MIA,3,3,0,1,
1971-11-15,1971,9,REG,1971_09_STL_SD,nfl-jim-bakken,Jim Bakken,STL,SD,2,2,1,2,13
1971-11-21,1971,10,REG,1971_10_BAL_MIA,nfl-garo-yepremian,Garo Yepremian,MIA,BAL,2,2,1,2,20
1971-11-21,1971,10,REG,1971_10_DAL_WAS,nfl-curt-knight,Curt Knight,WAS,DAL,0,0,0,1,
1971-11-21,1971,10,REG,1971_10_DEN_KC,nfl-jan-stenerud,Jan Stenerud,KC,DEN,4,4,0,3,
1971-11-21,1971,10,REG,1971_10_DEN_KC,nfl-jim-turner-2,Jim Turner,DEN,KC,1,1,1,2,12
1971-11-21,1971,10,REG,1971_10_DET_CHI,nfl-errol-mann,Errol Mann,DET,CHI,4,4,0,2,
1971-11-21,1971,10,REG,1971_10_DET_CHI,nfl-mac-percival,Mac Percival,CHI,DET,0,0,1,4,41
1971-11-21,1971,10,REG,1971_10_HOU_CIN,nfl-horst-muhlmann,Horst Muhlmann,CIN,HOU,4,4,0,0,
1971-11-21,1971,10,REG,1971_10_MIN_NO,nfl-charlie-durkee,Charlie Durkee,NO,MIN,1,1,1,2,19
1971-11-21,1971,10,REG,1971_10_NE_CLE,nfl-charlie-gogolak,Charlie Gogolak,NE,CLE,1,1,0,1,
1971-11-21,1971,10,REG,1971_10_NYG_PIT,nfl-roy-gerela,Roy Gerela,PIT,NYG,2,2,1,3,25
1971-11-21,1971,10,REG,1971_10_NYJ_BUF,nfl-john-leypoldt,John Leypoldt,BUF,NYJ,1,1,0,2,
1971-11-21,1971,10,REG,1971_10_SD_OAK,nfl-dennis-partee,Dennis Partee,SD,OAK,4,4,1,1,14
1971-11-21,1971,10,REG,1971_10_SF_LA,nfl-david-ray,David Ray,LA,SF,2,2,1,1,49
1971-11-22,1971,10,REG,1971_10_GB_ATL,nfl-bill-bell,Bill Bell,ATL,GB,2,3,0,1,
1971-11-25,1971,11,REG,1971_11_KC_DET,nfl-jan-stenerud,Jan Stenerud,KC,DET,3,3,0,1,
1971-11-25,1971,11,REG,1971_11_LA_DAL,nfl-david-ray,David Ray,LA,DAL,3,3,0,1,
1971-11-25,1971,11,REG,1971_11_LA_DAL,nfl-mike-clark-2,Mike Clark,DAL,LA,4,4,0,0,
1971-11-28,1971,11,REG,1971_11_ATL_MIN,nfl-bill-bell,Bill Bell,ATL,MIN,1,1,0,1,
1971-11-28,1971,11,REG,1971_11_ATL_MIN,nfl-fred-cox,Fred Cox,MIN,ATL,3,3,1,1,19
1971-11-28,1971,11,REG,1971_11_CLE_HOU,nfl-mark-moseley,Mark Moseley,HOU,CLE,3,3,1,1,27
1971-11-28,1971,11,REG,1971_11_DEN_PIT,nfl-roy-gerela,Roy Gerela,PIT,DEN,1,1,1,2,19
1971-11-28,1971,11,REG,1971_11_NO_GB,nfl-tim-webster,Tim Webster,GB,NO,3,3,0,0,
1971-11-28,1971,11,REG,1971_11_SD_CIN,nfl-dennis-partee,Dennis Partee,SD,CIN,0,0,0,1,
1971-11-28,1971,11,REG,1971_11_SD_CIN,nfl-horst-muhlmann,Horst Muhlmann,CIN,SD,4,4,1,3,40
1971-11-28,1971,11,REG,1971_11_SF_NYJ,nfl-bobby-howfield,Bobby Howfield,NYJ,SF,3,3,0,1,
1971-11-28,1971,11,REG,1971_11_SF_NYJ,nfl-bruce-gossett,Bruce Gossett,SF,NYJ,3,3,1,1,25
1971-11-28,1971,11,REG,1971_11_STL_NYG,nfl-jim-bakken,Jim Bakken,STL,NYG,3,3,1,1,18
1971-11-28,1971,11,REG,1971_11_STL_NYG,nfl-pete-gogolak,Pete Gogolak,NYG,STL,1,1,0,0,
1971-11-28,1971,11,REG,1971_11_WAS_PHI,nfl-tom-dempsey,Tom Dempsey,PHI,WAS,1,2,0,1,
1971-11-29,1971,11,REG,1971_11_CHI_MIA,nfl-mac-percival,Mac Percival,CHI,MIA,0,0,1,1,15
1971-12-04,1971,12,REG,1971_12_NYJ_DAL,nfl-bobby-howfield,Bobby Howfield,NYJ,DAL,1,1,1,1,35
1971-12-04,1971,12,REG,1971_12_NYJ_DAL,nfl-mike-clark-2,Mike Clark,DAL,NYJ,7,7,1,2,45
1971-12-05,1971,12,REG,1971_12_BUF_BAL,nfl-john-leypoldt,John Leypoldt,BUF,BAL,0,0,0,2,
1971-12-05,1971,12,REG,1971_12_CHI_DEN,nfl-mac-percival,Mac Percival,CHI,DEN,0,0,1,4,34
1971-12-05,1971,12,REG,1971_12_CIN_CLE,nfl-don-cockroft,Don Cockroft,CLE,CIN,4,4,1,1,12
1971-12-05,1971,12,REG,1971_12_MIN_SD,nfl-fred-cox,Fred Cox,MIN,SD,2,2,0,2,
1971-12-05,1971,12,REG,1971_12_NO_LA,nfl-charlie-durkee,Charlie Durkee,NO,LA,4,4,0,0,
1971-12-05,1971,12,REG,1971_12_NO_LA,nfl-david-ray,David Ray,LA,NO,6,6,1,2,12
1971-12-05,1971,12,REG,1971_12_NYG_WAS,nfl-pete-gogolak,Pete Gogolak,NYG,WAS,1,1,0,2,
1971-12-05,1971,12,REG,1971_12_OAK_ATL,nfl-bill-bell,Bill Bell,ATL,OAK,3,3,1,1,41
1971-12-05,1971,12,REG,1971_12_PIT_HOU,nfl-roy-gerela,Roy Gerela,PIT,HOU,0,0,1,1,15
1971-12-06,1971,12,REG,1971_12_KC_SF,nfl-bruce-gossett,Bruce Gossett,SF,KC,2,2,1,2,18
1971-12-11,1971,13,REG,1971_13_DET_MIN,nfl-errol-mann,Errol Mann,DET,MIN,1,1,1,2,35
1971-12-11,1971,13,REG,1971_13_MIA_BAL,nfl-garo-yepremian,Garo Yepremian,MIA,BAL,0,0,1,2,17
1971-12-12,1971,13,REG,1971_13_ATL_SF,nfl-bill-bell,Bill Bell,ATL,SF,0,0,1,1,18
1971-12-12,1971,13,REG,1971_13_ATL_SF,nfl-bruce-gossett,Bruce Gossett,SF,ATL,3,3,1,2,48
1971-12-12,1971,13,REG,1971_13_CHI_GB,nfl-mac-percival,Mac Percival,CHI,GB,1,1,1,3,12
1971-12-12,1971,13,REG,1971_13_CHI_GB,nfl-tim-webster,Tim Webster,GB,CHI,4,4,1,3,27
1971-12-12,1971,13,REG,1971_13_CLE_NO,nfl-charlie-durkee,Charlie Durkee,NO,CLE,2,2,1,3,28
1971-12-12,1971,13,REG,1971_13_CLE_NO,nfl-don-cockroft,Don Cockroft,CLE,NO,3,3,0,1,
1971-12-12,1971,13,REG,1971_13_DAL_NYG,nfl-mike-clark-2,Mike Clark,DAL,NYG,6,6,0,0,
1971-12-12,1971,13,REG,1971_13_DAL_NYG,nfl-pete-gogolak,Pete Gogolak,NYG,DAL,2,2,0,1,
1971-12-12,1971,13,REG,1971_13_DEN_SD,nfl-dennis-partee,Dennis Partee,SD,DEN,6,6,1,2,9
1971-12-12,1971,13,REG,1971_13_DEN_SD,nfl-jim-turner-2,Jim Turner,DEN,SD,2,2,1,2,13
1971-12-12,1971,13,REG,1971_13_HOU_BUF,nfl-john-leypoldt,John Leypoldt,BUF,HOU,2,2,0,0,
1971-12-12,1971,13,REG,1971_13_PIT_CIN,nfl-roy-gerela,Roy Gerela,PIT,CIN,3,3,0,0,
1971-12-12,1971,13,REG,1971_13_STL_PHI,nfl-jim-bakken,Jim Bakken,STL,PHI,1,1,0,1,
1971-12-13,1971,13,REG,1971_13_WAS_LA,nfl-curt-knight,Curt Knight,WAS,LA,5,5,1,3,52
1971-12-13,1971,13,REG,1971_13_WAS_LA,nfl-david-ray,David Ray,LA,WAS,3,3,1,2,32
1971-12-18,1971,14,REG,1971_14_STL_DAL,nfl-mike-clark-2,Mike Clark,DAL,STL,4,4,1,1,24
1971-12-19,1971,14,REG,1971_14_ATL_NO,nfl-bill-bell,Bill Bell,ATL,NO,3,3,1,2,12
1971-12-19,1971,14,REG,1971_14_CIN_NYJ,nfl-bobby-howfield,Bobby Howfield,NYJ,CIN,5,5,0,1,
1971-12-19,1971,14,REG,1971_14_CIN_NYJ,nfl-horst-muhlmann,Horst Muhlmann,CIN,NYJ,2,2,0,3,
1971-12-19,1971,14,REG,1971_14_DET_SF,nfl-bruce-gossett,Bruce Gossett,SF,DET,4,4,1,1,39
1971-12-19,1971,14,REG,1971_14_LA_PIT,nfl-roy-gerela,Roy Gerela,PIT,LA,2,2,0,0,
1971-12-19,1971,14,REG,1971_14_MIN_CHI,nfl-mac-percival,Mac Percival,CHI,MIN,1,1,1,1,22
1971-12-19,1971,14,REG,1971_14_NE_BAL,nfl-charlie-gogolak,Charlie Gogolak,NE,BAL,3,3,0,1,
1971-12-19,1971,14,REG,1971_14_PHI_NYG,nfl-pete-gogolak,Pete Gogolak,NYG,PHI,4,4,0,0,
1971-12-19,1971,14,REG,1971_14_SD_HOU,nfl-mark-moseley,Mark Moseley,HOU,SD,7,7,0,0,
1972-09-17,1972,1,REG,1972_01_ATL_CHI,nfl-mac-percival,Mac Percival,CHI,ATL,3,3,0,0,
1972-09-17,1972,1,REG,1972_01_CIN_NE,nfl-horst-muhlmann,Horst Muhlmann,CIN,NE,4,4,1,2,38
1972-09-17,1972,1,REG,1972_01_CIN_NE,nfl-mike-walker,Mike Walker,NE,CIN,1,1,0,0,
1972-09-17,1972,1,REG,1972_01_GB_CLE,nfl-don-cockroft,Don Cockroft,CLE,GB,1,1,1,1,21
1972-09-17,1972,1,REG,1972_01_HOU_DEN,nfl-mark-moseley,Mark Moseley,HOU,DEN,2,2,1,2,20
1972-09-17,1972,1,REG,1972_01_MIA_KC,nfl-jan-stenerud,Jan Stenerud,KC,MIA,1,1,1,2,40
1972-09-17,1972,1,REG,1972_01_NO_LA,nfl-charlie-durkee,Charlie Durkee,NO,LA,2,2,0,1,
1972-09-17,1972,1,REG,1972_01_NYG_DET,nfl-pete-gogolak,Pete Gogolak,NYG,DET,1,2,1,2,42
1972-09-17,1972,1,REG,1972_01_NYJ_BUF,nfl-john-leypoldt,John Leypoldt,BUF,NYJ,3,3,1,1,48
1972-09-17,1972,1,REG,1972_01_PHI_DAL,nfl-toni-fritsch,Toni Fritsch,DAL,PHI,4,4,0,1,
1972-09-17,1972,1,REG,1972_01_SD_SF,nfl-dennis-partee,Dennis Partee,SD,SF,0,0,1,1,30
1972-09-17,1972,1,REG,1972_01_STL_BAL,nfl-jim-bakken,Jim Bakken,STL,BAL,1,1,1,1,41
1972-09-18,1972,1,REG,1972_01_WAS_MIN,nfl-curt-knight,Curt Knight,WAS,MIN,3,3,1,2,30
1972-09-18,1972,1,REG,1972_01_WAS_MIN,nfl-fred-cox,Fred Cox,MIN,WAS,3,3,0,2,
1972-09-24,1972,2,REG,1972_02_ATL_NE,nfl-mike-walker,Mike Walker,NE,ATL,3,3,0,0,
1972-09-24,1972,2,REG,1972_02_CLE_PHI,nfl-tom-dempsey,Tom Dempsey,PHI,CLE,2,2,1,3,18
1972-09-24,1972,2,REG,1972_02_DAL_NYG,nfl-pete-gogolak,Pete Gogolak,NYG,DAL,2,2,0,2,
1972-09-24,1972,2,REG,1972_02_DEN_SD,nfl-bill-mcclard,Bill McClard,SD,DEN,0,0,1,1,47
1972-09-24,1972,2,REG,1972_02_DEN_SD,nfl-jim-turner-2,Jim Turner,DEN,SD,2,2,0,0,
1972-09-24,1972,2,REG,1972_02_HOU_MIA,nfl-garo-yepremian,Garo Yepremian,MIA,HOU,4,5,0,0,
1972-09-24,1972,2,REG,1972_02_HOU_MIA,nfl-skip-butler,Skip Butler,HOU,MIA,1,2,0,0,
1972-09-24,1972,2,REG,1972_02_MIN_DET,nfl-errol-mann,Errol Mann,DET,MIN,1,1,1,2,26
1972-09-24,1972,2,REG,1972_02_NYJ_BAL,nfl-bobby-howfield,Bobby Howfield,NYJ,BAL,5,6,1,3,14
1972-09-24,1972,2,REG,1972_02_OAK_GB,nfl-chester-marcol,Chester Marcol,GB,OAK,2,2,0,0,
1972-09-24,1972,2,REG,1972_02_PIT_CIN,nfl-roy-gerela,Roy Gerela,PIT,CIN,1,1,1,4,17
1972-09-24,1972,2,REG,1972_02_STL_WAS,nfl-curt-knight,Curt Knight,WAS,STL,3,3,1,3,31
1972-09-24,1972,2,REG,1972_02_STL_WAS,nfl-jim-bakken,Jim Bakken,STL,WAS,1,1,1,2,41
1972-09-25,1972,2,REG,1972_02_KC_NO,nfl-charlie-durkee,Charlie Durkee,NO,KC,2,2,1,1,31
1972-10-01,1972,3,REG,1972_03_BAL_BUF,nfl-john-leypoldt,John Leypoldt,BUF,BAL,0,0,0,1,
1972-10-01,1972,3,REG,1972_03_DET_CHI,nfl-errol-mann,Errol Mann,DET,CHI,5,5,1,1,35
1972-10-01,1972,3,REG,1972_03_DET_CHI,nfl-mac-percival,Mac Percival,CHI,DET,3,3,1,2,15
1972-10-01,1972,3,REG,1972_03_KC_DEN,nfl-jan-stenerud,Jan Stenerud,KC,DEN,6,6,1,1,11
1972-10-01,1972,3,REG,1972_03_KC_DEN,nfl-jim-turner-2,Jim Turner,DEN,KC,3,3,1,1,16
1972-10-01,1972,3,REG,1972_03_LA_ATL,nfl-bill-bell,Bill Bell,ATL,LA,4,4,1,2,41
1972-10-01,1972,3,REG,1972_03_LA_ATL,nfl-david-ray,David Ray,LA,ATL,0,0,1,4,22
1972-10-01,1972,3,REG,1972_03_MIA_MIN,nfl-fred-cox,Fred Cox,MIN,MIA,2,2,0,0,
1972-10-01,1972,3,REG,1972_03_SD_OAK,nfl-bill-mcclard,Bill McClard,SD,OAK,0,0,0,1,
1972-10-01,1972,3,REG,1972_03_SD_OAK,nfl-dennis-partee,Dennis Partee,SD,OAK,2,2,1,1,41
1972-10-01,1972,3,REG,1972_03_SF_NO,nfl-charlie-durkee,Charlie Durkee,NO,SF,0,0,0,2,
1972-10-01,1972,3,REG,1972_03_WAS_NE,nfl-charlie-gogolak,Charlie Gogolak,NE,WAS,3,3,1,2,42
1972-10-01,1972,3,REG,1972_03_WAS_NE,nfl-curt-knight,Curt Knight,WAS,NE,3,3,0,2,
1972-10-02,1972,3,REG,1972_03_NYG_PHI,nfl-pete-gogolak,Pete Gogolak,NYG,PHI,3,4,0,0,
1972-10-08,1972,4,REG,1972_04_CHI_GB,nfl-mac-percival,Mac Percival,CHI,GB,2,2,1,3,12
1972-10-08,1972,4,REG,1972_04_DEN_CIN,nfl-horst-muhlmann,Horst Muhlmann,CIN,DEN,3,3,0,1,
1972-10-08,1972,4,REG,1972_04_DEN_CIN,nfl-jim-turner-2,Jim Turner,DEN,CIN,1,1,1,2,38
1972-10-08,1972,4,REG,1972_04_KC_CLE,nfl-don-cockroft,Don Cockroft,CLE,KC,1,1,0,0,
1972-10-08,1972,4,REG,1972_04_KC_CLE,nfl-jan-stenerud,Jan Stenerud,KC,CLE,4,4,1,2,34
1972-10-08,1972,4,REG,1972_04_MIA_NYJ,nfl-bobby-howfield,Bobby Howfield,NYJ,MIA,2,2,1,1,18
1972-10-08,1972,4,REG,1972_04_NE_BUF,nfl-charlie-gogolak,Charlie Gogolak,NE,BUF,2,2,0,0,
1972-10-08,1972,4,REG,1972_04_NE_BUF,nfl-john-leypoldt,John Leypoldt,BUF,NE,5,5,1,1,11
1972-10-08,1972,4,REG,1972_04_NO_NYG,nfl-charlie-durkee,Charlie Durkee,NO,NYG,3,3,0,1,
1972-10-08,1972,4,REG,1972_04_NO_NYG,nfl-pete-gogolak,Pete Gogolak,NYG,NO,6,6,1,1,17
1972-10-08,1972,4,REG,1972_04_PHI_WAS,nfl-curt-knight,Curt Knight,WAS,PHI,2,2,0,1,
1972-10-08,1972,4,REG,1972_04_PHI_WAS,nfl-tom-dempsey,Tom Dempsey,PHI,WAS,0,0,0,1,
1972-10-08,1972,4,REG,1972_04_PIT_DAL,nfl-toni-fritsch,Toni Fritsch,DAL,PIT,2,2,1,4,40
1972-10-08,1972,4,REG,1972_04_SF_LA,nfl-bruce-gossett,Bruce Gossett,SF,LA,1,1,0,2,
1972-10-08,1972,4,REG,1972_04_SF_LA,nfl-david-ray,David Ray,LA,SF,4,4,1,2,15
1972-10-08,1972,4,REG,1972_04_STL_MIN,nfl-fred-cox,Fred Cox,MIN,STL,2,2,1,2,37
1972-10-09,1972,4,REG,1972_04_OAK_HOU,nfl-skip-butler,Skip Butler,HOU,OAK,0,0,0,2,
1972-10-15,1972,5,REG,1972_05_ATL_NO,nfl-bill-bell,Bill Bell,ATL,NO,3,3,0,0,
1972-10-15,1972,5,REG,1972_05_ATL_NO,nfl-charlie-durkee,Charlie Durkee,NO,ATL,2,2,0,1,
1972-10-15,1972,5,REG,1972_05_CHI_CLE,nfl-mac-percival,Mac Percival,CHI,CLE,2,2,1,1,8
1972-10-15,1972,5,REG,1972_05_DAL_BAL,nfl-toni-fritsch,Toni Fritsch,DAL,BAL,3,3,0,3,
1972-10-15,1972,5,REG,1972_05_HOU_PIT,nfl-roy-gerela,Roy Gerela,PIT,HOU,3,3,1,2,28
1972-10-15,1972,5,REG,1972_05_HOU_PIT,nfl-skip-butler,Skip Butler,HOU,PIT,1,1,0,0,
1972-10-15,1972,5,REG,1972_05_LA_PHI,nfl-tom-dempsey,Tom Dempsey,PHI,LA,0,0,1,1,52
1972-10-15,1972,5,REG,1972_05_MIN_DEN,nfl-jim-turner-2,Jim Turner,DEN,MIN,2,2,0,2,
1972-10-15,1972,5,REG,1972_05_NYG_SF,nfl-bruce-gossett,Bruce Gossett,SF,NYG,2,2,1,2,21
1972-10-15,1972,5,REG,1972_05_SD_MIA,nfl-bill-mcclard,Bill McClard,SD,MIA,1,1,0,0,
1972-10-15,1972,5,REG,1972_05_SD_MIA,nfl-dennis-partee,Dennis Partee,SD,MIA,0,0,1,2,12
1972-10-15,1972,5,REG,1972_05_SD_MIA,nfl-garo-yepremian,Garo Yepremian,MIA,SD,3,3,1,2,37
1972-10-15,1972,5,REG,1972_05_WAS_STL,nfl-jim-bakken,Jim Bakken,STL,WAS,0,0,1,3,46
1972-10-16,1972,5,REG,1972_05_GB_DET,nfl-chester-marcol,Chester Marcol,GB,DET,3,3,1,2,34
1972-10-22,1972,6,REG,1972_06_ATL_GB,nfl-bill-bell,Bill Bell,ATL,GB,1,1,1,3,24
1972-10-22,1972,6,REG,1972_06_BAL_NYJ,nfl-bobby-howfield,Bobby Howfield,NYJ,BAL,3,3,1,1,29
1972-10-22,1972,6,REG,1972_06_BUF_MIA,nfl-garo-yepremian,Garo Yepremian,MIA,BUF,3,3,1,1,54
1972-10-22,1972,6,REG,1972_06_CIN_LA,nfl-horst-muhlmann,Horst Muhlmann,CIN,LA,1,1,1,4,25
1972-10-22,1972,6,REG,1972_06_CLE_HOU,nfl-skip-butler,Skip Butler,HOU,CLE,2,2,1,1,46
1972-10-22,1972,6,REG,1972_06_DAL_WAS,nfl-curt-knight,Curt Knight,WAS,DAL,3,3,1,3,42
1972-10-22,1972,6,REG,1972_06_NE_PIT,nfl-charlie-gogolak,Charlie Gogolak,NE,PIT,0,0,1,1,16
1972-10-22,1972,6,REG,1972_06_PHI_KC,nfl-tom-dempsey,Tom Dempsey,PHI,KC,3,3,0,0,
1972-10-22,1972,6,REG,1972_06_SD_DET,nfl-dennis-partee,Dennis Partee,SD,DET,2,3,0,0,
1972-10-22,1972,6,REG,1972_06_STL_NYG,nfl-jim-bakken,Jim Bakken,STL,NYG,3,3,0,1,
1972-10-23,1972,6,REG,1972_06_MIN_CHI,nfl-fred-cox,Fred Cox,MIN,CHI,1,1,1,2,21
1972-10-29,1972,7,REG,1972_07_CHI_STL,nfl-jim-bakken,Jim Bakken,STL,CHI,1,1,1,1,15
1972-10-29,1972,7,REG,1972_07_HOU_CIN,nfl-skip-butler,Skip Butler,HOU,CIN,1,1,0,1,
1972-10-29,1972,7,REG,1972_07_KC_SD,nfl-bill-mcclard,Bill McClard,SD,KC,0,0,0,2,
1972-10-29,1972,7,REG,1972_07_KC_SD,nfl-dennis-partee,Dennis Partee,SD,KC,2,2,0,3,
1972-10-29,1972,7,REG,1972_07_LA_OAK,nfl-david-ray,David Ray,LA,OAK,2,2,1,1,21
1972-10-29,1972,7,REG,1972_07_MIA_BAL,nfl-boris-shlapak,Boris Shlapak,BAL,MIA,0,0,0,1,
1972-10-29,1972,7,REG,1972_07_MIA_BAL,nfl-garo-yepremian,Garo Yepremian,MIA,BAL,2,3,1,1,24
1972-10-29,1972,7,REG,1972_07_NE_NYJ,nfl-charlie-gogolak,Charlie Gogolak,NE,NYJ,1,1,1,1,20
1972-10-29,1972,7,REG,1972_07_PHI_NO,nfl-tom-dempsey,Tom Dempsey,PHI,NO,0,0,1,2,17
1972-10-29,1972,7,REG,1972_07_PHI_NO,nfl-toni-linhart,Toni Linhart,NO,PHI,3,3,0,2,
1972-10-29,1972,7,REG,1972_07_PIT_BUF,nfl-john-leypoldt,John Leypoldt,BUF,PIT,3,3,0,1,
1972-10-29,1972,7,REG,1972_07_PIT_BUF,nfl-roy-gerela,Roy Gerela,PIT,BUF,5,5,1,1,29
1972-10-29,1972,7,REG,1972_07_SF_ATL,nfl-bill-bell,Bill Bell,ATL,SF,2,2,0,0,
1972-10-29,1972,7,REG,1972_07_SF_ATL,nfl-bruce-gossett,Bruce Gossett,SF,ATL,7,7,0,2,
1972-10-29,1972,7,REG,1972_07_WAS_NYG,nfl-curt-knight,Curt Knight,WAS,NYG,2,2,1,1,41
1972-10-30,1972,7,REG,1972_07_DET_DAL,nfl-errol-mann,Errol Mann,DET,DAL,3,3,1,2,17
1972-10-30,1972,7,REG,1972_07_DET_DAL,nfl-toni-fritsch,Toni Fritsch,DAL,DET,4,4,0,1,
1972-11-05,1972,8,REG,1972_08_ATL_LA,nfl-bill-bell,Bill Bell,ATL,LA,1,1,0,1,
1972-11-05,1972,8,REG,1972_08_CHI_DET,nfl-errol-mann,Errol Mann,DET,CHI,1,1,0,0,
1972-11-05,1972,8,REG,1972_08_CHI_DET,nfl-mac-percival,Mac Percival,CHI,DET,0,0,0,2,
1972-11-05,1972,8,REG,1972_08_CIN_PIT,nfl-horst-muhlmann,Horst Muhlmann,CIN,PIT,2,2,1,1,37
1972-11-05,1972,8,REG,1972_08_DAL_SD,nfl-dennis-partee,Dennis Partee,SD,DAL,4,4,0,1,
1972-11-05,1972,8,REG,1972_08_DEN_NYG,nfl-jim-turner-2,Jim Turner,DEN,NYG,2,2,1,1,40
1972-11-05,1972,8,REG,1972_08_DEN_NYG,nfl-pete-gogolak,Pete Gogolak,NYG,DEN,2,3,1,1,27
1972-11-05,1972,8,REG,1972_08_MIA_BUF,nfl-john-leypoldt,John Leypoldt,BUF,MIA,1,2,1,2,28
1972-11-05,1972,8,REG,1972_08_SF_GB,nfl-bruce-gossett,Bruce Gossett,SF,GB,3,3,1,2,50
1972-11-05,1972,8,REG,1972_08_WAS_NYJ,nfl-bobby-howfield,Bobby Howfield,NYJ,WAS,2,2,1,2,13
1972-11-05,1972,8,REG,1972_08_WAS_NYJ,nfl-curt-knight,Curt Knight,WAS,NYJ,5,5,0,1,
1972-11-06,1972,8,REG,1972_08_BAL_NE,nfl-boris-shlapak,Boris Shlapak,BAL,NE,0,0,0,1,
1972-11-06,1972,8,REG,1972_08_BAL_NE,nfl-charlie-gogolak,Charlie Gogolak,NE,BAL,2,2,1,1,36
1972-11-12,1972,9,REG,1972_09_BAL_SF,nfl-boris-shlapak,Boris Shlapak,BAL,SF,2,2,0,1,
1972-11-12,1972,9,REG,1972_09_BAL_SF,nfl-bruce-gossett,Bruce Gossett,SF,BAL,3,3,1,1,44
1972-11-12,1972,9,REG,1972_09_BUF_NYJ,nfl-john-leypoldt,John Leypoldt,BUF,NYJ,0,0,1,1,9
1972-11-12,1972,9,REG,1972_09_DEN_LA,nfl-david-ray,David Ray,LA,DEN,1,1,1,4,12
1972-11-12,1972,9,REG,1972_09_DET_MIN,nfl-errol-mann,Errol Mann,DET,MIN,2,2,0,1,
1972-11-12,1972,9,REG,1972_09_GB_CHI,nfl-mac-percival,Mac Percival,CHI,GB,2,2,1,2,38
1972-11-12,1972,9,REG,1972_09_KC_PIT,nfl-jan-stenerud,Jan Stenerud,KC,PIT,1,1,0,2,
1972-11-12,1972,9,REG,1972_09_NE_MIA,nfl-garo-yepremian,Garo Yepremian,MIA,NE,7,7,1,3,16
1972-11-12,1972,9,REG,1972_09_NE_MIA,nfl-mike-walker,Mike Walker,NE,MIA,0,0,0,1,
1972-11-12,1972,9,REG,1972_09_NYG_WAS,nfl-curt-knight,Curt Knight,WAS,NYG,3,4,0,3,
1972-11-12,1972,9,REG,1972_09_OAK_CIN,nfl-horst-muhlmann,Horst Muhlmann,CIN,OAK,2,2,0,2,
1972-11-12,1972,9,REG,1972_09_PHI_HOU,nfl-skip-butler,Skip Butler,HOU,PHI,2,2,1,2,38
1972-11-12,1972,9,REG,1972_09_STL_DAL,nfl-jim-bakken,Jim Bakken,STL,DAL,3,3,1,1,34
1972-11-13,1972,9,REG,1972_09_CLE_SD,nfl-dennis-partee,Dennis Partee,SD,CLE,2,2,1,1,26
1972-11-13,1972,9,REG,1972_09_CLE_SD,nfl-don-cockroft,Don Cockroft,CLE,SD,3,3,0,0,
1972-11-19,1972,10,REG,1972_10_BAL_CIN,nfl-boris-shlapak,Boris Shlapak,BAL,CIN,1,1,0,0,
1972-11-19,1972,10,REG,1972_10_BUF_NE,nfl-mike-walker,Mike Walker,NE,BUF,3,3,1,2,36
1972-11-19,1972,10,REG,1972_10_DAL_PHI,nfl-tom-dempsey,Tom Dempsey,PHI,DAL,1,1,0,2,
1972-11-19,1972,10,REG,1972_10_DAL_PHI,nfl-toni-fritsch,Toni Fritsch,DAL,PHI,3,3,1,2,42
1972-11-19,1972,10,REG,1972_10_GB_HOU,nfl-chester-marcol,Chester Marcol,GB,HOU,3,3,0,0,
1972-11-19,1972,10,REG,1972_10_GB_HOU,nfl-skip-butler,Skip Butler,HOU,GB,1,1,1,2,13
1972-11-19,1972,10,REG,1972_10_MIN_LA,nfl-fred-cox,Fred Cox,MIN,LA,6,6,1,1,37
1972-11-19,1972,10,REG,1972_10_NO_DET,nfl-happy-feller,Happy Feller,NO,DET,2,2,0,0,
1972-11-19,1972,10,REG,1972_10_NYG_STL,nfl-jim-bakken,Jim Bakken,STL,NYG,1,1,0,0,
1972-11-19,1972,10,REG,1972_10_NYJ_MIA,nfl-bobby-howfield,Bobby Howfield,NYJ,MIA,3,3,1,1,33
1972-11-19,1972,10,REG,1972_10_NYJ_MIA,nfl-garo-yepremian,Garo Yepremian,MIA,NYJ,4,4,0,1,
1972-11-19,1972,10,REG,1972_10_PIT_CLE,nfl-roy-gerela,Roy Gerela,PIT,CLE,3,3,1,1,39
1972-11-19,1972,10,REG,1972_10_SD_KC,nfl-jan-stenerud,Jan Stenerud,KC,SD,2,2,1,1,28
1972-11-19,1972,10,REG,1972_10_SF_CHI,nfl-bruce-gossett,Bruce Gossett,SF,CHI,4,4,0,0,
1972-11-19,1972,10,REG,1972_10_SF_CHI,nfl-mac-percival,Mac Percival,CHI,SF,3,3,0,1,
1972-11-20,1972,10,REG,1972_10_ATL_WAS,nfl-curt-knight,Curt Knight,WAS,ATL,3,3,1,3,37
1972-11-23,1972,11,REG,1972_11_SF_DAL,nfl-bruce-gossett,Bruce Gossett,SF,DAL,4,4,1,1,18
1972-11-23,1972,11,REG,1972_11_SF_DAL,nfl-toni-fritsch,Toni Fritsch,DAL,SF,1,1,1,1,23
1972-11-26,1972,11,REG,1972_11_BUF_CLE,nfl-john-leypoldt,John Leypoldt,BUF,CLE,1,1,1,1,38
1972-11-26,1972,11,REG,1972_11_CIN_CHI,nfl-mac-percival,Mac Percival,CHI,CIN,0,0,1,1,9
1972-11-26,1972,11,REG,1972_11_DEN_ATL,nfl-bill-bell,Bill Bell,ATL,DEN,3,3,0,1,
1972-11-26,1972,11,REG,1972_11_GB_WAS,nfl-curt-knight,Curt Knight,WAS,GB,3,3,0,1,
1972-11-26,1972,11,REG,1972_11_KC_OAK,nfl-jan-stenerud,Jan Stenerud,KC,OAK,0,0,1,3,40
1972-11-26,1972,11,REG,1972_11_MIN_PIT,nfl-fred-cox,Fred Cox,MIN,PIT,1,1,1,2,24
1972-11-26,1972,11,REG,1972_11_MIN_PIT,nfl-roy-gerela,Roy Gerela,PIT,MIN,2,3,1,2,17
1972-11-26,1972,11,REG,1972_11_NE_BAL,nfl-boris-shlapak,Boris Shlapak,BAL,NE,1,1,0,0,
1972-11-26,1972,11,REG,1972_11_NE_BAL,nfl-mike-walker,Mike Walker,NE,BAL,0,0,0,1,
1972-11-26,1972,11,REG,1972_11_PHI_NYG,nfl-tom-dempsey,Tom Dempsey,PHI,NYG,1,1,1,1,13
1972-11-27,1972,11,REG,1972_11_STL_MIA,nfl-garo-yepremian,Garo Yepremian,MIA,STL,4,4,1,3,25
1972-11-27,1972,11,REG,1972_11_STL_MIA,nfl-jim-bakken,Jim Bakken,STL,MIA,1,1,1,2,49
1972-12-03,1972,12,REG,1972_12_BUF_BAL,nfl-boris-shlapak,Boris Shlapak,BAL,BUF,0,0,0,2,
1972-12-03,1972,12,REG,1972_12_BUF_BAL,nfl-john-leypoldt,John Leypoldt,BUF,BAL,1,1,0,1,
1972-12-03,1972,12,REG,1972_12_CHI_MIN,nfl-mac-percival,Mac Percival,CHI,MIN,1,1,1,2,27
1972-12-03,1972,12,REG,1972_12_CLE_PIT,nfl-don-cockroft,Don Cockroft,CLE,PIT,0,0,0,1,
1972-12-03,1972,12,REG,1972_12_DAL_STL,nfl-jim-bakken,Jim Bakken,STL,DAL,0,1,0,1,
1972-12-03,1972,12,REG,1972_12_DEN_KC,nfl-jan-stenerud,Jan Stenerud,KC,DEN,3,3,1,4,41
1972-12-03,1972,12,REG,1972_12_DEN_KC,nfl-jim-turner-2,Jim Turner,DEN,KC,3,3,0,1,
1972-12-03,1972,12,REG,1972_12_DET_GB,nfl-errol-mann,Errol Mann,DET,GB,1,1,0,0,
1972-12-03,1972,12,REG,1972_12_HOU_ATL,nfl-skip-butler,Skip Butler,HOU,ATL,1,1,1,1,37
1972-12-03,1972,12,REG,1972_12_MIA_NE,nfl-mike-walker,Mike Walker,NE,MIA,3,3,0,2,
1972-12-03,1972,12,REG,1972_12_NO_NYJ,nfl-happy-feller,Happy Feller,NO,NYJ,2,2,1,2,31
1972-12-03,1972,12,REG,1972_12_NYG_CIN,nfl-pete-gogolak,Pete Gogolak,NYG,CIN,1,1,1,2,15
1972-12-03,1972,12,REG,1972_12_WAS_PHI,nfl-tom-dempsey,Tom Dempsey,PHI,WAS,1,1,0,1,
1972-12-04,1972,12,REG,1972_12_LA_SF,nfl-bruce-gossett,Bruce Gossett,SF,LA,1,2,1,2,31
1972-12-09,1972,13,REG,1972_13_CLE_CIN,nfl-horst-muhlmann,Horst Muhlmann,CIN,CLE,3,3,1,1,31
1972-12-09,1972,13,REG,1972_13_WAS_DAL,nfl-curt-knight,Curt Knight,WAS,DAL,3,3,1,1,16
1972-12-10,1972,13,REG,1972_13_ATL_SF,nfl-bill-bell,Bill Bell,ATL,SF,0,0,0,2,
1972-12-10,1972,13,REG,1972_13_BAL_KC,nfl-boris-shlapak,Boris Shlapak,BAL,KC,0,0,0,3,
1972-12-10,1972,13,REG,1972_13_BAL_KC,nfl-jan-stenerud,Jan Stenerud,KC,BAL,3,3,1,2,31
1972-12-10,1972,13,REG,1972_13_CHI_PHI,nfl-mac-percival,Mac Percival,CHI,PHI,2,2,0,0,
1972-12-10,1972,13,REG,1972_13_CHI_PHI,nfl-tom-dempsey,Tom Dempsey,PHI,CHI,1,1,1,3,33
1972-12-10,1972,13,REG,1972_13_DET_BUF,nfl-errol-mann,Errol Mann,DET,BUF,3,3,0,3,
1972-12-10,1972,13,REG,1972_13_DET_BUF,nfl-john-leypoldt,John Leypoldt,BUF,DET,3,3,0,2,
1972-12-10,1972,13,REG,1972_13_GB_MIN,nfl-fred-cox,Fred Cox,MIN,GB,1,1,0,1,
1972-12-10,1972,13,REG,1972_13_LA_STL,nfl-david-ray,David Ray,LA,STL,2,2,0,1,
1972-12-10,1972,13,REG,1972_13_LA_STL,nfl-jim-bakken,Jim Bakken,STL,LA,3,3,1,1,41
1972-12-10,1972,13,REG,1972_13_MIA_NYG,nfl-pete-gogolak,Pete Gogolak,NYG,MIA,1,2,0,0,
1972-12-10,1972,13,REG,1972_13_NE_NO,nfl-happy-feller,Happy Feller,NO,NE,1,1,1,3,30
1972-12-10,1972,13,REG,1972_13_NE_NO,nfl-mike-walker,Mike Walker,NE,NO,2,2,1,2,36
1972-12-10,1972,13,REG,1972_13_PIT_HOU,nfl-skip-butler,Skip Butler,HOU,PIT,0,0,1,3,34
1972-12-10,1972,13,REG,1972_13_SD_DEN,nfl-jim-turner-2,Jim Turner,DEN,SD,5,5,1,1,12
1972-12-16,1972,14,REG,1972_14_MIN_SF,nfl-fred-cox,Fred Cox,MIN,SF,2,2,1,3,43
1972-12-17,1972,14,REG,1972_14_BUF_WAS,nfl-curt-knight,Curt Knight,WAS,BUF,2,2,1,2,35
1972-12-17,1972,14,REG,1972_14_BUF_WAS,nfl-john-leypoldt,John Leypoldt,BUF,WAS,3,3,1,1,23
1972-12-17,1972,14,REG,1972_14_CHI_OAK,nfl-mac-percival,Mac Percival,CHI,OAK,3,3,0,2,
1972-12-17,1972,14,REG,1972_14_CIN_HOU,nfl-skip-butler,Skip Butler,HOU,CIN,2,2,1,1,27
1972-12-17,1972,14,REG,1972_14_CLE_NYJ,nfl-bobby-howfield,Bobby Howfield,NYJ,CLE,1,1,1,2,19
1972-12-17,1972,14,REG,1972_14_DET_LA,nfl-david-ray,David Ray,LA,DET,2,2,1,1,30
1972-12-17,1972,14,REG,1972_14_GB_NO,nfl-happy-feller,Happy Feller,NO,GB,2,2,0,1,
1972-12-17,1972,14,REG,1972_14_KC_ATL,nfl-bill-bell,Bill Bell,ATL,KC,2,2,0,1,
1972-12-17,1972,14,REG,1972_14_KC_ATL,nfl-jan-stenerud,Jan Stenerud,KC,ATL,2,2,1,3,28
1972-12-17,1972,14,REG,1972_14_NE_DEN,nfl-jim-turner-2,Jim Turner,DEN,NE,6,6,1,1,35
1972-12-17,1972,14,REG,1972_14_NE_DEN,nfl-mike-walker,Mike Walker,NE,DEN,3,3,0,0,
1972-12-17,1972,14,REG,1972_14_NYG_DAL,nfl-toni-fritsch,Toni Fritsch,DAL,NYG,0,0,1,1,43
1972-12-17,1972,14,REG,1972_14_PHI_STL,nfl-jim-bakken,Jim Bakken,STL,PHI,3,3,1,1,20
1972-12-17,1972,14,REG,1972_14_PIT_SD,nfl-roy-gerela,Roy Gerela,PIT,SD,3,3,1,4,26
1973-09-16,1973,1,REG,1973_01_ATL_NO,nfl-happy-feller,Happy Feller,NO,ATL,1,1,0,0,
1973-09-16,1973,1,REG,1973_01_BAL_CLE,nfl-don-cockroft,Don Cockroft,CLE,BAL,3,3,1,1,14
1973-09-16,1973,1,REG,1973_01_BAL_CLE,nfl-george-hunt,George Hunt,BAL,CLE,2,2,0,2,
1973-09-16,1973,1,REG,1973_01_BUF_NE,nfl-bill-bell,Bill Bell,NE,BUF,1,1,0,1,
1973-09-16,1973,1,REG,1973_01_BUF_NE,nfl-john-leypoldt,John Leypoldt,BUF,NE,4,4,1,2,48
1973-09-16,1973,1,REG,1973_01_CIN_DEN,nfl-horst-muhlmann,Horst Muhlmann,CIN,DEN,1,1,1,1,21
1973-09-16,1973,1,REG,1973_01_CIN_DEN,nfl-jim-turner-2,Jim Turner,DEN,CIN,4,4,0,0,
1973-09-16,1973,1,REG,1973_01_DAL_CHI,nfl-mac-percival,Mac Percival,CHI,DAL,2,2,1,1,33
1973-09-16,1973,1,REG,1973_01_DET_PIT,nfl-errol-mann,Errol Mann,DET,PIT,1,1,1,3,40
1973-09-16,1973,1,REG,1973_01_DET_PIT,nfl-roy-gerela,Roy Gerela,PIT,DET,3,3,1,1,11
1973-09-16,1973,1,REG,1973_01_HOU_NYG,nfl-skip-butler,Skip Butler,HOU,NYG,2,2,0,0,
1973-09-16,1973,1,REG,1973_01_LA_KC,nfl-david-ray,David Ray,LA,KC,2,3,1,3,27
1973-09-16,1973,1,REG,1973_01_LA_KC,nfl-jan-stenerud,Jan Stenerud,KC,LA,1,2,0,2,
1973-09-16,1973,1,REG,1973_01_OAK_MIN,nfl-fred-cox,Fred Cox,MIN,OAK,3,3,1,1,22
1973-09-16,1973,1,REG,1973_01_SD_WAS,nfl-curt-knight,Curt Knight,WAS,SD,5,5,1,3,19
1973-09-17,1973,1,REG,1973_01_NYJ_GB,nfl-bobby-howfield,Bobby Howfield,NYJ,GB,1,1,0,1,
1973-09-23,1973,2,REG,1973_02_ATL_LA,nfl-david-ray,David Ray,LA,ATL,4,4,1,3,34
1973-09-23,1973,2,REG,1973_02_BUF_SD,nfl-john-leypoldt,John Leypoldt,BUF,SD,1,1,0,1,
1973-09-23,1973,2,REG,1973_02_BUF_SD,nfl-ray-wersching,Ray Wersching,SD,BUF,4,5,0,2,
1973-09-23,1973,2,REG,1973_02_HOU_CIN,nfl-horst-muhlmann,Horst Muhlmann,CIN,HOU,3,3,1,3,27
1973-09-23,1973,2,REG,1973_02_HOU_CIN,nfl-skip-butler,Skip Butler,HOU,CIN,1,1,1,3,38
1973-09-23,1973,2,REG,1973_02_KC_NE,nfl-bill-bell,Bill Bell,NE,KC,1,1,0,1,
1973-09-23,1973,2,REG,1973_02_KC_NE,nfl-jan-stenerud,Jan Stenerud,KC,NE,1,1,1,3,33
1973-09-23,1973,2,REG,1973_02_MIA_OAK,nfl-garo-yepremian,Garo Yepremian,MIA,OAK,1,1,0,2,
1973-09-23,1973,2,REG,1973_02_MIN_CHI,nfl-mirro-roder,Mirro Roder,CHI,MIN,0,0,0,1,
1973-09-23,1973,2,REG,1973_02_NYJ_BAL,nfl-george-hunt,George Hunt,BAL,NYJ,1,1,1,1,17
1973-09-24,1973,2,REG,1973_02_NO_DAL,nfl-happy-feller,Happy Feller,NO,DAL,0,0,1,3,9
1973-09-24,1973,2,REG,1973_02_NO_DAL,nfl-toni-fritsch,Toni Fritsch,DAL,NO,5,5,1,1,27
1973-09-30,1973,3,REG,1973_03_CHI_DEN,nfl-jim-turner-2,Jim Turner,DEN,CHI,2,2,0,0,
1973-09-30,1973,3,REG,1973_03_CIN_SD,nfl-horst-muhlmann,Horst Muhlmann,CIN,SD,2,3,0,3,
1973-09-30,1973,3,REG,1973_03_GB_MIN,nfl-chester-marcol,Chester Marcol,GB,MIN,0,0,1,3,42
1973-09-30,1973,3,REG,1973_03_NE_MIA,nfl-bill-bell,Bill Bell,NE,MIA,2,3,1,2,36
1973-09-30,1973,3,REG,1973_03_NO_BAL,nfl-george-hunt,George Hunt,BAL,NO,2,2,0,1,
1973-09-30,1973,3,REG,1973_03_NO_BAL,nfl-happy-feller,Happy Feller,NO,BAL,1,1,1,2,17
1973-09-30,1973,3,REG,1973_03_NYG_CLE,nfl-pete-gogolak,Pete Gogolak,NYG,CLE,1,1,1,1,20
1973-09-30,1973,3,REG,1973_03_NYJ_BUF,nfl-bobby-howfield,Bobby Howfield,NYJ,BUF,1,1,0,1,
1973-09-30,1973,3,REG,1973_03_PIT_HOU,nfl-skip-butler,Skip Butler,HOU,PIT,1,1,0,0,
1973-09-30,1973,3,REG,1973_03_STL_DAL,nfl-jim-bakken,Jim Bakken,STL,DAL,1,1,1,2,16
1973-09-30,1973,3,REG,1973_03_STL_DAL,nfl-toni-fritsch,Toni Fritsch,DAL,STL,6,6,1,1,24
1973-09-30,1973,3,REG,1973_03_WAS_PHI,nfl-curt-knight,Curt Knight,WAS,PHI,4,4,0,2,
1973-09-30,1973,3,REG,1973_03_WAS_PHI,nfl-tom-dempsey,Tom Dempsey,PHI,WAS,1,1,0,2,
1973-10-01,1973,3,REG,1973_03_ATL_DET,nfl-errol-mann,Errol Mann,DET,ATL,4,4,1,1,20
1973-10-07,1973,4,REG,1973_04_BAL_NE,nfl-jeff-white,Jeff White,NE,BAL,3,3,1,2,40
1973-10-07,1973,4,REG,1973_04_CHI_NO,nfl-happy-feller,Happy Feller,NO,CHI,3,3,0,4,
1973-10-07,1973,4,REG,1973_04_CIN_CLE,nfl-don-cockroft,Don Cockroft,CLE,CIN,2,2,1,2,24
1973-10-07,1973,4,REG,1973_04_CIN_CLE,nfl-horst-muhlmann,Horst Muhlmann,CIN,CLE,1,1,1,1,38
1973-10-07,1973,4,REG,1973_04_DEN_KC,nfl-jim-turner-2,Jim Turner,DEN,KC,2,2,0,2,
1973-10-07,1973,4,REG,1973_04_GB_NYG,nfl-pete-gogolak,Pete Gogolak,NYG,GB,2,2,0,0,
1973-10-07,1973,4,REG,1973_04_LA_HOU,nfl-david-ray,David Ray,LA,HOU,4,4,1,2,17
1973-10-07,1973,4,REG,1973_04_NYJ_MIA,nfl-bobby-howfield,Bobby Howfield,NYJ,MIA,0,0,1,1,38
1973-10-07,1973,4,REG,1973_04_NYJ_MIA,nfl-garo-yepremian,Garo Yepremian,MIA,NYJ,4,4,1,3,19
1973-10-07,1973,4,REG,1973_04_OAK_STL,nfl-jim-bakken,Jim Bakken,STL,OAK,1,1,1,2,12
1973-10-07,1973,4,REG,1973_04_SD_PIT,nfl-ray-wersching,Ray Wersching,SD,PIT,3,3,0,1,
1973-10-07,1973,4,REG,1973_04_SD_PIT,nfl-roy-gerela,Roy Gerela,PIT,SD,5,5,1,1,38
1973-10-08,1973,4,REG,1973_04_DAL_WAS,nfl-curt-knight,Curt Knight,WAS,DAL,2,2,0,3,
1973-10-08,1973,4,REG,1973_04_DAL_WAS,nfl-toni-fritsch,Toni Fritsch,DAL,WAS,1,1,0,2,
1973-10-14,1973,5,REG,1973_05_BAL_BUF,nfl-john-leypoldt,John Leypoldt,BUF,BAL,4,4,1,1,52
1973-10-14,1973,5,REG,1973_05_CHI_ATL,nfl-mirro-roder,Mirro Roder,CHI,ATL,0,1,0,1,
1973-10-14,1973,5,REG,1973_05_DAL_LA,nfl-toni-fritsch,Toni Fritsch,DAL,LA,4,4,1,1,8
1973-10-14,1973,5,REG,1973_05_KC_GB,nfl-chester-marcol,Chester Marcol,GB,KC,1,1,1,3,46
1973-10-14,1973,5,REG,1973_05_KC_GB,nfl-jan-stenerud,Jan Stenerud,KC,GB,1,1,1,1,36
1973-10-14,1973,5,REG,1973_05_MIN_SF,nfl-fred-cox,Fred Cox,MIN,SF,2,2,1,2,22
1973-10-14,1973,5,REG,1973_05_NYJ_NE,nfl-jeff-white,Jeff White,NE,NYJ,1,1,0,1,
1973-10-14,1973,5,REG,1973_05_OAK_SD,nfl-ray-wersching,Ray Wersching,SD,OAK,2,2,1,2,27
1973-10-14,1973,5,REG,1973_05_PHI_STL,nfl-jim-bakken,Jim Bakken,STL,PHI,3,3,1,2,39
1973-10-14,1973,5,REG,1973_05_PIT_CIN,nfl-roy-gerela,Roy Gerela,PIT,CIN,1,1,0,0,
1973-10-14,1973,5,REG,1973_05_WAS_NYG,nfl-curt-knight,Curt Knight,WAS,NYG,3,3,0,0,
1973-10-14,1973,5,REG,1973_05_WAS_NYG,nfl-pete-gogolak,Pete Gogolak,NYG,WAS,0,0,1,2,24
1973-10-15,1973,5,REG,1973_05_MIA_CLE,nfl-garo-yepremian,Garo Yepremian,MIA,CLE,2,2,1,2,36
1973-10-21,1973,6,REG,1973_06_ATL_SD,nfl-ray-wersching,Ray Wersching,SD,ATL,0,0,0,2,
1973-10-21,1973,6,REG,1973_06_GB_LA,nfl-chester-marcol,Chester Marcol,GB,LA,1,1,0,0,
1973-10-21,1973,6,REG,1973_06_HOU_CLE,nfl-don-cockroft,Don Cockroft,CLE,HOU,6,6,0,1,
1973-10-21,1973,6,REG,1973_06_KC_CIN,nfl-horst-muhlmann,Horst Muhlmann,CIN,KC,2,2,0,2,
1973-10-21,1973,6,REG,1973_06_NE_CHI,nfl-mirro-roder,Mirro Roder,CHI,NE,1,1,1,1,30
1973-10-21,1973,6,REG,1973_06_NO_SF,nfl-bruce-gossett,Bruce Gossett,SF,NO,5,5,1,1,54
1973-10-21,1973,6,REG,1973_06_NO_SF,nfl-happy-feller,Happy Feller,NO,SF,0,0,0,1,
1973-10-21,1973,6,REG,1973_06_NYG_DAL,nfl-pete-gogolak,Pete Gogolak,NYG,DAL,4,4,0,0,
1973-10-21,1973,6,REG,1973_06_NYG_DAL,nfl-toni-fritsch,Toni Fritsch,DAL,NYG,5,5,1,1,18
1973-10-21,1973,6,REG,1973_06_NYJ_PIT,nfl-bobby-howfield,Bobby Howfield,NYJ,PIT,2,2,0,0,
1973-10-21,1973,6,REG,1973_06_PHI_MIN,nfl-fred-cox,Fred Cox,MIN,PHI,4,4,0,2,
1973-10-21,1973,6,REG,1973_06_PHI_MIN,nfl-tom-dempsey,Tom Dempsey,PHI,MIN,3,3,0,1,
1973-10-21,1973,6,REG,1973_06_STL_WAS,nfl-curt-knight,Curt Knight,WAS,STL,4,4,1,1,18
1973-10-28,1973,7,REG,1973_07_ATL_SF,nfl-bruce-gossett,Bruce Gossett,SF,ATL,0,0,1,1,42
1973-10-28,1973,7,REG,1973_07_ATL_SF,nfl-nick-mike-mayer,Nick Mike-Mayer,ATL,SF,2,2,1,2,52
1973-10-28,1973,7,REG,1973_07_DAL_PHI,nfl-mike-clark-2,Mike Clark,DAL,PHI,1,2,1,2,33
1973-10-28,1973,7,REG,1973_07_DEN_NYJ,nfl-bobby-howfield,Bobby Howfield,NYJ,DEN,4,4,0,1,
1973-10-28,1973,7,REG,1973_07_GB_DET,nfl-chester-marcol,Chester Marcol,GB,DET,0,0,0,1,
1973-10-28,1973,7,REG,1973_07_HOU_CHI,nfl-mirro-roder,Mirro Roder,CHI,HOU,5,5,0,2,
1973-10-28,1973,7,REG,1973_07_HOU_CHI,nfl-skip-butler,Skip Butler,HOU,CHI,2,2,0,0,
1973-10-28,1973,7,REG,1973_07_LA_MIN,nfl-fred-cox,Fred Cox,MIN,LA,1,1,1,4,15
1973-10-28,1973,7,REG,1973_07_MIA_NE,nfl-jeff-white,Jeff White,NE,MIA,2,2,0,0,
1973-10-28,1973,7,REG,1973_07_NYG_STL,nfl-jim-bakken,Jim Bakken,STL,NYG,5,5,0,0,
1973-10-28,1973,7,REG,1973_07_OAK_BAL,nfl-george-hunt,George Hunt,BAL,OAK,3,3,0,0,
1973-10-28,1973,7,REG,1973_07_WAS_NO,nfl-curt-knight,Curt Knight,WAS,NO,0,0,1,1,35
1973-10-29,1973,7,REG,1973_07_KC_BUF,nfl-jan-stenerud,Jan Stenerud,KC,BUF,2,2,0,0,
1973-11-04,1973,8,REG,1973_08_CHI_GB,nfl-chester-marcol,Chester Marcol,GB,CHI,2,2,1,1,25
1973-11-04,1973,8,REG,1973_08_CHI_GB,nfl-mac-percival,Mac Percival,CHI,GB,4,4,1,2,10
1973-11-04,1973,8,REG,1973_08_CIN_DAL,nfl-horst-muhlmann,Horst Muhlmann,CIN,DAL,1,1,1,1,29
1973-11-04,1973,8,REG,1973_08_CIN_DAL,nfl-toni-fritsch,Toni Fritsch,DAL,CIN,5,5,1,2,34
1973-11-04,1973,8,REG,1973_08_CLE_MIN,nfl-don-cockroft,Don Cockroft,CLE,MIN,0,0,1,1,27
1973-11-04,1973,8,REG,1973_08_DEN_STL,nfl-jim-bakken,Jim Bakken,STL,DEN,2,2,1,2,28
1973-11-04,1973,8,REG,1973_08_DEN_STL,nfl-jim-turner-2,Jim Turner,DEN,STL,2,2,1,4,12
1973-11-04,1973,8,REG,1973_08_HOU_BAL,nfl-skip-butler,Skip Butler,HOU,BAL,3,3,1,2,38
1973-11-04,1973,8,REG,1973_08_MIA_NYJ,nfl-bobby-howfield,Bobby Howfield,NYJ,MIA,2,2,0,2,
1973-11-04,1973,8,REG,1973_08_MIA_NYJ,nfl-garo-yepremian,Garo Yepremian,MIA,NYJ,3,3,1,2,20
1973-11-04,1973,8,REG,1973_08_NE_PHI,nfl-jeff-white,Jeff White,NE,PHI,2,3,1,5,33
1973-11-04,1973,8,REG,1973_08_NE_PHI,nfl-tom-dempsey,Tom Dempsey,PHI,NE,3,3,1,1,12
1973-11-05,1973,8,REG,1973_08_WAS_PIT,nfl-roy-gerela,Roy Gerela,PIT,WAS,3,3,0,1,
1973-11-11,1973,9,REG,1973_09_DAL_NYG,nfl-pete-gogolak,Pete Gogolak,NYG,DAL,1,1,1,2,43
1973-11-11,1973,9,REG,1973_09_DET_MIN,nfl-fred-cox,Fred Cox,MIN,DET,4,4,0,1,
1973-11-11,1973,9,REG,1973_09_NE_NYJ,nfl-jeff-white,Jeff White,NE,NYJ,1,2,0,0,
1973-11-11,1973,9,REG,1973_09_NO_LA,nfl-bill-mcclard,Bill McClard,NO,LA,1,1,0,1,
1973-11-11,1973,9,REG,1973_09_PIT_OAK,nfl-roy-gerela,Roy Gerela,PIT,OAK,2,2,1,5,17
1973-11-11,1973,9,REG,1973_09_SD_DEN,nfl-jim-turner-2,Jim Turner,DEN,SD,3,3,1,2,39
1973-11-11,1973,9,REG,1973_09_STL_GB,nfl-jim-bakken,Jim Bakken,STL,GB,3,3,0,0,
1973-11-12,1973,9,REG,1973_09_CHI_KC,nfl-mirro-roder,Mirro Roder,CHI,KC,1,1,0,0,
1973-11-18,1973,10,REG,1973_10_BAL_WAS,nfl-george-hunt,George Hunt,BAL,WAS,2,2,0,1,
1973-11-18,1973,10,REG,1973_10_CLE_OAK,nfl-don-cockroft,Don Cockroft,CLE,OAK,1,1,0,0,
1973-11-18,1973,10,REG,1973_10_DET_CHI,nfl-mirro-roder,Mirro Roder,CHI,DET,1,1,0,0,
1973-11-18,1973,10,REG,1973_10_GB_NE,nfl-chester-marcol,Chester Marcol,GB,NE,3,3,1,2,33
1973-11-18,1973,10,REG,1973_10_HOU_KC,nfl-jan-stenerud,Jan Stenerud,KC,HOU,5,5,1,1,38
1973-11-18,1973,10,REG,1973_10_HOU_KC,nfl-skip-butler,Skip Butler,HOU,KC,2,2,0,0,
1973-11-18,1973,10,REG,1973_10_MIA_BUF,nfl-garo-yepremian,Garo Yepremian,MIA,BUF,2,2,1,3,39
1973-11-18,1973,10,REG,1973_10_MIA_BUF,nfl-john-leypoldt,John Leypoldt,BUF,MIA,0,0,0,1,
1973-11-18,1973,10,REG,1973_10_NO_SD,nfl-bill-mcclard,Bill McClard,NO,SD,2,2,0,2,
1973-11-18,1973,10,REG,1973_10_NO_SD,nfl-ray-wersching,Ray Wersching,SD,NO,2,2,1,3,28
1973-11-18,1973,10,REG,1973_10_NYJ_CIN,nfl-bobby-howfield,Bobby Howfield,NYJ,CIN,2,2,0,0,
1973-11-18,1973,10,REG,1973_10_PHI_DAL,nfl-tom-dempsey,Tom Dempsey,PHI,DAL,1,1,1,2,17
1973-11-18,1973,10,REG,1973_10_PHI_DAL,nfl-toni-fritsch,Toni Fritsch,DAL,PHI,4,4,1,1,23
1973-11-18,1973,10,REG,1973_10_SF_LA,nfl-david-ray,David Ray,LA,SF,4,4,1,2,37
1973-11-18,1973,10,REG,1973_10_STL_NYG,nfl-pete-gogolak,Pete Gogolak,NYG,STL,3,3,1,1,16
1973-11-19,1973,10,REG,1973_10_MIN_ATL,nfl-fred-cox,Fred Cox,MIN,ATL,2,2,0,1,
1973-11-22,1973,11,REG,1973_11_MIA_DAL,nfl-garo-yepremian,Garo Yepremian,MIA,DAL,2,2,0,1,
1973-11-22,1973,11,REG,1973_11_MIA_DAL,nfl-toni-fritsch,Toni Fritsch,DAL,MIA,1,1,0,2,
1973-11-25,1973,11,REG,1973_11_ATL_NYJ,nfl-nick-mike-mayer,Nick Mike-Mayer,ATL,NYJ,4,4,0,1,
1973-11-25,1973,11,REG,1973_11_BUF_BAL,nfl-george-hunt,George Hunt,BAL,BUF,2,2,1,4,27
1973-11-25,1973,11,REG,1973_11_BUF_BAL,nfl-john-leypoldt,John Leypoldt,BUF,BAL,3,3,1,2,36
1973-11-25,1973,11,REG,1973_11_CHI_MIN,nfl-fred-cox,Fred Cox,MIN,CHI,4,4,1,2,41
1973-11-25,1973,11,REG,1973_11_KC_DEN,nfl-jan-stenerud,Jan Stenerud,KC,DEN,1,1,1,2,14
1973-11-25,1973,11,REG,1973_11_KC_DEN,nfl-jim-turner-2,Jim Turner,DEN,KC,2,2,0,1,
1973-11-25,1973,11,REG,1973_11_LA_NO,nfl-david-ray,David Ray,LA,NO,3,3,1,3,20
1973-11-25,1973,11,REG,1973_11_NE_HOU,nfl-skip-butler,Skip Butler,HOU,NE,0,0,0,1,
1973-11-25,1973,11,REG,1973_11_PIT_CLE,nfl-don-cockroft,Don Cockroft,CLE,PIT,3,3,0,0,
1973-11-25,1973,11,REG,1973_11_STL_CIN,nfl-horst-muhlmann,Horst Muhlmann,CIN,STL,6,6,0,0,
1973-11-25,1973,11,REG,1973_11_STL_CIN,nfl-jim-bakken,Jim Bakken,STL,CIN,3,3,1,1,30
1973-12-02,1973,12,REG,1973_12_BAL_NYJ,nfl-george-hunt,George Hunt,BAL,NYJ,2,2,1,3,17
1973-12-02,1973,12,REG,1973_12_BUF_ATL,nfl-john-leypoldt,John Leypoldt,BUF,ATL,2,2,1,2,20
1973-12-02,1973,12,REG,1973_12_DAL_DEN,nfl-jim-turner-2,Jim Turner,DEN,DAL,1,1,1,1,29
1973-12-02,1973,12,REG,1973_12_MIN_CIN,nfl-fred-cox,Fred Cox,MIN,CIN,0,0,0,1,
1973-12-02,1973,12,REG,1973_12_NO_GB,nfl-bill-mcclard,Bill McClard,NO,GB,1,1,1,2,22
1973-12-02,1973,12,REG,1973_12_NYG_WAS,nfl-pete-gogolak,Pete Gogolak,NYG,WAS,3,3,1,1,22
1973-12-02,1973,12,REG,1973_12_PHI_SF,nfl-bruce-gossett,Bruce Gossett,SF,PHI,5,5,1,2,25
1973-12-02,1973,12,REG,1973_12_PHI_SF,nfl-tom-dempsey,Tom Dempsey,PHI,SF,4,4,0,2,
1973-12-02,1973,12,REG,1973_12_SD_NE,nfl-jeff-white,Jeff White,NE,SD,3,4,1,1,11
1973-12-02,1973,12,REG,1973_12_SD_NE,nfl-ray-wersching,Ray Wersching,SD,NE,0,0,0,1,
1973-12-03,1973,12,REG,1973_12_PIT_MIA,nfl-roy-gerela,Roy Gerela,PIT,MIA,3,3,1,1,37
1973-12-08,1973,13,REG,1973_13_KC_OAK,nfl-jan-stenerud,Jan Stenerud,KC,OAK,1,1,0,0,
1973-12-08,1973,13,REG,1973_13_MIN_GB,nfl-chester-marcol,Chester Marcol,GB,MIN,1,1,0,2,
1973-12-08,1973,13,REG,1973_13_MIN_GB,nfl-fred-cox,Fred Cox,MIN,GB,4,4,1,2,15
1973-12-09,1973,13,REG,1973_13_CHI_DET,nfl-mirro-roder,Mirro Roder,CHI,DET,1,1,0,1,
1973-12-09,1973,13,REG,1973_13_CLE_CIN,nfl-don-cockroft,Don Cockroft,CLE,CIN,2,2,1,2,40
1973-12-09,1973,13,REG,1973_13_HOU_PIT,nfl-skip-butler,Skip Butler,HOU,PIT,1,1,0,0,
1973-12-09,1973,13,REG,1973_13_MIA_BAL,nfl-garo-yepremian,Garo Yepremian,MIA,BAL,0,0,1,2,10
1973-12-09,1973,13,REG,1973_13_MIA_BAL,nfl-george-hunt,George Hunt,BAL,MIA,1,2,1,2,19
1973-12-09,1973,13,REG,1973_13_NYJ_PHI,nfl-tom-dempsey,Tom Dempsey,PHI,NYJ,3,3,1,2,40
1973-12-09,1973,13,REG,1973_13_SF_NO,nfl-bruce-gossett,Bruce Gossett,SF,NO,1,1,1,2,34
1973-12-09,1973,13,REG,1973_13_STL_ATL,nfl-nick-mike-mayer,Nick Mike-Mayer,ATL,STL,1,1,1,2,32
1973-12-09,1973,13,REG,1973_13_WAS_DAL,nfl-curt-knight,Curt Knight,WAS,DAL,1,1,0,3,
1973-12-10,1973,13,REG,1973_13_NYG_LA,nfl-david-ray,David Ray,LA,NYG,5,5,1,2,16
1973-12-15,1973,14,REG,1973_14_DET_MIA,nfl-errol-mann,Errol Mann,DET,MIA,1,1,0,0,
1973-12-15,1973,14,REG,1973_14_PIT_SF,nfl-bruce-gossett,Bruce Gossett,SF,PIT,2,2,0,0,
1973-12-16,1973,14,REG,1973_14_BUF_NYJ,nfl-bobby-howfield,Bobby Howfield,NYJ,BUF,2,2,0,0,
1973-12-16,1973,14,REG,1973_14_CIN_HOU,nfl-skip-butler,Skip Butler,HOU,CIN,3,3,1,2,18
1973-12-16,1973,14,REG,1973_14_CLE_LA,nfl-don-cockroft,Don Cockroft,CLE,LA,2,2,1,1,22
1973-12-16,1973,14,REG,1973_14_DAL_STL,nfl-jim-bakken,Jim Bakken,STL,DAL,0,0,1,2,33
1973-12-16,1973,14,REG,1973_14_DEN_OAK,nfl-jim-turner-2,Jim Turner,DEN,OAK,2,2,1,1,50
1973-12-16,1973,14,REG,1973_14_GB_CHI,nfl-chester-marcol,Chester Marcol,GB,CHI,3,3,0,1,
1973-12-16,1973,14,REG,1973_14_GB_CHI,nfl-mirro-roder,Mirro Roder,CHI,GB,0,0,0,1,
1973-12-16,1973,14,REG,1973_14_MIN_NYG,nfl-fred-cox,Fred Cox,MIN,NYG,4,4,1,1,22
1973-12-16,1973,14,REG,1973_14_MIN_NYG,nfl-pete-gogolak,Pete Gogolak,NYG,MIN,1,1,0,3,
1973-12-16,1973,14,REG,1973_14_NE_BAL,nfl-jeff-white,Jeff White,NE,BAL,1,2,0,2,
1973-12-16,1973,14,REG,1973_14_NO_ATL,nfl-bill-mcclard,Bill McClard,NO,ATL,1,1,1,1,11
1973-12-16,1973,14,REG,1973_14_NO_ATL,nfl-nick-mike-mayer,Nick Mike-Mayer,ATL,NO,2,2,0,2,
1973-12-16,1973,14,REG,1973_14_PHI_WAS,nfl-curt-knight,Curt Knight,WAS,PHI,5,5,1,2,15
1974-09-15,1974,1,REG,1974_01_BAL_PIT,nfl-roy-gerela,Roy Gerela,PIT,BAL,3,4,1,1,31
1974-09-15,1974,1,REG,1974_01_CLE_CIN,nfl-don-cockroft,Don Cockroft,CLE,CIN,1,1,0,0,
1974-09-15,1974,1,REG,1974_01_CLE_CIN,nfl-horst-muhlmann,Horst Muhlmann,CIN,CLE,4,4,1,1,32
1974-09-15,1974,1,REG,1974_01_DAL_ATL,nfl-mac-percival,Mac Percival,DAL,ATL,3,3,1,3,33
1974-09-15,1974,1,REG,1974_01_DET_CHI,nfl-errol-mann,Errol Mann,DET,CHI,1,1,0,1,
1974-09-15,1974,1,REG,1974_01_DET_CHI,nfl-mirro-roder,Mirro Roder,CHI,DET,2,2,1,1,29
1974-09-15,1974,1,REG,1974_01_LA_DEN,nfl-david-ray,David Ray,LA,DEN,2,2,1,2,19
1974-09-15,1974,1,REG,1974_01_LA_DEN,nfl-jim-turner-2,Jim Turner,DEN,LA,1,1,1,1,39
1974-09-15,1974,1,REG,1974_01_MIA_NE,nfl-garo-yepremian,Garo Yepremian,MIA,NE,3,3,1,1,33
1974-09-15,1974,1,REG,1974_01_MIN_GB,nfl-chester-marcol,Chester Marcol,GB,MIN,2,2,1,2,19
1974-09-15,1974,1,REG,1974_01_NYJ_KC,nfl-bobby-howfield,Bobby Howfield,NYJ,KC,1,2,1,1,25
1974-09-15,1974,1,REG,1974_01_NYJ_KC,nfl-jan-stenerud,Jan Stenerud,KC,NYJ,3,3,1,2,27
1974-09-15,1974,1,REG,1974_01_PHI_STL,nfl-jim-bakken,Jim Bakken,STL,PHI,1,1,0,1,
1974-09-15,1974,1,REG,1974_01_PHI_STL,nfl-tom-dempsey,Tom Dempsey,PHI,STL,0,0,1,1,44
1974-09-15,1974,1,REG,1974_01_SD_HOU,nfl-dennis-partee,Dennis Partee,SD,HOU,2,2,0,2,
1974-09-15,1974,1,REG,1974_01_SD_HOU,nfl-ray-wersching,Ray Wersching,SD,HOU,0,0,0,1,
1974-09-15,1974,1,REG,1974_01_SD_HOU,nfl-skip-butler,Skip Butler,HOU,SD,3,3,0,3,
1974-09-15,1974,1,REG,1974_01_SF_NO,nfl-bruce-gossett,Bruce Gossett,SF,NO,2,2,1,2,19
1974-09-15,1974,1,REG,1974_01_WAS_NYG,nfl-mark-moseley,Mark Moseley,WAS,NYG,1,2,0,2,
1974-09-15,1974,1,REG,1974_01_WAS_NYG,nfl-pete-gogolak,Pete Gogolak,NYG,WAS,1,1,1,1,33
1974-09-16,1974,1,REG,1974_01_OAK_BUF,nfl-john-leypoldt,John Leypoldt,BUF,OAK,3,3,0,2,
1974-09-22,1974,2,REG,1974_02_HOU_CLE,nfl-skip-butler,Skip Butler,HOU,CLE,1,1,0,0,
1974-09-22,1974,2,REG,1974_02_KC_OAK,nfl-jan-stenerud,Jan Stenerud,KC,OAK,1,1,0,1,
1974-09-22,1974,2,REG,1974_02_MIA_BUF,nfl-garo-yepremian,Garo Yepremian,MIA,BUF,3,3,1,1,22
1974-09-22,1974,2,REG,1974_02_MIA_BUF,nfl-john-leypoldt,John Leypoldt,BUF,MIA,1,2,1,2,22
1974-09-22,1974,2,REG,1974_02_MIN_DET,nfl-fred-cox,Fred Cox,MIN,DET,1,1,0,1,
1974-09-22,1974,2,REG,1974_02_NE_NYG,nfl-john-smith-2,John Smith,NE,NYG,4,4,0,1,
1974-09-22,1974,2,REG,1974_02_NE_NYG,nfl-pete-gogolak,Pete Gogolak,NYG,NE,2,2,0,0,
1974-09-22,1974,2,REG,1974_02_NO_LA,nfl-david-ray,David Ray,LA,NO,3,3,1,1,30
1974-09-22,1974,2,REG,1974_02_NYJ_CHI,nfl-bobby-howfield,Bobby Howfield,NYJ,CHI,2,3,1,2,39
1974-09-22,1974,2,REG,1974_02_NYJ_CHI,nfl-mirro-roder,Mirro Roder,CHI,NYJ,3,3,0,1,
1974-09-22,1974,2,REG,1974_02_PIT_DEN,nfl-jim-turner-2,Jim Turner,DEN,PIT,5,5,0,1,
1974-09-22,1974,2,REG,1974_02_PIT_DEN,nfl-roy-gerela,Roy Gerela,PIT,DEN,5,5,0,1,
1974-09-22,1974,2,REG,1974_02_SD_CIN,nfl-dennis-partee,Dennis Partee,SD,CIN,2,2,1,1,22
1974-09-22,1974,2,REG,1974_02_SD_CIN,nfl-horst-muhlmann,Horst Muhlmann,CIN,SD,2,2,1,2,34
1974-09-22,1974,2,REG,1974_02_SD_CIN,nfl-ray-wersching,Ray Wersching,SD,CIN,0,0,1,2,28
1974-09-22,1974,2,REG,1974_02_SF_ATL,nfl-bruce-gossett,Bruce Gossett,SF,ATL,1,2,1,5,25
1974-09-22,1974,2,REG,1974_02_SF_ATL,nfl-nick-mike-mayer,Nick Mike-Mayer,ATL,SF,1,1,1,2,32
1974-09-22,1974,2,REG,1974_02_STL_WAS,nfl-jim-bakken,Jim Bakken,STL,WAS,2,2,1,2,46
1974-09-22,1974,2,REG,1974_02_STL_WAS,nfl-mark-moseley,Mark Moseley,WAS,STL,1,1,1,2,28
1974-09-23,1974,2,REG,1974_02_DAL_PHI,nfl-mac-percival,Mac Percival,DAL,PHI,1,1,1,4,26
1974-09-29,1974,3,REG,1974_03_ATL_NO,nfl-bill-mcclard,Bill McClard,NO,ATL,2,2,0,0,
1974-09-29,1974,3,REG,1974_03_BAL_PHI,nfl-toni-linhart,Toni Linhart,BAL,PHI,1,1,1,1,45
1974-09-29,1974,3,REG,1974_03_CHI_MIN,nfl-fred-cox,Fred Cox,MIN,CHI,0,1,1,2,32
1974-09-29,1974,3,REG,1974_03_CHI_MIN,nfl-mirro-roder,Mirro Roder,CHI,MIN,1,1,0,0,
1974-09-29,1974,3,REG,1974_03_CIN_SF,nfl-bruce-gossett,Bruce Gossett,SF,CIN,0,0,1,2,22
1974-09-29,1974,3,REG,1974_03_CIN_SF,nfl-horst-muhlmann,Horst Muhlmann,CIN,SF,3,3,0,0,
1974-09-29,1974,3,REG,1974_03_CLE_STL,nfl-don-cockroft,Don Cockroft,CLE,STL,1,1,0,1,
1974-09-29,1974,3,REG,1974_03_CLE_STL,nfl-jim-bakken,Jim Bakken,STL,CLE,2,4,1,2,44
1974-09-29,1974,3,REG,1974_03_KC_HOU,nfl-jan-stenerud,Jan Stenerud,KC,HOU,2,2,1,1,35
1974-09-29,1974,3,REG,1974_03_KC_HOU,nfl-skip-butler,Skip Butler,HOU,KC,1,1,0,1,
1974-09-29,1974,3,REG,1974_03_LA_NE,nfl-david-ray,David Ray,LA,NE,2,2,0,1,
1974-09-29,1974,3,REG,1974_03_MIA_SD,nfl-dennis-partee,Dennis Partee,SD,MIA,3,3,0,1,
1974-09-29,1974,3,REG,1974_03_MIA_SD,nfl-garo-yepremian,Garo Yepremian,MIA,SD,4,4,0,2,
1974-09-29,1974,3,REG,1974_03_NYG_DAL,nfl-mac-percival,Mac Percival,DAL,NYG,0,1,0,1,
1974-09-29,1974,3,REG,1974_03_NYG_DAL,nfl-pete-gogolak,Pete Gogolak,NYG,DAL,2,2,0,2,
1974-09-29,1974,3,REG,1974_03_NYJ_BUF,nfl-john-leypoldt,John Leypoldt,BUF,NYJ,1,1,1,1,21
1974-09-29,1974,3,REG,1974_03_OAK_PIT,nfl-roy-gerela,Roy Gerela,PIT,OAK,0,0,0,1,
1974-09-30,1974,3,REG,1974_03_DEN_WAS,nfl-jim-turner-2,Jim Turner,DEN,WAS,0,0,1,1,34
1974-10-06,1974,4,REG,1974_04_ATL_NYG,nfl-nick-mike-mayer,Nick Mike-Mayer,ATL,NYG,2,2,0,2,
1974-10-06,1974,4,REG,1974_04_ATL_NYG,nfl-pete-gogolak,Pete Gogolak,NYG,ATL,1,1,0,2,
1974-10-06,1974,4,REG,1974_04_BAL_NE,nfl-john-smith-2,John Smith,NE,BAL,6,6,0,0,
1974-10-06,1974,4,REG,1974_04_BAL_NE,nfl-toni-linhart,Toni Linhart,BAL,NE,0,0,1,2,27
1974-10-06,1974,4,REG,1974_04_BUF_GB,nfl-chester-marcol,Chester Marcol,GB,BUF,1,1,0,1,
1974-10-06,1974,4,REG,1974_04_BUF_GB,nfl-john-leypoldt,John Leypoldt,BUF,GB,3,4,0,1,
1974-10-06,1974,4,REG,1974_04_DEN_KC,nfl-jan-stenerud,Jan Stenerud,KC,DEN,2,2,0,0,
1974-10-06,1974,4,REG,1974_04_DEN_KC,nfl-jim-turner-2,Jim Turner,DEN,KC,2,2,1,2,41
1974-10-06,1974,4,REG,1974_04_DET_LA,nfl-david-ray,David Ray,LA,DET,1,2,1,1,20
1974-10-06,1974,4,REG,1974_04_DET_LA,nfl-errol-mann,Errol Mann,DET,LA,1,2,0,2,
1974-10-06,1974,4,REG,1974_04_MIN_DAL,nfl-efren-herrera,Efren Herrera,DAL,MIN,3,3,0,0,
1974-10-06,1974,4,REG,1974_04_NO_CHI,nfl-bill-mcclard,Bill McClard,NO,CHI,1,1,1,2,21
1974-10-06,1974,4,REG,1974_04_NO_CHI,nfl-mirro-roder,Mirro Roder,CHI,NO,3,3,1,1,30
1974-10-06,1974,4,REG,1974_04_OAK_CLE,nfl-don-cockroft,Don Cockroft,CLE,OAK,3,3,1,1,46
1974-10-06,1974,4,REG,1974_04_PHI_SD,nfl-dennis-partee,Dennis Partee,SD,PHI,1,1,0,1,
1974-10-06,1974,4,REG,1974_04_PHI_SD,nfl-tom-dempsey,Tom Dempsey,PHI,SD,1,2,0,0,
1974-10-06,1974,4,REG,1974_04_PIT_HOU,nfl-skip-butler,Skip Butler,HOU,PIT,1,1,0,1,
1974-10-06,1974,4,REG,1974_04_STL_SF,nfl-bruce-gossett,Bruce Gossett,SF,STL,0,0,1,1,20
1974-10-06,1974,4,REG,1974_04_WAS_CIN,nfl-horst-muhlmann,Horst Muhlmann,CIN,WAS,4,4,0,0,
1974-10-06,1974,4,REG,1974_04_WAS_CIN,nfl-mark-moseley,Mark Moseley,WAS,CIN,2,2,1,2,31
1974-10-07,1974,4,REG,1974_04_NYJ_MIA,nfl-bobby-howfield,Bobby Howfield,NYJ,MIA,2,2,1,1,43
1974-10-07,1974,4,REG,1974_04_NYJ_MIA,nfl-garo-yepremian,Garo Yepremian,MIA,NYJ,3,3,0,1,
1974-10-13,1974,5,REG,1974_05_BUF_BAL,nfl-toni-linhart,Toni Linhart,BAL,BUF,2,2,0,1,
1974-10-13,1974,5,REG,1974_05_CHI_ATL,nfl-mirro-roder,Mirro Roder,CHI,ATL,1,1,1,1,37
1974-10-13,1974,5,REG,1974_05_CIN_CLE,nfl-don-cockroft,Don Cockroft,CLE,CIN,3,3,1,1,27
1974-10-13,1974,5,REG,1974_05_CIN_CLE,nfl-horst-muhlmann,Horst Muhlmann,CIN,CLE,4,5,0,1,
1974-10-13,1974,5,REG,1974_05_DAL_STL,nfl-efren-herrera,Efren Herrera,DAL,STL,4,4,0,0,
1974-10-13,1974,5,REG,1974_05_DAL_STL,nfl-jim-bakken,Jim Bakken,STL,DAL,4,4,1,1,31
1974-10-13,1974,5,REG,1974_05_HOU_MIN,nfl-fred-cox,Fred Cox,MIN,HOU,6,7,1,2,42
1974-10-13,1974,5,REG,1974_05_HOU_MIN,nfl-skip-butler,Skip Butler,HOU,MIN,1,1,1,2,29
1974-10-13,1974,5,REG,1974_05_LA_GB,nfl-chester-marcol,Chester Marcol,GB,LA,2,2,1,1,32
1974-10-13,1974,5,REG,1974_05_MIA_WAS,nfl-garo-yepremian,Garo Yepremian,MIA,WAS,2,2,1,1,32
1974-10-13,1974,5,REG,1974_05_NE_NYJ,nfl-john-smith-2,John Smith,NE,NYJ,3,3,1,1,37
1974-10-13,1974,5,REG,1974_05_NO_DEN,nfl-bill-mcclard,Bill McClard,NO,DEN,2,2,1,3,52
1974-10-13,1974,5,REG,1974_05_NO_DEN,nfl-jim-turner-2,Jim Turner,DEN,NO,3,4,0,1,
1974-10-13,1974,5,REG,1974_05_NYG_PHI,nfl-pete-gogolak,Pete Gogolak,NYG,PHI,1,1,0,0,
1974-10-13,1974,5,REG,1974_05_NYG_PHI,nfl-tom-dempsey,Tom Dempsey,PHI,NYG,5,5,0,2,
1974-10-13,1974,5,REG,1974_05_OAK_SD,nfl-dennis-partee,Dennis Partee,SD,OAK,1,1,0,0,
1974-10-13,1974,5,REG,1974_05_OAK_SD,nfl-ray-wersching,Ray Wersching,SD,OAK,0,0,1,1,42
1974-10-13,1974,5,REG,1974_05_PIT_KC,nfl-jan-stenerud,Jan Stenerud,KC,PIT,3,3,1,1,31
1974-10-14,1974,5,REG,1974_05_SF_DET,nfl-errol-mann,Errol Mann,DET,SF,2,2,1,1,31
1974-10-20,1974,6,REG,1974_06_BAL_NYJ,nfl-bobby-howfield,Bobby Howfield,NYJ,BAL,2,2,0,0,
1974-10-20,1974,6,REG,1974_06_BAL_NYJ,nfl-toni-linhart,Toni Linhart,BAL,NYJ,5,5,0,1,
1974-10-20,1974,6,REG,1974_06_CIN_OAK,nfl-horst-muhlmann,Horst Muhlmann,CIN,OAK,3,4,0,0,
1974-10-20,1974,6,REG,1974_06_CLE_PIT,nfl-don-cockroft,Don Cockroft,CLE,PIT,1,2,1,1,21
1974-10-20,1974,6,REG,1974_06_DET_MIN,nfl-fred-cox,Fred Cox,MIN,DET,1,2,1,2,23
1974-10-20,1974,6,REG,1974_06_KC_MIA,nfl-garo-yepremian,Garo Yepremian,MIA,KC,1,1,0,0,
1974-10-20,1974,6,REG,1974_06_KC_MIA,nfl-jan-stenerud,Jan Stenerud,KC,MIA,0,0,1,1,21
1974-10-20,1974,6,REG,1974_06_NE_BUF,nfl-john-leypoldt,John Leypoldt,BUF,NE,3,4,1,1,35
1974-10-20,1974,6,REG,1974_06_NE_BUF,nfl-john-smith-2,John Smith,NE,BUF,4,4,0,0,
1974-10-20,1974,6,REG,1974_06_NO_ATL,nfl-nick-mike-mayer,Nick Mike-Mayer,ATL,NO,0,0,1,1,47
1974-10-20,1974,6,REG,1974_06_NYG_WAS,nfl-mark-moseley,Mark Moseley,WAS,NYG,3,3,1,2,37
1974-10-20,1974,6,REG,1974_06_NYG_WAS,nfl-pete-gogolak,Pete Gogolak,NYG,WAS,0,0,1,1,30
1974-10-20,1974,6,REG,1974_06_PHI_DAL,nfl-efren-herrera,Efren Herrera,DAL,PHI,4,4,1,2,29
1974-10-20,1974,6,REG,1974_06_PHI_DAL,nfl-tom-dempsey,Tom Dempsey,PHI,DAL,3,3,1,1,39
1974-10-20,1974,6,REG,1974_06_SD_DEN,nfl-dennis-partee,Dennis Partee,SD,DEN,1,1,0,0,
1974-10-20,1974,6,REG,1974_06_SF_LA,nfl-bruce-gossett,Bruce Gossett,SF,LA,2,2,0,0,
1974-10-20,1974,6,REG,1974_06_SF_LA,nfl-david-ray,David Ray,LA,SF,4,5,1,2,46
1974-10-20,1974,6,REG,1974_06_STL_HOU,nfl-jim-bakken,Jim Bakken,STL,HOU,4,4,1,1,25
1974-10-21,1974,6,REG,1974_06_GB_CHI,nfl-mirro-roder,Mirro Roder,CHI,GB,1,1,1,1,23
1974-10-27,1974,7,REG,1974_07_BAL_MIA,nfl-garo-yepremian,Garo Yepremian,MIA,BAL,2,2,1,3,23
1974-10-27,1974,7,REG,1974_07_BAL_MIA,nfl-toni-linhart,Toni Linhart,BAL,MIA,1,1,0,1,
1974-10-27,1974,7,REG,1974_07_DAL_NYG,nfl-efren-herrera,Efren Herrera,DAL,NYG,3,3,0,1,
1974-10-27,1974,7,REG,1974_07_DAL_NYG,nfl-pete-gogolak,Pete Gogolak,NYG,DAL,1,1,0,1,
1974-10-27,1974,7,REG,1974_07_DEN_CLE,nfl-jim-turner-2,Jim Turner,DEN,CLE,3,3,0,2,
1974-10-27,1974,7,REG,1974_07_GB_DET,nfl-chester-marcol,Chester Marcol,GB,DET,2,2,1,2,49
1974-10-27,1974,7,REG,1974_07_HOU_CIN,nfl-horst-muhlmann,Horst Muhlmann,CIN,HOU,3,3,0,0,
1974-10-27,1974,7,REG,1974_07_KC_SD,nfl-dennis-partee,Dennis Partee,SD,KC,2,2,0,0,
1974-10-27,1974,7,REG,1974_07_KC_SD,nfl-jan-stenerud,Jan Stenerud,KC,SD,3,3,1,1,23
1974-10-27,1974,7,REG,1974_07_LA_NYJ,nfl-david-ray,David Ray,LA,NYJ,2,3,0,1,
1974-10-27,1974,7,REG,1974_07_NE_MIN,nfl-fred-cox,Fred Cox,MIN,NE,2,2,0,2,
1974-10-27,1974,7,REG,1974_07_NE_MIN,nfl-john-smith-2,John Smith,NE,MIN,2,2,1,1,37
1974-10-27,1974,7,REG,1974_07_OAK_SF,nfl-bruce-gossett,Bruce Gossett,SF,OAK,3,3,1,1,37
1974-10-27,1974,7,REG,1974_07_PHI_NO,nfl-bill-mcclard,Bill McClard,NO,PHI,2,2,0,0,
1974-10-27,1974,7,REG,1974_07_PHI_NO,nfl-tom-dempsey,Tom Dempsey,PHI,NO,1,1,1,2,18
1974-10-27,1974,7,REG,1974_07_WAS_STL,nfl-jim-bakken,Jim Bakken,STL,WAS,2,3,1,2,47
1974-10-28,1974,7,REG,1974_07_ATL_PIT,nfl-nick-mike-mayer,Nick Mike-Mayer,ATL,PIT,2,2,1,1,32
1974-10-28,1974,7,REG,1974_07_ATL_PIT,nfl-roy-gerela,Roy Gerela,PIT,ATL,3,3,1,2,33
1974-11-03,1974,8,REG,1974_08_ATL_MIA,nfl-garo-yepremian,Garo Yepremian,MIA,ATL,6,6,0,0,
1974-11-03,1974,8,REG,1974_08_ATL_MIA,nfl-nick-mike-mayer,Nick Mike-Mayer,ATL,MIA,1,1,0,0,
1974-11-03,1974,8,REG,1974_08_BUF_NE,nfl-john-smith-2,John Smith,NE,BUF,4,4,0,2,
1974-11-03,1974,8,REG,1974_08_CIN_BAL,nfl-horst-muhlmann,Horst Muhlmann,CIN,BAL,3,3,1,3,18
1974-11-03,1974,8,REG,1974_08_CIN_BAL,nfl-toni-linhart,Toni Linhart,BAL,CIN,2,2,0,0,
1974-11-03,1974,8,REG,1974_08_CLE_SD,nfl-dennis-partee,Dennis Partee,SD,CLE,3,5,0,0,
1974-11-03,1974,8,REG,1974_08_CLE_SD,nfl-don-cockroft,Don Cockroft,CLE,SD,5,5,0,0,
1974-11-03,1974,8,REG,1974_08_CLE_SD,nfl-ray-wersching,Ray Wersching,SD,CLE,0,0,1,2,40
1974-11-03,1974,8,REG,1974_08_HOU_NYJ,nfl-bobby-howfield,Bobby Howfield,NYJ,HOU,1,3,1,1,35
1974-11-03,1974,8,REG,1974_08_MIN_CHI,nfl-fred-cox,Fred Cox,MIN,CHI,2,2,1,1,23
1974-11-03,1974,8,REG,1974_08_NO_DET,nfl-bill-mcclard,Bill McClard,NO,DET,2,2,0,2,
1974-11-03,1974,8,REG,1974_08_OAK_DEN,nfl-jim-turner-2,Jim Turner,DEN,OAK,2,2,1,1,27
1974-11-03,1974,8,REG,1974_08_PHI_PIT,nfl-tom-dempsey,Tom Dempsey,PHI,PIT,0,0,0,1,
1974-11-03,1974,8,REG,1974_08_STL_DAL,nfl-efren-herrera,Efren Herrera,DAL,STL,2,2,1,1,20
1974-11-03,1974,8,REG,1974_08_STL_DAL,nfl-jim-bakken,Jim Bakken,STL,DAL,2,2,0,0,
1974-11-03,1974,8,REG,1974_08_WAS_GB,nfl-mark-moseley,Mark Moseley,WAS,GB,2,2,1,1,40
1974-11-04,1974,8,REG,1974_08_LA_SF,nfl-david-ray,David Ray,LA,SF,0,1,1,1,20
1974-11-10,1974,9,REG,1974_09_ATL_LA,nfl-david-ray,David Ray,LA,ATL,3,3,0,0,
1974-11-10,1974,9,REG,1974_09_ATL_LA,nfl-nick-mike-mayer,Nick Mike-Mayer,ATL,LA,0,0,0,1,
1974-11-10,1974,9,REG,1974_09_CHI_GB,nfl-mirro-roder,Mirro Roder,CHI,GB,0,0,1,3,44
1974-11-10,1974,9,REG,1974_09_CLE_NE,nfl-don-cockroft,Don Cockroft,CLE,NE,3,3,0,0,
1974-11-10,1974,9,REG,1974_09_CLE_NE,nfl-john-smith-2,John Smith,NE,CLE,2,2,0,0,
1974-11-10,1974,9,REG,1974_09_DEN_BAL,nfl-jim-turner-2,Jim Turner,DEN,BAL,2,2,1,1,37
1974-11-10,1974,9,REG,1974_09_HOU_BUF,nfl-skip-butler,Skip Butler,HOU,BUF,3,3,0,0,
1974-11-10,1974,9,REG,1974_09_MIA_NO,nfl-garo-yepremian,Garo Yepremian,MIA,NO,3,3,0,0,
1974-11-10,1974,9,REG,1974_09_PIT_CIN,nfl-horst-muhlmann,Horst Muhlmann,CIN,PIT,2,2,1,1,30
1974-11-10,1974,9,REG,1974_09_PIT_CIN,nfl-roy-gerela,Roy Gerela,PIT,CIN,1,1,1,1,24
1974-11-10,1974,9,REG,1974_09_SD_KC,nfl-dennis-partee,Dennis Partee,SD,KC,2,2,0,0,
1974-11-10,1974,9,REG,1974_09_SD_KC,nfl-jan-stenerud,Jan Stenerud,KC,SD,1,1,0,1,
1974-11-10,1974,9,REG,1974_09_SD_KC,nfl-ray-wersching,Ray Wersching,SD,KC,0,0,0,1,
1974-11-10,1974,9,REG,1974_09_SF_DAL,nfl-bruce-gossett,Bruce Gossett,SF,DAL,2,2,0,1,
1974-11-10,1974,9,REG,1974_09_WAS_PHI,nfl-tom-dempsey,Tom Dempsey,PHI,WAS,2,2,0,0,
1974-11-11,1974,9,REG,1974_09_MIN_STL,nfl-fred-cox,Fred Cox,MIN,STL,4,4,0,0,
1974-11-11,1974,9,REG,1974_09_MIN_STL,nfl-jim-bakken,Jim Bakken,STL,MIN,3,3,1,1,46
1974-11-17,1974,10,REG,1974_10_BAL_ATL,nfl-nick-mike-mayer,Nick Mike-Mayer,ATL,BAL,1,1,0,1,
1974-11-17,1974,10,REG,1974_10_BAL_ATL,nfl-toni-linhart,Toni Linhart,BAL,ATL,2,2,1,2,37
1974-11-17,1974,10,REG,1974_10_BUF_MIA,nfl-garo-yepremian,Garo Yepremian,MIA,BUF,5,5,0,1,
1974-11-17,1974,10,REG,1974_10_BUF_MIA,nfl-john-leypoldt,John Leypoldt,BUF,MIA,4,4,0,2,
1974-11-17,1974,10,REG,1974_10_CIN_HOU,nfl-horst-muhlmann,Horst Muhlmann,CIN,HOU,0,0,1,2,28
1974-11-17,1974,10,REG,1974_10_CIN_HOU,nfl-skip-butler,Skip Butler,HOU,CIN,2,2,0,0,
1974-11-17,1974,10,REG,1974_10_DAL_WAS,nfl-efren-herrera,Efren Herrera,DAL,WAS,3,3,0,1,
1974-11-17,1974,10,REG,1974_10_DAL_WAS,nfl-mark-moseley,Mark Moseley,WAS,DAL,4,4,0,0,
1974-11-17,1974,10,REG,1974_10_GB_MIN,nfl-fred-cox,Fred Cox,MIN,GB,1,1,0,1,
1974-11-17,1974,10,REG,1974_10_LA_NO,nfl-david-ray,David Ray,LA,NO,1,1,0,1,
1974-11-17,1974,10,REG,1974_10_NYJ_NE,nfl-pat-leahy,Pat Leahy,NYJ,NE,3,3,0,0,
1974-11-17,1974,10,REG,1974_10_SD_OAK,nfl-dennis-partee,Dennis Partee,SD,OAK,1,1,0,0,
1974-11-17,1974,10,REG,1974_10_SD_OAK,nfl-ray-wersching,Ray Wersching,SD,OAK,0,0,1,2,42
1974-11-17,1974,10,REG,1974_10_SF_CHI,nfl-bruce-gossett,Bruce Gossett,SF,CHI,4,5,0,1,
1974-11-17,1974,10,REG,1974_10_SF_CHI,nfl-mirro-roder,Mirro Roder,CHI,SF,0,0,0,1,
1974-11-17,1974,10,REG,1974_10_STL_PHI,nfl-tom-dempsey,Tom Dempsey,PHI,STL,0,0,1,2,48
1974-11-18,1974,10,REG,1974_10_KC_DEN,nfl-jim-turner-2,Jim Turner,DEN,KC,4,5,0,0,
1974-11-24,1974,11,REG,1974_11_ATL_SF,nfl-nick-mike-mayer,Nick Mike-Mayer,ATL,SF,0,0,0,2,
1974-11-24,1974,11,REG,1974_11_BUF_CLE,nfl-don-cockroft,Don Cockroft,CLE,BUF,1,1,1,1,21
1974-11-24,1974,11,REG,1974_11_CHI_DET,nfl-mirro-roder,Mirro Roder,CHI,DET,2,2,1,1,38
1974-11-24,1974,11,REG,1974_11_DAL_HOU,nfl-efren-herrera,Efren Herrera,DAL,HOU,1,1,1,1,25
1974-11-24,1974,11,REG,1974_11_DAL_HOU,nfl-skip-butler,Skip Butler,HOU,DAL,0,0,0,1,
1974-11-24,1974,11,REG,1974_11_KC_CIN,nfl-horst-muhlmann,Horst Muhlmann,CIN,KC,3,4,0,1,
1974-11-24,1974,11,REG,1974_11_MIA_NYJ,nfl-garo-yepremian,Garo Yepremian,MIA,NYJ,2,2,0,0,
1974-11-24,1974,11,REG,1974_11_MIA_NYJ,nfl-pat-leahy,Pat Leahy,NYJ,MIA,2,2,1,1,34
1974-11-24,1974,11,REG,1974_11_MIN_LA,nfl-david-ray,David Ray,LA,MIN,2,3,0,0,
1974-11-24,1974,11,REG,1974_11_MIN_LA,nfl-fred-cox,Fred Cox,MIN,LA,2,2,1,1,36
1974-11-24,1974,11,REG,1974_11_NE_BAL,nfl-toni-linhart,Toni Linhart,BAL,NE,2,2,1,2,25
1974-11-24,1974,11,REG,1974_11_PHI_WAS,nfl-tom-dempsey,Tom Dempsey,PHI,WAS,1,1,0,0,
1974-11-24,1974,11,REG,1974_11_STL_NYG,nfl-pete-gogolak,Pete Gogolak,NYG,STL,3,3,0,1,
1974-11-25,1974,11,REG,1974_11_PIT_NO,nfl-bill-mcclard,Bill McClard,NO,PIT,1,1,0,0,
1974-11-25,1974,11,REG,1974_11_PIT_NO,nfl-roy-gerela,Roy Gerela,PIT,NO,4,4,0,1,
1974-11-28,1974,12,REG,1974_12_DEN_DET,nfl-jim-turner-2,Jim Turner,DEN,DET,4,4,1,3,21
1974-11-28,1974,12,REG,1974_12_WAS_DAL,nfl-efren-herrera,Efren Herrera,DAL,WAS,3,3,1,1,24
1974-12-01,1974,12,REG,1974_12_BAL_BUF,nfl-toni-linhart,Toni Linhart,BAL,BUF,0,0,0,1,
1974-12-01,1974,12,REG,1974_12_GB_PHI,nfl-chester-marcol,Chester Marcol,GB,PHI,2,2,0,1,
1974-12-01,1974,12,REG,1974_12_GB_PHI,nfl-tom-dempsey,Tom Dempsey,PHI,GB,3,5,1,1,39
1974-12-01,1974,12,REG,1974_12_HOU_PIT,nfl-roy-gerela,Roy Gerela,PIT,HOU,1,1,1,1,44
1974-12-01,1974,12,REG,1974_12_KC_STL,nfl-jan-stenerud,Jan Stenerud,KC,STL,2,2,1,1,22
1974-12-01,1974,12,REG,1974_12_KC_STL,nfl-jim-bakken,Jim Bakken,STL,KC,1,2,0,0,
1974-12-01,1974,12,REG,1974_12_LA_ATL,nfl-david-ray,David Ray,LA,ATL,3,4,1,2,23
1974-12-01,1974,12,REG,1974_12_LA_ATL,nfl-nick-mike-mayer,Nick Mike-Mayer,ATL,LA,1,1,0,0,
1974-12-01,1974,12,REG,1974_12_NO_MIN,nfl-bill-mcclard,Bill McClard,NO,MIN,0,1,1,2,27
1974-12-01,1974,12,REG,1974_12_NO_MIN,nfl-fred-cox,Fred Cox,MIN,NO,2,3,1,1,25
1974-12-01,1974,12,REG,1974_12_NYG_CHI,nfl-mirro-roder,Mirro Roder,CHI,NYG,1,1,1,1,24
1974-12-01,1974,12,REG,1974_12_NYG_CHI,nfl-pete-gogolak,Pete Gogolak,NYG,CHI,1,2,0,0,
1974-12-01,1974,12,REG,1974_12_SD_NYJ,nfl-dennis-partee,Dennis Partee,SD,NYJ,2,2,0,0,
1974-12-01,1974,12,REG,1974_12_SF_CLE,nfl-don-cockroft,Don Cockroft,CLE,SF,1,1,0,0,
1974-12-02,1974,12,REG,1974_12_CIN_MIA,nfl-garo-yepremian,Garo Yepremian,MIA,CIN,3,3,1,2,43
1974-12-02,1974,12,REG,1974_12_CIN_MIA,nfl-horst-muhlmann,Horst Muhlmann,CIN,MIA,0,0,1,1,29
1974-12-07,1974,13,REG,1974_13_ATL_MIN,nfl-fred-cox,Fred Cox,MIN,ATL,2,3,1,1,21
1974-12-07,1974,13,REG,1974_13_ATL_MIN,nfl-nick-mike-mayer,Nick Mike-Mayer,ATL,MIN,1,1,1,1,36
1974-12-07,1974,13,REG,1974_13_CLE_DAL,nfl-don-cockroft,Don Cockroft,CLE,DAL,2,2,1,1,28
1974-12-08,1974,13,REG,1974_13_BUF_NYJ,nfl-john-leypoldt,John Leypoldt,BUF,NYJ,1,1,1,3,36
1974-12-08,1974,13,REG,1974_13_BUF_NYJ,nfl-pat-leahy,Pat Leahy,NYJ,BUF,2,3,0,0,
1974-12-08,1974,13,REG,1974_13_CHI_SD,nfl-dennis-partee,Dennis Partee,SD,CHI,4,4,0,0,
1974-12-08,1974,13,REG,1974_13_CHI_SD,nfl-mirro-roder,Mirro Roder,CHI,SD,3,3,0,0,
1974-12-08,1974,13,REG,1974_13_DET_CIN,nfl-errol-mann,Errol Mann,DET,CIN,2,3,1,1,42
1974-12-08,1974,13,REG,1974_13_GB_SF,nfl-bruce-gossett,Bruce Gossett,SF,GB,1,1,0,2,
1974-12-08,1974,13,REG,1974_13_HOU_DEN,nfl-jim-turner-2,Jim Turner,DEN,HOU,4,5,1,2,43
1974-12-08,1974,13,REG,1974_13_HOU_DEN,nfl-skip-butler,Skip Butler,HOU,DEN,2,2,0,1,
1974-12-08,1974,13,REG,1974_13_MIA_BAL,nfl-garo-yepremian,Garo Yepremian,MIA,BAL,2,2,1,1,27
1974-12-08,1974,13,REG,1974_13_PHI_NYG,nfl-pete-gogolak,Pete Gogolak,NYG,PHI,1,1,0,0,
1974-12-08,1974,13,REG,1974_13_PHI_NYG,nfl-tom-dempsey,Tom Dempsey,PHI,NYG,2,3,0,0,
1974-12-08,1974,13,REG,1974_13_PIT_NE,nfl-john-smith-2,John Smith,NE,PIT,2,2,1,2,20
1974-12-08,1974,13,REG,1974_13_STL_NO,nfl-bill-mcclard,Bill McClard,NO,STL,2,2,0,0,
1974-12-08,1974,13,REG,1974_13_STL_NO,nfl-jim-bakken,Jim Bakken,STL,NO,0,0,0,1,
1974-12-09,1974,13,REG,1974_13_WAS_LA,nfl-david-ray,David Ray,LA,WAS,2,2,1,2,37
1974-12-14,1974,14,REG,1974_14_CIN_PIT,nfl-horst-muhlmann,Horst Muhlmann,CIN,PIT,0,0,1,2,32
1974-12-14,1974,14,REG,1974_14_DAL_OAK,nfl-efren-herrera,Efren Herrera,DAL,OAK,3,3,0,1,
1974-12-14,1974,14,REG,1974_14_MIN_KC,nfl-fred-cox,Fred Cox,MIN,KC,5,5,0,1,
1974-12-15,1974,14,REG,1974_14_BUF_LA,nfl-john-leypoldt,John Leypoldt,BUF,LA,2,2,0,0,
1974-12-15,1974,14,REG,1974_14_CLE_HOU,nfl-don-cockroft,Don Cockroft,CLE,HOU,3,3,1,1,37
1974-12-15,1974,14,REG,1974_14_CLE_HOU,nfl-skip-butler,Skip Butler,HOU,CLE,4,4,0,0,
1974-12-15,1974,14,REG,1974_14_DEN_SD,nfl-dennis-partee,Dennis Partee,SD,DEN,2,2,0,0,
1974-12-15,1974,14,REG,1974_14_DEN_SD,nfl-jim-turner-2,Jim Turner,DEN,SD,0,0,0,1,
1974-12-15,1974,14,REG,1974_14_DEN_SD,nfl-ray-wersching,Ray Wersching,SD,DEN,0,0,1,2,37
1974-12-15,1974,14,REG,1974_14_DET_PHI,nfl-errol-mann,Errol Mann,DET,PHI,2,2,1,2,38
1974-12-15,1974,14,REG,1974_14_DET_PHI,nfl-tom-dempsey,Tom Dempsey,PHI,DET,4,4,0,1,
1974-12-15,1974,14,REG,1974_14_GB_ATL,nfl-chester-marcol,Chester Marcol,GB,ATL,0,0,1,4,43
1974-12-15,1974,14,REG,1974_14_GB_ATL,nfl-nick-mike-mayer,Nick Mike-Mayer,ATL,GB,1,1,1,1,47
1974-12-15,1974,14,REG,1974_14_NO_SF,nfl-bill-mcclard,Bill McClard,NO,SF,3,3,0,0,
1974-12-15,1974,14,REG,1974_14_NO_SF,nfl-bruce-gossett,Bruce Gossett,SF,NO,5,5,0,0,
1974-12-15,1974,14,REG,1974_14_NYG_STL,nfl-jim-bakken,Jim Bakken,STL,NYG,2,4,0,1,
1974-12-15,1974,14,REG,1974_14_NYG_STL,nfl-pete-gogolak,Pete Gogolak,NYG,STL,2,2,0,0,
1974-12-15,1974,14,REG,1974_14_NYJ_BAL,nfl-pat-leahy,Pat Leahy,NYJ,BAL,6,6,1,4,25
1974-12-15,1974,14,REG,1974_14_NYJ_BAL,nfl-toni-linhart,Toni Linhart,BAL,NYJ,5,5,1,1,26
1975-09-21,1975,1,REG,1975_01_ATL_STL,nfl-nick-mike-mayer,Nick Mike-Mayer,ATL,STL,2,3,0,1,
1975-09-21,1975,1,REG,1975_01_BAL_CHI,nfl-bob-thomas,Bob Thomas,CHI,BAL,1,1,0,0,
1975-09-21,1975,1,REG,1975_01_BAL_CHI,nfl-toni-linhart,Toni Linhart,BAL,CHI,5,5,0,0,
1975-09-21,1975,1,REG,1975_01_CLE_CIN,nfl-dave-green,Dave Green,CIN,CLE,3,3,1,2,44
1975-09-21,1975,1,REG,1975_01_CLE_CIN,nfl-don-cockroft,Don Cockroft,CLE,CIN,2,2,1,1,18
1975-09-21,1975,1,REG,1975_01_DET_GB,nfl-chester-marcol,Chester Marcol,GB,DET,0,0,1,1,21
1975-09-21,1975,1,REG,1975_01_HOU_NE,nfl-john-smith-2,John Smith,NE,HOU,0,0,0,2,
1975-09-21,1975,1,REG,1975_01_HOU_NE,nfl-skip-butler,Skip Butler,HOU,NE,1,1,0,1,
1975-09-21,1975,1,REG,1975_01_KC_DEN,nfl-jim-turner-2,Jim Turner,DEN,KC,4,5,1,1,23
1975-09-21,1975,1,REG,1975_01_LA_DAL,nfl-tom-dempsey,Tom Dempsey,LA,DAL,1,1,0,0,
1975-09-21,1975,1,REG,1975_01_NO_WAS,nfl-bill-mcclard,Bill McClard,NO,WAS,0,0,1,2,42
1975-09-21,1975,1,REG,1975_01_NYG_PHI,nfl-george-hunt,George Hunt,NYG,PHI,2,3,1,3,41
1975-09-21,1975,1,REG,1975_01_NYG_PHI,nfl-horst-muhlmann,Horst Muhlmann,PHI,NYG,2,2,0,0,
1975-09-21,1975,1,REG,1975_01_NYJ_BUF,nfl-john-leypoldt,John Leypoldt,BUF,NYJ,6,6,0,0,
1975-09-21,1975,1,REG,1975_01_NYJ_BUF,nfl-pat-leahy,Pat Leahy,NYJ,BUF,2,2,0,0,
1975-09-21,1975,1,REG,1975_01_SF_MIN,nfl-steve-mike-mayer,Steve Mike-Mayer,SF,MIN,2,2,1,1,19
1975-09-22,1975,1,REG,1975_01_OAK_MIA,nfl-garo-yepremian,Garo Yepremian,MIA,OAK,3,3,0,0,
1975-09-28,1975,2,REG,1975_02_BUF_PIT,nfl-john-leypoldt,John Leypoldt,BUF,PIT,3,4,1,1,37
1975-09-28,1975,2,REG,1975_02_BUF_PIT,nfl-roy-gerela,Roy Gerela,PIT,BUF,3,3,0,1,
1975-09-28,1975,2,REG,1975_02_CIN_NO,nfl-dave-green,Dave Green,CIN,NO,3,3,0,1,
1975-09-28,1975,2,REG,1975_02_DET_ATL,nfl-errol-mann,Errol Mann,DET,ATL,2,2,1,2,29
1975-09-28,1975,2,REG,1975_02_DET_ATL,nfl-nick-mike-mayer,Nick Mike-Mayer,ATL,DET,2,2,0,0,
1975-09-28,1975,2,REG,1975_02_LA_SF,nfl-steve-mike-mayer,Steve Mike-Mayer,SF,LA,2,2,0,2,
1975-09-28,1975,2,REG,1975_02_MIA_NE,nfl-john-smith-2,John Smith,NE,MIA,2,2,0,1,
1975-09-28,1975,2,REG,1975_02_MIN_CLE,nfl-don-cockroft,Don Cockroft,CLE,MIN,1,1,1,1,38
1975-09-28,1975,2,REG,1975_02_MIN_CLE,nfl-fred-cox,Fred Cox,MIN,CLE,6,6,0,0,
1975-09-28,1975,2,REG,1975_02_NYG_WAS,nfl-george-hunt,George Hunt,NYG,WAS,1,2,0,0,
1975-09-28,1975,2,REG,1975_02_NYG_WAS,nfl-mark-moseley,Mark Moseley,WAS,NYG,7,7,0,1,
1975-09-28,1975,2,REG,1975_02_NYJ_KC,nfl-jan-stenerud,Jan Stenerud,KC,NYJ,3,3,1,1,35
1975-09-28,1975,2,REG,1975_02_NYJ_KC,nfl-pat-leahy,Pat Leahy,NYJ,KC,3,3,1,1,32
1975-09-28,1975,2,REG,1975_02_SD_HOU,nfl-ray-wersching,Ray Wersching,SD,HOU,2,2,1,2,29
1975-09-28,1975,2,REG,1975_02_STL_DAL,nfl-jim-bakken,Jim Bakken,STL,DAL,4,4,1,1,28
1975-09-28,1975,2,REG,1975_02_STL_DAL,nfl-toni-fritsch,Toni Fritsch,DAL,STL,4,4,1,3,40
1975-10-05,1975,3,REG,1975_03_BAL_LA,nfl-tom-dempsey,Tom Dempsey,LA,BAL,3,3,1,1,27
1975-10-05,1975,3,REG,1975_03_BAL_LA,nfl-toni-linhart,Toni Linhart,BAL,LA,1,2,0,0,
1975-10-05,1975,3,REG,1975_03_CHI_MIN,nfl-bob-thomas,Bob Thomas,CHI,MIN,0,0,1,1,46
1975-10-05,1975,3,REG,1975_03_CHI_MIN,nfl-fred-cox,Fred Cox,MIN,CHI,4,4,0,0,
1975-10-05,1975,3,REG,1975_03_CIN_HOU,nfl-dave-green,Dave Green,CIN,HOU,3,3,0,0,
1975-10-05,1975,3,REG,1975_03_CIN_HOU,nfl-skip-butler,Skip Butler,HOU,CIN,2,2,1,1,37
1975-10-05,1975,3,REG,1975_03_DEN_BUF,nfl-jim-turner-2,Jim Turner,DEN,BUF,2,2,0,0,
1975-10-05,1975,3,REG,1975_03_DEN_BUF,nfl-john-leypoldt,John Leypoldt,BUF,DEN,5,5,1,1,39
1975-10-05,1975,3,REG,1975_03_MIA_GB,nfl-garo-yepremian,Garo Yepremian,MIA,GB,4,4,1,1,31
1975-10-05,1975,3,REG,1975_03_MIA_GB,nfl-joe-danelo,Joe Danelo,GB,MIA,1,1,0,1,
1975-10-05,1975,3,REG,1975_03_NE_NYJ,nfl-john-smith-2,John Smith,NE,NYJ,1,1,0,0,
1975-10-05,1975,3,REG,1975_03_NE_NYJ,nfl-pat-leahy,Pat Leahy,NYJ,NE,3,5,1,2,47
1975-10-05,1975,3,REG,1975_03_NO_ATL,nfl-bill-mcclard,Bill McClard,NO,ATL,1,1,0,3,
1975-10-05,1975,3,REG,1975_03_NO_ATL,nfl-nick-mike-mayer,Nick Mike-Mayer,ATL,NO,2,2,0,1,
1975-10-05,1975,3,REG,1975_03_NYG_STL,nfl-george-hunt,George Hunt,NYG,STL,2,2,0,0,
1975-10-05,1975,3,REG,1975_03_PIT_CLE,nfl-don-cockroft,Don Cockroft,CLE,PIT,0,1,0,0,
1975-10-05,1975,3,REG,1975_03_PIT_CLE,nfl-roy-gerela,Roy Gerela,PIT,CLE,6,6,0,0,
1975-10-05,1975,3,REG,1975_03_SF_KC,nfl-jan-stenerud,Jan Stenerud,KC,SF,0,0,1,1,19
1975-10-05,1975,3,REG,1975_03_WAS_PHI,nfl-mark-moseley,Mark Moseley,WAS,PHI,1,1,1,2,45
1975-10-06,1975,3,REG,1975_03_DAL_DET,nfl-errol-mann,Errol Mann,DET,DAL,1,1,1,1,21
1975-10-12,1975,4,REG,1975_04_ATL_SF,nfl-nick-mike-mayer,Nick Mike-Mayer,ATL,SF,2,2,1,1,27
1975-10-12,1975,4,REG,1975_04_ATL_SF,nfl-steve-mike-mayer,Steve Mike-Mayer,SF,ATL,0,0,1,2,26
1975-10-12,1975,4,REG,1975_04_BUF_BAL,nfl-john-leypoldt,John Leypoldt,BUF,BAL,5,5,1,1,44
1975-10-12,1975,4,REG,1975_04_BUF_BAL,nfl-toni-linhart,Toni Linhart,BAL,BUF,4,4,1,2,19
1975-10-12,1975,4,REG,1975_04_CHI_DET,nfl-bob-thomas,Bob Thomas,CHI,DET,1,1,0,0,
1975-10-12,1975,4,REG,1975_04_CHI_DET,nfl-errol-mann,Errol Mann,DET,CHI,3,4,0,1,
1975-10-12,1975,4,REG,1975_04_DAL_NYG,nfl-george-hunt,George Hunt,NYG,DAL,1,1,0,0,
1975-10-12,1975,4,REG,1975_04_GB_NO,nfl-joe-danelo,Joe Danelo,GB,NO,2,2,1,1,45
1975-10-12,1975,4,REG,1975_04_HOU_CLE,nfl-don-cockroft,Don Cockroft,CLE,HOU,1,1,1,1,39
1975-10-12,1975,4,REG,1975_04_LA_SD,nfl-ray-wersching,Ray Wersching,SD,LA,1,1,1,3,36
1975-10-12,1975,4,REG,1975_04_NE_CIN,nfl-john-smith-2,John Smith,NE,CIN,1,1,1,1,35
1975-10-12,1975,4,REG,1975_04_NYJ_MIN,nfl-pat-leahy,Pat Leahy,NYJ,MIN,3,3,0,1,
1975-10-12,1975,4,REG,1975_04_OAK_KC,nfl-jan-stenerud,Jan Stenerud,KC,OAK,6,6,0,2,
1975-10-12,1975,4,REG,1975_04_PHI_MIA,nfl-garo-yepremian,Garo Yepremian,MIA,PHI,3,3,1,1,40
1975-10-12,1975,4,REG,1975_04_PHI_MIA,nfl-horst-muhlmann,Horst Muhlmann,PHI,MIA,1,2,1,1,42
1975-10-13,1975,4,REG,1975_04_STL_WAS,nfl-jim-bakken,Jim Bakken,STL,WAS,2,2,1,1,47
1975-10-19,1975,5,REG,1975_05_ATL_LA,nfl-nick-mike-mayer,Nick Mike-Mayer,ATL,LA,1,1,0,0,
1975-10-19,1975,5,REG,1975_05_BAL_NE,nfl-john-smith-2,John Smith,NE,BAL,3,3,0,1,
1975-10-19,1975,5,REG,1975_05_BAL_NE,nfl-toni-linhart,Toni Linhart,BAL,NE,1,1,1,1,34
1975-10-19,1975,5,REG,1975_05_CHI_PIT,nfl-bob-thomas,Bob Thomas,CHI,PIT,0,0,1,2,32
1975-10-19,1975,5,REG,1975_05_GB_DAL,nfl-toni-fritsch,Toni Fritsch,DAL,GB,2,2,1,2,24
1975-10-19,1975,5,REG,1975_05_KC_SD,nfl-ray-wersching,Ray Wersching,SD,KC,1,1,1,3,36
1975-10-19,1975,5,REG,1975_05_MIA_NYJ,nfl-garo-yepremian,Garo Yepremian,MIA,NYJ,4,6,1,1,18
1975-10-19,1975,5,REG,1975_05_NO_SF,nfl-richie-szaro,Richie Szaro,NO,SF,3,3,0,0,
1975-10-19,1975,5,REG,1975_05_NO_SF,nfl-steve-mike-mayer,Steve Mike-Mayer,SF,NO,5,5,0,1,
1975-10-19,1975,5,REG,1975_05_OAK_CIN,nfl-dave-green,Dave Green,CIN,OAK,2,2,0,1,
1975-10-19,1975,5,REG,1975_05_PHI_STL,nfl-jim-bakken,Jim Bakken,STL,PHI,4,4,1,1,24
1975-10-19,1975,5,REG,1975_05_WAS_HOU,nfl-mark-moseley,Mark Moseley,WAS,HOU,1,1,1,2,32
1975-10-19,1975,5,REG,1975_05_WAS_HOU,nfl-skip-butler,Skip Butler,HOU,WAS,1,2,0,1,
1975-10-20,1975,5,REG,1975_05_NYG_BUF,nfl-george-hunt,George Hunt,NYG,BUF,2,2,1,3,37
1975-10-20,1975,5,REG,1975_05_NYG_BUF,nfl-john-leypoldt,John Leypoldt,BUF,NYG,2,2,0,2,
1975-10-25,1975,6,REG,1975_06_STL_NYG,nfl-george-hunt,George Hunt,NYG,STL,1,2,0,1,
1975-10-26,1975,6,REG,1975_06_BAL_NYJ,nfl-pat-leahy,Pat Leahy,NYJ,BAL,4,4,0,0,
1975-10-26,1975,6,REG,1975_06_BAL_NYJ,nfl-toni-linhart,Toni Linhart,BAL,NYJ,6,6,1,2,36
1975-10-26,1975,6,REG,1975_06_CIN_ATL,nfl-dave-green,Dave Green,CIN,ATL,3,3,0,1,
1975-10-26,1975,6,REG,1975_06_CIN_ATL,nfl-nick-mike-mayer,Nick Mike-Mayer,ATL,CIN,2,2,0,0,
1975-10-26,1975,6,REG,1975_06_DAL_PHI,nfl-horst-muhlmann,Horst Muhlmann,PHI,DAL,2,2,1,1,28
1975-10-26,1975,6,REG,1975_06_DEN_KC,nfl-jim-turner-2,Jim Turner,DEN,KC,1,1,0,1,
1975-10-26,1975,6,REG,1975_06_DET_HOU,nfl-skip-butler,Skip Butler,HOU,DET,3,3,1,2,42
1975-10-26,1975,6,REG,1975_06_MIA_BUF,nfl-garo-yepremian,Garo Yepremian,MIA,BUF,5,5,0,0,
1975-10-26,1975,6,REG,1975_06_MIA_BUF,nfl-john-leypoldt,John Leypoldt,BUF,MIA,3,4,1,2,45
1975-10-26,1975,6,REG,1975_06_NO_LA,nfl-richie-szaro,Richie Szaro,NO,LA,2,2,0,1,
1975-10-26,1975,6,REG,1975_06_NO_LA,nfl-tom-dempsey,Tom Dempsey,LA,NO,5,5,1,1,39
1975-10-26,1975,6,REG,1975_06_PIT_GB,nfl-joe-danelo,Joe Danelo,GB,PIT,1,2,0,0,
1975-10-26,1975,6,REG,1975_06_SD_OAK,nfl-ray-wersching,Ray Wersching,SD,OAK,0,0,0,1,
1975-10-26,1975,6,REG,1975_06_SF_NE,nfl-john-smith-2,John Smith,NE,SF,3,3,1,2,44
1975-10-26,1975,6,REG,1975_06_SF_NE,nfl-steve-mike-mayer,Steve Mike-Mayer,SF,NE,1,2,1,2,28
1975-10-26,1975,6,REG,1975_06_WAS_CLE,nfl-don-cockroft,Don Cockroft,CLE,WAS,1,1,0,1,
1975-10-26,1975,6,REG,1975_06_WAS_CLE,nfl-mark-moseley,Mark Moseley,WAS,CLE,2,3,1,1,37
1975-10-27,1975,6,REG,1975_06_MIN_CHI,nfl-bob-thomas,Bob Thomas,CHI,MIN,1,1,0,1,
1975-11-01,1975,7,REG,1975_07_SD_NYG,nfl-george-hunt,George Hunt,NYG,SD,5,5,0,0,
1975-11-01,1975,7,REG,1975_07_SD_NYG,nfl-ray-wersching,Ray Wersching,SD,NYG,3,3,1,1,26
1975-11-02,1975,7,REG,1975_07_ATL_NO,nfl-nick-mike-mayer,Nick Mike-Mayer,ATL,NO,1,1,0,0,
1975-11-02,1975,7,REG,1975_07_BUF_NYJ,nfl-john-leypoldt,John Leypoldt,BUF,NYJ,3,3,1,1,40
1975-11-02,1975,7,REG,1975_07_CLE_BAL,nfl-don-cockroft,Don Cockroft,CLE,BAL,1,1,0,0,
1975-11-02,1975,7,REG,1975_07_CLE_BAL,nfl-toni-linhart,Toni Linhart,BAL,CLE,3,3,0,1,
1975-11-02,1975,7,REG,1975_07_DAL_WAS,nfl-mark-moseley,Mark Moseley,WAS,DAL,3,3,1,3,43
1975-11-02,1975,7,REG,1975_07_DAL_WAS,nfl-toni-fritsch,Toni Fritsch,DAL,WAS,3,3,1,3,33
1975-11-02,1975,7,REG,1975_07_DET_SF,nfl-errol-mann,Errol Mann,DET,SF,4,4,0,0,
1975-11-02,1975,7,REG,1975_07_DET_SF,nfl-steve-mike-mayer,Steve Mike-Mayer,SF,DET,2,2,1,1,25
1975-11-02,1975,7,REG,1975_07_HOU_KC,nfl-skip-butler,Skip Butler,HOU,KC,2,2,1,3,44
1975-11-02,1975,7,REG,1975_07_MIN_GB,nfl-fred-cox,Fred Cox,MIN,GB,4,4,0,1,
1975-11-02,1975,7,REG,1975_07_MIN_GB,nfl-joe-danelo,Joe Danelo,GB,MIN,2,2,1,1,23
1975-11-02,1975,7,REG,1975_07_NE_STL,nfl-jim-bakken,Jim Bakken,STL,NE,3,3,1,2,21
1975-11-02,1975,7,REG,1975_07_NE_STL,nfl-john-smith-2,John Smith,NE,STL,2,2,1,1,32
1975-11-02,1975,7,REG,1975_07_OAK_DEN,nfl-jim-turner-2,Jim Turner,DEN,OAK,2,2,1,2,53
1975-11-02,1975,7,REG,1975_07_PIT_CIN,nfl-dave-green,Dave Green,CIN,PIT,3,3,1,1,23
1975-11-02,1975,7,REG,1975_07_PIT_CIN,nfl-roy-gerela,Roy Gerela,PIT,CIN,3,4,1,1,42
1975-11-03,1975,7,REG,1975_07_LA_PHI,nfl-horst-muhlmann,Horst Muhlmann,PHI,LA,0,0,1,1,36
1975-11-03,1975,7,REG,1975_07_LA_PHI,nfl-tom-dempsey,Tom Dempsey,LA,PHI,6,6,0,0,
1975-11-09,1975,8,REG,1975_08_ATL_MIN,nfl-fred-cox,Fred Cox,MIN,ATL,5,5,1,1,45
1975-11-09,1975,8,REG,1975_08_BAL_BUF,nfl-john-leypoldt,John Leypoldt,BUF,BAL,5,5,0,0,
1975-11-09,1975,8,REG,1975_08_BAL_BUF,nfl-toni-linhart,Toni Linhart,BAL,BUF,6,6,0,0,
1975-11-09,1975,8,REG,1975_08_CIN_DEN,nfl-dave-green,Dave Green,CIN,DEN,2,2,1,3,45
1975-11-09,1975,8,REG,1975_08_CIN_DEN,nfl-jim-turner-2,Jim Turner,DEN,CIN,1,1,1,1,38
1975-11-09,1975,8,REG,1975_08_CLE_DET,nfl-don-cockroft,Don Cockroft,CLE,DET,1,1,1,1,32
1975-11-09,1975,8,REG,1975_08_CLE_DET,nfl-errol-mann,Errol Mann,DET,CLE,3,3,0,1,
1975-11-09,1975,8,REG,1975_08_GB_CHI,nfl-joe-danelo,Joe Danelo,GB,CHI,2,2,0,0,
1975-11-09,1975,8,REG,1975_08_HOU_PIT,nfl-roy-gerela,Roy Gerela,PIT,HOU,3,3,1,2,22
1975-11-09,1975,8,REG,1975_08_HOU_PIT,nfl-skip-butler,Skip Butler,HOU,PIT,2,2,1,2,48
1975-11-09,1975,8,REG,1975_08_NO_OAK,nfl-richie-szaro,Richie Szaro,NO,OAK,1,1,1,1,30
1975-11-09,1975,8,REG,1975_08_NYJ_MIA,nfl-garo-yepremian,Garo Yepremian,MIA,NYJ,3,4,0,0,
1975-11-09,1975,8,REG,1975_08_NYJ_MIA,nfl-pat-leahy,Pat Leahy,NYJ,MIA,1,1,0,2,
1975-11-09,1975,8,REG,1975_08_SF_LA,nfl-steve-mike-mayer,Steve Mike-Mayer,SF,LA,3,3,1,1,54
1975-11-09,1975,8,REG,1975_08_SF_LA,nfl-tom-dempsey,Tom Dempsey,LA,SF,2,3,1,1,23
1975-11-09,1975,8,REG,1975_08_STL_PHI,nfl-jim-bakken,Jim Bakken,STL,PHI,3,3,1,1,30
1975-11-09,1975,8,REG,1975_08_WAS_NYG,nfl-mark-moseley,Mark Moseley,WAS,NYG,3,3,0,0,
1975-11-10,1975,8,REG,1975_08_KC_DAL,nfl-toni-fritsch,Toni Fritsch,DAL,KC,4,4,1,2,31
1975-11-16,1975,9,REG,1975_09_CHI_SF,nfl-bob-thomas,Bob Thomas,CHI,SF,0,0,1,2,33
1975-11-16,1975,9,REG,1975_09_CHI_SF,nfl-steve-mike-mayer,Steve Mike-Mayer,SF,CHI,4,4,1,2,23
1975-11-16,1975,9,REG,1975_09_CLE_OAK,nfl-don-cockroft,Don Cockroft,CLE,OAK,2,2,1,1,25
1975-11-16,1975,9,REG,1975_09_DAL_NE,nfl-john-smith-2,John Smith,NE,DAL,4,4,1,1,29
1975-11-16,1975,9,REG,1975_09_DEN_SD,nfl-ray-wersching,Ray Wersching,SD,DEN,2,2,1,1,22
1975-11-16,1975,9,REG,1975_09_GB_DET,nfl-joe-danelo,Joe Danelo,GB,DET,1,1,1,2,28
1975-11-16,1975,9,REG,1975_09_KC_PIT,nfl-jan-stenerud,Jan Stenerud,KC,PIT,0,0,1,2,32
1975-11-16,1975,9,REG,1975_09_KC_PIT,nfl-roy-gerela,Roy Gerela,PIT,KC,4,4,0,0,
1975-11-16,1975,9,REG,1975_09_LA_ATL,nfl-nick-mike-mayer,Nick Mike-Mayer,ATL,LA,1,1,0,0,
1975-11-16,1975,9,REG,1975_09_MIA_HOU,nfl-garo-yepremian,Garo Yepremian,MIA,HOU,1,3,0,0,
1975-11-16,1975,9,REG,1975_09_MIN_NO,nfl-fred-cox,Fred Cox,MIN,NO,2,3,0,0,
1975-11-16,1975,9,REG,1975_09_MIN_NO,nfl-richie-szaro,Richie Szaro,NO,MIN,1,1,0,0,
1975-11-16,1975,9,REG,1975_09_NYJ_BAL,nfl-toni-linhart,Toni Linhart,BAL,NYJ,7,7,1,1,36
1975-11-16,1975,9,REG,1975_09_PHI_NYG,nfl-george-hunt,George Hunt,NYG,PHI,1,1,1,1,34
1975-11-16,1975,9,REG,1975_09_WAS_STL,nfl-mark-moseley,Mark Moseley,WAS,STL,2,2,1,2,42
1975-11-17,1975,9,REG,1975_09_BUF_CIN,nfl-john-leypoldt,John Leypoldt,BUF,CIN,3,3,1,1,28
1975-11-23,1975,10,REG,1975_10_BAL_MIA,nfl-garo-yepremian,Garo Yepremian,MIA,BAL,2,2,1,2,28
1975-11-23,1975,10,REG,1975_10_BAL_MIA,nfl-toni-linhart,Toni Linhart,BAL,MIA,4,4,1,1,42
1975-11-23,1975,10,REG,1975_10_CHI_LA,nfl-bob-thomas,Bob Thomas,CHI,LA,1,1,1,2,55
1975-11-23,1975,10,REG,1975_10_CHI_LA,nfl-tom-dempsey,Tom Dempsey,LA,CHI,5,5,1,1,27
1975-11-23,1975,10,REG,1975_10_CIN_CLE,nfl-dave-green,Dave Green,CIN,CLE,2,3,1,2,21
1975-11-23,1975,10,REG,1975_10_DEN_ATL,nfl-jim-turner-2,Jim Turner,DEN,ATL,3,3,0,2,
1975-11-23,1975,10,REG,1975_10_DEN_ATL,nfl-nick-mike-mayer,Nick Mike-Mayer,ATL,DEN,5,5,0,0,
1975-11-23,1975,10,REG,1975_10_DET_KC,nfl-jan-stenerud,Jan Stenerud,KC,DET,3,3,1,3,26
1975-11-23,1975,10,REG,1975_10_NE_BUF,nfl-john-leypoldt,John Leypoldt,BUF,NE,6,6,1,2,28
1975-11-23,1975,10,REG,1975_10_NE_BUF,nfl-john-smith-2,John Smith,NE,BUF,4,4,1,2,34
1975-11-23,1975,10,REG,1975_10_NYG_GB,nfl-george-hunt,George Hunt,NYG,GB,2,2,0,0,
1975-11-23,1975,10,REG,1975_10_NYG_GB,nfl-joe-danelo,Joe Danelo,GB,NYG,5,5,1,2,28
1975-11-23,1975,10,REG,1975_10_OAK_WAS,nfl-mark-moseley,Mark Moseley,WAS,OAK,2,3,1,2,34
1975-11-23,1975,10,REG,1975_10_PHI_DAL,nfl-horst-muhlmann,Horst Muhlmann,PHI,DAL,2,2,1,3,23
1975-11-23,1975,10,REG,1975_10_SD_MIN,nfl-fred-cox,Fred Cox,MIN,SD,4,4,0,1,
1975-11-23,1975,10,REG,1975_10_SD_MIN,nfl-ray-wersching,Ray Wersching,SD,MIN,0,1,0,1,
1975-11-23,1975,10,REG,1975_10_SF_NO,nfl-steve-mike-mayer,Steve Mike-Mayer,SF,NO,1,2,1,1,35
1975-11-23,1975,10,REG,1975_10_STL_NYJ,nfl-jim-bakken,Jim Bakken,STL,NYJ,4,4,1,1,31
1975-11-24,1975,10,REG,1975_10_PIT_HOU,nfl-roy-gerela,Roy Gerela,PIT,HOU,3,4,1,1,30
1975-11-24,1975,10,REG,1975_10_PIT_HOU,nfl-skip-butler,Skip Butler,HOU,PIT,0,1,1,2,27
1975-11-27,1975,11,REG,1975_11_BUF_STL,nfl-jim-bakken,Jim Bakken,STL,BUF,2,2,0,1,
1975-11-27,1975,11,REG,1975_11_LA_DET,nfl-tom-dempsey,Tom Dempsey,LA,DET,2,3,0,0,
1975-11-30,1975,11,REG,1975_11_ATL_OAK,nfl-nick-mike-mayer,Nick Mike-Mayer,ATL,OAK,4,5,0,1,
1975-11-30,1975,11,REG,1975_11_CHI_GB,nfl-bob-thomas,Bob Thomas,CHI,GB,1,1,0,0,
1975-11-30,1975,11,REG,1975_11_CHI_GB,nfl-joe-danelo,Joe Danelo,GB,CHI,4,4,0,0,
1975-11-30,1975,11,REG,1975_11_HOU_CIN,nfl-dave-green,Dave Green,CIN,HOU,2,3,1,1,33
1975-11-30,1975,11,REG,1975_11_HOU_CIN,nfl-skip-butler,Skip Butler,HOU,CIN,2,2,1,1,22
1975-11-30,1975,11,REG,1975_11_KC_BAL,nfl-jan-stenerud,Jan Stenerud,KC,BAL,2,2,0,0,
1975-11-30,1975,11,REG,1975_11_KC_BAL,nfl-toni-linhart,Toni Linhart,BAL,KC,4,4,0,1,
1975-11-30,1975,11,REG,1975_11_MIN_WAS,nfl-fred-cox,Fred Cox,MIN,WAS,3,4,1,3,33
1975-11-30,1975,11,REG,1975_11_MIN_WAS,nfl-mark-moseley,Mark Moseley,WAS,MIN,4,4,1,1,32
1975-11-30,1975,11,REG,1975_11_NO_CLE,nfl-don-cockroft,Don Cockroft,CLE,NO,2,2,1,1,28
1975-11-30,1975,11,REG,1975_11_NO_CLE,nfl-richie-szaro,Richie Szaro,NO,CLE,1,1,1,1,28
1975-11-30,1975,11,REG,1975_11_NYG_DAL,nfl-george-hunt,George Hunt,NYG,DAL,0,0,1,1,35
1975-11-30,1975,11,REG,1975_11_NYG_DAL,nfl-toni-fritsch,Toni Fritsch,DAL,NYG,2,2,0,1,
1975-11-30,1975,11,REG,1975_11_PIT_NYJ,nfl-pat-leahy,Pat Leahy,NYJ,PIT,1,1,0,0,
1975-11-30,1975,11,REG,1975_11_SD_DEN,nfl-ray-wersching,Ray Wersching,SD,DEN,1,1,1,1,34
1975-11-30,1975,11,REG,1975_11_SF_PHI,nfl-steve-mike-mayer,Steve Mike-Mayer,SF,PHI,2,2,1,2,20
1975-12-01,1975,11,REG,1975_11_NE_MIA,nfl-john-smith-2,John Smith,NE,MIA,1,1,0,1,
1975-12-07,1975,12,REG,1975_12_BAL_NYG,nfl-toni-linhart,Toni Linhart,BAL,NYG,3,3,0,0,
1975-12-07,1975,12,REG,1975_12_BUF_MIA,nfl-garo-yepremian,Garo Yepremian,MIA,BUF,4,4,1,1,20
1975-12-07,1975,12,REG,1975_12_BUF_MIA,nfl-john-leypoldt,John Leypoldt,BUF,MIA,3,3,0,0,
1975-12-07,1975,12,REG,1975_12_CIN_PHI,nfl-dave-green,Dave Green,CIN,PHI,4,4,1,2,48
1975-12-07,1975,12,REG,1975_12_CIN_PHI,nfl-horst-muhlmann,Horst Muhlmann,PHI,CIN,0,0,0,1,
1975-12-07,1975,12,REG,1975_12_CLE_PIT,nfl-don-cockroft,Don Cockroft,CLE,PIT,2,2,1,1,26
1975-12-07,1975,12,REG,1975_12_CLE_PIT,nfl-roy-gerela,Roy Gerela,PIT,CLE,4,4,1,2,32
1975-12-07,1975,12,REG,1975_12_DAL_STL,nfl-jim-bakken,Jim Bakken,STL,DAL,4,4,1,1,27
1975-12-07,1975,12,REG,1975_12_DAL_STL,nfl-toni-fritsch,Toni Fritsch,DAL,STL,2,2,1,1,23
1975-12-07,1975,12,REG,1975_12_DET_CHI,nfl-errol-mann,Errol Mann,DET,CHI,3,3,0,1,
1975-12-07,1975,12,REG,1975_12_GB_MIN,nfl-fred-cox,Fred Cox,MIN,GB,3,3,1,1,37
1975-12-07,1975,12,REG,1975_12_GB_MIN,nfl-joe-danelo,Joe Danelo,GB,MIN,0,0,1,1,22
1975-12-07,1975,12,REG,1975_12_LA_NO,nfl-richie-szaro,Richie Szaro,NO,LA,1,1,0,0,
1975-12-07,1975,12,REG,1975_12_NYJ_NE,nfl-john-smith-2,John Smith,NE,NYJ,4,4,0,1,
1975-12-07,1975,12,REG,1975_12_SD_KC,nfl-ray-wersching,Ray Wersching,SD,KC,4,4,0,1,
1975-12-08,1975,12,REG,1975_12_DEN_OAK,nfl-jim-turner-2,Jim Turner,DEN,OAK,1,1,1,2,18
1975-12-13,1975,13,REG,1975_13_CIN_PIT,nfl-dave-green,Dave Green,CIN,PIT,2,2,0,2,
1975-12-13,1975,13,REG,1975_13_CIN_PIT,nfl-roy-gerela,Roy Gerela,PIT,CIN,5,5,0,0,
1975-12-13,1975,13,REG,1975_13_WAS_DAL,nfl-mark-moseley,Mark Moseley,WAS,DAL,1,1,1,1,48
1975-12-13,1975,13,REG,1975_13_WAS_DAL,nfl-toni-fritsch,Toni Fritsch,DAL,WAS,4,4,1,1,19
1975-12-14,1975,13,REG,1975_13_BUF_NE,nfl-john-leypoldt,John Leypoldt,BUF,NE,4,5,0,1,
1975-12-14,1975,13,REG,1975_13_BUF_NE,nfl-john-smith-2,John Smith,NE,BUF,2,2,0,0,
1975-12-14,1975,13,REG,1975_13_GB_LA,nfl-joe-danelo,Joe Danelo,GB,LA,0,0,1,2,48
1975-12-14,1975,13,REG,1975_13_KC_CLE,nfl-don-cockroft,Don Cockroft,CLE,KC,5,5,1,3,26
1975-12-14,1975,13,REG,1975_13_KC_CLE,nfl-jan-stenerud,Jan Stenerud,KC,CLE,2,2,0,0,
1975-12-14,1975,13,REG,1975_13_MIA_BAL,nfl-garo-yepremian,Garo Yepremian,MIA,BAL,1,1,0,2,
1975-12-14,1975,13,REG,1975_13_MIA_BAL,nfl-toni-linhart,Toni Linhart,BAL,MIA,1,1,1,2,31
1975-12-14,1975,13,REG,1975_13_MIN_DET,nfl-errol-mann,Errol Mann,DET,MIN,2,2,1,1,30
1975-12-14,1975,13,REG,1975_13_MIN_DET,nfl-fred-cox,Fred Cox,MIN,DET,1,1,1,1,39
1975-12-14,1975,13,REG,1975_13_NO_NYG,nfl-george-hunt,George Hunt,NYG,NO,4,4,0,0,
1975-12-14,1975,13,REG,1975_13_NO_NYG,nfl-richie-szaro,Richie Szaro,NO,NYG,2,2,0,0,
1975-12-14,1975,13,REG,1975_13_PHI_DEN,nfl-horst-muhlmann,Horst Muhlmann,PHI,DEN,1,1,1,2,19
1975-12-14,1975,13,REG,1975_13_SF_ATL,nfl-nick-mike-mayer,Nick Mike-Mayer,ATL,SF,4,4,1,2,22
1975-12-14,1975,13,REG,1975_13_SF_ATL,nfl-steve-mike-mayer,Steve Mike-Mayer,SF,ATL,0,1,1,2,26
1975-12-14,1975,13,REG,1975_13_STL_CHI,nfl-bob-thomas,Bob Thomas,CHI,STL,2,3,0,1,
1975-12-15,1975,13,REG,1975_13_NYJ_SD,nfl-pat-leahy,Pat Leahy,NYJ,SD,1,1,1,1,20
1975-12-15,1975,13,REG,1975_13_NYJ_SD,nfl-ray-wersching,Ray Wersching,SD,NYJ,3,3,1,3,45
1975-12-20,1975,14,REG,1975_14_DEN_MIA,nfl-garo-yepremian,Garo Yepremian,MIA,DEN,2,2,0,0,
1975-12-20,1975,14,REG,1975_14_MIN_BUF,nfl-fred-cox,Fred Cox,MIN,BUF,5,5,0,0,
1975-12-20,1975,14,REG,1975_14_MIN_BUF,nfl-john-leypoldt,John Leypoldt,BUF,MIN,1,2,0,1,
1975-12-20,1975,14,REG,1975_14_PIT_LA,nfl-roy-gerela,Roy Gerela,PIT,LA,0,0,1,1,20
1975-12-20,1975,14,REG,1975_14_PIT_LA,nfl-tom-dempsey,Tom Dempsey,LA,PIT,1,1,1,2,26
1975-12-21,1975,14,REG,1975_14_ATL_GB,nfl-nick-mike-mayer,Nick Mike-Mayer,ATL,GB,1,2,0,2,
1975-12-21,1975,14,REG,1975_14_CHI_NO,nfl-bob-thomas,Bob Thomas,CHI,NO,6,6,0,1,
1975-12-21,1975,14,REG,1975_14_CHI_NO,nfl-richie-szaro,Richie Szaro,NO,CHI,2,2,1,2,19
1975-12-21,1975,14,REG,1975_14_CLE_HOU,nfl-don-cockroft,Don Cockroft,CLE,HOU,1,1,1,2,42
1975-12-21,1975,14,REG,1975_14_CLE_HOU,nfl-skip-butler,Skip Butler,HOU,CLE,3,3,0,0,
1975-12-21,1975,14,REG,1975_14_DAL_NYJ,nfl-pat-leahy,Pat Leahy,NYJ,DAL,3,3,0,0,
1975-12-21,1975,14,REG,1975_14_DAL_NYJ,nfl-toni-fritsch,Toni Fritsch,DAL,NYJ,4,4,1,1,22
1975-12-21,1975,14,REG,1975_14_NE_BAL,nfl-john-smith-2,John Smith,NE,BAL,3,3,0,0,
1975-12-21,1975,14,REG,1975_14_NYG_SF,nfl-george-hunt,George Hunt,NYG,SF,2,4,0,0,
1975-12-21,1975,14,REG,1975_14_NYG_SF,nfl-steve-mike-mayer,Steve Mike-Mayer,SF,NYG,2,3,1,4,40
1975-12-21,1975,14,REG,1975_14_PHI_WAS,nfl-mark-moseley,Mark Moseley,WAS,PHI,0,0,1,2,25
1975-12-21,1975,14,REG,1975_14_SD_CIN,nfl-dave-green,Dave Green,CIN,SD,5,7,0,0,
1975-12-21,1975,14,REG,1975_14_SD_CIN,nfl-ray-wersching,Ray Wersching,SD,CIN,2,2,1,2,43
1975-12-21,1975,14,REG,1975_14_STL_DET,nfl-errol-mann,Errol Mann,DET,STL,1,2,0,1,
1975-12-21,1975,14,REG,1975_14_STL_DET,nfl-jim-bakken,Jim Bakken,STL,DET,3,3,1,2,24
1976-09-12,1976,1,REG,1976_01_DEN_CIN,nfl-chris-bahr,Chris Bahr,CIN,DEN,2,2,1,3,21
1976-09-12,1976,1,REG,1976_01_DEN_CIN,nfl-jim-turner-2,Jim Turner,DEN,CIN,1,1,0,0,
1976-09-12,1976,1,REG,1976_01_DET_CHI,nfl-bob-thomas,Bob Thomas,CHI,DET,1,1,1,2,27
1976-09-12,1976,1,REG,1976_01_DET_CHI,nfl-errol-mann,Errol Mann,DET,CHI,0,0,1,2,27
1976-09-12,1976,1,REG,1976_01_LA_ATL,nfl-nick-mike-mayer,Nick Mike-Mayer,ATL,LA,2,2,0,0,
1976-09-12,1976,1,REG,1976_01_LA_ATL,nfl-tom-dempsey,Tom Dempsey,LA,ATL,3,4,1,1,25
1976-09-12,1976,1,REG,1976_01_MIN_NO,nfl-richie-szaro,Richie Szaro,NO,MIN,0,1,1,1,45
1976-09-12,1976,1,REG,1976_01_NYG_WAS,nfl-joe-danelo,Joe Danelo,NYG,WAS,2,2,1,2,20
1976-09-12,1976,1,REG,1976_01_NYG_WAS,nfl-mark-moseley,Mark Moseley,WAS,NYG,2,2,1,1,22
1976-09-12,1976,1,REG,1976_01_NYJ_CLE,nfl-don-cockroft,Don Cockroft,CLE,NYJ,5,5,1,1,32
1976-09-12,1976,1,REG,1976_01_NYJ_CLE,nfl-pat-leahy,Pat Leahy,NYJ,CLE,2,2,1,1,41
1976-09-12,1976,1,REG,1976_01_PHI_DAL,nfl-horst-muhlmann,Horst Muhlmann,PHI,DAL,1,1,0,1,
1976-09-12,1976,1,REG,1976_01_PIT_OAK,nfl-fred-steinfort,Fred Steinfort,OAK,PIT,4,4,1,2,21
1976-09-12,1976,1,REG,1976_01_PIT_OAK,nfl-roy-gerela,Roy Gerela,PIT,OAK,4,4,0,1,
1976-09-12,1976,1,REG,1976_01_SD_KC,nfl-jan-stenerud,Jan Stenerud,KC,SD,1,2,1,2,28
1976-09-12,1976,1,REG,1976_01_SD_KC,nfl-toni-fritsch,Toni Fritsch,SD,KC,3,4,1,2,37
1976-09-12,1976,1,REG,1976_01_SF_GB,nfl-chester-marcol,Chester Marcol,GB,SF,2,2,0,1,
1976-09-12,1976,1,REG,1976_01_SF_GB,nfl-steve-mike-mayer,Steve Mike-Mayer,SF,GB,2,3,0,1,
1976-09-12,1976,1,REG,1976_01_STL_SEA,nfl-don-bitterlich,Don Bitterlich,SEA,STL,3,3,1,1,27
1976-09-12,1976,1,REG,1976_01_TB_HOU,nfl-mirro-roder,Mirro Roder,TB,HOU,0,0,0,1,
1976-09-13,1976,1,REG,1976_01_MIA_BUF,nfl-john-leypoldt,John Leypoldt,BUF,MIA,3,3,0,3,
1976-09-19,1976,2,REG,1976_02_ATL_DET,nfl-errol-mann,Errol Mann,DET,ATL,3,3,1,2,32
1976-09-19,1976,2,REG,1976_02_ATL_DET,nfl-nick-mike-mayer,Nick Mike-Mayer,ATL,DET,1,1,1,1,41
1976-09-19,1976,2,REG,1976_02_CHI_SF,nfl-bob-thomas,Bob Thomas,CHI,SF,2,2,1,2,35
1976-09-19,1976,2,REG,1976_02_CHI_SF,nfl-steve-mike-mayer,Steve Mike-Mayer,SF,CHI,1,1,1,1,21
1976-09-19,1976,2,REG,1976_02_CIN_BAL,nfl-toni-linhart,Toni Linhart,BAL,CIN,4,4,0,1,
1976-09-19,1976,2,REG,1976_02_CLE_PIT,nfl-don-cockroft,Don Cockroft,CLE,PIT,2,2,0,1,
1976-09-19,1976,2,REG,1976_02_CLE_PIT,nfl-roy-gerela,Roy Gerela,PIT,CLE,4,4,1,1,47
1976-09-19,1976,2,REG,1976_02_DAL_NO,nfl-efren-herrera,Efren Herrera,DAL,NO,3,3,1,1,25
1976-09-19,1976,2,REG,1976_02_DAL_NO,nfl-richie-szaro,Richie Szaro,NO,DAL,0,1,0,1,
1976-09-19,1976,2,REG,1976_02_HOU_BUF,nfl-benny-ricardo,Benny Ricardo,BUF,HOU,0,0,1,3,27
1976-09-19,1976,2,REG,1976_02_LA_MIN,nfl-fred-cox,Fred Cox,MIN,LA,1,1,1,3,33
1976-09-19,1976,2,REG,1976_02_LA_MIN,nfl-tom-dempsey,Tom Dempsey,LA,MIN,1,1,1,3,42
1976-09-19,1976,2,REG,1976_02_MIA_NE,nfl-garo-yepremian,Garo Yepremian,MIA,NE,2,2,0,0,
1976-09-19,1976,2,REG,1976_02_MIA_NE,nfl-john-smith-2,John Smith,NE,MIA,3,4,1,3,22
1976-09-19,1976,2,REG,1976_02_NYG_PHI,nfl-joe-danelo,Joe Danelo,NYG,PHI,1,1,0,0,
1976-09-19,1976,2,REG,1976_02_NYJ_DEN,nfl-pat-leahy,Pat Leahy,NYJ,DEN,0,0,1,2,25
1976-09-19,1976,2,REG,1976_02_SD_TB,nfl-mirro-roder,Mirro Roder,TB,SD,0,0,0,2,
1976-09-19,1976,2,REG,1976_02_SEA_WAS,nfl-don-bitterlich,Don Bitterlich,SEA,WAS,1,1,0,0,
1976-09-19,1976,2,REG,1976_02_SEA_WAS,nfl-mark-moseley,Mark Moseley,WAS,SEA,4,4,1,1,37
1976-09-20,1976,2,REG,1976_02_OAK_KC,nfl-fred-steinfort,Fred Steinfort,OAK,KC,3,3,1,1,37
1976-09-20,1976,2,REG,1976_02_OAK_KC,nfl-jan-stenerud,Jan Stenerud,KC,OAK,3,3,0,1,
1976-09-26,1976,3,REG,1976_03_ATL_CHI,nfl-bob-thomas,Bob Thomas,CHI,ATL,0,0,0,1,
1976-09-26,1976,3,REG,1976_03_ATL_CHI,nfl-nick-mike-mayer,Nick Mike-Mayer,ATL,CHI,1,1,1,5,45
1976-09-26,1976,3,REG,1976_03_BUF_TB,nfl-benny-ricardo,Benny Ricardo,BUF,TB,2,2,0,1,
1976-09-26,1976,3,REG,1976_03_CLE_DEN,nfl-don-cockroft,Don Cockroft,CLE,DEN,1,2,0,1,
1976-09-26,1976,3,REG,1976_03_CLE_DEN,nfl-jim-turner-2,Jim Turner,DEN,CLE,5,6,1,1,47
1976-09-26,1976,3,REG,1976_03_GB_CIN,nfl-chester-marcol,Chester Marcol,GB,CIN,1,1,0,0,
1976-09-26,1976,3,REG,1976_03_GB_CIN,nfl-chris-bahr,Chris Bahr,CIN,GB,4,4,0,4,
1976-09-26,1976,3,REG,1976_03_MIN_DET,nfl-errol-mann,Errol Mann,DET,MIN,0,0,1,2,49
1976-09-26,1976,3,REG,1976_03_MIN_DET,nfl-fred-cox,Fred Cox,MIN,DET,1,1,1,2,49
1976-09-26,1976,3,REG,1976_03_NO_KC,nfl-jan-stenerud,Jan Stenerud,KC,NO,2,2,1,2,27
1976-09-26,1976,3,REG,1976_03_NYG_LA,nfl-joe-danelo,Joe Danelo,NYG,LA,1,1,1,1,22
1976-09-26,1976,3,REG,1976_03_NYG_LA,nfl-tom-dempsey,Tom Dempsey,LA,NYG,3,3,1,1,44
1976-09-26,1976,3,REG,1976_03_OAK_HOU,nfl-fred-steinfort,Fred Steinfort,OAK,HOU,2,2,0,1,
1976-09-26,1976,3,REG,1976_03_SF_SEA,nfl-don-bitterlich,Don Bitterlich,SEA,SF,3,3,0,3,
1976-09-26,1976,3,REG,1976_03_STL_SD,nfl-jim-bakken,Jim Bakken,STL,SD,3,3,1,2,32
1976-09-26,1976,3,REG,1976_03_STL_SD,nfl-toni-fritsch,Toni Fritsch,SD,STL,4,6,1,2,39
1976-09-27,1976,3,REG,1976_03_WAS_PHI,nfl-horst-muhlmann,Horst Muhlmann,PHI,WAS,2,2,1,2,22
1976-10-03,1976,4,REG,1976_04_CIN_CLE,nfl-chris-bahr,Chris Bahr,CIN,CLE,6,6,1,1,40
1976-10-03,1976,4,REG,1976_04_CIN_CLE,nfl-don-cockroft,Don Cockroft,CLE,CIN,2,2,1,3,33
1976-10-03,1976,4,REG,1976_04_DAL_BUF,nfl-john-leypoldt,John Leypoldt,BUF,DAL,1,2,0,0,
1976-10-03,1976,4,REG,1976_04_DAL_SEA,nfl-efren-herrera,Efren Herrera,DAL,SEA,4,4,0,2,
1976-10-03,1976,4,REG,1976_04_DET_GB,nfl-chester-marcol,Chester Marcol,GB,DET,3,3,1,2,35
1976-10-03,1976,4,REG,1976_04_DET_GB,nfl-errol-mann,Errol Mann,DET,GB,2,2,0,1,
1976-10-03,1976,4,REG,1976_04_HOU_NO,nfl-skip-butler,Skip Butler,HOU,NO,4,4,1,1,31
1976-10-03,1976,4,REG,1976_04_KC_BUF,nfl-george-jakowenko,George Jakowenko,BUF,KC,5,7,1,1,30
1976-10-03,1976,4,REG,1976_04_KC_BUF,nfl-jan-stenerud,Jan Stenerud,KC,BUF,2,2,1,1,33
1976-10-03,1976,4,REG,1976_04_LA_MIA,nfl-garo-yepremian,Garo Yepremian,MIA,LA,4,4,0,1,
1976-10-03,1976,4,REG,1976_04_LA_MIA,nfl-tom-dempsey,Tom Dempsey,LA,MIA,4,4,1,4,19
1976-10-03,1976,4,REG,1976_04_NYG_STL,nfl-joe-danelo,Joe Danelo,NYG,STL,3,3,0,0,
1976-10-03,1976,4,REG,1976_04_NYJ_SF,nfl-pat-leahy,Pat Leahy,NYJ,SF,0,1,0,1,
1976-10-03,1976,4,REG,1976_04_NYJ_SF,nfl-steve-mike-mayer,Steve Mike-Mayer,SF,NYJ,2,2,1,1,31
1976-10-03,1976,4,REG,1976_04_OAK_NE,nfl-fred-steinfort,Fred Steinfort,OAK,NE,2,2,1,1,44
1976-10-03,1976,4,REG,1976_04_OAK_NE,nfl-john-smith-2,John Smith,NE,OAK,6,7,0,0,
1976-10-03,1976,4,REG,1976_04_PHI_ATL,nfl-horst-muhlmann,Horst Muhlmann,PHI,ATL,2,2,0,0,
1976-10-03,1976,4,REG,1976_04_SD_DEN,nfl-toni-fritsch,Toni Fritsch,SD,DEN,0,0,0,1,
1976-10-03,1976,4,REG,1976_04_WAS_CHI,nfl-mark-moseley,Mark Moseley,WAS,CHI,1,1,0,0,
1976-10-04,1976,4,REG,1976_04_PIT_MIN,nfl-fred-cox,Fred Cox,MIN,PIT,2,2,1,2,43
1976-10-04,1976,4,REG,1976_04_PIT_MIN,nfl-roy-gerela,Roy Gerela,PIT,MIN,0,1,0,2,
1976-10-10,1976,5,REG,1976_05_ATL_NO,nfl-richie-szaro,Richie Szaro,NO,ATL,3,4,1,1,18
1976-10-10,1976,5,REG,1976_05_BUF_NYJ,nfl-george-jakowenko,George Jakowenko,BUF,NYJ,2,2,0,1,
1976-10-10,1976,5,REG,1976_05_BUF_NYJ,nfl-pat-leahy,Pat Leahy,NYJ,BUF,2,2,1,1,38
1976-10-10,1976,5,REG,1976_05_CHI_MIN,nfl-bob-thomas,Bob Thomas,CHI,MIN,1,3,0,1,
1976-10-10,1976,5,REG,1976_05_DAL_NYG,nfl-efren-herrera,Efren Herrera,DAL,NYG,3,3,1,2,24
1976-10-10,1976,5,REG,1976_05_DAL_NYG,nfl-joe-danelo,Joe Danelo,NYG,DAL,2,2,0,1,
1976-10-10,1976,5,REG,1976_05_DEN_HOU,nfl-jim-turner-2,Jim Turner,DEN,HOU,0,0,1,2,31
1976-10-10,1976,5,REG,1976_05_DEN_HOU,nfl-skip-butler,Skip Butler,HOU,DEN,2,2,1,3,18
1976-10-10,1976,5,REG,1976_05_KC_WAS,nfl-mark-moseley,Mark Moseley,WAS,KC,3,4,1,2,30
1976-10-10,1976,5,REG,1976_05_MIA_BAL,nfl-garo-yepremian,Garo Yepremian,MIA,BAL,2,2,0,0,
1976-10-10,1976,5,REG,1976_05_MIA_BAL,nfl-toni-linhart,Toni Linhart,BAL,MIA,4,4,0,0,
1976-10-10,1976,5,REG,1976_05_NE_DET,nfl-errol-mann,Errol Mann,DET,NE,3,4,1,2,36
1976-10-10,1976,5,REG,1976_05_NE_DET,nfl-john-smith-2,John Smith,NE,DET,1,1,1,1,41
1976-10-10,1976,5,REG,1976_05_OAK_SD,nfl-fred-steinfort,Fred Steinfort,OAK,SD,3,4,0,1,
1976-10-10,1976,5,REG,1976_05_OAK_SD,nfl-toni-fritsch,Toni Fritsch,SD,OAK,2,2,1,1,45
1976-10-10,1976,5,REG,1976_05_PHI_STL,nfl-horst-muhlmann,Horst Muhlmann,PHI,STL,2,2,0,0,
1976-10-10,1976,5,REG,1976_05_PHI_STL,nfl-jim-bakken,Jim Bakken,STL,PHI,3,4,0,1,
1976-10-10,1976,5,REG,1976_05_PIT_CLE,nfl-roy-gerela,Roy Gerela,PIT,CLE,1,2,1,2,30
1976-10-10,1976,5,REG,1976_05_SEA_GB,nfl-chester-marcol,Chester Marcol,GB,SEA,3,4,0,0,
1976-10-10,1976,5,REG,1976_05_TB_CIN,nfl-chris-bahr,Chris Bahr,CIN,TB,3,3,0,1,
1976-10-11,1976,5,REG,1976_05_SF_LA,nfl-steve-mike-mayer,Steve Mike-Mayer,SF,LA,1,1,1,1,18
1976-10-11,1976,5,REG,1976_05_SF_LA,nfl-tom-dempsey,Tom Dempsey,LA,SF,0,0,0,1,
1976-10-17,1976,6,REG,1976_06_BAL_BUF,nfl-toni-linhart,Toni Linhart,BAL,BUF,4,4,1,1,21
1976-10-17,1976,6,REG,1976_06_CHI_LA,nfl-bob-thomas,Bob Thomas,CHI,LA,1,1,1,4,42
1976-10-17,1976,6,REG,1976_06_CLE_ATL,nfl-don-cockroft,Don Cockroft,CLE,ATL,2,2,0,0,
1976-10-17,1976,6,REG,1976_06_CLE_ATL,nfl-nick-mike-mayer,Nick Mike-Mayer,ATL,CLE,2,2,1,1,33
1976-10-17,1976,6,REG,1976_06_DAL_STL,nfl-efren-herrera,Efren Herrera,DAL,STL,2,2,1,1,35
1976-10-17,1976,6,REG,1976_06_DAL_STL,nfl-jim-bakken,Jim Bakken,STL,DAL,3,3,0,0,
1976-10-17,1976,6,REG,1976_06_DET_WAS,nfl-errol-mann,Errol Mann,DET,WAS,1,1,0,1,
1976-10-17,1976,6,REG,1976_06_HOU_SD,nfl-ray-wersching,Ray Wersching,SD,HOU,3,4,1,1,30
1976-10-17,1976,6,REG,1976_06_KC_MIA,nfl-garo-yepremian,Garo Yepremian,MIA,KC,2,2,1,2,27
1976-10-17,1976,6,REG,1976_06_NO_SF,nfl-richie-szaro,Richie Szaro,NO,SF,0,0,1,1,46
1976-10-17,1976,6,REG,1976_06_NYG_MIN,nfl-fred-cox,Fred Cox,MIN,NYG,3,3,1,3,23
1976-10-17,1976,6,REG,1976_06_NYG_MIN,nfl-joe-danelo,Joe Danelo,NYG,MIN,1,1,0,2,
1976-10-17,1976,6,REG,1976_06_OAK_DEN,nfl-fred-steinfort,Fred Steinfort,OAK,DEN,2,2,1,2,34
1976-10-17,1976,6,REG,1976_06_OAK_DEN,nfl-jim-turner-2,Jim Turner,DEN,OAK,1,1,1,1,21
1976-10-17,1976,6,REG,1976_06_PHI_GB,nfl-chester-marcol,Chester Marcol,GB,PHI,4,4,0,0,
1976-10-18,1976,6,REG,1976_06_NYJ_NE,nfl-john-smith-2,John Smith,NE,NYJ,5,6,0,0,
1976-10-18,1976,6,REG,1976_06_NYJ_NE,nfl-pat-leahy,Pat Leahy,NYJ,NE,1,1,0,0,
1976-10-23,1976,7,REG,1976_07_ATL_SF,nfl-nick-mike-mayer,Nick Mike-Mayer,ATL,SF,0,0,0,1,
1976-10-24,1976,7,REG,1976_07_CHI_DAL,nfl-bob-thomas,Bob Thomas,CHI,DAL,3,3,0,0,
1976-10-24,1976,7,REG,1976_07_CHI_DAL,nfl-efren-herrera,Efren Herrera,DAL,CHI,4,4,1,1,22
1976-10-24,1976,7,REG,1976_07_CIN_HOU,nfl-skip-butler,Skip Butler,HOU,CIN,1,1,0,0,
1976-10-24,1976,7,REG,1976_07_DEN_KC,nfl-jim-turner-2,Jim Turner,DEN,KC,5,5,0,0,
1976-10-24,1976,7,REG,1976_07_DET_BUF,nfl-john-leypoldt,John Leypoldt,BUF,DET,2,2,0,0,
1976-10-24,1976,7,REG,1976_07_GB_OAK,nfl-chester-marcol,Chester Marcol,GB,OAK,2,2,0,1,
1976-10-24,1976,7,REG,1976_07_GB_OAK,nfl-fred-steinfort,Fred Steinfort,OAK,GB,0,2,0,0,
1976-10-24,1976,7,REG,1976_07_LA_NO,nfl-richie-szaro,Richie Szaro,NO,LA,1,1,1,1,22
1976-10-24,1976,7,REG,1976_07_LA_NO,nfl-tom-dempsey,Tom Dempsey,LA,NO,1,2,1,1,49
1976-10-24,1976,7,REG,1976_07_MIN_PHI,nfl-fred-cox,Fred Cox,MIN,PHI,4,4,1,2,32
1976-10-24,1976,7,REG,1976_07_NE_BUF,nfl-george-jakowenko,George Jakowenko,BUF,NE,1,2,1,2,46
1976-10-24,1976,7,REG,1976_07_PIT_NYG,nfl-joe-danelo,Joe Danelo,NYG,PIT,0,0,0,1,
1976-10-24,1976,7,REG,1976_07_SD_CLE,nfl-don-cockroft,Don Cockroft,CLE,SD,3,3,0,3,
1976-10-24,1976,7,REG,1976_07_SD_CLE,nfl-ray-wersching,Ray Wersching,SD,CLE,2,2,1,2,22
1976-10-25,1976,7,REG,1976_07_STL_WAS,nfl-jim-bakken,Jim Bakken,STL,WAS,1,1,1,1,32
1976-10-31,1976,8,REG,1976_08_CLE_CIN,nfl-chris-bahr,Chris Bahr,CIN,CLE,3,3,0,1,
1976-10-31,1976,8,REG,1976_08_DAL_WAS,nfl-mark-moseley,Mark Moseley,WAS,DAL,1,1,0,0,
1976-10-31,1976,8,REG,1976_08_MIN_CHI,nfl-bob-thomas,Bob Thomas,CHI,MIN,2,2,0,1,
1976-10-31,1976,8,REG,1976_08_NE_MIA,nfl-garo-yepremian,Garo Yepremian,MIA,NE,1,1,1,1,47
1976-10-31,1976,8,REG,1976_08_NE_MIA,nfl-john-smith-2,John Smith,NE,MIA,0,0,1,1,43
1976-10-31,1976,8,REG,1976_08_NO_ATL,nfl-nick-mike-mayer,Nick Mike-Mayer,ATL,NO,3,3,0,0,
1976-10-31,1976,8,REG,1976_08_NO_ATL,nfl-richie-szaro,Richie Szaro,NO,ATL,2,3,0,0,
1976-10-31,1976,8,REG,1976_08_NYJ_BUF,nfl-george-jakowenko,George Jakowenko,BUF,NYJ,2,2,0,0,
1976-10-31,1976,8,REG,1976_08_PHI_NYG,nfl-horst-muhlmann,Horst Muhlmann,PHI,NYG,1,1,1,2,29
1976-10-31,1976,8,REG,1976_08_PHI_NYG,nfl-joe-danelo,Joe Danelo,NYG,PHI,0,0,0,1,
1976-10-31,1976,8,REG,1976_08_SD_PIT,nfl-roy-gerela,Roy Gerela,PIT,SD,2,3,1,1,36
1976-10-31,1976,8,REG,1976_08_SEA_LA,nfl-tom-dempsey,Tom Dempsey,LA,SEA,6,6,1,1,20
1976-10-31,1976,8,REG,1976_08_SF_STL,nfl-jim-bakken,Jim Bakken,STL,SF,2,3,1,2,21
1976-10-31,1976,8,REG,1976_08_SF_STL,nfl-steve-mike-mayer,Steve Mike-Mayer,SF,STL,2,3,0,2,
1976-11-01,1976,8,REG,1976_08_HOU_BAL,nfl-skip-butler,Skip Butler,HOU,BAL,2,2,0,1,
1976-11-01,1976,8,REG,1976_08_HOU_BAL,nfl-toni-linhart,Toni Linhart,BAL,HOU,5,5,1,2,25
1976-11-07,1976,9,REG,1976_09_ATL_BUF,nfl-john-leypoldt,John Leypoldt,BUF,ATL,4,4,0,0,
1976-11-07,1976,9,REG,1976_09_BAL_SD,nfl-ray-wersching,Ray Wersching,SD,BAL,2,2,0,1,
1976-11-07,1976,9,REG,1976_09_BAL_SD,nfl-toni-linhart,Toni Linhart,BAL,SD,4,5,1,2,39
1976-11-07,1976,9,REG,1976_09_BUF_MIN,nfl-benny-ricardo,Benny Ricardo,BUF,MIN,2,3,1,2,22
1976-11-07,1976,9,REG,1976_09_BUF_NE,nfl-george-jakowenko,George Jakowenko,BUF,NE,1,1,1,1,31
1976-11-07,1976,9,REG,1976_09_CLE_HOU,nfl-skip-butler,Skip Butler,HOU,CLE,1,1,0,1,
1976-11-07,1976,9,REG,1976_09_DET_CHI,nfl-errol-mann,Errol Mann,DET,CHI,4,4,0,1,
1976-11-07,1976,9,REG,1976_09_DET_MIN,nfl-fred-cox,Fred Cox,MIN,DET,4,4,1,1,39
1976-11-07,1976,9,REG,1976_09_MIA_NYJ,nfl-pat-leahy,Pat Leahy,NYJ,MIA,1,1,0,1,
1976-11-07,1976,9,REG,1976_09_NO_GB,nfl-chester-marcol,Chester Marcol,GB,NO,3,4,1,2,38
1976-11-07,1976,9,REG,1976_09_NYG_DAL,nfl-joe-danelo,Joe Danelo,NYG,DAL,0,0,1,1,19
1976-11-07,1976,9,REG,1976_09_OAK_CHI,nfl-bob-thomas,Bob Thomas,CHI,OAK,3,3,0,2,
1976-11-07,1976,9,REG,1976_09_PIT_KC,nfl-jan-stenerud,Jan Stenerud,KC,PIT,0,0,0,1,
1976-11-07,1976,9,REG,1976_09_PIT_KC,nfl-roy-gerela,Roy Gerela,PIT,KC,6,6,1,3,28
1976-11-07,1976,9,REG,1976_09_STL_PHI,nfl-horst-muhlmann,Horst Muhlmann,PHI,STL,2,2,0,0,
1976-11-07,1976,9,REG,1976_09_STL_PHI,nfl-jim-bakken,Jim Bakken,STL,PHI,2,2,1,2,20
1976-11-07,1976,9,REG,1976_09_WAS_SF,nfl-mark-moseley,Mark Moseley,WAS,SF,3,3,1,1,39
1976-11-07,1976,9,REG,1976_09_WAS_SF,nfl-steve-mike-mayer,Steve Mike-Mayer,SF,WAS,3,3,0,2,
1976-11-08,1976,9,REG,1976_09_LA_CIN,nfl-chris-bahr,Chris Bahr,CIN,LA,2,3,0,1,
1976-11-14,1976,10,REG,1976_10_BUF_MIN,nfl-john-leypoldt,John Leypoldt,BUF,MIN,3,3,0,1,
1976-11-14,1976,10,REG,1976_10_BUF_NO,nfl-benny-ricardo,Benny Ricardo,BUF,NO,1,2,1,1,43
1976-11-14,1976,10,REG,1976_10_DEN_SD,nfl-jim-turner-2,Jim Turner,DEN,SD,2,2,1,2,42
1976-11-14,1976,10,REG,1976_10_DET_NO,nfl-richie-szaro,Richie Szaro,NO,DET,2,2,1,2,37
1976-11-14,1976,10,REG,1976_10_GB_CHI,nfl-bob-thomas,Bob Thomas,CHI,GB,3,3,1,1,46
1976-11-14,1976,10,REG,1976_10_HOU_CIN,nfl-chris-bahr,Chris Bahr,CIN,HOU,4,4,1,1,50
1976-11-14,1976,10,REG,1976_10_KC_DET,nfl-errol-mann,Errol Mann,DET,KC,3,3,0,0,
1976-11-14,1976,10,REG,1976_10_KC_OAK,nfl-jan-stenerud,Jan Stenerud,KC,OAK,1,1,1,2,41
1976-11-14,1976,10,REG,1976_10_MIA_PIT,nfl-garo-yepremian,Garo Yepremian,MIA,PIT,0,0,1,1,45
1976-11-14,1976,10,REG,1976_10_MIA_PIT,nfl-roy-gerela,Roy Gerela,PIT,MIA,2,2,0,0,
1976-11-14,1976,10,REG,1976_10_NE_BAL,nfl-john-smith-2,John Smith,NE,BAL,3,3,0,2,
1976-11-14,1976,10,REG,1976_10_NE_BAL,nfl-toni-linhart,Toni Linhart,BAL,NE,2,2,0,1,
1976-11-14,1976,10,REG,1976_10_PHI_CLE,nfl-don-cockroft,Don Cockroft,CLE,PHI,3,3,1,3,32
1976-11-14,1976,10,REG,1976_10_PHI_CLE,nfl-horst-muhlmann,Horst Muhlmann,PHI,CLE,0,0,1,1,33
1976-11-14,1976,10,REG,1976_10_SF_ATL,nfl-nick-mike-mayer,Nick Mike-Mayer,ATL,SF,3,3,0,2,
1976-11-14,1976,10,REG,1976_10_SF_ATL,nfl-steve-mike-mayer,Steve Mike-Mayer,SF,ATL,1,2,1,2,27
1976-11-14,1976,10,REG,1976_10_STL_LA,nfl-tom-dempsey,Tom Dempsey,LA,STL,4,4,0,0,
1976-11-15,1976,10,REG,1976_10_BUF_DAL,nfl-efren-herrera,Efren Herrera,DAL,BUF,2,2,1,2,43
1976-11-15,1976,10,REG,1976_10_BUF_DAL,nfl-george-jakowenko,George Jakowenko,BUF,DAL,1,1,1,2,22
1976-11-21,1976,11,REG,1976_11_CHI_BUF,nfl-benny-ricardo,Benny Ricardo,BUF,CHI,2,2,0,1,
1976-11-21,1976,11,REG,1976_11_CHI_DET,nfl-bob-thomas,Bob Thomas,CHI,DET,1,1,1,2,46
1976-11-21,1976,11,REG,1976_11_CIN_KC,nfl-chris-bahr,Chris Bahr,CIN,KC,3,4,0,1,
1976-11-21,1976,11,REG,1976_11_CIN_KC,nfl-jan-stenerud,Jan Stenerud,KC,CIN,3,3,1,5,24
1976-11-21,1976,11,REG,1976_11_CLE_TB,nfl-don-cockroft,Don Cockroft,CLE,TB,3,3,1,1,32
1976-11-21,1976,11,REG,1976_11_DAL_ATL,nfl-efren-herrera,Efren Herrera,DAL,ATL,1,1,1,1,23
1976-11-21,1976,11,REG,1976_11_DAL_ATL,nfl-nick-mike-mayer,Nick Mike-Mayer,ATL,DAL,2,2,1,1,21
1976-11-21,1976,11,REG,1976_11_DET_PHI,nfl-errol-mann,Errol Mann,DET,PHI,3,3,1,3,32
1976-11-21,1976,11,REG,1976_11_HOU_PIT,nfl-skip-butler,Skip Butler,HOU,PIT,1,1,1,1,43
1976-11-21,1976,11,REG,1976_11_LA_SF,nfl-steve-mike-mayer,Steve Mike-Mayer,SF,LA,0,0,1,2,19
1976-11-21,1976,11,REG,1976_11_LA_SF,nfl-tom-dempsey,Tom Dempsey,LA,SF,2,3,1,1,42
1976-11-21,1976,11,REG,1976_11_MIN_GB,nfl-chester-marcol,Chester Marcol,GB,MIN,1,1,1,1,23
1976-11-21,1976,11,REG,1976_11_MIN_GB,nfl-fred-cox,Fred Cox,MIN,GB,2,2,1,3,41
1976-11-21,1976,11,REG,1976_11_NE_NYJ,nfl-john-smith-2,John Smith,NE,NYJ,5,5,1,1,28
1976-11-21,1976,11,REG,1976_11_NE_NYJ,nfl-pat-leahy,Pat Leahy,NYJ,NE,3,3,1,1,19
1976-11-21,1976,11,REG,1976_11_NO_BUF,nfl-john-leypoldt,John Leypoldt,BUF,NO,3,4,0,0,
1976-11-21,1976,11,REG,1976_11_NYG_DEN,nfl-jim-turner-2,Jim Turner,DEN,NYG,2,2,0,1,
1976-11-21,1976,11,REG,1976_11_NYG_DEN,nfl-joe-danelo,Joe Danelo,NYG,DEN,1,2,0,1,
1976-11-21,1976,11,REG,1976_11_OAK_PHI,nfl-horst-muhlmann,Horst Muhlmann,PHI,OAK,1,1,0,0,
1976-11-21,1976,11,REG,1976_11_WAS_STL,nfl-jim-bakken,Jim Bakken,STL,WAS,1,1,1,2,40
1976-11-22,1976,11,REG,1976_11_BAL_MIA,nfl-garo-yepremian,Garo Yepremian,MIA,BAL,1,2,1,1,20
1976-11-22,1976,11,REG,1976_11_BAL_MIA,nfl-toni-linhart,Toni Linhart,BAL,MIA,2,2,1,1,27
1976-11-25,1976,12,REG,1976_12_BUF_DET,nfl-george-jakowenko,George Jakowenko,BUF,DET,2,2,0,2,
1976-11-25,1976,12,REG,1976_12_STL_DAL,nfl-efren-herrera,Efren Herrera,DAL,STL,2,2,1,2,42
1976-11-25,1976,12,REG,1976_12_STL_DAL,nfl-jim-bakken,Jim Bakken,STL,DAL,2,2,0,0,
1976-11-28,1976,12,REG,1976_12_ATL_HOU,nfl-nick-mike-mayer,Nick Mike-Mayer,ATL,HOU,2,2,0,1,
1976-11-28,1976,12,REG,1976_12_BUF_NYG,nfl-john-leypoldt,John Leypoldt,BUF,NYG,1,2,1,2,45
1976-11-28,1976,12,REG,1976_12_CHI_GB,nfl-chester-marcol,Chester Marcol,GB,CHI,1,1,1,3,45
1976-11-28,1976,12,REG,1976_12_DEN_NE,nfl-jim-turner-2,Jim Turner,DEN,NE,2,2,0,0,
1976-11-28,1976,12,REG,1976_12_DEN_NE,nfl-john-smith-2,John Smith,NE,DEN,5,5,1,4,49
1976-11-28,1976,12,REG,1976_12_KC_SD,nfl-ray-wersching,Ray Wersching,SD,KC,2,3,0,0,
1976-11-28,1976,12,REG,1976_12_MIA_CLE,nfl-don-cockroft,Don Cockroft,CLE,MIA,2,2,1,1,19
1976-11-28,1976,12,REG,1976_12_MIA_CLE,nfl-garo-yepremian,Garo Yepremian,MIA,CLE,1,2,0,2,
1976-11-28,1976,12,REG,1976_12_NO_LA,nfl-richie-szaro,Richie Szaro,NO,LA,2,2,0,0,
1976-11-28,1976,12,REG,1976_12_NYJ_BAL,nfl-pat-leahy,Pat Leahy,NYJ,BAL,1,2,1,1,26
1976-11-28,1976,12,REG,1976_12_PHI_WAS,nfl-horst-muhlmann,Horst Muhlmann,PHI,WAS,0,0,0,1,
1976-11-28,1976,12,REG,1976_12_PHI_WAS,nfl-mark-moseley,Mark Moseley,WAS,PHI,3,3,1,1,44
1976-11-28,1976,12,REG,1976_12_PIT_CIN,nfl-chris-bahr,Chris Bahr,CIN,PIT,0,0,1,1,40
1976-11-28,1976,12,REG,1976_12_PIT_CIN,nfl-roy-gerela,Roy Gerela,PIT,CIN,1,1,0,2,
1976-11-28,1976,12,REG,1976_12_SEA_NYG,nfl-joe-danelo,Joe Danelo,NYG,SEA,4,4,0,0,
1976-11-28,1976,12,REG,1976_12_TB_DET,nfl-errol-mann,Errol Mann,DET,TB,7,7,0,1,
1976-11-29,1976,12,REG,1976_12_MIN_SF,nfl-fred-cox,Fred Cox,MIN,SF,1,2,1,2,37
1976-12-04,1976,13,REG,1976_13_BAL_STL,nfl-jim-bakken,Jim Bakken,STL,BAL,3,3,1,1,22
1976-12-04,1976,13,REG,1976_13_BAL_STL,nfl-toni-linhart,Toni Linhart,BAL,STL,2,2,1,1,22
1976-12-05,1976,13,REG,1976_13_BUF_MIA,nfl-garo-yepremian,Garo Yepremian,MIA,BUF,6,6,1,2,53
1976-12-05,1976,13,REG,1976_13_BUF_NYG,nfl-benny-ricardo,Benny Ricardo,BUF,NYG,1,1,1,2,43
1976-12-05,1976,13,REG,1976_13_CHI_BUF,nfl-john-leypoldt,John Leypoldt,BUF,CHI,1,1,0,0,
1976-12-05,1976,13,REG,1976_13_CHI_SEA,nfl-bob-thomas,Bob Thomas,CHI,SEA,4,5,0,2,
1976-12-05,1976,13,REG,1976_13_DAL_PHI,nfl-efren-herrera,Efren Herrera,DAL,PHI,3,3,1,1,21
1976-12-05,1976,13,REG,1976_13_DAL_PHI,nfl-horst-muhlmann,Horst Muhlmann,PHI,DAL,1,1,0,0,
1976-12-05,1976,13,REG,1976_13_DET_NYG,nfl-joe-danelo,Joe Danelo,NYG,DET,3,3,1,4,35
1976-12-05,1976,13,REG,1976_13_GB_MIN,nfl-chester-marcol,Chester Marcol,GB,MIN,0,1,1,2,24
1976-12-05,1976,13,REG,1976_13_HOU_CLE,nfl-skip-butler,Skip Butler,HOU,CLE,1,1,1,1,31
1976-12-05,1976,13,REG,1976_13_KC_DEN,nfl-jan-stenerud,Jan Stenerud,KC,DEN,1,2,1,2,31
1976-12-05,1976,13,REG,1976_13_KC_DEN,nfl-jim-turner-2,Jim Turner,DEN,KC,2,2,1,2,20
1976-12-05,1976,13,REG,1976_13_NO_NE,nfl-john-smith-2,John Smith,NE,NO,3,4,0,1,
1976-12-05,1976,13,REG,1976_13_SF_SD,nfl-ray-wersching,Ray Wersching,SD,SF,1,1,0,2,
1976-12-05,1976,13,REG,1976_13_SF_SD,nfl-steve-mike-mayer,Steve Mike-Mayer,SF,SD,1,1,0,3,
1976-12-05,1976,13,REG,1976_13_TB_PIT,nfl-roy-gerela,Roy Gerela,PIT,TB,6,6,0,0,
1976-12-05,1976,13,REG,1976_13_WAS_NYJ,nfl-pat-leahy,Pat Leahy,NYJ,WAS,1,2,1,2,47
1976-12-06,1976,13,REG,1976_13_CIN_DET,nfl-errol-mann,Errol Mann,DET,CIN,5,5,0,1,
1976-12-06,1976,13,REG,1976_13_CIN_OAK,nfl-chris-bahr,Chris Bahr,CIN,OAK,2,3,0,1,
1976-12-11,1976,14,REG,1976_14_LA_BUF,nfl-benny-ricardo,Benny Ricardo,BUF,LA,2,2,1,1,19
1976-12-11,1976,14,REG,1976_14_MIN_MIA,nfl-fred-cox,Fred Cox,MIN,MIA,2,4,1,2,30
1976-12-11,1976,14,REG,1976_14_MIN_MIA,nfl-garo-yepremian,Garo Yepremian,MIA,MIN,1,1,0,0,
1976-12-11,1976,14,REG,1976_14_PIT_HOU,nfl-roy-gerela,Roy Gerela,PIT,HOU,3,3,0,1,
1976-12-11,1976,14,REG,1976_14_PIT_HOU,nfl-skip-butler,Skip Butler,HOU,PIT,0,0,0,1,
1976-12-12,1976,14,REG,1976_14_BUF_PHI,nfl-john-leypoldt,John Leypoldt,BUF,PHI,1,1,1,1,24
1976-12-12,1976,14,REG,1976_14_CIN_NYJ,nfl-pat-leahy,Pat Leahy,NYJ,CIN,0,0,1,1,26
1976-12-12,1976,14,REG,1976_14_CLE_KC,nfl-don-cockroft,Don Cockroft,CLE,KC,2,2,0,1,
1976-12-12,1976,14,REG,1976_14_DEN_CHI,nfl-bob-thomas,Bob Thomas,CHI,DEN,2,2,0,0,
1976-12-12,1976,14,REG,1976_14_DEN_CHI,nfl-jim-turner-2,Jim Turner,DEN,CHI,4,4,0,1,
1976-12-12,1976,14,REG,1976_14_GB_ATL,nfl-chester-marcol,Chester Marcol,GB,ATL,3,3,1,2,40
1976-12-12,1976,14,REG,1976_14_NE_TB,nfl-john-smith-2,John Smith,NE,TB,3,3,1,1,30
1976-12-12,1976,14,REG,1976_14_SD_DET,nfl-errol-mann,Errol Mann,DET,SD,3,3,1,3,42
1976-12-12,1976,14,REG,1976_14_SF_NO,nfl-richie-szaro,Richie Szaro,NO,SF,1,1,0,1,
1976-12-12,1976,14,REG,1976_14_STL_NYG,nfl-jim-bakken,Jim Bakken,STL,NYG,2,2,1,1,43
1976-12-12,1976,14,REG,1976_14_STL_NYG,nfl-joe-danelo,Joe Danelo,NYG,STL,2,2,0,2,
1976-12-12,1976,14,REG,1976_14_WAS_DAL,nfl-efren-herrera,Efren Herrera,DAL,WAS,2,2,0,0,
1977-09-18,1977,1,REG,1977_01_BAL_SEA,nfl-john-leypoldt,John Leypoldt,SEA,BAL,2,2,0,1,
1977-09-18,1977,1,REG,1977_01_CLE_CIN,nfl-chris-bahr,Chris Bahr,CIN,CLE,0,0,1,3,25
1977-09-18,1977,1,REG,1977_01_DAL_MIN,nfl-efren-herrera,Efren Herrera,DAL,MIN,1,1,1,2,40
1977-09-18,1977,1,REG,1977_01_DAL_MIN,nfl-fred-cox,Fred Cox,MIN,DAL,1,1,1,2,35
1977-09-18,1977,1,REG,1977_01_DET_CHI,nfl-bob-thomas,Bob Thomas,CHI,DET,3,4,1,2,35
1977-09-18,1977,1,REG,1977_01_GB_NO,nfl-chester-marcol,Chester Marcol,GB,NO,3,3,1,1,19
1977-09-18,1977,1,REG,1977_01_GB_NO,nfl-richie-szaro,Richie Szaro,NO,GB,2,3,0,0,
1977-09-18,1977,1,REG,1977_01_KC_NE,nfl-jan-stenerud,Jan Stenerud,KC,NE,2,2,1,1,22
1977-09-18,1977,1,REG,1977_01_KC_NE,nfl-john-smith-2,John Smith,NE,KC,3,3,0,0,
1977-09-18,1977,1,REG,1977_01_LA_ATL,nfl-nick-mike-mayer,Nick Mike-Mayer,ATL,LA,2,2,1,2,33
1977-09-18,1977,1,REG,1977_01_LA_ATL,nfl-rafael-septien,Rafael Septien,LA,ATL,0,1,0,0,
1977-09-18,1977,1,REG,1977_01_MIA_BUF,nfl-neil-o-donoghue,Neil O'Donoghue,BUF,MIA,0,0,0,2,
1977-09-18,1977,1,REG,1977_01_NYJ_HOU,nfl-skip-butler,Skip Butler,HOU,NYJ,2,3,0,3,
1977-09-18,1977,1,REG,1977_01_SD_OAK,nfl-errol-mann,Errol Mann,OAK,SD,3,3,1,1,20
1977-09-18,1977,1,REG,1977_01_STL_DEN,nfl-jim-bakken,Jim Bakken,STL,DEN,0,0,0,4,
1977-09-18,1977,1,REG,1977_01_STL_DEN,nfl-jim-turner-2,Jim Turner,DEN,STL,1,1,0,1,
1977-09-18,1977,1,REG,1977_01_TB_PHI,nfl-horst-muhlmann,Horst Muhlmann,PHI,TB,1,2,0,0,
1977-09-18,1977,1,REG,1977_01_WAS_NYG,nfl-mark-moseley,Mark Moseley,WAS,NYG,2,2,1,2,51
1977-09-24,1977,2,REG,1977_02_MIN_TB,nfl-allan-leavitt,Allan Leavitt,TB,MIN,0,0,1,1,18
1977-09-24,1977,2,REG,1977_02_MIN_TB,nfl-fred-cox,Fred Cox,MIN,TB,1,1,0,1,
1977-09-25,1977,2,REG,1977_02_ATL_WAS,nfl-mark-moseley,Mark Moseley,WAS,ATL,1,1,1,1,26
1977-09-25,1977,2,REG,1977_02_BAL_NYJ,nfl-pat-leahy,Pat Leahy,NYJ,BAL,1,1,1,1,25
1977-09-25,1977,2,REG,1977_02_BAL_NYJ,nfl-toni-linhart,Toni Linhart,BAL,NYJ,2,3,0,0,
1977-09-25,1977,2,REG,1977_02_BUF_DEN,nfl-neil-o-donoghue,Neil O'Donoghue,BUF,DEN,0,1,0,0,
1977-09-25,1977,2,REG,1977_02_HOU_GB,nfl-chester-marcol,Chester Marcol,GB,HOU,1,1,1,1,34
1977-09-25,1977,2,REG,1977_02_HOU_GB,nfl-toni-fritsch,Toni Fritsch,HOU,GB,1,2,1,2,32
1977-09-25,1977,2,REG,1977_02_MIA_SF,nfl-garo-yepremian,Garo Yepremian,MIA,SF,1,2,0,1,
1977-09-25,1977,2,REG,1977_02_NO_DET,nfl-richie-szaro,Richie Szaro,NO,DET,2,2,1,1,26
1977-09-25,1977,2,REG,1977_02_NO_DET,nfl-steve-mike-mayer,Steve Mike-Mayer,DET,NO,2,3,1,2,43
1977-09-25,1977,2,REG,1977_02_NYG_DAL,nfl-joe-danelo,Joe Danelo,NYG,DAL,3,3,0,0,
1977-09-25,1977,2,REG,1977_02_OAK_PIT,nfl-roy-gerela,Roy Gerela,PIT,OAK,1,1,0,1,
1977-09-25,1977,2,REG,1977_02_SD_KC,nfl-jan-stenerud,Jan Stenerud,KC,SD,1,1,0,0,
1977-09-25,1977,2,REG,1977_02_SD_KC,nfl-rolf-benirschke,Rolf Benirschke,SD,KC,2,3,1,2,31
1977-09-25,1977,2,REG,1977_02_SEA_CIN,nfl-chris-bahr,Chris Bahr,CIN,SEA,6,6,0,0,
1977-10-02,1977,3,REG,1977_03_BUF_BAL,nfl-neil-o-donoghue,Neil O'Donoghue,BUF,BAL,2,2,0,0,
1977-10-02,1977,3,REG,1977_03_BUF_BAL,nfl-toni-linhart,Toni Linhart,BAL,BUF,2,2,1,2,45
1977-10-02,1977,3,REG,1977_03_CIN_SD,nfl-chris-bahr,Chris Bahr,CIN,SD,0,0,1,1,35
1977-10-02,1977,3,REG,1977_03_CIN_SD,nfl-rolf-benirschke,Rolf Benirschke,SD,CIN,3,3,1,2,42
1977-10-02,1977,3,REG,1977_03_DEN_SEA,nfl-jim-turner-2,Jim Turner,DEN,SEA,3,3,1,1,36
1977-10-02,1977,3,REG,1977_03_DEN_SEA,nfl-john-leypoldt,John Leypoldt,SEA,DEN,1,2,0,1,
1977-10-02,1977,3,REG,1977_03_GB_MIN,nfl-chester-marcol,Chester Marcol,GB,MIN,1,1,0,1,
1977-10-02,1977,3,REG,1977_03_GB_MIN,nfl-fred-cox,Fred Cox,MIN,GB,1,3,0,0,
1977-10-02,1977,3,REG,1977_03_HOU_MIA,nfl-garo-yepremian,Garo Yepremian,MIA,HOU,3,4,0,2,
1977-10-02,1977,3,REG,1977_03_HOU_MIA,nfl-toni-fritsch,Toni Fritsch,HOU,MIA,1,1,0,0,
1977-10-02,1977,3,REG,1977_03_NE_NYJ,nfl-pat-leahy,Pat Leahy,NYJ,NE,3,4,1,2,32
1977-10-02,1977,3,REG,1977_03_NO_CHI,nfl-bob-thomas,Bob Thomas,CHI,NO,3,3,1,1,21
1977-10-02,1977,3,REG,1977_03_NO_CHI,nfl-richie-szaro,Richie Szaro,NO,CHI,6,6,0,1,
1977-10-02,1977,3,REG,1977_03_NYG_ATL,nfl-joe-danelo,Joe Danelo,NYG,ATL,0,0,1,1,47
1977-10-02,1977,3,REG,1977_03_NYG_ATL,nfl-nick-mike-mayer,Nick Mike-Mayer,ATL,NYG,2,2,1,4,35
1977-10-02,1977,3,REG,1977_03_PHI_DET,nfl-horst-muhlmann,Horst Muhlmann,PHI,DET,1,2,0,2,
1977-10-02,1977,3,REG,1977_03_PHI_DET,nfl-steve-mike-mayer,Steve Mike-Mayer,DET,PHI,2,2,1,2,45
1977-10-02,1977,3,REG,1977_03_PIT_CLE,nfl-don-cockroft,Don Cockroft,CLE,PIT,2,2,0,1,
1977-10-02,1977,3,REG,1977_03_PIT_CLE,nfl-roy-gerela,Roy Gerela,PIT,CLE,4,4,0,1,
1977-10-02,1977,3,REG,1977_03_STL_WAS,nfl-jim-bakken,Jim Bakken,STL,WAS,2,2,0,1,
1977-10-02,1977,3,REG,1977_03_STL_WAS,nfl-mark-moseley,Mark Moseley,WAS,STL,3,3,1,2,41
1977-10-02,1977,3,REG,1977_03_TB_DAL,nfl-allan-leavitt,Allan Leavitt,TB,DAL,1,1,0,0,
1977-10-03,1977,3,REG,1977_03_OAK_KC,nfl-jan-stenerud,Jan Stenerud,KC,OAK,4,4,0,0,
1977-10-09,1977,4,REG,1977_04_ATL_SF,nfl-nick-mike-mayer,Nick Mike-Mayer,ATL,SF,1,1,0,1,
1977-10-09,1977,4,REG,1977_04_CIN_GB,nfl-chester-marcol,Chester Marcol,GB,CIN,1,1,0,1,
1977-10-09,1977,4,REG,1977_04_CIN_GB,nfl-chris-bahr,Chris Bahr,CIN,GB,2,2,1,2,32
1977-10-09,1977,4,REG,1977_04_DAL_STL,nfl-jim-bakken,Jim Bakken,STL,DAL,3,3,1,1,32
1977-10-09,1977,4,REG,1977_04_DET_MIN,nfl-fred-cox,Fred Cox,MIN,DET,2,2,0,0,
1977-10-09,1977,4,REG,1977_04_DET_MIN,nfl-steve-mike-mayer,Steve Mike-Mayer,DET,MIN,1,1,0,0,
1977-10-09,1977,4,REG,1977_04_KC_DEN,nfl-jan-stenerud,Jan Stenerud,KC,DEN,1,1,0,1,
1977-10-09,1977,4,REG,1977_04_MIA_BAL,nfl-garo-yepremian,Garo Yepremian,MIA,BAL,4,4,0,2,
1977-10-09,1977,4,REG,1977_04_MIA_BAL,nfl-toni-linhart,Toni Linhart,BAL,MIA,6,6,1,1,41
1977-10-09,1977,4,REG,1977_04_NYJ_BUF,nfl-neil-o-donoghue,Neil O'Donoghue,BUF,NYJ,2,2,1,2,24
1977-10-09,1977,4,REG,1977_04_NYJ_BUF,nfl-pat-leahy,Pat Leahy,NYJ,BUF,3,3,1,1,35
1977-10-09,1977,4,REG,1977_04_OAK_CLE,nfl-don-cockroft,Don Cockroft,CLE,OAK,1,1,1,1,41
1977-10-09,1977,4,REG,1977_04_PHI_NYG,nfl-horst-muhlmann,Horst Muhlmann,PHI,NYG,4,4,0,0,
1977-10-09,1977,4,REG,1977_04_PHI_NYG,nfl-joe-danelo,Joe Danelo,NYG,PHI,1,1,1,2,23
1977-10-09,1977,4,REG,1977_04_PIT_HOU,nfl-roy-gerela,Roy Gerela,PIT,HOU,1,1,1,1,27
1977-10-09,1977,4,REG,1977_04_SD_NO,nfl-rolf-benirschke,Rolf Benirschke,SD,NO,2,2,0,0,
1977-10-09,1977,4,REG,1977_04_SEA_NE,nfl-john-smith-2,John Smith,NE,SEA,4,4,1,2,36
1977-10-09,1977,4,REG,1977_04_WAS_TB,nfl-allan-leavitt,Allan Leavitt,TB,WAS,0,0,0,1,
1977-10-09,1977,4,REG,1977_04_WAS_TB,nfl-mark-moseley,Mark Moseley,WAS,TB,1,1,1,3,44
1977-10-10,1977,4,REG,1977_04_LA_CHI,nfl-bob-thomas,Bob Thomas,CHI,LA,3,3,1,2,33
1977-10-16,1977,5,REG,1977_05_ATL_BUF,nfl-neil-o-donoghue,Neil O'Donoghue,BUF,ATL,0,0,1,2,30
1977-10-16,1977,5,REG,1977_05_ATL_BUF,nfl-nick-mike-mayer,Nick Mike-Mayer,ATL,BUF,0,0,0,1,
1977-10-16,1977,5,REG,1977_05_BAL_KC,nfl-jan-stenerud,Jan Stenerud,KC,BAL,0,0,0,1,
1977-10-16,1977,5,REG,1977_05_BAL_KC,nfl-toni-linhart,Toni Linhart,BAL,KC,2,2,1,1,44
1977-10-16,1977,5,REG,1977_05_CHI_MIN,nfl-bob-thomas,Bob Thomas,CHI,MIN,1,2,1,2,38
1977-10-16,1977,5,REG,1977_05_CLE_HOU,nfl-don-cockroft,Don Cockroft,CLE,HOU,3,3,1,1,30
1977-10-16,1977,5,REG,1977_05_DEN_OAK,nfl-errol-mann,Errol Mann,OAK,DEN,1,1,0,1,
1977-10-16,1977,5,REG,1977_05_DEN_OAK,nfl-jim-turner-2,Jim Turner,DEN,OAK,3,4,1,2,32
1977-10-16,1977,5,REG,1977_05_GB_DET,nfl-steve-mike-mayer,Steve Mike-Mayer,DET,GB,1,1,1,5,23
1977-10-16,1977,5,REG,1977_05_NE_SD,nfl-john-smith-2,John Smith,NE,SD,3,3,1,1,28
1977-10-16,1977,5,REG,1977_05_NE_SD,nfl-rolf-benirschke,Rolf Benirschke,SD,NE,2,3,0,0,
1977-10-16,1977,5,REG,1977_05_NO_LA,nfl-rafael-septien,Rafael Septien,LA,NO,2,2,0,1,
1977-10-16,1977,5,REG,1977_05_NO_LA,nfl-richie-szaro,Richie Szaro,NO,LA,1,1,0,1,
1977-10-16,1977,5,REG,1977_05_NYJ_MIA,nfl-garo-yepremian,Garo Yepremian,MIA,NYJ,3,3,0,1,
1977-10-16,1977,5,REG,1977_05_NYJ_MIA,nfl-pat-leahy,Pat Leahy,NYJ,MIA,2,2,1,3,30
1977-10-16,1977,5,REG,1977_05_SF_NYG,nfl-ray-wersching,Ray Wersching,SF,NYG,2,2,1,1,50
1977-10-16,1977,5,REG,1977_05_STL_PHI,nfl-horst-muhlmann,Horst Muhlmann,PHI,STL,2,2,1,1,28
1977-10-16,1977,5,REG,1977_05_STL_PHI,nfl-jim-bakken,Jim Bakken,STL,PHI,3,3,0,1,
1977-10-16,1977,5,REG,1977_05_TB_SEA,nfl-john-leypoldt,John Leypoldt,SEA,TB,3,4,1,3,43
1977-10-17,1977,5,REG,1977_05_CIN_PIT,nfl-chris-bahr,Chris Bahr,CIN,PIT,2,2,0,0,
1977-10-17,1977,5,REG,1977_05_CIN_PIT,nfl-roy-gerela,Roy Gerela,PIT,CIN,2,3,0,1,
1977-10-23,1977,6,REG,1977_06_ATL_CHI,nfl-bob-thomas,Bob Thomas,CHI,ATL,1,1,1,1,40
1977-10-23,1977,6,REG,1977_06_BAL_NE,nfl-john-smith-2,John Smith,NE,BAL,2,2,1,1,18
1977-10-23,1977,6,REG,1977_06_BAL_NE,nfl-toni-linhart,Toni Linhart,BAL,NE,0,0,1,1,40
1977-10-23,1977,6,REG,1977_06_CLE_BUF,nfl-carson-long,Carson Long,BUF,CLE,1,2,1,1,41
1977-10-23,1977,6,REG,1977_06_DAL_PHI,nfl-efren-herrera,Efren Herrera,DAL,PHI,1,2,1,3,18
1977-10-23,1977,6,REG,1977_06_DAL_PHI,nfl-horst-muhlmann,Horst Muhlmann,PHI,DAL,1,1,1,1,32
1977-10-23,1977,6,REG,1977_06_DEN_CIN,nfl-jim-turner-2,Jim Turner,DEN,CIN,3,3,1,1,41
1977-10-23,1977,6,REG,1977_06_DET_SF,nfl-ray-wersching,Ray Wersching,SF,DET,4,4,0,1,
1977-10-23,1977,6,REG,1977_06_DET_SF,nfl-steve-mike-mayer,Steve Mike-Mayer,DET,SF,1,1,0,0,
1977-10-23,1977,6,REG,1977_06_GB_TB,nfl-allan-leavitt,Allan Leavitt,TB,GB,0,0,0,1,
1977-10-23,1977,6,REG,1977_06_HOU_PIT,nfl-roy-gerela,Roy Gerela,PIT,HOU,3,4,0,0,
1977-10-23,1977,6,REG,1977_06_HOU_PIT,nfl-toni-fritsch,Toni Fritsch,HOU,PIT,1,1,1,2,46
1977-10-23,1977,6,REG,1977_06_KC_SD,nfl-jan-stenerud,Jan Stenerud,KC,SD,3,3,0,1,
1977-10-23,1977,6,REG,1977_06_NO_STL,nfl-jim-bakken,Jim Bakken,STL,NO,7,7,0,1,
1977-10-23,1977,6,REG,1977_06_NO_STL,nfl-richie-szaro,Richie Szaro,NO,STL,4,4,1,2,22
1977-10-23,1977,6,REG,1977_06_NYG_WAS,nfl-joe-danelo,Joe Danelo,NYG,WAS,2,2,1,3,20
1977-10-23,1977,6,REG,1977_06_OAK_NYJ,nfl-errol-mann,Errol Mann,OAK,NYJ,4,4,0,0,
1977-10-23,1977,6,REG,1977_06_OAK_NYJ,nfl-pat-leahy,Pat Leahy,NYJ,OAK,3,4,0,2,
1977-10-23,1977,6,REG,1977_06_SEA_MIA,nfl-garo-yepremian,Garo Yepremian,MIA,SEA,4,4,1,2,29
1977-10-24,1977,6,REG,1977_06_MIN_LA,nfl-fred-cox,Fred Cox,MIN,LA,0,0,1,1,42
1977-10-24,1977,6,REG,1977_06_MIN_LA,nfl-rafael-septien,Rafael Septien,LA,MIN,5,5,0,0,
1977-10-30,1977,7,REG,1977_07_BUF_SEA,nfl-carson-long,Carson Long,BUF,SEA,2,2,1,1,25
1977-10-30,1977,7,REG,1977_07_BUF_SEA,nfl-john-leypoldt,John Leypoldt,SEA,BUF,8,8,0,0,
1977-10-30,1977,7,REG,1977_07_HOU_CIN,nfl-toni-fritsch,Toni Fritsch,HOU,CIN,1,1,1,2,22
1977-10-30,1977,7,REG,1977_07_KC_CLE,nfl-jan-stenerud,Jan Stenerud,KC,CLE,1,1,0,0,
1977-10-30,1977,7,REG,1977_07_MIN_ATL,nfl-fred-cox,Fred Cox,MIN,ATL,2,2,0,2,
1977-10-30,1977,7,REG,1977_07_MIN_ATL,nfl-nick-mike-mayer,Nick Mike-Mayer,ATL,MIN,1,1,0,2,
1977-10-30,1977,7,REG,1977_07_NYJ_NE,nfl-john-smith-2,John Smith,NE,NYJ,3,3,1,1,30
1977-10-30,1977,7,REG,1977_07_OAK_DEN,nfl-errol-mann,Errol Mann,OAK,DEN,3,3,1,1,42
1977-10-30,1977,7,REG,1977_07_OAK_DEN,nfl-jim-turner-2,Jim Turner,DEN,OAK,2,2,0,0,
1977-10-30,1977,7,REG,1977_07_PHI_WAS,nfl-horst-muhlmann,Horst Muhlmann,PHI,WAS,2,2,1,1,44
1977-10-30,1977,7,REG,1977_07_PIT_BAL,nfl-roy-gerela,Roy Gerela,PIT,BAL,3,3,0,0,
1977-10-30,1977,7,REG,1977_07_PIT_BAL,nfl-toni-linhart,Toni Linhart,BAL,PIT,4,4,1,2,24
1977-10-30,1977,7,REG,1977_07_SD_MIA,nfl-rolf-benirschke,Rolf Benirschke,SD,MIA,2,2,0,1,
1977-10-30,1977,7,REG,1977_07_TB_SF,nfl-allan-leavitt,Allan Leavitt,TB,SF,1,1,1,1,29
1977-10-31,1977,7,REG,1977_07_NYG_STL,nfl-jim-bakken,Jim Bakken,STL,NYG,4,4,0,0,
1977-10-31,1977,7,REG,1977_07_NYG_STL,nfl-joe-danelo,Joe Danelo,NYG,STL,0,0,0,1,
1977-11-06,1977,8,REG,1977_08_BUF_NE,nfl-carson-long,Carson Long,BUF,NE,3,3,1,1,30
1977-11-06,1977,8,REG,1977_08_BUF_NE,nfl-john-smith-2,John Smith,NE,BUF,2,2,0,0,
1977-11-06,1977,8,REG,1977_08_CHI_HOU,nfl-bob-thomas,Bob Thomas,CHI,HOU,0,0,0,1,
1977-11-06,1977,8,REG,1977_08_CHI_HOU,nfl-toni-fritsch,Toni Fritsch,HOU,CHI,6,6,1,1,29
1977-11-06,1977,8,REG,1977_08_CIN_CLE,nfl-chris-bahr,Chris Bahr,CIN,CLE,1,1,1,1,47
1977-11-06,1977,8,REG,1977_08_CIN_CLE,nfl-don-cockroft,Don Cockroft,CLE,CIN,1,1,0,1,
1977-11-06,1977,8,REG,1977_08_DAL_NYG,nfl-efren-herrera,Efren Herrera,DAL,NYG,3,3,1,1,35
1977-11-06,1977,8,REG,1977_08_DAL_NYG,nfl-joe-danelo,Joe Danelo,NYG,DAL,1,1,1,2,51
1977-11-06,1977,8,REG,1977_08_GB_KC,nfl-chester-marcol,Chester Marcol,GB,KC,1,1,1,2,31
1977-11-06,1977,8,REG,1977_08_MIA_NYJ,nfl-garo-yepremian,Garo Yepremian,MIA,NYJ,2,2,0,1,
1977-11-06,1977,8,REG,1977_08_MIA_NYJ,nfl-pat-leahy,Pat Leahy,NYJ,MIA,1,1,1,2,37
1977-11-06,1977,8,REG,1977_08_NO_PHI,nfl-horst-muhlmann,Horst Muhlmann,PHI,NO,4,4,0,0,
1977-11-06,1977,8,REG,1977_08_NO_PHI,nfl-richie-szaro,Richie Szaro,NO,PHI,1,1,0,0,
1977-11-06,1977,8,REG,1977_08_PIT_DEN,nfl-jim-turner-2,Jim Turner,DEN,PIT,3,3,0,0,
1977-11-06,1977,8,REG,1977_08_PIT_DEN,nfl-roy-gerela,Roy Gerela,PIT,DEN,1,1,0,0,
1977-11-06,1977,8,REG,1977_08_SD_DET,nfl-rolf-benirschke,Rolf Benirschke,SD,DET,0,0,0,1,
1977-11-06,1977,8,REG,1977_08_SD_DET,nfl-steve-mike-mayer,Steve Mike-Mayer,DET,SD,2,3,0,1,
1977-11-06,1977,8,REG,1977_08_SEA_OAK,nfl-john-leypoldt,John Leypoldt,SEA,OAK,1,1,0,0,
1977-11-06,1977,8,REG,1977_08_SF_ATL,nfl-fred-steinfort,Fred Steinfort,ATL,SF,0,0,1,1,24
1977-11-06,1977,8,REG,1977_08_SF_ATL,nfl-ray-wersching,Ray Wersching,SF,ATL,1,1,1,1,43
1977-11-06,1977,8,REG,1977_08_STL_MIN,nfl-fred-cox,Fred Cox,MIN,STL,1,1,0,2,
1977-11-06,1977,8,REG,1977_08_STL_MIN,nfl-jim-bakken,Jim Bakken,STL,MIN,3,4,0,0,
1977-11-06,1977,8,REG,1977_08_TB_LA,nfl-rafael-septien,Rafael Septien,LA,TB,4,4,1,2,31
1977-11-07,1977,8,REG,1977_08_WAS_BAL,nfl-mark-moseley,Mark Moseley,WAS,BAL,0,0,1,1,40
1977-11-07,1977,8,REG,1977_08_WAS_BAL,nfl-toni-linhart,Toni Linhart,BAL,WAS,1,1,1,2,26
1977-11-13,1977,9,REG,1977_09_BAL_BUF,nfl-toni-linhart,Toni Linhart,BAL,BUF,4,4,1,2,22
1977-11-13,1977,9,REG,1977_09_CIN_MIN,nfl-chris-bahr,Chris Bahr,CIN,MIN,1,1,1,2,23
1977-11-13,1977,9,REG,1977_09_CIN_MIN,nfl-fred-cox,Fred Cox,MIN,CIN,6,6,0,0,
1977-11-13,1977,9,REG,1977_09_CLE_PIT,nfl-don-cockroft,Don Cockroft,CLE,PIT,4,4,1,1,44
1977-11-13,1977,9,REG,1977_09_CLE_PIT,nfl-roy-gerela,Roy Gerela,PIT,CLE,5,5,0,0,
1977-11-13,1977,9,REG,1977_09_DEN_SD,nfl-jim-turner-2,Jim Turner,DEN,SD,2,2,1,1,35
1977-11-13,1977,9,REG,1977_09_DEN_SD,nfl-rolf-benirschke,Rolf Benirschke,SD,DEN,2,2,0,2,
1977-11-13,1977,9,REG,1977_09_DET_ATL,nfl-fred-steinfort,Fred Steinfort,ATL,DET,2,2,1,2,31
1977-11-13,1977,9,REG,1977_09_DET_ATL,nfl-steve-mike-mayer,Steve Mike-Mayer,DET,ATL,0,0,0,1,
1977-11-13,1977,9,REG,1977_09_KC_CHI,nfl-bob-thomas,Bob Thomas,CHI,KC,4,4,0,2,
1977-11-13,1977,9,REG,1977_09_LA_GB,nfl-chester-marcol,Chester Marcol,GB,LA,0,1,0,1,
1977-11-13,1977,9,REG,1977_09_LA_GB,nfl-rafael-septien,Rafael Septien,LA,GB,3,3,1,3,32
1977-11-13,1977,9,REG,1977_09_NE_MIA,nfl-garo-yepremian,Garo Yepremian,MIA,NE,2,2,1,1,33
1977-11-13,1977,9,REG,1977_09_NE_MIA,nfl-john-smith-2,John Smith,NE,MIA,0,0,1,2,35
1977-11-13,1977,9,REG,1977_09_NYG_TB,nfl-allan-leavitt,Allan Leavitt,TB,NYG,0,0,0,2,
1977-11-13,1977,9,REG,1977_09_NYG_TB,nfl-joe-danelo,Joe Danelo,NYG,TB,1,1,1,2,43
1977-11-13,1977,9,REG,1977_09_SEA_NYJ,nfl-john-leypoldt,John Leypoldt,SEA,NYJ,2,2,1,4,33
1977-11-13,1977,9,REG,1977_09_SEA_NYJ,nfl-pat-leahy,Pat Leahy,NYJ,SEA,0,0,0,1,
1977-11-13,1977,9,REG,1977_09_SF_NO,nfl-ray-wersching,Ray Wersching,SF,NO,1,1,1,3,33
1977-11-13,1977,9,REG,1977_09_SF_NO,nfl-richie-szaro,Richie Szaro,NO,SF,1,1,0,1,
1977-11-13,1977,9,REG,1977_09_WAS_PHI,nfl-horst-muhlmann,Horst Muhlmann,PHI,WAS,2,2,0,3,
1977-11-13,1977,9,REG,1977_09_WAS_PHI,nfl-mark-moseley,Mark Moseley,WAS,PHI,2,2,1,3,54
1977-11-14,1977,9,REG,1977_09_STL_DAL,nfl-efren-herrera,Efren Herrera,DAL,STL,2,2,1,1,21
1977-11-14,1977,9,REG,1977_09_STL_DAL,nfl-jim-bakken,Jim Bakken,STL,DAL,3,3,1,1,26
1977-11-20,1977,10,REG,1977_10_ATL_NO,nfl-richie-szaro,Richie Szaro,NO,ATL,3,3,0,0,
1977-11-20,1977,10,REG,1977_10_CLE_NYG,nfl-don-cockroft,Don Cockroft,CLE,NYG,3,3,0,1,
1977-11-20,1977,10,REG,1977_10_CLE_NYG,nfl-joe-danelo,Joe Danelo,NYG,CLE,1,1,0,1,
1977-11-20,1977,10,REG,1977_10_DAL_PIT,nfl-efren-herrera,Efren Herrera,DAL,PIT,1,2,0,0,
1977-11-20,1977,10,REG,1977_10_DAL_PIT,nfl-roy-gerela,Roy Gerela,PIT,DAL,4,4,0,0,
1977-11-20,1977,10,REG,1977_10_DEN_KC,nfl-jan-stenerud,Jan Stenerud,KC,DEN,1,1,0,1,
1977-11-20,1977,10,REG,1977_10_DEN_KC,nfl-jim-turner-2,Jim Turner,DEN,KC,2,2,0,2,
1977-11-20,1977,10,REG,1977_10_HOU_SEA,nfl-john-leypoldt,John Leypoldt,SEA,HOU,1,1,1,1,51
1977-11-20,1977,10,REG,1977_10_LA_SF,nfl-ray-wersching,Ray Wersching,SF,LA,1,1,1,1,37
1977-11-20,1977,10,REG,1977_10_MIA_CIN,nfl-garo-yepremian,Garo Yepremian,MIA,CIN,2,2,1,2,35
1977-11-20,1977,10,REG,1977_10_MIN_CHI,nfl-bob-thomas,Bob Thomas,CHI,MIN,1,1,1,1,37
1977-11-20,1977,10,REG,1977_10_MIN_CHI,nfl-fred-cox,Fred Cox,MIN,CHI,1,1,0,0,
1977-11-20,1977,10,REG,1977_10_NE_BUF,nfl-carson-long,Carson Long,BUF,NE,1,1,0,0,
1977-11-20,1977,10,REG,1977_10_OAK_SD,nfl-errol-mann,Errol Mann,OAK,SD,1,1,0,1,
1977-11-20,1977,10,REG,1977_10_PHI_STL,nfl-jim-bakken,Jim Bakken,STL,PHI,3,3,0,2,
1977-11-20,1977,10,REG,1977_10_PHI_STL,nfl-ove-johansson,Ove Johansson,PHI,STL,1,2,1,2,32
1977-11-20,1977,10,REG,1977_10_TB_DET,nfl-allan-leavitt,Allan Leavitt,TB,DET,1,1,0,1,
1977-11-20,1977,10,REG,1977_10_TB_DET,nfl-steve-mike-mayer,Steve Mike-Mayer,DET,TB,1,1,1,1,47
1977-11-21,1977,10,REG,1977_10_GB_WAS,nfl-mark-moseley,Mark Moseley,WAS,GB,1,1,1,2,35
1977-11-24,1977,11,REG,1977_11_CHI_DET,nfl-bob-thomas,Bob Thomas,CHI,DET,4,4,1,3,29
1977-11-24,1977,11,REG,1977_11_CHI_DET,nfl-steve-mike-mayer,Steve Mike-Mayer,DET,CHI,2,2,0,1,
1977-11-24,1977,11,REG,1977_11_MIA_STL,nfl-garo-yepremian,Garo Yepremian,MIA,STL,7,8,0,1,
1977-11-24,1977,11,REG,1977_11_MIA_STL,nfl-jim-bakken,Jim Bakken,STL,MIA,2,2,0,0,
1977-11-27,1977,11,REG,1977_11_ATL_TB,nfl-fred-steinfort,Fred Steinfort,ATL,TB,2,2,1,3,26
1977-11-27,1977,11,REG,1977_11_BAL_DEN,nfl-jim-turner-2,Jim Turner,DEN,BAL,3,4,0,0,
1977-11-27,1977,11,REG,1977_11_DAL_WAS,nfl-efren-herrera,Efren Herrera,DAL,WAS,2,2,0,0,
1977-11-27,1977,11,REG,1977_11_DAL_WAS,nfl-mark-moseley,Mark Moseley,WAS,DAL,1,1,0,3,
1977-11-27,1977,11,REG,1977_11_KC_HOU,nfl-tom-dempsey,Tom Dempsey,HOU,KC,4,5,0,0,
1977-11-27,1977,11,REG,1977_11_LA_CLE,nfl-rafael-septien,Rafael Septien,LA,CLE,0,1,1,1,18
1977-11-27,1977,11,REG,1977_11_MIN_GB,nfl-chester-marcol,Chester Marcol,GB,MIN,0,1,0,0,
1977-11-27,1977,11,REG,1977_11_NO_SF,nfl-richie-szaro,Richie Szaro,NO,SF,2,2,1,1,30
1977-11-27,1977,11,REG,1977_11_NYG_CIN,nfl-chris-bahr,Chris Bahr,CIN,NYG,3,4,1,1,32
1977-11-27,1977,11,REG,1977_11_NYG_CIN,nfl-joe-danelo,Joe Danelo,NYG,CIN,1,2,0,0,
1977-11-27,1977,11,REG,1977_11_PHI_NE,nfl-john-smith-2,John Smith,NE,PHI,2,2,0,0,
1977-11-27,1977,11,REG,1977_11_PHI_NE,nfl-ove-johansson,Ove Johansson,PHI,NE,0,1,0,2,
1977-11-27,1977,11,REG,1977_11_PIT_NYJ,nfl-roy-gerela,Roy Gerela,PIT,NYJ,2,3,1,2,37
1977-11-27,1977,11,REG,1977_11_SD_SEA,nfl-john-leypoldt,John Leypoldt,SEA,SD,4,4,0,0,
1977-11-28,1977,11,REG,1977_11_BUF_OAK,nfl-errol-mann,Errol Mann,OAK,BUF,4,5,0,1,
1977-12-04,1977,12,REG,1977_12_ATL_DAL,nfl-nick-mike-mayer,Nick Mike-Mayer,ATL,DAL,2,2,0,0,
1977-12-04,1977,12,REG,1977_12_CHI_TB,nfl-bob-thomas,Bob Thomas,CHI,TB,1,1,1,3,32
1977-12-04,1977,12,REG,1977_12_CIN_KC,nfl-jan-stenerud,Jan Stenerud,KC,CIN,1,1,0,0,
1977-12-04,1977,12,REG,1977_12_CLE_SD,nfl-don-cockroft,Don Cockroft,CLE,SD,2,2,0,1,
1977-12-04,1977,12,REG,1977_12_DEN_HOU,nfl-jim-turner-2,Jim Turner,DEN,HOU,3,3,1,2,42
1977-12-04,1977,12,REG,1977_12_DEN_HOU,nfl-toni-fritsch,Toni Fritsch,HOU,DEN,2,2,0,0,
1977-12-04,1977,12,REG,1977_12_DET_GB,nfl-chester-marcol,Chester Marcol,GB,DET,1,1,1,1,37
1977-12-04,1977,12,REG,1977_12_DET_GB,nfl-steve-mike-mayer,Steve Mike-Mayer,DET,GB,1,1,0,0,
1977-12-04,1977,12,REG,1977_12_NE_ATL,nfl-fred-steinfort,Fred Steinfort,ATL,NE,1,1,1,1,25
1977-12-04,1977,12,REG,1977_12_NYJ_NO,nfl-richie-szaro,Richie Szaro,NO,NYJ,1,2,0,0,
1977-12-04,1977,12,REG,1977_12_OAK_LA,nfl-errol-mann,Errol Mann,OAK,LA,2,2,0,1,
1977-12-04,1977,12,REG,1977_12_PHI_DAL,nfl-efren-herrera,Efren Herrera,DAL,PHI,3,3,1,1,24
1977-12-04,1977,12,REG,1977_12_SF_MIN,nfl-fred-cox,Fred Cox,MIN,SF,4,4,0,0,
1977-12-04,1977,12,REG,1977_12_STL_NYG,nfl-jim-bakken,Jim Bakken,STL,NYG,1,1,0,0,
1977-12-04,1977,12,REG,1977_12_WAS_BUF,nfl-carson-long,Carson Long,BUF,WAS,0,0,0,2,
1977-12-04,1977,12,REG,1977_12_WAS_BUF,nfl-mark-moseley,Mark Moseley,WAS,BUF,1,1,1,3,19
1977-12-05,1977,12,REG,1977_12_BAL_MIA,nfl-garo-yepremian,Garo Yepremian,MIA,BAL,2,2,1,3,27
1977-12-10,1977,13,REG,1977_13_PIT_CIN,nfl-chris-bahr,Chris Bahr,CIN,PIT,2,2,1,3,24
1977-12-10,1977,13,REG,1977_13_PIT_CIN,nfl-roy-gerela,Roy Gerela,PIT,CIN,1,1,1,1,32
1977-12-11,1977,13,REG,1977_13_ATL_LA,nfl-fred-steinfort,Fred Steinfort,ATL,LA,1,1,0,2,
1977-12-11,1977,13,REG,1977_13_ATL_LA,nfl-rafael-septien,Rafael Septien,LA,ATL,2,3,1,1,36
1977-12-11,1977,13,REG,1977_13_BUF_NYJ,nfl-carson-long,Carson Long,BUF,NYJ,2,2,0,0,
1977-12-11,1977,13,REG,1977_13_BUF_NYJ,nfl-pat-leahy,Pat Leahy,NYJ,BUF,1,1,1,1,25
1977-12-11,1977,13,REG,1977_13_DET_BAL,nfl-toni-linhart,Toni Linhart,BAL,DET,1,1,1,2,31
1977-12-11,1977,13,REG,1977_13_GB_CHI,nfl-bob-thomas,Bob Thomas,CHI,GB,3,3,0,1,
1977-12-11,1977,13,REG,1977_13_GB_CHI,nfl-chester-marcol,Chester Marcol,GB,CHI,1,1,1,1,19
1977-12-11,1977,13,REG,1977_13_HOU_CLE,nfl-tom-dempsey,Tom Dempsey,HOU,CLE,1,2,0,0,
1977-12-11,1977,13,REG,1977_13_MIA_NE,nfl-garo-yepremian,Garo Yepremian,MIA,NE,1,1,1,1,28
1977-12-11,1977,13,REG,1977_13_MIA_NE,nfl-john-smith-2,John Smith,NE,MIA,2,2,0,1,
1977-12-11,1977,13,REG,1977_13_MIN_OAK,nfl-errol-mann,Errol Mann,OAK,MIN,5,5,0,1,
1977-12-11,1977,13,REG,1977_13_MIN_OAK,nfl-fred-cox,Fred Cox,MIN,OAK,1,2,0,0,
1977-12-11,1977,13,REG,1977_13_NYG_ATL,nfl-nick-mike-mayer,Nick Mike-Mayer,ATL,NYG,2,2,1,1,25
1977-12-11,1977,13,REG,1977_13_NYG_PHI,nfl-joe-danelo,Joe Danelo,NYG,PHI,2,2,0,1,
1977-12-11,1977,13,REG,1977_13_SD_DEN,nfl-jim-turner-2,Jim Turner,DEN,SD,2,2,1,1,36
1977-12-11,1977,13,REG,1977_13_SEA_KC,nfl-jan-stenerud,Jan Stenerud,KC,SEA,4,4,1,3,23
1977-12-11,1977,13,REG,1977_13_SEA_KC,nfl-john-leypoldt,John Leypoldt,SEA,KC,4,5,0,0,
1977-12-11,1977,13,REG,1977_13_TB_NO,nfl-richie-szaro,Richie Szaro,NO,TB,2,2,0,0,
1977-12-12,1977,13,REG,1977_13_DAL_SF,nfl-efren-herrera,Efren Herrera,DAL,SF,6,6,0,1,
1977-12-12,1977,13,REG,1977_13_DAL_SF,nfl-ray-wersching,Ray Wersching,SF,DAL,5,5,0,0,
1977-12-17,1977,14,REG,1977_14_BUF_MIA,nfl-carson-long,Carson Long,BUF,MIA,2,2,0,0,
1977-12-17,1977,14,REG,1977_14_BUF_MIA,nfl-garo-yepremian,Garo Yepremian,MIA,BUF,4,4,1,1,48
1977-12-17,1977,14,REG,1977_14_LA_WAS,nfl-mark-moseley,Mark Moseley,WAS,LA,2,2,1,2,45
1977-12-17,1977,14,REG,1977_14_LA_WAS,nfl-rafael-septien,Rafael Septien,LA,WAS,2,2,0,2,
1977-12-17,1977,14,REG,1977_14_MIN_DET,nfl-fred-cox,Fred Cox,MIN,DET,3,4,1,3,26
1977-12-17,1977,14,REG,1977_14_MIN_DET,nfl-steve-mike-mayer,Steve Mike-Mayer,DET,MIN,3,3,0,1,
1977-12-18,1977,14,REG,1977_14_CLE_SEA,nfl-john-leypoldt,John Leypoldt,SEA,CLE,2,3,0,1,
1977-12-18,1977,14,REG,1977_14_DEN_DAL,nfl-efren-herrera,Efren Herrera,DAL,DEN,2,2,0,3,
1977-12-18,1977,14,REG,1977_14_KC_OAK,nfl-jan-stenerud,Jan Stenerud,KC,OAK,2,3,0,3,
1977-12-18,1977,14,REG,1977_14_NE_BAL,nfl-john-smith-2,John Smith,NE,BAL,3,3,1,1,30
1977-12-18,1977,14,REG,1977_14_NE_BAL,nfl-toni-linhart,Toni Linhart,BAL,NE,3,4,1,3,28
1977-12-18,1977,14,REG,1977_14_NO_ATL,nfl-fred-steinfort,Fred Steinfort,ATL,NO,5,5,0,0,
1977-12-18,1977,14,REG,1977_14_NO_ATL,nfl-richie-szaro,Richie Szaro,NO,ATL,1,1,0,1,
1977-12-18,1977,14,REG,1977_14_PIT_SD,nfl-rolf-benirschke,Rolf Benirschke,SD,PIT,0,0,1,1,38
1977-12-18,1977,14,REG,1977_14_PIT_SD,nfl-roy-gerela,Roy Gerela,PIT,SD,1,1,1,2,27
1977-12-18,1977,14,REG,1977_14_SF_GB,nfl-chester-marcol,Chester Marcol,GB,SF,1,2,1,4,24
1977-12-18,1977,14,REG,1977_14_SF_GB,nfl-ray-wersching,Ray Wersching,SF,GB,2,2,0,1,
1977-12-18,1977,14,REG,1977_14_STL_TB,nfl-jim-bakken,Jim Bakken,STL,TB,1,1,0,0,
1978-09-03,1978,1,REG,1978_01_GB_DET,nfl-benny-ricardo,Benny Ricardo,DET,GB,1,1,0,0,
1978-09-03,1978,1,REG,1978_01_HOU_ATL,nfl-toni-fritsch,Toni Fritsch,HOU,ATL,2,2,0,0,
1978-09-03,1978,1,REG,1978_01_KC_CIN,nfl-chris-bahr,Chris Bahr,CIN,KC,2,3,1,1,42
1978-09-03,1978,1,REG,1978_01_KC_CIN,nfl-jan-stenerud,Jan Stenerud,KC,CIN,3,3,1,1,19
1978-09-03,1978,1,REG,1978_01_LA_PHI,nfl-nick-mike-mayer,Nick Mike-Mayer,PHI,LA,2,2,0,1,
1978-09-03,1978,1,REG,1978_01_MIA_NYJ,nfl-garo-yepremian,Garo Yepremian,MIA,NYJ,2,3,0,0,
1978-09-03,1978,1,REG,1978_01_MIN_NO,nfl-richie-szaro,Richie Szaro,NO,MIN,4,4,1,2,32
1978-09-03,1978,1,REG,1978_01_MIN_NO,nfl-rick-danmeier,Rick Danmeier,MIN,NO,3,3,1,1,44
1978-09-03,1978,1,REG,1978_01_OAK_DEN,nfl-jim-turner-2,Jim Turner,DEN,OAK,2,2,0,0,
1978-09-03,1978,1,REG,1978_01_PIT_BUF,nfl-roy-gerela,Roy Gerela,PIT,BUF,4,4,0,1,
1978-09-03,1978,1,REG,1978_01_PIT_BUF,nfl-tom-dempsey,Tom Dempsey,BUF,PIT,2,2,1,1,32
1978-09-03,1978,1,REG,1978_01_SD_SEA,nfl-efren-herrera,Efren Herrera,SEA,SD,2,3,0,2,
1978-09-03,1978,1,REG,1978_01_SD_SEA,nfl-rolf-benirschke,Rolf Benirschke,SD,SEA,3,3,1,1,18
1978-09-03,1978,1,REG,1978_01_SF_CLE,nfl-don-cockroft,Don Cockroft,CLE,SF,3,3,1,3,23
1978-09-03,1978,1,REG,1978_01_SF_CLE,nfl-ray-wersching,Ray Wersching,SF,CLE,1,1,0,0,
1978-09-03,1978,1,REG,1978_01_STL_CHI,nfl-bob-thomas,Bob Thomas,CHI,STL,2,2,1,1,39
1978-09-03,1978,1,REG,1978_01_STL_CHI,nfl-jim-bakken,Jim Bakken,STL,CHI,1,1,1,2,33
1978-09-03,1978,1,REG,1978_01_WAS_NE,nfl-john-smith-2,John Smith,NE,WAS,2,2,0,0,
1978-09-03,1978,1,REG,1978_01_WAS_NE,nfl-mark-moseley,Mark Moseley,WAS,NE,1,2,1,2,26
1978-09-04,1978,1,REG,1978_01_BAL_DAL,nfl-rafael-septien,Rafael Septien,DAL,BAL,5,5,1,3,48
1978-09-04,1978,1,REG,1978_01_BAL_DAL,nfl-toni-linhart,Toni Linhart,BAL,DAL,0,0,0,1,
1978-09-09,1978,2,REG,1978_02_DET_TB,nfl-neil-o-donoghue,Neil O'Donoghue,TB,DET,1,1,0,1,
1978-09-10,1978,2,REG,1978_02_ATL_LA,nfl-frank-corral,Frank Corral,LA,ATL,1,1,1,1,19
1978-09-10,1978,2,REG,1978_02_CIN_CLE,nfl-chris-bahr,Chris Bahr,CIN,CLE,1,1,1,3,37
1978-09-10,1978,2,REG,1978_02_DAL_NYG,nfl-joe-danelo,Joe Danelo,NYG,DAL,3,3,1,1,42
1978-09-10,1978,2,REG,1978_02_DAL_NYG,nfl-rafael-septien,Rafael Septien,DAL,NYG,4,5,0,0,
1978-09-10,1978,2,REG,1978_02_HOU_KC,nfl-jan-stenerud,Jan Stenerud,KC,HOU,2,2,1,2,41
1978-09-10,1978,2,REG,1978_02_MIA_BAL,nfl-garo-yepremian,Garo Yepremian,MIA,BAL,6,6,0,0,
1978-09-10,1978,2,REG,1978_02_NE_STL,nfl-jim-bakken,Jim Bakken,STL,NE,0,1,0,0,
1978-09-10,1978,2,REG,1978_02_NE_STL,nfl-john-smith-2,John Smith,NE,STL,1,1,1,1,24
1978-09-10,1978,2,REG,1978_02_NO_GB,nfl-chester-marcol,Chester Marcol,GB,NO,4,4,0,1,
1978-09-10,1978,2,REG,1978_02_NO_GB,nfl-richie-szaro,Richie Szaro,NO,GB,2,2,1,2,37
1978-09-10,1978,2,REG,1978_02_NYJ_BUF,nfl-pat-leahy,Pat Leahy,NYJ,BUF,3,3,0,0,
1978-09-10,1978,2,REG,1978_02_NYJ_BUF,nfl-tom-dempsey,Tom Dempsey,BUF,NYJ,2,3,0,0,
1978-09-10,1978,2,REG,1978_02_OAK_SD,nfl-errol-mann,Errol Mann,OAK,SD,3,3,0,0,
1978-09-10,1978,2,REG,1978_02_OAK_SD,nfl-rolf-benirschke,Rolf Benirschke,SD,OAK,2,3,0,1,
1978-09-10,1978,2,REG,1978_02_PHI_WAS,nfl-mark-moseley,Mark Moseley,WAS,PHI,5,5,0,1,
1978-09-10,1978,2,REG,1978_02_PHI_WAS,nfl-nick-mike-mayer,Nick Mike-Mayer,PHI,WAS,3,4,1,1,32
1978-09-10,1978,2,REG,1978_02_SEA_PIT,nfl-efren-herrera,Efren Herrera,SEA,PIT,1,1,1,2,20
1978-09-10,1978,2,REG,1978_02_SEA_PIT,nfl-roy-gerela,Roy Gerela,PIT,SEA,3,3,0,2,
1978-09-11,1978,2,REG,1978_02_DEN_MIN,nfl-jim-turner-2,Jim Turner,DEN,MIN,0,1,1,1,25
1978-09-17,1978,3,REG,1978_03_BUF_MIA,nfl-garo-yepremian,Garo Yepremian,MIA,BUF,4,4,1,1,49
1978-09-17,1978,3,REG,1978_03_BUF_MIA,nfl-tom-dempsey,Tom Dempsey,BUF,MIA,3,3,1,1,46
1978-09-17,1978,3,REG,1978_03_CHI_DET,nfl-benny-ricardo,Benny Ricardo,DET,CHI,0,0,0,1,
1978-09-17,1978,3,REG,1978_03_CHI_DET,nfl-bob-thomas,Bob Thomas,CHI,DET,2,2,1,1,28
1978-09-17,1978,3,REG,1978_03_CLE_ATL,nfl-don-cockroft,Don Cockroft,CLE,ATL,3,3,1,1,43
1978-09-17,1978,3,REG,1978_03_CLE_ATL,nfl-fred-steinfort,Fred Steinfort,ATL,CLE,1,2,1,2,24
1978-09-17,1978,3,REG,1978_03_DAL_LA,nfl-frank-corral,Frank Corral,LA,DAL,3,4,0,1,
1978-09-17,1978,3,REG,1978_03_DAL_LA,nfl-rafael-septien,Rafael Septien,DAL,LA,2,2,0,1,
1978-09-17,1978,3,REG,1978_03_KC_NYG,nfl-jan-stenerud,Jan Stenerud,KC,NYG,1,1,1,2,24
1978-09-17,1978,3,REG,1978_03_OAK_GB,nfl-chester-marcol,Chester Marcol,GB,OAK,0,0,1,1,34
1978-09-17,1978,3,REG,1978_03_OAK_GB,nfl-errol-mann,Errol Mann,OAK,GB,4,4,0,1,
1978-09-17,1978,3,REG,1978_03_PHI_NO,nfl-nick-mike-mayer,Nick Mike-Mayer,PHI,NO,3,3,1,3,21
1978-09-17,1978,3,REG,1978_03_PHI_NO,nfl-richie-szaro,Richie Szaro,NO,PHI,2,2,1,1,21
1978-09-17,1978,3,REG,1978_03_PIT_CIN,nfl-chris-bahr,Chris Bahr,CIN,PIT,0,0,1,2,33
1978-09-17,1978,3,REG,1978_03_PIT_CIN,nfl-roy-gerela,Roy Gerela,PIT,CIN,4,4,0,1,
1978-09-17,1978,3,REG,1978_03_SD_DEN,nfl-jim-turner-2,Jim Turner,DEN,SD,3,4,0,0,
1978-09-17,1978,3,REG,1978_03_SD_DEN,nfl-rolf-benirschke,Rolf Benirschke,SD,DEN,2,2,0,0,
1978-09-17,1978,3,REG,1978_03_SEA_NYJ,nfl-efren-herrera,Efren Herrera,SEA,NYJ,3,3,1,1,45
1978-09-17,1978,3,REG,1978_03_SEA_NYJ,nfl-pat-leahy,Pat Leahy,NYJ,SEA,2,2,1,1,37
1978-09-17,1978,3,REG,1978_03_TB_MIN,nfl-neil-o-donoghue,Neil O'Donoghue,TB,MIN,1,2,1,1,42
1978-09-17,1978,3,REG,1978_03_TB_MIN,nfl-rick-danmeier,Rick Danmeier,MIN,TB,1,1,1,3,47
1978-09-17,1978,3,REG,1978_03_WAS_STL,nfl-jim-bakken,Jim Bakken,STL,WAS,1,1,1,1,20
1978-09-17,1978,3,REG,1978_03_WAS_STL,nfl-mark-moseley,Mark Moseley,WAS,STL,4,4,0,0,
1978-09-18,1978,3,REG,1978_03_BAL_NE,nfl-john-smith-2,John Smith,NE,BAL,3,4,0,0,
1978-09-18,1978,3,REG,1978_03_BAL_NE,nfl-toni-linhart,Toni Linhart,BAL,NE,4,5,0,0,
1978-09-24,1978,4,REG,1978_04_ATL_TB,nfl-fred-steinfort,Fred Steinfort,ATL,TB,1,1,0,1,
1978-09-24,1978,4,REG,1978_04_ATL_TB,nfl-neil-o-donoghue,Neil O'Donoghue,TB,ATL,2,2,0,0,
1978-09-24,1978,4,REG,1978_04_BAL_BUF,nfl-tom-dempsey,Tom Dempsey,BUF,BAL,3,3,1,2,21
1978-09-24,1978,4,REG,1978_04_BAL_BUF,nfl-toni-linhart,Toni Linhart,BAL,BUF,2,2,1,1,21
1978-09-24,1978,4,REG,1978_04_DEN_KC,nfl-jan-stenerud,Jan Stenerud,KC,DEN,2,2,1,1,46
1978-09-24,1978,4,REG,1978_04_DEN_KC,nfl-jim-turner-2,Jim Turner,DEN,KC,2,2,1,3,42
1978-09-24,1978,4,REG,1978_04_DET_SEA,nfl-efren-herrera,Efren Herrera,SEA,DET,4,4,0,0,
1978-09-24,1978,4,REG,1978_04_GB_SD,nfl-chester-marcol,Chester Marcol,GB,SD,3,3,1,2,37
1978-09-24,1978,4,REG,1978_04_GB_SD,nfl-rolf-benirschke,Rolf Benirschke,SD,GB,0,0,1,1,43
1978-09-24,1978,4,REG,1978_04_LA_HOU,nfl-frank-corral,Frank Corral,LA,HOU,1,1,1,2,25
1978-09-24,1978,4,REG,1978_04_MIA_PHI,nfl-garo-yepremian,Garo Yepremian,MIA,PHI,0,0,1,1,47
1978-09-24,1978,4,REG,1978_04_MIA_PHI,nfl-nick-mike-mayer,Nick Mike-Mayer,PHI,MIA,2,2,1,1,34
1978-09-24,1978,4,REG,1978_04_NE_OAK,nfl-errol-mann,Errol Mann,OAK,NE,2,2,0,2,
1978-09-24,1978,4,REG,1978_04_NE_OAK,nfl-nick-lowery,Nick Lowery,NE,OAK,3,3,0,0,
1978-09-24,1978,4,REG,1978_04_NYJ_WAS,nfl-pat-leahy,Pat Leahy,NYJ,WAS,0,0,1,2,31
1978-09-24,1978,4,REG,1978_04_SF_NYG,nfl-ray-wersching,Ray Wersching,SF,NYG,1,1,1,1,30
1978-09-24,1978,4,REG,1978_04_STL_DAL,nfl-jim-bakken,Jim Bakken,STL,DAL,1,1,1,4,23
1978-09-24,1978,4,REG,1978_04_STL_DAL,nfl-rafael-septien,Rafael Septien,DAL,STL,3,3,0,0,
1978-09-25,1978,4,REG,1978_04_MIN_CHI,nfl-rick-danmeier,Rick Danmeier,MIN,CHI,3,3,1,1,29
1978-10-01,1978,5,REG,1978_05_CIN_SF,nfl-chris-bahr,Chris Bahr,CIN,SF,1,1,1,1,46
1978-10-01,1978,5,REG,1978_05_CIN_SF,nfl-ray-wersching,Ray Wersching,SF,CIN,4,4,0,0,
1978-10-01,1978,5,REG,1978_05_DET_GB,nfl-benny-ricardo,Benny Ricardo,DET,GB,2,2,0,0,
1978-10-01,1978,5,REG,1978_05_DET_GB,nfl-chester-marcol,Chester Marcol,GB,DET,5,5,0,1,
1978-10-01,1978,5,REG,1978_05_HOU_CLE,nfl-toni-fritsch,Toni Fritsch,HOU,CLE,1,2,1,1,19
1978-10-01,1978,5,REG,1978_05_KC_BUF,nfl-tom-dempsey,Tom Dempsey,BUF,KC,4,4,0,0,
1978-10-01,1978,5,REG,1978_05_LA_NO,nfl-john-leypoldt,John Leypoldt,NO,LA,2,3,0,1,
1978-10-01,1978,5,REG,1978_05_MIN_TB,nfl-neil-o-donoghue,Neil O'Donoghue,TB,MIN,1,1,0,2,
1978-10-01,1978,5,REG,1978_05_MIN_TB,nfl-rick-danmeier,Rick Danmeier,MIN,TB,3,3,1,1,36
1978-10-01,1978,5,REG,1978_05_NYG_ATL,nfl-fred-steinfort,Fred Steinfort,ATL,NYG,3,3,0,2,
1978-10-01,1978,5,REG,1978_05_PHI_BAL,nfl-nick-mike-mayer,Nick Mike-Mayer,PHI,BAL,2,2,1,2,26
1978-10-01,1978,5,REG,1978_05_PHI_BAL,nfl-toni-linhart,Toni Linhart,BAL,PHI,2,2,0,1,
1978-10-01,1978,5,REG,1978_05_PIT_NYJ,nfl-pat-leahy,Pat Leahy,NYJ,PIT,2,2,1,1,47
1978-10-01,1978,5,REG,1978_05_PIT_NYJ,nfl-roy-gerela,Roy Gerela,PIT,NYJ,4,4,0,0,
1978-10-01,1978,5,REG,1978_05_SD_NE,nfl-nick-lowery,Nick Lowery,NE,SD,4,4,0,1,
1978-10-01,1978,5,REG,1978_05_SD_NE,nfl-rolf-benirschke,Rolf Benirschke,SD,NE,2,3,1,2,41
1978-10-01,1978,5,REG,1978_05_SEA_DEN,nfl-efren-herrera,Efren Herrera,SEA,DEN,1,1,0,1,
1978-10-01,1978,5,REG,1978_05_SEA_DEN,nfl-jim-turner-2,Jim Turner,DEN,SEA,4,4,0,0,
1978-10-01,1978,5,REG,1978_05_STL_MIA,nfl-garo-yepremian,Garo Yepremian,MIA,STL,3,3,1,1,34
1978-10-01,1978,5,REG,1978_05_STL_MIA,nfl-jim-bakken,Jim Bakken,STL,MIA,1,1,1,3,40
1978-10-02,1978,5,REG,1978_05_DAL_WAS,nfl-rafael-septien,Rafael Septien,DAL,WAS,0,0,1,1,19
1978-10-08,1978,6,REG,1978_06_ATL_PIT,nfl-fred-steinfort,Fred Steinfort,ATL,PIT,1,1,0,2,
1978-10-08,1978,6,REG,1978_06_ATL_PIT,nfl-roy-gerela,Roy Gerela,PIT,ATL,4,4,1,1,21
1978-10-08,1978,6,REG,1978_06_BAL_STL,nfl-jim-bakken,Jim Bakken,STL,BAL,2,2,1,1,26
1978-10-08,1978,6,REG,1978_06_BAL_STL,nfl-toni-linhart,Toni Linhart,BAL,STL,3,4,1,2,35
1978-10-08,1978,6,REG,1978_06_BUF_NYJ,nfl-pat-leahy,Pat Leahy,NYJ,BUF,6,6,1,1,38
1978-10-08,1978,6,REG,1978_06_BUF_NYJ,nfl-tom-dempsey,Tom Dempsey,BUF,NYJ,2,2,0,0,
1978-10-08,1978,6,REG,1978_06_CHI_GB,nfl-bob-thomas,Bob Thomas,CHI,GB,2,2,0,1,
1978-10-08,1978,6,REG,1978_06_CHI_GB,nfl-chester-marcol,Chester Marcol,GB,CHI,3,3,1,1,41
1978-10-08,1978,6,REG,1978_06_CLE_NO,nfl-don-cockroft,Don Cockroft,CLE,NO,3,3,1,1,40
1978-10-08,1978,6,REG,1978_06_CLE_NO,nfl-richie-szaro,Richie Szaro,NO,CLE,1,1,1,1,20
1978-10-08,1978,6,REG,1978_06_DEN_SD,nfl-jim-turner-2,Jim Turner,DEN,SD,0,0,0,1,
1978-10-08,1978,6,REG,1978_06_HOU_OAK,nfl-errol-mann,Errol Mann,OAK,HOU,3,3,0,0,
1978-10-08,1978,6,REG,1978_06_HOU_OAK,nfl-toni-fritsch,Toni Fritsch,HOU,OAK,2,2,1,1,35
1978-10-08,1978,6,REG,1978_06_MIN_SEA,nfl-efren-herrera,Efren Herrera,SEA,MIN,2,4,1,1,19
1978-10-08,1978,6,REG,1978_06_MIN_SEA,nfl-rick-danmeier,Rick Danmeier,MIN,SEA,4,4,0,1,
1978-10-08,1978,6,REG,1978_06_NYG_DAL,nfl-joe-danelo,Joe Danelo,NYG,DAL,0,0,1,1,37
1978-10-08,1978,6,REG,1978_06_NYG_DAL,nfl-rafael-septien,Rafael Septien,DAL,NYG,3,3,1,1,22
1978-10-08,1978,6,REG,1978_06_PHI_NE,nfl-david-posey,David Posey,NE,PHI,3,3,1,2,42
1978-10-08,1978,6,REG,1978_06_PHI_NE,nfl-nick-mike-mayer,Nick Mike-Mayer,PHI,NE,2,2,0,0,
1978-10-08,1978,6,REG,1978_06_SF_LA,nfl-ray-wersching,Ray Wersching,SF,LA,1,1,1,1,25
1978-10-08,1978,6,REG,1978_06_TB_KC,nfl-neil-o-donoghue,Neil O'Donoghue,TB,KC,3,4,1,1,22
1978-10-08,1978,6,REG,1978_06_WAS_DET,nfl-mark-moseley,Mark Moseley,WAS,DET,3,3,0,0,
1978-10-09,1978,6,REG,1978_06_CIN_MIA,nfl-chris-bahr,Chris Bahr,CIN,MIA,0,0,0,1,
1978-10-09,1978,6,REG,1978_06_CIN_MIA,nfl-garo-yepremian,Garo Yepremian,MIA,CIN,3,3,0,2,
1978-10-15,1978,7,REG,1978_07_BUF_HOU,nfl-tom-dempsey,Tom Dempsey,BUF,HOU,1,1,1,1,33
1978-10-15,1978,7,REG,1978_07_BUF_HOU,nfl-toni-fritsch,Toni Fritsch,HOU,BUF,2,2,1,2,43
1978-10-15,1978,7,REG,1978_07_DAL_STL,nfl-jim-bakken,Jim Bakken,STL,DAL,3,3,0,1,
1978-10-15,1978,7,REG,1978_07_DAL_STL,nfl-rafael-septien,Rafael Septien,DAL,STL,3,3,1,2,47
1978-10-15,1978,7,REG,1978_07_DET_ATL,nfl-benny-ricardo,Benny Ricardo,DET,ATL,0,0,0,1,
1978-10-15,1978,7,REG,1978_07_DET_ATL,nfl-tim-mazzetti,Tim Mazzetti,ATL,DET,2,2,0,0,
1978-10-15,1978,7,REG,1978_07_KC_OAK,nfl-errol-mann,Errol Mann,OAK,KC,4,4,0,1,
1978-10-15,1978,7,REG,1978_07_KC_OAK,nfl-jan-stenerud,Jan Stenerud,KC,OAK,0,1,0,0,
1978-10-15,1978,7,REG,1978_07_LA_MIN,nfl-rick-danmeier,Rick Danmeier,MIN,LA,2,2,1,1,38
1978-10-15,1978,7,REG,1978_07_MIA_SD,nfl-garo-yepremian,Garo Yepremian,MIA,SD,4,4,0,1,
1978-10-15,1978,7,REG,1978_07_MIA_SD,nfl-rolf-benirschke,Rolf Benirschke,SD,MIA,3,3,0,0,
1978-10-15,1978,7,REG,1978_07_NE_CIN,nfl-chris-bahr,Chris Bahr,CIN,NE,0,0,1,4,52
1978-10-15,1978,7,REG,1978_07_NE_CIN,nfl-david-posey,David Posey,NE,CIN,1,1,1,1,19
1978-10-15,1978,7,REG,1978_07_NO_SF,nfl-ray-wersching,Ray Wersching,SF,NO,1,1,0,0,
1978-10-15,1978,7,REG,1978_07_NO_SF,nfl-tom-jurich,Tom Jurich,NO,SF,2,2,0,3,
1978-10-15,1978,7,REG,1978_07_NYJ_BAL,nfl-toni-linhart,Toni Linhart,BAL,NYJ,1,1,1,1,27
1978-10-15,1978,7,REG,1978_07_PIT_CLE,nfl-don-cockroft,Don Cockroft,CLE,PIT,2,2,0,0,
1978-10-15,1978,7,REG,1978_07_SEA_GB,nfl-chester-marcol,Chester Marcol,GB,SEA,6,6,1,1,22
1978-10-15,1978,7,REG,1978_07_SEA_GB,nfl-efren-herrera,Efren Herrera,SEA,GB,4,4,0,1,
1978-10-15,1978,7,REG,1978_07_TB_NYG,nfl-joe-danelo,Joe Danelo,NYG,TB,2,2,1,2,22
1978-10-15,1978,7,REG,1978_07_TB_NYG,nfl-neil-o-donoghue,Neil O'Donoghue,TB,NYG,2,2,0,2,
1978-10-15,1978,7,REG,1978_07_WAS_PHI,nfl-mark-moseley,Mark Moseley,WAS,PHI,1,1,1,3,49
1978-10-15,1978,7,REG,1978_07_WAS_PHI,nfl-nick-mike-mayer,Nick Mike-Mayer,PHI,WAS,2,2,1,2,29
1978-10-16,1978,7,REG,1978_07_CHI_DEN,nfl-bob-thomas,Bob Thomas,CHI,DEN,1,1,0,0,
1978-10-16,1978,7,REG,1978_07_CHI_DEN,nfl-jim-turner-2,Jim Turner,DEN,CHI,1,2,1,1,45
1978-10-22,1978,8,REG,1978_08_ATL_SF,nfl-ray-wersching,Ray Wersching,SF,ATL,2,2,1,2,35
1978-10-22,1978,8,REG,1978_08_CHI_TB,nfl-neil-o-donoghue,Neil O'Donoghue,TB,CHI,3,5,0,0,
1978-10-22,1978,8,REG,1978_08_CIN_BUF,nfl-tom-dempsey,Tom Dempsey,BUF,CIN,0,0,1,2,20
1978-10-22,1978,8,REG,1978_08_CLE_KC,nfl-don-cockroft,Don Cockroft,CLE,KC,0,0,1,1,20
1978-10-22,1978,8,REG,1978_08_CLE_KC,nfl-jan-stenerud,Jan Stenerud,KC,CLE,2,2,1,1,21
1978-10-22,1978,8,REG,1978_08_DEN_BAL,nfl-toni-linhart,Toni Linhart,BAL,DEN,1,1,0,0,
1978-10-22,1978,8,REG,1978_08_GB_MIN,nfl-chester-marcol,Chester Marcol,GB,MIN,1,1,0,0,
1978-10-22,1978,8,REG,1978_08_GB_MIN,nfl-rick-danmeier,Rick Danmeier,MIN,GB,3,3,0,1,
1978-10-22,1978,8,REG,1978_08_MIA_NE,nfl-david-posey,David Posey,NE,MIA,4,4,1,2,29
1978-10-22,1978,8,REG,1978_08_MIA_NE,nfl-garo-yepremian,Garo Yepremian,MIA,NE,3,3,1,2,29
1978-10-22,1978,8,REG,1978_08_NO_LA,nfl-frank-corral,Frank Corral,LA,NO,0,0,1,2,20
1978-10-22,1978,8,REG,1978_08_NO_LA,nfl-steve-mike-mayer,Steve Mike-Mayer,NO,LA,1,1,1,1,32
1978-10-22,1978,8,REG,1978_08_OAK_SEA,nfl-errol-mann,Errol Mann,OAK,SEA,1,1,0,0,
1978-10-22,1978,8,REG,1978_08_PHI_DAL,nfl-nick-mike-mayer,Nick Mike-Mayer,PHI,DAL,1,1,0,0,
1978-10-22,1978,8,REG,1978_08_PHI_DAL,nfl-rafael-septien,Rafael Septien,DAL,PHI,2,2,0,1,
1978-10-22,1978,8,REG,1978_08_SD_DET,nfl-benny-ricardo,Benny Ricardo,DET,SD,4,4,1,4,22
1978-10-22,1978,8,REG,1978_08_SD_DET,nfl-rolf-benirschke,Rolf Benirschke,SD,DET,2,2,0,1,
1978-10-22,1978,8,REG,1978_08_STL_NYJ,nfl-jim-bakken,Jim Bakken,STL,NYJ,1,1,1,1,41
1978-10-22,1978,8,REG,1978_08_WAS_NYG,nfl-joe-danelo,Joe Danelo,NYG,WAS,2,2,1,1,31
1978-10-23,1978,8,REG,1978_08_HOU_PIT,nfl-roy-gerela,Roy Gerela,PIT,HOU,2,2,1,2,30
1978-10-23,1978,8,REG,1978_08_HOU_PIT,nfl-toni-fritsch,Toni Fritsch,HOU,PIT,3,3,1,1,39
1978-10-26,1978,9,REG,1978_09_MIN_DAL,nfl-rafael-septien,Rafael Septien,DAL,MIN,1,1,1,1,25
1978-10-26,1978,9,REG,1978_09_MIN_DAL,nfl-rick-danmeier,Rick Danmeier,MIN,DAL,3,3,0,1,
1978-10-29,1978,9,REG,1978_09_BAL_MIA,nfl-garo-yepremian,Garo Yepremian,MIA,BAL,3,3,1,1,32
1978-10-29,1978,9,REG,1978_09_BAL_MIA,nfl-toni-linhart,Toni Linhart,BAL,MIA,0,1,0,0,
1978-10-29,1978,9,REG,1978_09_BUF_CLE,nfl-don-cockroft,Don Cockroft,CLE,BUF,5,6,0,0,
1978-10-29,1978,9,REG,1978_09_BUF_CLE,nfl-tom-dempsey,Tom Dempsey,BUF,CLE,2,2,0,0,
1978-10-29,1978,9,REG,1978_09_DEN_SEA,nfl-efren-herrera,Efren Herrera,SEA,DEN,2,2,1,2,37
1978-10-29,1978,9,REG,1978_09_DET_CHI,nfl-benny-ricardo,Benny Ricardo,DET,CHI,3,3,0,0,
1978-10-29,1978,9,REG,1978_09_DET_CHI,nfl-bob-thomas,Bob Thomas,CHI,DET,2,2,1,1,23
1978-10-29,1978,9,REG,1978_09_HOU_CIN,nfl-chris-bahr,Chris Bahr,CIN,HOU,4,4,0,1,
1978-10-29,1978,9,REG,1978_09_HOU_CIN,nfl-toni-fritsch,Toni Fritsch,HOU,CIN,1,1,0,0,
1978-10-29,1978,9,REG,1978_09_KC_PIT,nfl-jan-stenerud,Jan Stenerud,KC,PIT,3,3,1,2,25
1978-10-29,1978,9,REG,1978_09_KC_PIT,nfl-roy-gerela,Roy Gerela,PIT,KC,3,4,0,0,
1978-10-29,1978,9,REG,1978_09_NYG_NO,nfl-joe-danelo,Joe Danelo,NYG,NO,2,2,1,2,50
1978-10-29,1978,9,REG,1978_09_NYG_NO,nfl-steve-mike-mayer,Steve Mike-Mayer,NO,NYG,4,4,0,0,
1978-10-29,1978,9,REG,1978_09_NYJ_NE,nfl-david-posey,David Posey,NE,NYJ,7,8,0,0,
1978-10-29,1978,9,REG,1978_09_NYJ_NE,nfl-pat-leahy,Pat Leahy,NYJ,NE,3,3,0,0,
1978-10-29,1978,9,REG,1978_09_SD_OAK,nfl-errol-mann,Errol Mann,OAK,SD,2,2,1,1,25
1978-10-29,1978,9,REG,1978_09_SF_WAS,nfl-mark-moseley,Mark Moseley,WAS,SF,5,5,1,3,26
1978-10-29,1978,9,REG,1978_09_STL_PHI,nfl-jim-bakken,Jim Bakken,STL,PHI,1,2,1,2,31
1978-10-29,1978,9,REG,1978_09_STL_PHI,nfl-nick-mike-mayer,Nick Mike-Mayer,PHI,STL,1,1,1,1,25
1978-10-29,1978,9,REG,1978_09_TB_GB,nfl-chester-marcol,Chester Marcol,GB,TB,0,0,1,2,48
1978-10-29,1978,9,REG,1978_09_TB_GB,nfl-neil-o-donoghue,Neil O'Donoghue,TB,GB,1,1,0,2,
1978-10-30,1978,9,REG,1978_09_LA_ATL,nfl-frank-corral,Frank Corral,LA,ATL,1,1,0,2,
1978-11-05,1978,10,REG,1978_10_CIN_SD,nfl-chris-bahr,Chris Bahr,CIN,SD,1,2,0,1,
1978-11-05,1978,10,REG,1978_10_CLE_HOU,nfl-don-cockroft,Don Cockroft,CLE,HOU,1,1,1,2,40
1978-11-05,1978,10,REG,1978_10_CLE_HOU,nfl-toni-fritsch,Toni Fritsch,HOU,CLE,2,2,0,1,
1978-11-05,1978,10,REG,1978_10_DET_MIN,nfl-benny-ricardo,Benny Ricardo,DET,MIN,1,1,0,0,
1978-11-05,1978,10,REG,1978_10_DET_MIN,nfl-rick-danmeier,Rick Danmeier,MIN,DET,2,2,1,1,32
1978-11-05,1978,10,REG,1978_10_GB_PHI,nfl-chester-marcol,Chester Marcol,GB,PHI,0,0,1,2,42
1978-11-05,1978,10,REG,1978_10_GB_PHI,nfl-nick-mike-mayer,Nick Mike-Mayer,PHI,GB,1,1,1,2,27
1978-11-05,1978,10,REG,1978_10_NE_BUF,nfl-david-posey,David Posey,NE,BUF,2,2,0,1,
1978-11-05,1978,10,REG,1978_10_NE_BUF,nfl-tom-dempsey,Tom Dempsey,BUF,NE,1,1,1,1,21
1978-11-05,1978,10,REG,1978_10_NO_PIT,nfl-steve-mike-mayer,Steve Mike-Mayer,NO,PIT,2,2,0,2,
1978-11-05,1978,10,REG,1978_10_NYG_STL,nfl-jim-bakken,Jim Bakken,STL,NYG,2,3,0,1,
1978-11-05,1978,10,REG,1978_10_NYG_STL,nfl-joe-danelo,Joe Danelo,NYG,STL,1,1,1,2,26
1978-11-05,1978,10,REG,1978_10_NYJ_DEN,nfl-jim-turner-2,Jim Turner,DEN,NYJ,4,4,0,2,
1978-11-05,1978,10,REG,1978_10_NYJ_DEN,nfl-pat-leahy,Pat Leahy,NYJ,DEN,4,4,1,3,38
1978-11-05,1978,10,REG,1978_10_OAK_KC,nfl-errol-mann,Errol Mann,OAK,KC,2,3,0,0,
1978-11-05,1978,10,REG,1978_10_OAK_KC,nfl-jan-stenerud,Jan Stenerud,KC,OAK,1,1,1,2,42
1978-11-05,1978,10,REG,1978_10_SEA_CHI,nfl-efren-herrera,Efren Herrera,SEA,CHI,4,4,1,1,34
1978-11-05,1978,10,REG,1978_10_SF_ATL,nfl-ray-wersching,Ray Wersching,SF,ATL,1,1,1,1,19
1978-11-05,1978,10,REG,1978_10_SF_ATL,nfl-tim-mazzetti,Tim Mazzetti,ATL,SF,3,3,0,0,
1978-11-06,1978,10,REG,1978_10_WAS_BAL,nfl-mark-moseley,Mark Moseley,WAS,BAL,2,2,1,1,44
1978-11-06,1978,10,REG,1978_10_WAS_BAL,nfl-toni-linhart,Toni Linhart,BAL,WAS,3,3,0,3,
1978-11-12,1978,11,REG,1978_11_ATL_NO,nfl-steve-mike-mayer,Steve Mike-Mayer,NO,ATL,2,2,1,1,21
1978-11-12,1978,11,REG,1978_11_BAL_SEA,nfl-efren-herrera,Efren Herrera,SEA,BAL,2,2,0,1,
1978-11-12,1978,11,REG,1978_11_BAL_SEA,nfl-toni-linhart,Toni Linhart,BAL,SEA,2,2,1,2,22
1978-11-12,1978,11,REG,1978_11_CHI_MIN,nfl-bob-thomas,Bob Thomas,CHI,MIN,2,2,0,1,
1978-11-12,1978,11,REG,1978_11_CHI_MIN,nfl-rick-danmeier,Rick Danmeier,MIN,CHI,2,2,1,1,25
1978-11-12,1978,11,REG,1978_11_DAL_GB,nfl-chester-marcol,Chester Marcol,GB,DAL,2,2,0,0,
1978-11-12,1978,11,REG,1978_11_DAL_GB,nfl-rafael-septien,Rafael Septien,DAL,GB,6,6,0,1,
1978-11-12,1978,11,REG,1978_11_DEN_CLE,nfl-don-cockroft,Don Cockroft,CLE,DEN,1,1,0,2,
1978-11-12,1978,11,REG,1978_11_HOU_NE,nfl-toni-fritsch,Toni Fritsch,HOU,NE,2,2,0,0,
1978-11-12,1978,11,REG,1978_11_KC_SD,nfl-rolf-benirschke,Rolf Benirschke,SD,KC,2,3,1,1,28
1978-11-12,1978,11,REG,1978_11_MIA_BUF,nfl-tom-dempsey,Tom Dempsey,BUF,MIA,3,3,1,1,33
1978-11-12,1978,11,REG,1978_11_NYJ_PHI,nfl-nick-mike-mayer,Nick Mike-Mayer,PHI,NYJ,2,2,1,2,39
1978-11-12,1978,11,REG,1978_11_NYJ_PHI,nfl-pat-leahy,Pat Leahy,NYJ,PHI,0,1,1,2,41
1978-11-12,1978,11,REG,1978_11_PIT_LA,nfl-frank-corral,Frank Corral,LA,PIT,1,1,1,2,37
1978-11-12,1978,11,REG,1978_11_PIT_LA,nfl-roy-gerela,Roy Gerela,PIT,LA,1,1,0,2,
1978-11-12,1978,11,REG,1978_11_STL_SF,nfl-jim-bakken,Jim Bakken,STL,SF,1,1,1,1,45
1978-11-12,1978,11,REG,1978_11_STL_SF,nfl-ray-wersching,Ray Wersching,SF,STL,1,1,1,3,45
1978-11-13,1978,11,REG,1978_11_OAK_CIN,nfl-chris-bahr,Chris Bahr,CIN,OAK,3,3,0,0,
1978-11-13,1978,11,REG,1978_11_OAK_CIN,nfl-errol-mann,Errol Mann,OAK,CIN,4,5,0,0,
1978-11-19,1978,12,REG,1978_12_ATL_CHI,nfl-tim-mazzetti,Tim Mazzetti,ATL,CHI,1,1,0,0,
1978-11-19,1978,12,REG,1978_12_BUF_TB,nfl-neil-o-donoghue,Neil O'Donoghue,TB,BUF,4,4,1,2,28
1978-11-19,1978,12,REG,1978_12_BUF_TB,nfl-tom-dempsey,Tom Dempsey,BUF,TB,1,1,1,1,37
1978-11-19,1978,12,REG,1978_12_CIN_PIT,nfl-roy-gerela,Roy Gerela,PIT,CIN,1,1,0,1,
1978-11-19,1978,12,REG,1978_12_CLE_BAL,nfl-don-cockroft,Don Cockroft,CLE,BAL,6,6,1,1,45
1978-11-19,1978,12,REG,1978_12_CLE_BAL,nfl-toni-linhart,Toni Linhart,BAL,CLE,3,3,1,1,23
1978-11-19,1978,12,REG,1978_12_DET_OAK,nfl-benny-ricardo,Benny Ricardo,DET,OAK,2,2,1,1,30
1978-11-19,1978,12,REG,1978_12_DET_OAK,nfl-errol-mann,Errol Mann,OAK,DET,3,4,0,0,
1978-11-19,1978,12,REG,1978_12_GB_DEN,nfl-chester-marcol,Chester Marcol,GB,DEN,0,0,1,3,19
1978-11-19,1978,12,REG,1978_12_GB_DEN,nfl-jim-turner-2,Jim Turner,DEN,GB,2,2,0,0,
1978-11-19,1978,12,REG,1978_12_LA_SF,nfl-frank-corral,Frank Corral,LA,SF,4,4,1,2,24
1978-11-19,1978,12,REG,1978_12_LA_SF,nfl-ray-wersching,Ray Wersching,SF,LA,4,4,0,2,
1978-11-19,1978,12,REG,1978_12_NE_NYJ,nfl-pat-leahy,Pat Leahy,NYJ,NE,2,2,1,2,45
1978-11-19,1978,12,REG,1978_12_NO_DAL,nfl-steve-mike-mayer,Steve Mike-Mayer,NO,DAL,1,1,0,0,
1978-11-19,1978,12,REG,1978_12_PHI_NYG,nfl-joe-danelo,Joe Danelo,NYG,PHI,2,2,1,1,37
1978-11-19,1978,12,REG,1978_12_PHI_NYG,nfl-nick-mike-mayer,Nick Mike-Mayer,PHI,NYG,0,0,0,2,
1978-11-19,1978,12,REG,1978_12_SD_MIN,nfl-rick-danmeier,Rick Danmeier,MIN,SD,1,1,0,0,
1978-11-19,1978,12,REG,1978_12_SD_MIN,nfl-rolf-benirschke,Rolf Benirschke,SD,MIN,1,2,0,0,
1978-11-19,1978,12,REG,1978_12_SEA_KC,nfl-jan-stenerud,Jan Stenerud,KC,SEA,1,1,1,1,20
1978-11-19,1978,12,REG,1978_12_STL_WAS,nfl-mark-moseley,Mark Moseley,WAS,STL,2,2,1,1,50
1978-11-20,1978,12,REG,1978_12_MIA_HOU,nfl-garo-yepremian,Garo Yepremian,MIA,HOU,4,4,0,0,
1978-11-20,1978,12,REG,1978_12_MIA_HOU,nfl-toni-fritsch,Toni Fritsch,HOU,MIA,5,5,0,0,
1978-11-23,1978,13,REG,1978_13_DEN_DET,nfl-benny-ricardo,Benny Ricardo,DET,DEN,2,2,1,1,19
1978-11-23,1978,13,REG,1978_13_DEN_DET,nfl-jim-turner-2,Jim Turner,DEN,DET,2,2,0,1,
1978-11-23,1978,13,REG,1978_13_WAS_DAL,nfl-mark-moseley,Mark Moseley,WAS,DAL,1,1,1,2,48
1978-11-26,1978,13,REG,1978_13_CIN_HOU,nfl-chris-bahr,Chris Bahr,CIN,HOU,1,1,1,2,34
1978-11-26,1978,13,REG,1978_13_CIN_HOU,nfl-toni-fritsch,Toni Fritsch,HOU,CIN,2,2,1,1,38
1978-11-26,1978,13,REG,1978_13_LA_CLE,nfl-don-cockroft,Don Cockroft,CLE,LA,3,4,1,1,41
1978-11-26,1978,13,REG,1978_13_MIN_GB,nfl-chester-marcol,Chester Marcol,GB,MIN,1,1,1,2,19
1978-11-26,1978,13,REG,1978_13_MIN_GB,nfl-rick-danmeier,Rick Danmeier,MIN,GB,1,1,1,3,19
1978-11-26,1978,13,REG,1978_13_NE_BAL,nfl-david-posey,David Posey,NE,BAL,5,5,0,1,
1978-11-26,1978,13,REG,1978_13_NE_BAL,nfl-toni-linhart,Toni Linhart,BAL,NE,2,2,0,1,
1978-11-26,1978,13,REG,1978_13_NO_ATL,nfl-steve-mike-mayer,Steve Mike-Mayer,NO,ATL,2,2,1,2,18
1978-11-26,1978,13,REG,1978_13_NYG_BUF,nfl-joe-danelo,Joe Danelo,NYG,BUF,2,2,1,1,27
1978-11-26,1978,13,REG,1978_13_NYG_BUF,nfl-tom-dempsey,Tom Dempsey,BUF,NYG,5,6,0,1,
1978-11-26,1978,13,REG,1978_13_NYJ_MIA,nfl-pat-leahy,Pat Leahy,NYJ,MIA,3,3,1,2,19
1978-11-26,1978,13,REG,1978_13_PHI_STL,nfl-jim-bakken,Jim Bakken,STL,PHI,1,1,1,1,32
1978-11-26,1978,13,REG,1978_13_SEA_OAK,nfl-efren-herrera,Efren Herrera,SEA,OAK,2,2,1,1,46
1978-11-26,1978,13,REG,1978_13_SEA_OAK,nfl-errol-mann,Errol Mann,OAK,SEA,1,2,1,1,26
1978-11-26,1978,13,REG,1978_13_TB_CHI,nfl-bob-thomas,Bob Thomas,CHI,TB,2,2,0,0,
1978-11-26,1978,13,REG,1978_13_TB_CHI,nfl-neil-o-donoghue,Neil O'Donoghue,TB,CHI,0,0,1,1,44
1978-11-27,1978,13,REG,1978_13_PIT_SF,nfl-ray-wersching,Ray Wersching,SF,PIT,1,1,0,1,
1978-11-27,1978,13,REG,1978_13_PIT_SF,nfl-roy-gerela,Roy Gerela,PIT,SF,3,3,1,1,42
1978-12-03,1978,14,REG,1978_14_ATL_CIN,nfl-chris-bahr,Chris Bahr,CIN,ATL,4,5,1,2,32
1978-12-03,1978,14,REG,1978_14_ATL_CIN,nfl-tim-mazzetti,Tim Mazzetti,ATL,CIN,1,1,0,0,
1978-12-03,1978,14,REG,1978_14_BAL_NYJ,nfl-pat-leahy,Pat Leahy,NYJ,BAL,3,3,1,2,22
1978-12-03,1978,14,REG,1978_14_BUF_KC,nfl-jan-stenerud,Jan Stenerud,KC,BUF,2,2,0,3,
1978-12-03,1978,14,REG,1978_14_BUF_KC,nfl-tom-dempsey,Tom Dempsey,BUF,KC,1,1,1,1,22
1978-12-03,1978,14,REG,1978_14_CLE_SEA,nfl-don-cockroft,Don Cockroft,CLE,SEA,3,3,1,2,40
1978-12-03,1978,14,REG,1978_14_CLE_SEA,nfl-efren-herrera,Efren Herrera,SEA,CLE,6,6,1,1,38
1978-12-03,1978,14,REG,1978_14_DEN_OAK,nfl-jim-turner-2,Jim Turner,DEN,OAK,3,3,0,1,
1978-12-03,1978,14,REG,1978_14_DET_STL,nfl-benny-ricardo,Benny Ricardo,DET,STL,2,2,0,0,
1978-12-03,1978,14,REG,1978_14_DET_STL,nfl-jim-bakken,Jim Bakken,STL,DET,3,3,0,0,
1978-12-03,1978,14,REG,1978_14_GB_TB,nfl-chester-marcol,Chester Marcol,GB,TB,2,2,1,1,27
1978-12-03,1978,14,REG,1978_14_GB_TB,nfl-neil-o-donoghue,Neil O'Donoghue,TB,GB,1,1,0,1,
1978-12-03,1978,14,REG,1978_14_LA_NYG,nfl-joe-danelo,Joe Danelo,NYG,LA,2,2,1,1,27
1978-12-03,1978,14,REG,1978_14_NE_DAL,nfl-david-posey,David Posey,NE,DAL,1,1,1,4,30
1978-12-03,1978,14,REG,1978_14_NE_DAL,nfl-rafael-septien,Rafael Septien,DAL,NE,2,2,1,1,26
1978-12-03,1978,14,REG,1978_14_PHI_MIN,nfl-rick-danmeier,Rick Danmeier,MIN,PHI,4,4,0,0,
1978-12-03,1978,14,REG,1978_14_PIT_HOU,nfl-toni-fritsch,Toni Fritsch,HOU,PIT,0,0,1,2,37
1978-12-03,1978,14,REG,1978_14_SF_NO,nfl-steve-mike-mayer,Steve Mike-Mayer,NO,SF,3,3,1,3,50
1978-12-04,1978,14,REG,1978_14_CHI_SD,nfl-bob-thomas,Bob Thomas,CHI,SD,1,1,0,0,
1978-12-09,1978,15,REG,1978_15_BAL_PIT,nfl-roy-gerela,Roy Gerela,PIT,BAL,5,5,0,0,
1978-12-09,1978,15,REG,1978_15_BAL_PIT,nfl-toni-linhart,Toni Linhart,BAL,PIT,1,2,0,0,
1978-12-09,1978,15,REG,1978_15_MIN_DET,nfl-benny-ricardo,Benny Ricardo,DET,MIN,6,6,1,1,30
1978-12-09,1978,15,REG,1978_15_MIN_DET,nfl-rick-danmeier,Rick Danmeier,MIN,DET,2,2,0,0,
1978-12-10,1978,15,REG,1978_15_BUF_NE,nfl-david-posey,David Posey,NE,BUF,3,3,1,2,21
1978-12-10,1978,15,REG,1978_15_BUF_NE,nfl-tom-dempsey,Tom Dempsey,BUF,NE,3,3,1,1,26
1978-12-10,1978,15,REG,1978_15_DAL_PHI,nfl-rafael-septien,Rafael Septien,DAL,PHI,4,4,1,3,18
1978-12-10,1978,15,REG,1978_15_GB_CHI,nfl-bob-thomas,Bob Thomas,CHI,GB,2,2,0,1,
1978-12-10,1978,15,REG,1978_15_HOU_NO,nfl-steve-mike-mayer,Steve Mike-Mayer,NO,HOU,1,1,1,2,21
1978-12-10,1978,15,REG,1978_15_HOU_NO,nfl-toni-fritsch,Toni Fritsch,HOU,NO,2,2,1,1,22
1978-12-10,1978,15,REG,1978_15_KC_DEN,nfl-jan-stenerud,Jan Stenerud,KC,DEN,0,0,1,1,23
1978-12-10,1978,15,REG,1978_15_KC_DEN,nfl-jim-turner-2,Jim Turner,DEN,KC,3,3,1,1,38
1978-12-10,1978,15,REG,1978_15_OAK_MIA,nfl-errol-mann,Errol Mann,OAK,MIA,0,1,0,2,
1978-12-10,1978,15,REG,1978_15_SEA_SD,nfl-efren-herrera,Efren Herrera,SEA,SD,1,1,1,1,48
1978-12-10,1978,15,REG,1978_15_STL_NYG,nfl-jim-bakken,Jim Bakken,STL,NYG,0,0,0,2,
1978-12-10,1978,15,REG,1978_15_STL_NYG,nfl-joe-danelo,Joe Danelo,NYG,STL,2,2,1,1,30
1978-12-10,1978,15,REG,1978_15_WAS_ATL,nfl-mark-moseley,Mark Moseley,WAS,ATL,2,2,1,2,21
1978-12-16,1978,16,REG,1978_16_CHI_WAS,nfl-bob-thomas,Bob Thomas,CHI,WAS,2,2,0,1,
1978-12-16,1978,16,REG,1978_16_CHI_WAS,nfl-mark-moseley,Mark Moseley,WAS,CHI,1,1,1,1,33
1978-12-16,1978,16,REG,1978_16_PIT_DEN,nfl-jim-turner-2,Jim Turner,DEN,PIT,2,2,1,1,45
1978-12-16,1978,16,REG,1978_16_PIT_DEN,nfl-roy-gerela,Roy Gerela,PIT,DEN,3,3,0,1,
1978-12-17,1978,16,REG,1978_16_ATL_STL,nfl-jim-bakken,Jim Bakken,STL,ATL,6,6,0,0,
1978-12-17,1978,16,REG,1978_16_ATL_STL,nfl-tim-mazzetti,Tim Mazzetti,ATL,STL,3,3,0,0,
1978-12-17,1978,16,REG,1978_16_BUF_BAL,nfl-tom-dempsey,Tom Dempsey,BUF,BAL,3,3,0,0,
1978-12-17,1978,16,REG,1978_16_BUF_BAL,nfl-toni-linhart,Toni Linhart,BAL,BUF,2,2,0,1,
1978-12-17,1978,16,REG,1978_16_CLE_CIN,nfl-don-cockroft,Don Cockroft,CLE,CIN,1,2,1,1,19
1978-12-17,1978,16,REG,1978_16_DAL_NYJ,nfl-pat-leahy,Pat Leahy,NYJ,DAL,1,1,0,0,
1978-12-17,1978,16,REG,1978_16_DAL_NYJ,nfl-rafael-septien,Rafael Septien,DAL,NYJ,3,3,1,1,22
1978-12-17,1978,16,REG,1978_16_GB_LA,nfl-chester-marcol,Chester Marcol,GB,LA,2,2,0,0,
1978-12-17,1978,16,REG,1978_16_GB_LA,nfl-frank-corral,Frank Corral,LA,GB,4,4,1,1,24
1978-12-17,1978,16,REG,1978_16_KC_SEA,nfl-efren-herrera,Efren Herrera,SEA,KC,2,3,1,2,31
1978-12-17,1978,16,REG,1978_16_KC_SEA,nfl-jan-stenerud,Jan Stenerud,KC,SEA,2,2,1,1,33
1978-12-17,1978,16,REG,1978_16_MIN_OAK,nfl-rick-danmeier,Rick Danmeier,MIN,OAK,2,3,0,0,
1978-12-17,1978,16,REG,1978_16_NO_TB,nfl-neil-o-donoghue,Neil O'Donoghue,TB,NO,1,1,1,1,47
1978-12-17,1978,16,REG,1978_16_NO_TB,nfl-steve-mike-mayer,Steve Mike-Mayer,NO,TB,2,2,1,2,32
1978-12-17,1978,16,REG,1978_16_NYG_PHI,nfl-joe-danelo,Joe Danelo,NYG,PHI,0,0,1,1,24
1978-12-17,1978,16,REG,1978_16_SD_HOU,nfl-rolf-benirschke,Rolf Benirschke,SD,HOU,6,6,1,1,19
1978-12-17,1978,16,REG,1978_16_SD_HOU,nfl-toni-fritsch,Toni Fritsch,HOU,SD,3,3,1,1,43
1978-12-17,1978,16,REG,1978_16_SF_DET,nfl-ray-wersching,Ray Wersching,SF,DET,2,2,0,1,
1978-12-18,1978,16,REG,1978_16_NE_MIA,nfl-david-posey,David Posey,NE,MIA,0,0,1,1,35
1978-12-18,1978,16,REG,1978_16_NE_MIA,nfl-garo-yepremian,Garo Yepremian,MIA,NE,2,3,1,1,30
1979-09-01,1979,1,REG,1979_01_DET_TB,nfl-benny-ricardo,Benny Ricardo,DET,TB,2,2,0,1,
1979-09-01,1979,1,REG,1979_01_DET_TB,nfl-neil-o-donoghue,Neil O'Donoghue,TB,DET,4,4,1,2,31
1979-09-02,1979,1,REG,1979_01_BAL_KC,nfl-jan-stenerud,Jan Stenerud,KC,BAL,2,2,0,0,
1979-09-02,1979,1,REG,1979_01_BAL_KC,nfl-toni-linhart,Toni Linhart,BAL,KC,0,0,0,1,
1979-09-02,1979,1,REG,1979_01_CIN_DEN,nfl-jim-turner-2,Jim Turner,DEN,CIN,1,1,1,2,37
1979-09-02,1979,1,REG,1979_01_DAL_STL,nfl-mike-wood,Mike Wood,STL,DAL,3,3,0,1,
1979-09-02,1979,1,REG,1979_01_GB_CHI,nfl-chester-marcol,Chester Marcol,GB,CHI,0,0,1,2,28
1979-09-02,1979,1,REG,1979_01_MIA_BUF,nfl-tom-dempsey,Tom Dempsey,BUF,MIA,1,1,0,2,
1979-09-02,1979,1,REG,1979_01_MIA_BUF,nfl-uwe-von-schamann,Uwe von Schamann,MIA,BUF,0,1,1,3,34
1979-09-02,1979,1,REG,1979_01_NYG_PHI,nfl-joe-danelo,Joe Danelo,NYG,PHI,2,2,1,2,27
1979-09-02,1979,1,REG,1979_01_NYG_PHI,nfl-tony-franklin-2,Tony Franklin,PHI,NYG,2,3,1,1,46
1979-09-02,1979,1,REG,1979_01_OAK_LA,nfl-frank-corral,Frank Corral,LA,OAK,2,2,1,1,46
1979-09-02,1979,1,REG,1979_01_OAK_LA,nfl-jim-breech,Jim Breech,OAK,LA,3,3,1,1,38
1979-09-02,1979,1,REG,1979_01_SD_SEA,nfl-efren-herrera,Efren Herrera,SEA,SD,1,2,1,1,34
1979-09-02,1979,1,REG,1979_01_SF_MIN,nfl-rick-danmeier,Rick Danmeier,MIN,SF,4,4,0,0,
1979-09-03,1979,1,REG,1979_01_PIT_NE,nfl-matt-bahr,Matt Bahr,PIT,NE,1,2,1,2,41
1979-09-06,1979,2,REG,1979_02_LA_DEN,nfl-jim-turner-2,Jim Turner,DEN,LA,1,1,0,0,
1979-09-09,1979,2,REG,1979_02_CIN_BUF,nfl-chris-bahr,Chris Bahr,CIN,BUF,3,3,1,1,24
1979-09-09,1979,2,REG,1979_02_CIN_BUF,nfl-tom-dempsey,Tom Dempsey,BUF,CIN,6,7,1,2,18
1979-09-09,1979,2,REG,1979_02_CLE_KC,nfl-jan-stenerud,Jan Stenerud,KC,CLE,3,3,1,1,30
1979-09-09,1979,2,REG,1979_02_HOU_PIT,nfl-matt-bahr,Matt Bahr,PIT,HOU,5,5,1,2,45
1979-09-09,1979,2,REG,1979_02_HOU_PIT,nfl-toni-fritsch,Toni Fritsch,HOU,PIT,1,1,0,0,
1979-09-09,1979,2,REG,1979_02_MIN_CHI,nfl-bob-thomas,Bob Thomas,CHI,MIN,3,3,1,2,34
1979-09-09,1979,2,REG,1979_02_MIN_CHI,nfl-rick-danmeier,Rick Danmeier,MIN,CHI,1,1,0,0,
1979-09-09,1979,2,REG,1979_02_NO_GB,nfl-chester-marcol,Chester Marcol,GB,NO,4,4,0,0,
1979-09-09,1979,2,REG,1979_02_NYJ_NE,nfl-john-smith-2,John Smith,NE,NYJ,8,8,0,0,
1979-09-09,1979,2,REG,1979_02_NYJ_NE,nfl-pat-leahy,Pat Leahy,NYJ,NE,0,0,1,1,30
1979-09-09,1979,2,REG,1979_02_OAK_SD,nfl-jim-breech,Jim Breech,OAK,SD,1,1,1,1,35
1979-09-09,1979,2,REG,1979_02_OAK_SD,nfl-rolf-benirschke,Rolf Benirschke,SD,OAK,3,3,0,0,
1979-09-09,1979,2,REG,1979_02_SEA_MIA,nfl-efren-herrera,Efren Herrera,SEA,MIA,1,1,1,2,32
1979-09-09,1979,2,REG,1979_02_STL_NYG,nfl-joe-danelo,Joe Danelo,NYG,STL,2,2,0,0,
1979-09-09,1979,2,REG,1979_02_STL_NYG,nfl-mike-wood,Mike Wood,STL,NYG,3,4,0,3,
1979-09-09,1979,2,REG,1979_02_TB_BAL,nfl-neil-o-donoghue,Neil O'Donoghue,TB,BAL,2,4,1,1,31
1979-09-09,1979,2,REG,1979_02_WAS_DET,nfl-benny-ricardo,Benny Ricardo,DET,WAS,3,3,1,1,27
1979-09-10,1979,2,REG,1979_02_ATL_PHI,nfl-tim-mazzetti,Tim Mazzetti,ATL,PHI,2,2,0,1,
1979-09-10,1979,2,REG,1979_02_ATL_PHI,nfl-tony-franklin-2,Tony Franklin,PHI,ATL,1,1,1,1,35
1979-09-16,1979,3,REG,1979_03_BAL_CLE,nfl-toni-linhart,Toni Linhart,BAL,CLE,1,1,1,4,26
1979-09-16,1979,3,REG,1979_03_BUF_SD,nfl-rolf-benirschke,Rolf Benirschke,SD,BUF,3,4,0,0,
1979-09-16,1979,3,REG,1979_03_BUF_SD,nfl-tom-dempsey,Tom Dempsey,BUF,SD,1,3,0,0,
1979-09-16,1979,3,REG,1979_03_CHI_DAL,nfl-bob-thomas,Bob Thomas,CHI,DAL,2,3,0,0,
1979-09-16,1979,3,REG,1979_03_CHI_DAL,nfl-rafael-septien,Rafael Septien,DAL,CHI,3,3,1,2,46
1979-09-16,1979,3,REG,1979_03_DEN_ATL,nfl-tim-mazzetti,Tim Mazzetti,ATL,DEN,2,2,1,3,25
1979-09-16,1979,3,REG,1979_03_DET_NYJ,nfl-benny-ricardo,Benny Ricardo,DET,NYJ,1,1,1,1,36
1979-09-16,1979,3,REG,1979_03_DET_NYJ,nfl-pat-leahy,Pat Leahy,NYJ,DET,4,4,1,2,30
1979-09-16,1979,3,REG,1979_03_KC_HOU,nfl-jan-stenerud,Jan Stenerud,KC,HOU,0,1,0,1,
1979-09-16,1979,3,REG,1979_03_MIA_MIN,nfl-uwe-von-schamann,Uwe von Schamann,MIA,MIN,3,4,0,0,
1979-09-16,1979,3,REG,1979_03_NE_CIN,nfl-chris-bahr,Chris Bahr,CIN,NE,2,2,0,1,
1979-09-16,1979,3,REG,1979_03_OAK_SEA,nfl-jim-breech,Jim Breech,OAK,SEA,1,1,1,3,37
1979-09-16,1979,3,REG,1979_03_PHI_NO,nfl-garo-yepremian,Garo Yepremian,NO,PHI,2,2,0,0,
1979-09-16,1979,3,REG,1979_03_PIT_STL,nfl-matt-bahr,Matt Bahr,PIT,STL,3,3,1,2,20
1979-09-16,1979,3,REG,1979_03_PIT_STL,nfl-steve-little,Steve Little,STL,PIT,0,2,1,1,22
1979-09-16,1979,3,REG,1979_03_SF_LA,nfl-ray-wersching,Ray Wersching,SF,LA,3,3,1,1,32
1979-09-16,1979,3,REG,1979_03_TB_GB,nfl-chester-marcol,Chester Marcol,GB,TB,1,1,1,1,38
1979-09-16,1979,3,REG,1979_03_TB_GB,nfl-neil-o-donoghue,Neil O'Donoghue,TB,GB,3,3,0,3,
1979-09-17,1979,3,REG,1979_03_NYG_WAS,nfl-joe-danelo,Joe Danelo,NYG,WAS,0,0,0,1,
1979-09-23,1979,4,REG,1979_04_ATL_DET,nfl-benny-ricardo,Benny Ricardo,DET,ATL,3,3,1,3,20
1979-09-23,1979,4,REG,1979_04_BAL_PIT,nfl-matt-bahr,Matt Bahr,PIT,BAL,2,2,1,2,25
1979-09-23,1979,4,REG,1979_04_CHI_MIA,nfl-uwe-von-schamann,Uwe von Schamann,MIA,CHI,4,4,1,3,21
1979-09-23,1979,4,REG,1979_04_GB_MIN,nfl-chester-marcol,Chester Marcol,GB,MIN,3,3,0,0,
1979-09-23,1979,4,REG,1979_04_GB_MIN,nfl-rick-danmeier,Rick Danmeier,MIN,GB,3,3,0,1,
1979-09-23,1979,4,REG,1979_04_LA_TB,nfl-frank-corral,Frank Corral,LA,TB,0,1,0,2,
1979-09-23,1979,4,REG,1979_04_LA_TB,nfl-neil-o-donoghue,Neil O'Donoghue,TB,LA,3,3,0,1,
1979-09-23,1979,4,REG,1979_04_NO_SF,nfl-garo-yepremian,Garo Yepremian,NO,SF,3,4,1,1,18
1979-09-23,1979,4,REG,1979_04_NO_SF,nfl-ray-wersching,Ray Wersching,SF,NO,3,3,0,0,
1979-09-23,1979,4,REG,1979_04_NYJ_BUF,nfl-pat-leahy,Pat Leahy,NYJ,BUF,4,4,1,2,30
1979-09-23,1979,4,REG,1979_04_OAK_KC,nfl-jan-stenerud,Jan Stenerud,KC,OAK,5,5,0,2,
1979-09-23,1979,4,REG,1979_04_OAK_KC,nfl-jim-breech,Jim Breech,OAK,KC,1,1,0,0,
1979-09-23,1979,4,REG,1979_04_PHI_NYG,nfl-tony-franklin-2,Tony Franklin,PHI,NYG,2,2,1,2,28
1979-09-23,1979,4,REG,1979_04_SD_NE,nfl-rolf-benirschke,Rolf Benirschke,SD,NE,3,3,0,0,
1979-09-23,1979,4,REG,1979_04_SEA_DEN,nfl-jim-turner-2,Jim Turner,DEN,SEA,4,4,1,1,27
1979-09-23,1979,4,REG,1979_04_WAS_STL,nfl-mark-moseley,Mark Moseley,WAS,STL,2,2,1,1,47
1979-09-23,1979,4,REG,1979_04_WAS_STL,nfl-steve-little,Steve Little,STL,WAS,1,1,0,0,
1979-09-24,1979,4,REG,1979_04_DAL_CLE,nfl-don-cockroft,Don Cockroft,CLE,DAL,2,4,0,0,
1979-09-24,1979,4,REG,1979_04_DAL_CLE,nfl-rafael-septien,Rafael Septien,DAL,CLE,1,1,0,2,
1979-09-30,1979,5,REG,1979_05_BUF_BAL,nfl-nick-mike-mayer,Nick Mike-Mayer,BUF,BAL,4,4,1,1,41
1979-09-30,1979,5,REG,1979_05_CIN_DAL,nfl-rafael-septien,Rafael Septien,DAL,CIN,5,5,1,1,26
1979-09-30,1979,5,REG,1979_05_CLE_HOU,nfl-don-cockroft,Don Cockroft,CLE,HOU,1,1,1,2,44
1979-09-30,1979,5,REG,1979_05_CLE_HOU,nfl-toni-fritsch,Toni Fritsch,HOU,CLE,4,4,1,1,28
1979-09-30,1979,5,REG,1979_05_DEN_OAK,nfl-jim-turner-2,Jim Turner,DEN,OAK,0,0,1,2,19
1979-09-30,1979,5,REG,1979_05_KC_SEA,nfl-jan-stenerud,Jan Stenerud,KC,SEA,3,3,1,1,36
1979-09-30,1979,5,REG,1979_05_MIA_NYJ,nfl-pat-leahy,Pat Leahy,NYJ,MIA,3,5,0,1,
1979-09-30,1979,5,REG,1979_05_MIN_DET,nfl-benny-ricardo,Benny Ricardo,DET,MIN,1,1,1,1,33
1979-09-30,1979,5,REG,1979_05_NYG_NO,nfl-garo-yepremian,Garo Yepremian,NO,NYG,3,3,1,1,38
1979-09-30,1979,5,REG,1979_05_NYG_NO,nfl-joe-danelo,Joe Danelo,NYG,NO,2,2,0,2,
1979-09-30,1979,5,REG,1979_05_PIT_PHI,nfl-matt-bahr,Matt Bahr,PIT,PHI,2,2,0,0,
1979-09-30,1979,5,REG,1979_05_PIT_PHI,nfl-tony-franklin-2,Tony Franklin,PHI,PIT,2,2,1,1,48
1979-09-30,1979,5,REG,1979_05_SF_SD,nfl-ray-wersching,Ray Wersching,SF,SD,0,1,1,1,32
1979-09-30,1979,5,REG,1979_05_SF_SD,nfl-roy-gerela,Roy Gerela,SD,SF,4,4,1,2,26
1979-09-30,1979,5,REG,1979_05_STL_LA,nfl-frank-corral,Frank Corral,LA,STL,3,3,0,2,
1979-09-30,1979,5,REG,1979_05_STL_LA,nfl-steve-little,Steve Little,STL,LA,0,0,0,1,
1979-09-30,1979,5,REG,1979_05_TB_CHI,nfl-neil-o-donoghue,Neil O'Donoghue,TB,CHI,2,2,1,2,30
1979-09-30,1979,5,REG,1979_05_WAS_ATL,nfl-tim-mazzetti,Tim Mazzetti,ATL,WAS,1,1,0,0,
1979-10-01,1979,5,REG,1979_05_NE_GB,nfl-chester-marcol,Chester Marcol,GB,NE,3,4,0,0,
1979-10-01,1979,5,REG,1979_05_NE_GB,nfl-john-smith-2,John Smith,NE,GB,2,2,0,1,
1979-10-07,1979,6,REG,1979_06_CHI_BUF,nfl-bob-thomas,Bob Thomas,CHI,BUF,1,1,0,2,
1979-10-07,1979,6,REG,1979_06_DAL_MIN,nfl-rafael-septien,Rafael Septien,DAL,MIN,3,5,1,1,34
1979-10-07,1979,6,REG,1979_06_DET_NE,nfl-benny-ricardo,Benny Ricardo,DET,NE,2,2,1,1,26
1979-10-07,1979,6,REG,1979_06_DET_NE,nfl-john-smith-2,John Smith,NE,DET,3,3,1,3,29
1979-10-07,1979,6,REG,1979_06_GB_ATL,nfl-chester-marcol,Chester Marcol,GB,ATL,1,1,0,2,
1979-10-07,1979,6,REG,1979_06_KC_CIN,nfl-chris-bahr,Chris Bahr,CIN,KC,1,1,0,1,
1979-10-07,1979,6,REG,1979_06_KC_CIN,nfl-jan-stenerud,Jan Stenerud,KC,CIN,1,1,1,1,46
1979-10-07,1979,6,REG,1979_06_LA_NO,nfl-frank-corral,Frank Corral,LA,NO,5,5,0,0,
1979-10-07,1979,6,REG,1979_06_LA_NO,nfl-garo-yepremian,Garo Yepremian,NO,LA,2,2,1,1,32
1979-10-07,1979,6,REG,1979_06_NYJ_BAL,nfl-steve-mike-mayer,Steve Mike-Mayer,BAL,NYJ,1,1,1,2,41
1979-10-07,1979,6,REG,1979_06_PIT_CLE,nfl-don-cockroft,Don Cockroft,CLE,PIT,5,5,0,1,
1979-10-07,1979,6,REG,1979_06_PIT_CLE,nfl-matt-bahr,Matt Bahr,PIT,CLE,6,7,1,1,42
1979-10-07,1979,6,REG,1979_06_SD_DEN,nfl-jim-turner-2,Jim Turner,DEN,SD,1,1,0,0,
1979-10-07,1979,6,REG,1979_06_SD_DEN,nfl-roy-gerela,Roy Gerela,SD,DEN,0,0,0,3,
1979-10-07,1979,6,REG,1979_06_SEA_SF,nfl-efren-herrera,Efren Herrera,SEA,SF,5,5,0,0,
1979-10-07,1979,6,REG,1979_06_SEA_SF,nfl-ray-wersching,Ray Wersching,SF,SEA,3,3,1,1,25
1979-10-07,1979,6,REG,1979_06_STL_HOU,nfl-steve-little,Steve Little,STL,HOU,3,3,1,1,24
1979-10-07,1979,6,REG,1979_06_STL_HOU,nfl-toni-fritsch,Toni Fritsch,HOU,STL,2,2,1,1,51
1979-10-07,1979,6,REG,1979_06_TB_NYG,nfl-joe-danelo,Joe Danelo,NYG,TB,2,2,1,2,47
1979-10-07,1979,6,REG,1979_06_TB_NYG,nfl-neil-o-donoghue,Neil O'Donoghue,TB,NYG,2,2,0,0,
1979-10-07,1979,6,REG,1979_06_WAS_PHI,nfl-mark-moseley,Mark Moseley,WAS,PHI,2,2,1,2,37
1979-10-07,1979,6,REG,1979_06_WAS_PHI,nfl-tony-franklin-2,Tony Franklin,PHI,WAS,4,4,0,0,
1979-10-08,1979,6,REG,1979_06_MIA_OAK,nfl-jim-breech,Jim Breech,OAK,MIA,1,2,0,1,
1979-10-08,1979,6,REG,1979_06_MIA_OAK,nfl-uwe-von-schamann,Uwe von Schamann,MIA,OAK,0,0,1,1,23
1979-10-14,1979,7,REG,1979_07_ATL_OAK,nfl-tim-mazzetti,Tim Mazzetti,ATL,OAK,1,3,0,2,
1979-10-14,1979,7,REG,1979_07_BUF_MIA,nfl-nick-mike-mayer,Nick Mike-Mayer,BUF,MIA,1,1,0,0,
1979-10-14,1979,7,REG,1979_07_BUF_MIA,nfl-uwe-von-schamann,Uwe von Schamann,MIA,BUF,2,2,1,2,29
1979-10-14,1979,7,REG,1979_07_DEN_KC,nfl-jan-stenerud,Jan Stenerud,KC,DEN,1,1,1,1,44
1979-10-14,1979,7,REG,1979_07_DEN_KC,nfl-jim-turner-2,Jim Turner,DEN,KC,3,3,1,2,28
1979-10-14,1979,7,REG,1979_07_DET_GB,nfl-benny-ricardo,Benny Ricardo,DET,GB,1,2,1,1,33
1979-10-14,1979,7,REG,1979_07_DET_GB,nfl-chester-marcol,Chester Marcol,GB,DET,3,3,1,2,32
1979-10-14,1979,7,REG,1979_07_HOU_BAL,nfl-steve-mike-mayer,Steve Mike-Mayer,BAL,HOU,1,2,1,2,34
1979-10-14,1979,7,REG,1979_07_HOU_BAL,nfl-toni-fritsch,Toni Fritsch,HOU,BAL,4,4,0,0,
1979-10-14,1979,7,REG,1979_07_LA_DAL,nfl-rafael-septien,Rafael Septien,DAL,LA,3,4,1,1,32
1979-10-14,1979,7,REG,1979_07_NE_CHI,nfl-bob-thomas,Bob Thomas,CHI,NE,1,1,0,0,
1979-10-14,1979,7,REG,1979_07_NO_TB,nfl-garo-yepremian,Garo Yepremian,NO,TB,6,6,0,0,
1979-10-14,1979,7,REG,1979_07_NO_TB,nfl-neil-o-donoghue,Neil O'Donoghue,TB,NO,2,2,0,0,
1979-10-14,1979,7,REG,1979_07_PHI_STL,nfl-tony-franklin-2,Tony Franklin,PHI,STL,3,3,1,2,51
1979-10-14,1979,7,REG,1979_07_PIT_CIN,nfl-chris-bahr,Chris Bahr,CIN,PIT,4,5,0,1,
1979-10-14,1979,7,REG,1979_07_PIT_CIN,nfl-matt-bahr,Matt Bahr,PIT,CIN,1,1,1,2,46
1979-10-14,1979,7,REG,1979_07_SEA_SD,nfl-efren-herrera,Efren Herrera,SEA,SD,1,1,1,1,19
1979-10-14,1979,7,REG,1979_07_SEA_SD,nfl-roy-gerela,Roy Gerela,SD,SEA,2,3,0,2,
1979-10-14,1979,7,REG,1979_07_SF_NYG,nfl-joe-danelo,Joe Danelo,NYG,SF,3,3,1,1,37
1979-10-14,1979,7,REG,1979_07_SF_NYG,nfl-ray-wersching,Ray Wersching,SF,NYG,1,1,1,1,21
1979-10-14,1979,7,REG,1979_07_WAS_CLE,nfl-don-cockroft,Don Cockroft,CLE,WAS,0,1,1,3,37
1979-10-15,1979,7,REG,1979_07_MIN_NYJ,nfl-richie-szaro,Richie Szaro,NYJ,MIN,2,2,0,2,
1979-10-15,1979,7,REG,1979_07_MIN_NYJ,nfl-rick-danmeier,Rick Danmeier,MIN,NYJ,1,1,0,1,
1979-10-21,1979,8,REG,1979_08_ATL_SF,nfl-ray-wersching,Ray Wersching,SF,ATL,2,3,0,0,
1979-10-21,1979,8,REG,1979_08_ATL_SF,nfl-tim-mazzetti,Tim Mazzetti,ATL,SF,0,2,1,1,23
1979-10-21,1979,8,REG,1979_08_BAL_BUF,nfl-steve-mike-mayer,Steve Mike-Mayer,BAL,BUF,2,2,0,0,
1979-10-21,1979,8,REG,1979_08_CHI_MIN,nfl-rick-danmeier,Rick Danmeier,MIN,CHI,3,4,1,1,43
1979-10-21,1979,8,REG,1979_08_CIN_CLE,nfl-chris-bahr,Chris Bahr,CIN,CLE,3,4,0,1,
1979-10-21,1979,8,REG,1979_08_CIN_CLE,nfl-don-cockroft,Don Cockroft,CLE,CIN,4,4,0,1,
1979-10-21,1979,8,REG,1979_08_DET_NO,nfl-benny-ricardo,Benny Ricardo,DET,NO,1,1,0,0,
1979-10-21,1979,8,REG,1979_08_DET_NO,nfl-garo-yepremian,Garo Yepremian,NO,DET,2,2,1,1,21
1979-10-21,1979,8,REG,1979_08_GB_TB,nfl-chester-marcol,Chester Marcol,GB,TB,0,0,1,3,42
1979-10-21,1979,8,REG,1979_08_GB_TB,nfl-neil-o-donoghue,Neil O'Donoghue,TB,GB,3,3,0,0,
1979-10-21,1979,8,REG,1979_08_HOU_SEA,nfl-toni-fritsch,Toni Fritsch,HOU,SEA,2,2,0,0,
1979-10-21,1979,8,REG,1979_08_MIA_NE,nfl-john-smith-2,John Smith,NE,MIA,4,4,0,1,
1979-10-21,1979,8,REG,1979_08_NYG_KC,nfl-jan-stenerud,Jan Stenerud,KC,NYG,2,2,1,3,25
1979-10-21,1979,8,REG,1979_08_NYG_KC,nfl-joe-danelo,Joe Danelo,NYG,KC,3,3,0,1,
1979-10-21,1979,8,REG,1979_08_OAK_BAL,nfl-toni-linhart,Toni Linhart,BAL,OAK,4,4,0,1,
1979-10-21,1979,8,REG,1979_08_PHI_WAS,nfl-mark-moseley,Mark Moseley,WAS,PHI,2,2,1,1,23
1979-10-21,1979,8,REG,1979_08_PHI_WAS,nfl-tony-franklin-2,Tony Franklin,PHI,WAS,1,1,0,1,
1979-10-21,1979,8,REG,1979_08_SD_LA,nfl-frank-corral,Frank Corral,LA,SD,2,2,0,1,
1979-10-22,1979,8,REG,1979_08_DEN_PIT,nfl-jim-turner-2,Jim Turner,DEN,PIT,1,1,0,0,
1979-10-22,1979,8,REG,1979_08_DEN_PIT,nfl-matt-bahr,Matt Bahr,PIT,DEN,6,6,0,0,
1979-10-25,1979,9,REG,1979_09_SD_OAK,nfl-jim-breech,Jim Breech,OAK,SD,6,6,1,1,38
1979-10-25,1979,9,REG,1979_09_STL_OAK,nfl-mike-wood,Mike Wood,STL,OAK,1,3,1,2,28
1979-10-28,1979,9,REG,1979_09_BAL_HOU,nfl-toni-linhart,Toni Linhart,BAL,HOU,3,3,1,1,31
1979-10-28,1979,9,REG,1979_09_BUF_DET,nfl-benny-ricardo,Benny Ricardo,DET,BUF,2,2,1,2,40
1979-10-28,1979,9,REG,1979_09_CHI_SF,nfl-bob-thomas,Bob Thomas,CHI,SF,4,4,0,0,
1979-10-28,1979,9,REG,1979_09_CLE_STL,nfl-don-cockroft,Don Cockroft,CLE,STL,5,5,1,2,51
1979-10-28,1979,9,REG,1979_09_CLE_STL,nfl-steve-little,Steve Little,STL,CLE,1,2,0,1,
1979-10-28,1979,9,REG,1979_09_DAL_PIT,nfl-matt-bahr,Matt Bahr,PIT,DAL,2,2,0,1,
1979-10-28,1979,9,REG,1979_09_DAL_PIT,nfl-rafael-septien,Rafael Septien,DAL,PIT,0,0,1,2,32
1979-10-28,1979,9,REG,1979_09_GB_MIA,nfl-chester-marcol,Chester Marcol,GB,MIA,1,1,0,0,
1979-10-28,1979,9,REG,1979_09_KC_DEN,nfl-jan-stenerud,Jan Stenerud,KC,DEN,0,0,1,2,27
1979-10-28,1979,9,REG,1979_09_KC_DEN,nfl-jim-turner-2,Jim Turner,DEN,KC,2,3,0,0,
1979-10-28,1979,9,REG,1979_09_NE_BAL,nfl-steve-mike-mayer,Steve Mike-Mayer,BAL,NE,4,4,1,2,37
1979-10-28,1979,9,REG,1979_09_NO_WAS,nfl-garo-yepremian,Garo Yepremian,NO,WAS,2,2,0,1,
1979-10-28,1979,9,REG,1979_09_NO_WAS,nfl-mark-moseley,Mark Moseley,WAS,NO,1,1,1,2,18
1979-10-28,1979,9,REG,1979_09_NYG_LA,nfl-frank-corral,Frank Corral,LA,NYG,2,2,0,1,
1979-10-28,1979,9,REG,1979_09_TB_MIN,nfl-rick-danmeier,Rick Danmeier,MIN,TB,1,1,1,1,28
1979-10-29,1979,9,REG,1979_09_SEA_ATL,nfl-efren-herrera,Efren Herrera,SEA,ATL,4,4,1,1,24
1979-10-29,1979,9,REG,1979_09_SEA_ATL,nfl-tim-mazzetti,Tim Mazzetti,ATL,SEA,4,4,0,1,
1979-11-04,1979,10,REG,1979_10_CIN_BAL,nfl-chris-bahr,Chris Bahr,CIN,BAL,4,4,0,1,
1979-11-04,1979,10,REG,1979_10_CIN_BAL,nfl-steve-mike-mayer,Steve Mike-Mayer,BAL,CIN,5,5,1,1,41
1979-11-04,1979,10,REG,1979_10_CLE_PHI,nfl-don-cockroft,Don Cockroft,CLE,PHI,3,3,1,1,39
1979-11-04,1979,10,REG,1979_10_DAL_NYG,nfl-joe-danelo,Joe Danelo,NYG,DAL,2,2,0,1,
1979-11-04,1979,10,REG,1979_10_DET_CHI,nfl-benny-ricardo,Benny Ricardo,DET,CHI,1,1,0,0,
1979-11-04,1979,10,REG,1979_10_DET_CHI,nfl-bob-thomas,Bob Thomas,CHI,DET,5,5,0,2,
1979-11-04,1979,10,REG,1979_10_LA_SEA,nfl-frank-corral,Frank Corral,LA,SEA,3,3,1,2,23
1979-11-04,1979,10,REG,1979_10_MIN_STL,nfl-rick-danmeier,Rick Danmeier,MIN,STL,1,1,0,2,
1979-11-04,1979,10,REG,1979_10_MIN_STL,nfl-steve-little,Steve Little,STL,MIN,4,5,1,1,42
1979-11-04,1979,10,REG,1979_10_NO_DEN,nfl-garo-yepremian,Garo Yepremian,NO,DEN,0,0,1,1,20
1979-11-04,1979,10,REG,1979_10_NO_DEN,nfl-jim-turner-2,Jim Turner,DEN,NO,1,1,1,2,28
1979-11-04,1979,10,REG,1979_10_NYJ_GB,nfl-chester-marcol,Chester Marcol,GB,NYJ,0,1,0,0,
1979-11-04,1979,10,REG,1979_10_SD_KC,nfl-jan-stenerud,Jan Stenerud,KC,SD,2,2,0,1,
1979-11-04,1979,10,REG,1979_10_SF_OAK,nfl-jim-breech,Jim Breech,OAK,SF,2,3,1,1,18
1979-11-04,1979,10,REG,1979_10_SF_OAK,nfl-ray-wersching,Ray Wersching,SF,OAK,1,1,1,2,39
1979-11-04,1979,10,REG,1979_10_TB_ATL,nfl-neil-o-donoghue,Neil O'Donoghue,TB,ATL,2,2,0,0,
1979-11-04,1979,10,REG,1979_10_TB_ATL,nfl-tim-mazzetti,Tim Mazzetti,ATL,TB,2,2,1,2,30
1979-11-04,1979,10,REG,1979_10_WAS_PIT,nfl-mark-moseley,Mark Moseley,WAS,PIT,1,1,0,1,
1979-11-04,1979,10,REG,1979_10_WAS_PIT,nfl-matt-bahr,Matt Bahr,PIT,WAS,5,5,1,3,21
1979-11-11,1979,11,REG,1979_11_ATL_NYG,nfl-joe-danelo,Joe Danelo,NYG,ATL,3,3,1,1,42
1979-11-11,1979,11,REG,1979_11_ATL_NYG,nfl-tim-mazzetti,Tim Mazzetti,ATL,NYG,0,0,1,2,23
1979-11-11,1979,11,REG,1979_11_BAL_MIA,nfl-steve-mike-mayer,Steve Mike-Mayer,BAL,MIA,0,0,0,1,
1979-11-11,1979,11,REG,1979_11_BUF_BAL,nfl-toni-linhart,Toni Linhart,BAL,BUF,0,2,0,0,
1979-11-11,1979,11,REG,1979_11_BUF_NYJ,nfl-nick-mike-mayer,Nick Mike-Mayer,BUF,NYJ,2,2,0,0,
1979-11-11,1979,11,REG,1979_11_LA_CHI,nfl-frank-corral,Frank Corral,LA,CHI,2,2,1,2,27
1979-11-11,1979,11,REG,1979_11_MIN_GB,nfl-rick-danmeier,Rick Danmeier,MIN,GB,1,1,0,0,
1979-11-11,1979,11,REG,1979_11_MIN_GB,nfl-tom-birney,Tom Birney,GB,MIN,1,3,0,0,
1979-11-11,1979,11,REG,1979_11_NE_DEN,nfl-jim-turner-2,Jim Turner,DEN,NE,6,6,1,1,49
1979-11-11,1979,11,REG,1979_11_NE_DEN,nfl-john-smith-2,John Smith,NE,DEN,1,1,1,1,42
1979-11-11,1979,11,REG,1979_11_OAK_HOU,nfl-jim-breech,Jim Breech,OAK,HOU,2,2,1,1,32
1979-11-11,1979,11,REG,1979_11_OAK_HOU,nfl-toni-fritsch,Toni Fritsch,HOU,OAK,4,4,1,1,51
1979-11-11,1979,11,REG,1979_11_PIT_KC,nfl-jan-stenerud,Jan Stenerud,KC,PIT,0,0,1,2,42
1979-11-11,1979,11,REG,1979_11_SD_CIN,nfl-chris-bahr,Chris Bahr,CIN,SD,3,3,1,1,28
1979-11-11,1979,11,REG,1979_11_SEA_CLE,nfl-don-cockroft,Don Cockroft,CLE,SEA,3,3,1,2,28
1979-11-11,1979,11,REG,1979_11_SEA_CLE,nfl-efren-herrera,Efren Herrera,SEA,CLE,2,4,1,1,34
1979-11-11,1979,11,REG,1979_11_SF_NO,nfl-garo-yepremian,Garo Yepremian,NO,SF,4,4,1,1,42
1979-11-11,1979,11,REG,1979_11_STL_WAS,nfl-steve-little,Steve Little,STL,WAS,4,4,0,1,
1979-11-11,1979,11,REG,1979_11_TB_DET,nfl-benny-ricardo,Benny Ricardo,DET,TB,2,2,0,0,
1979-11-12,1979,11,REG,1979_11_PHI_DAL,nfl-rafael-septien,Rafael Septien,DAL,PHI,3,3,0,1,
1979-11-12,1979,11,REG,1979_11_PHI_DAL,nfl-tony-franklin-2,Tony Franklin,PHI,DAL,4,4,1,4,59
1979-11-18,1979,12,REG,1979_12_BAL_CHI,nfl-toni-linhart,Toni Linhart,BAL,CHI,1,2,0,1,
1979-11-18,1979,12,REG,1979_12_BAL_NE,nfl-steve-mike-mayer,Steve Mike-Mayer,BAL,NE,3,3,0,0,
1979-11-18,1979,12,REG,1979_12_CIN_HOU,nfl-chris-bahr,Chris Bahr,CIN,HOU,3,3,0,0,
1979-11-18,1979,12,REG,1979_12_CIN_HOU,nfl-toni-fritsch,Toni Fritsch,HOU,CIN,6,6,0,0,
1979-11-18,1979,12,REG,1979_12_DEN_SF,nfl-jim-turner-2,Jim Turner,DEN,SF,5,5,1,1,32
1979-11-18,1979,12,REG,1979_12_DEN_SF,nfl-ray-wersching,Ray Wersching,SF,DEN,4,4,0,0,
1979-11-18,1979,12,REG,1979_12_DET_MIN,nfl-benny-ricardo,Benny Ricardo,DET,MIN,1,1,0,2,
1979-11-18,1979,12,REG,1979_12_DET_MIN,nfl-rick-danmeier,Rick Danmeier,MIN,DET,2,2,0,1,
1979-11-18,1979,12,REG,1979_12_KC_OAK,nfl-jan-stenerud,Jan Stenerud,KC,OAK,3,3,1,2,41
1979-11-18,1979,12,REG,1979_12_KC_OAK,nfl-jim-breech,Jim Breech,OAK,KC,3,3,0,1,
1979-11-18,1979,12,REG,1979_12_MIA_CLE,nfl-don-cockroft,Don Cockroft,CLE,MIA,3,3,1,2,43
1979-11-18,1979,12,REG,1979_12_MIA_CLE,nfl-uwe-von-schamann,Uwe von Schamann,MIA,CLE,3,3,1,1,38
1979-11-18,1979,12,REG,1979_12_NO_SEA,nfl-efren-herrera,Efren Herrera,SEA,NO,5,5,1,1,27
1979-11-18,1979,12,REG,1979_12_NO_SEA,nfl-garo-yepremian,Garo Yepremian,NO,SEA,3,3,1,2,40
1979-11-18,1979,12,REG,1979_12_NYG_TB,nfl-joe-danelo,Joe Danelo,NYG,TB,0,0,1,1,21
1979-11-18,1979,12,REG,1979_12_NYG_TB,nfl-neil-o-donoghue,Neil O'Donoghue,TB,NYG,4,4,1,2,40
1979-11-18,1979,12,REG,1979_12_NYJ_CHI,nfl-bob-thomas,Bob Thomas,CHI,NYJ,2,3,1,1,24
1979-11-18,1979,12,REG,1979_12_PIT_SD,nfl-matt-bahr,Matt Bahr,PIT,SD,1,1,0,0,
1979-11-18,1979,12,REG,1979_12_PIT_STL,nfl-mike-wood,Mike Wood,STL,PIT,5,5,0,0,
1979-11-18,1979,12,REG,1979_12_STL_PHI,nfl-steve-little,Steve Little,STL,PHI,1,2,0,0,
1979-11-19,1979,12,REG,1979_12_ATL_LA,nfl-frank-corral,Frank Corral,LA,ATL,2,3,0,0,
1979-11-19,1979,12,REG,1979_12_ATL_LA,nfl-tim-mazzetti,Tim Mazzetti,ATL,LA,2,2,0,0,
1979-11-22,1979,13,REG,1979_13_CHI_DET,nfl-bob-thomas,Bob Thomas,CHI,DET,0,0,0,1,
1979-11-22,1979,13,REG,1979_13_HOU_DAL,nfl-rafael-septien,Rafael Septien,DAL,HOU,3,3,1,1,44
1979-11-22,1979,13,REG,1979_13_HOU_DAL,nfl-toni-fritsch,Toni Fritsch,HOU,DAL,3,4,1,1,27
1979-11-25,1979,13,REG,1979_13_KC_SD,nfl-jan-stenerud,Jan Stenerud,KC,SD,1,1,0,0,
1979-11-25,1979,13,REG,1979_13_KC_STL,nfl-mike-wood,Mike Wood,STL,KC,4,4,0,0,
1979-11-25,1979,13,REG,1979_13_MIA_BAL,nfl-steve-mike-mayer,Steve Mike-Mayer,BAL,MIA,3,3,1,2,32
1979-11-25,1979,13,REG,1979_13_MIA_BAL,nfl-uwe-von-schamann,Uwe von Schamann,MIA,BAL,4,4,0,0,
1979-11-25,1979,13,REG,1979_13_MIN_TB,nfl-neil-o-donoghue,Neil O'Donoghue,TB,MIN,1,3,1,2,20
1979-11-25,1979,13,REG,1979_13_MIN_TB,nfl-rick-danmeier,Rick Danmeier,MIN,TB,2,3,1,2,44
1979-11-25,1979,13,REG,1979_13_NO_ATL,nfl-tim-mazzetti,Tim Mazzetti,ATL,NO,0,1,0,0,
1979-11-25,1979,13,REG,1979_13_OAK_DEN,nfl-jim-breech,Jim Breech,OAK,DEN,2,2,0,1,
1979-11-25,1979,13,REG,1979_13_OAK_DEN,nfl-jim-turner-2,Jim Turner,DEN,OAK,1,1,1,1,30
1979-11-25,1979,13,REG,1979_13_PHI_GB,nfl-tom-birney,Tom Birney,GB,PHI,1,1,1,1,33
1979-11-25,1979,13,REG,1979_13_PHI_GB,nfl-tony-franklin-2,Tony Franklin,PHI,GB,3,3,0,0,
1979-11-25,1979,13,REG,1979_13_STL_CIN,nfl-steve-little,Steve Little,STL,CIN,4,4,0,0,
1979-11-25,1979,13,REG,1979_13_WAS_NYG,nfl-joe-danelo,Joe Danelo,NYG,WAS,2,2,0,1,
1979-11-26,1979,13,REG,1979_13_NYJ_SEA,nfl-dave-jacobs,Dave Jacobs,NYJ,SEA,1,1,0,1,
1979-11-29,1979,14,REG,1979_14_NE_MIA,nfl-john-smith-2,John Smith,NE,MIA,3,3,1,1,28
1979-12-02,1979,14,REG,1979_14_ATL_SD,nfl-tim-mazzetti,Tim Mazzetti,ATL,SD,4,4,0,1,
1979-12-02,1979,14,REG,1979_14_ATL_STL,nfl-mike-wood,Mike Wood,STL,ATL,3,3,1,2,35
1979-12-02,1979,14,REG,1979_14_BAL_NYJ,nfl-steve-mike-mayer,Steve Mike-Mayer,BAL,NYJ,2,2,1,1,20
1979-12-02,1979,14,REG,1979_14_CHI_TB,nfl-bob-thomas,Bob Thomas,CHI,TB,2,2,0,0,
1979-12-02,1979,14,REG,1979_14_CIN_PIT,nfl-chris-bahr,Chris Bahr,CIN,PIT,2,2,1,2,46
1979-12-02,1979,14,REG,1979_14_DET_PHI,nfl-benny-ricardo,Benny Ricardo,DET,PHI,1,1,0,2,
1979-12-02,1979,14,REG,1979_14_GB_WAS,nfl-mark-moseley,Mark Moseley,WAS,GB,5,5,1,1,33
1979-12-02,1979,14,REG,1979_14_GB_WAS,nfl-tom-birney,Tom Birney,GB,WAS,3,3,0,0,
1979-12-02,1979,14,REG,1979_14_HOU_CLE,nfl-don-cockroft,Don Cockroft,CLE,HOU,2,2,0,2,
1979-12-02,1979,14,REG,1979_14_HOU_CLE,nfl-toni-fritsch,Toni Fritsch,HOU,CLE,1,1,0,1,
1979-12-02,1979,14,REG,1979_14_MIN_LA,nfl-frank-corral,Frank Corral,LA,MIN,3,3,0,1,
1979-12-02,1979,14,REG,1979_14_MIN_LA,nfl-rick-danmeier,Rick Danmeier,MIN,LA,3,3,0,2,
1979-12-02,1979,14,REG,1979_14_NYG_DAL,nfl-joe-danelo,Joe Danelo,NYG,DAL,1,1,0,0,
1979-12-02,1979,14,REG,1979_14_NYG_DAL,nfl-rafael-septien,Rafael Septien,DAL,NYG,4,4,0,3,
1979-12-02,1979,14,REG,1979_14_SEA_KC,nfl-efren-herrera,Efren Herrera,SEA,KC,3,3,0,0,
1979-12-02,1979,14,REG,1979_14_SF_STL,nfl-ray-wersching,Ray Wersching,SF,STL,1,1,1,1,23
1979-12-02,1979,14,REG,1979_14_SF_STL,nfl-steve-little,Steve Little,STL,SF,1,2,0,1,
1979-12-03,1979,14,REG,1979_14_OAK_NO,nfl-garo-yepremian,Garo Yepremian,NO,OAK,5,5,0,0,
1979-12-03,1979,14,REG,1979_14_OAK_NO,nfl-jim-breech,Jim Breech,OAK,NO,6,6,0,1,
1979-12-08,1979,15,REG,1979_15_DAL_PHI,nfl-rafael-septien,Rafael Septien,DAL,PHI,3,3,1,1,40
1979-12-08,1979,15,REG,1979_15_DAL_PHI,nfl-tony-franklin-2,Tony Franklin,PHI,DAL,2,2,1,1,27
1979-12-08,1979,15,REG,1979_15_DEN_SEA,nfl-efren-herrera,Efren Herrera,SEA,DEN,4,4,0,0,
1979-12-08,1979,15,REG,1979_15_DEN_SEA,nfl-jim-turner-2,Jim Turner,DEN,SEA,2,3,1,2,29
1979-12-09,1979,15,REG,1979_15_BUF_MIN,nfl-nick-mike-mayer,Nick Mike-Mayer,BUF,MIN,0,0,1,2,24
1979-12-09,1979,15,REG,1979_15_BUF_MIN,nfl-rick-danmeier,Rick Danmeier,MIN,BUF,1,1,1,1,31
1979-12-09,1979,15,REG,1979_15_CHI_GB,nfl-tom-birney,Tom Birney,GB,CHI,2,2,0,1,
1979-12-09,1979,15,REG,1979_15_CIN_WAS,nfl-chris-bahr,Chris Bahr,CIN,WAS,2,2,0,0,
1979-12-09,1979,15,REG,1979_15_CIN_WAS,nfl-mark-moseley,Mark Moseley,WAS,CIN,4,4,0,0,
1979-12-09,1979,15,REG,1979_15_CLE_OAK,nfl-don-cockroft,Don Cockroft,CLE,OAK,2,2,0,0,
1979-12-09,1979,15,REG,1979_15_KC_BAL,nfl-jan-stenerud,Jan Stenerud,KC,BAL,1,1,1,2,43
1979-12-09,1979,15,REG,1979_15_KC_BAL,nfl-steve-mike-mayer,Steve Mike-Mayer,BAL,KC,1,1,0,2,
1979-12-09,1979,15,REG,1979_15_LA_ATL,nfl-tim-mazzetti,Tim Mazzetti,ATL,LA,1,2,0,0,
1979-12-09,1979,15,REG,1979_15_MIA_DET,nfl-benny-ricardo,Benny Ricardo,DET,MIA,1,1,1,1,46
1979-12-09,1979,15,REG,1979_15_MIA_DET,nfl-uwe-von-schamann,Uwe von Schamann,MIA,DET,4,4,0,0,
1979-12-09,1979,15,REG,1979_15_NE_NYJ,nfl-john-smith-2,John Smith,NE,NYJ,3,3,1,2,47
1979-12-09,1979,15,REG,1979_15_NYG_STL,nfl-joe-danelo,Joe Danelo,NYG,STL,2,3,0,0,
1979-12-09,1979,15,REG,1979_15_SD_NO,nfl-garo-yepremian,Garo Yepremian,NO,SD,0,0,0,1,
1979-12-09,1979,15,REG,1979_15_STL_NO,nfl-mike-wood,Mike Wood,STL,NO,5,5,0,0,
1979-12-09,1979,15,REG,1979_15_TB_SF,nfl-neil-o-donoghue,Neil O'Donoghue,TB,SF,1,1,0,0,
1979-12-10,1979,15,REG,1979_15_PIT_HOU,nfl-matt-bahr,Matt Bahr,PIT,HOU,2,2,1,2,37
1979-12-15,1979,16,REG,1979_16_GB_DET,nfl-benny-ricardo,Benny Ricardo,DET,GB,1,1,0,0,
1979-12-15,1979,16,REG,1979_16_NYJ_MIA,nfl-dave-jacobs,Dave Jacobs,NYJ,MIA,3,4,0,1,
1979-12-15,1979,16,REG,1979_16_NYJ_MIA,nfl-uwe-von-schamann,Uwe von Schamann,MIA,NYJ,3,3,1,3,25
1979-12-16,1979,16,REG,1979_16_BAL_NYG,nfl-joe-danelo,Joe Danelo,NYG,BAL,1,1,0,1,
1979-12-16,1979,16,REG,1979_16_BAL_NYG,nfl-steve-mike-mayer,Steve Mike-Mayer,BAL,NYG,4,4,1,2,29
1979-12-16,1979,16,REG,1979_16_BUF_PIT,nfl-matt-bahr,Matt Bahr,PIT,BUF,4,4,0,2,
1979-12-16,1979,16,REG,1979_16_BUF_PIT,nfl-nick-mike-mayer,Nick Mike-Mayer,BUF,PIT,0,0,0,2,
1979-12-16,1979,16,REG,1979_16_CLE_CIN,nfl-chris-bahr,Chris Bahr,CIN,CLE,1,1,1,2,43
1979-12-16,1979,16,REG,1979_16_CLE_CIN,nfl-don-cockroft,Don Cockroft,CLE,CIN,0,1,0,1,
1979-12-16,1979,16,REG,1979_16_KC_TB,nfl-jan-stenerud,Jan Stenerud,KC,TB,0,0,0,1,
1979-12-16,1979,16,REG,1979_16_KC_TB,nfl-neil-o-donoghue,Neil O'Donoghue,TB,KC,0,0,1,1,19
1979-12-16,1979,16,REG,1979_16_MIN_NE,nfl-rick-danmeier,Rick Danmeier,MIN,NE,2,3,1,2,24
1979-12-16,1979,16,REG,1979_16_NO_LA,nfl-frank-corral,Frank Corral,LA,NO,2,2,0,0,
1979-12-16,1979,16,REG,1979_16_SEA_OAK,nfl-jim-breech,Jim Breech,OAK,SEA,3,3,1,2,20
1979-12-16,1979,16,REG,1979_16_SF_ATL,nfl-ray-wersching,Ray Wersching,SF,ATL,3,3,0,0,
1979-12-16,1979,16,REG,1979_16_SF_ATL,nfl-tim-mazzetti,Tim Mazzetti,ATL,SF,4,4,1,1,22
1979-12-16,1979,16,REG,1979_16_STL_CHI,nfl-bob-thomas,Bob Thomas,CHI,STL,6,6,0,2,
1979-12-16,1979,16,REG,1979_16_STL_CHI,nfl-steve-little,Steve Little,STL,CHI,0,1,0,0,
1979-12-16,1979,16,REG,1979_16_WAS_DAL,nfl-rafael-septien,Rafael Septien,DAL,WAS,5,5,0,0,
1979-12-17,1979,16,REG,1979_16_DEN_SD,nfl-jim-turner-2,Jim Turner,DEN,SD,1,1,0,0,
1979-12-17,1979,16,REG,1979_16_DEN_STL,nfl-mike-wood,Mike Wood,STL,DEN,2,2,1,2,24
1980-09-07,1980,1,REG,1980_01_ATL_MIN,nfl-rick-danmeier,Rick Danmeier,MIN,ATL,3,3,1,2,27
1980-09-07,1980,1,REG,1980_01_ATL_MIN,nfl-tim-mazzetti,Tim Mazzetti,ATL,MIN,2,3,1,1,23
1980-09-07,1980,1,REG,1980_01_BAL_NYJ,nfl-pat-leahy,Pat Leahy,NYJ,BAL,2,2,0,1,
1980-09-07,1980,1,REG,1980_01_BAL_NYJ,nfl-steve-mike-mayer,Steve Mike-Mayer,BAL,NYJ,2,2,1,2,46
1980-09-07,1980,1,REG,1980_01_CLE_NE,nfl-don-cockroft,Don Cockroft,CLE,NE,2,2,1,1,25
1980-09-07,1980,1,REG,1980_01_DET_LA,nfl-frank-corral,Frank Corral,LA,DET,2,3,0,0,
1980-09-07,1980,1,REG,1980_01_HOU_PIT,nfl-matt-bahr,Matt Bahr,PIT,HOU,4,4,1,2,27
1980-09-07,1980,1,REG,1980_01_HOU_PIT,nfl-toni-fritsch,Toni Fritsch,HOU,PIT,2,2,1,1,31
1980-09-07,1980,1,REG,1980_01_MIA_BUF,nfl-nick-mike-mayer,Nick Mike-Mayer,BUF,MIA,2,2,1,1,40
1980-09-07,1980,1,REG,1980_01_MIA_BUF,nfl-uwe-von-schamann,Uwe von Schamann,MIA,BUF,1,1,0,0,
1980-09-07,1980,1,REG,1980_01_NYG_STL,nfl-steve-little,Steve Little,STL,NYG,5,5,0,0,
1980-09-07,1980,1,REG,1980_01_OAK_KC,nfl-nick-lowery,Nick Lowery,KC,OAK,2,2,0,0,
1980-09-07,1980,1,REG,1980_01_TB_CIN,nfl-garo-yepremian,Garo Yepremian,TB,CIN,2,2,1,2,19
1980-09-07,1980,1,REG,1980_01_TB_CIN,nfl-ian-sunter,Ian Sunter,CIN,TB,1,1,1,1,35
1980-09-08,1980,1,REG,1980_01_DAL_WAS,nfl-mark-moseley,Mark Moseley,WAS,DAL,0,0,1,3,45
1980-09-08,1980,1,REG,1980_01_DAL_WAS,nfl-rafael-septien,Rafael Septien,DAL,WAS,2,2,1,1,19
1980-09-11,1980,2,REG,1980_02_LA_TB,nfl-garo-yepremian,Garo Yepremian,TB,LA,1,1,1,2,43
1980-09-14,1980,2,REG,1980_02_ATL_NE,nfl-john-smith-2,John Smith,NE,ATL,3,3,0,0,
1980-09-14,1980,2,REG,1980_02_CIN_MIA,nfl-ian-sunter,Ian Sunter,CIN,MIA,2,2,0,2,
1980-09-14,1980,2,REG,1980_02_CIN_MIA,nfl-uwe-von-schamann,Uwe von Schamann,MIA,CIN,2,2,1,3,39
1980-09-14,1980,2,REG,1980_02_DET_GB,nfl-chester-marcol,Chester Marcol,GB,DET,1,1,0,0,
1980-09-14,1980,2,REG,1980_02_NYJ_BUF,nfl-pat-leahy,Pat Leahy,NYJ,BUF,1,1,1,1,44
1980-09-14,1980,2,REG,1980_02_OAK_SD,nfl-chris-bahr,Chris Bahr,OAK,SD,3,3,1,6,35
1980-09-14,1980,2,REG,1980_02_OAK_SD,nfl-rolf-benirschke,Rolf Benirschke,SD,OAK,3,3,1,2,52
1980-09-14,1980,2,REG,1980_02_PHI_MIN,nfl-rick-danmeier,Rick Danmeier,MIN,PHI,1,1,0,1,
1980-09-14,1980,2,REG,1980_02_PHI_MIN,nfl-tony-franklin-2,Tony Franklin,PHI,MIN,6,6,0,1,
1980-09-14,1980,2,REG,1980_02_PIT_BAL,nfl-steve-mike-mayer,Steve Mike-Mayer,BAL,PIT,2,2,1,3,20
1980-09-14,1980,2,REG,1980_02_SEA_KC,nfl-efren-herrera,Efren Herrera,SEA,KC,2,2,1,1,19
1980-09-14,1980,2,REG,1980_02_STL_SF,nfl-ray-wersching,Ray Wersching,SF,STL,3,3,1,2,33
1980-09-14,1980,2,REG,1980_02_STL_SF,nfl-steve-little,Steve Little,STL,SF,3,3,0,1,
1980-09-14,1980,2,REG,1980_02_WAS_NYG,nfl-joe-danelo,Joe Danelo,NYG,WAS,3,3,0,0,
1980-09-14,1980,2,REG,1980_02_WAS_NYG,nfl-mark-moseley,Mark Moseley,WAS,NYG,2,3,1,2,45
1980-09-15,1980,2,REG,1980_02_HOU_CLE,nfl-don-cockroft,Don Cockroft,CLE,HOU,1,1,0,0,
1980-09-21,1980,3,REG,1980_03_BAL_HOU,nfl-toni-fritsch,Toni Fritsch,HOU,BAL,3,3,0,0,
1980-09-21,1980,3,REG,1980_03_BUF_NO,nfl-nick-mike-mayer,Nick Mike-Mayer,BUF,NO,5,5,0,1,
1980-09-21,1980,3,REG,1980_03_GB_LA,nfl-chester-marcol,Chester Marcol,GB,LA,3,3,0,0,
1980-09-21,1980,3,REG,1980_03_GB_LA,nfl-frank-corral,Frank Corral,LA,GB,6,6,1,1,29
1980-09-21,1980,3,REG,1980_03_KC_CLE,nfl-don-cockroft,Don Cockroft,CLE,KC,2,3,0,2,
1980-09-21,1980,3,REG,1980_03_MIA_ATL,nfl-tim-mazzetti,Tim Mazzetti,ATL,MIA,2,2,1,2,37
1980-09-21,1980,3,REG,1980_03_MIN_CHI,nfl-bob-thomas,Bob Thomas,CHI,MIN,2,2,0,0,
1980-09-21,1980,3,REG,1980_03_MIN_CHI,nfl-rick-danmeier,Rick Danmeier,MIN,CHI,4,4,0,0,
1980-09-21,1980,3,REG,1980_03_NE_SEA,nfl-efren-herrera,Efren Herrera,SEA,NE,4,4,1,1,33
1980-09-21,1980,3,REG,1980_03_PIT_CIN,nfl-matt-bahr,Matt Bahr,PIT,CIN,4,4,0,1,
1980-09-21,1980,3,REG,1980_03_SF_NYJ,nfl-ray-wersching,Ray Wersching,SF,NYJ,4,4,1,1,25
1980-09-21,1980,3,REG,1980_03_STL_DET,nfl-steve-little,Steve Little,STL,DET,1,1,0,1,
1980-09-21,1980,3,REG,1980_03_TB_DAL,nfl-garo-yepremian,Garo Yepremian,TB,DAL,2,2,1,2,22
1980-09-21,1980,3,REG,1980_03_TB_DAL,nfl-rafael-septien,Rafael Septien,DAL,TB,4,4,0,0,
1980-09-21,1980,3,REG,1980_03_WAS_OAK,nfl-chris-bahr,Chris Bahr,OAK,WAS,3,3,1,2,21
1980-09-21,1980,3,REG,1980_03_WAS_OAK,nfl-mark-moseley,Mark Moseley,WAS,OAK,3,3,0,1,
1980-09-22,1980,3,REG,1980_03_NYG_PHI,nfl-joe-danelo,Joe Danelo,NYG,PHI,0,0,1,4,50
1980-09-22,1980,3,REG,1980_03_NYG_PHI,nfl-tony-franklin-2,Tony Franklin,PHI,NYG,5,5,0,0,
1980-09-28,1980,4,REG,1980_04_ATL_SF,nfl-ray-wersching,Ray Wersching,SF,ATL,2,2,1,1,47
1980-09-28,1980,4,REG,1980_04_CHI_PIT,nfl-bob-thomas,Bob Thomas,CHI,PIT,0,0,1,1,28
1980-09-28,1980,4,REG,1980_04_CHI_PIT,nfl-matt-bahr,Matt Bahr,PIT,CHI,5,5,1,1,20
1980-09-28,1980,4,REG,1980_04_DAL_GB,nfl-chester-marcol,Chester Marcol,GB,DAL,1,1,0,0,
1980-09-28,1980,4,REG,1980_04_DAL_GB,nfl-rafael-septien,Rafael Septien,DAL,GB,4,4,0,0,
1980-09-28,1980,4,REG,1980_04_HOU_CIN,nfl-ian-sunter,Ian Sunter,CIN,HOU,1,1,1,1,26
1980-09-28,1980,4,REG,1980_04_LA_NYG,nfl-frank-corral,Frank Corral,LA,NYG,4,4,0,0,
1980-09-28,1980,4,REG,1980_04_LA_NYG,nfl-joe-danelo,Joe Danelo,NYG,LA,1,1,0,0,
1980-09-28,1980,4,REG,1980_04_MIN_DET,nfl-rick-danmeier,Rick Danmeier,MIN,DET,1,1,0,0,
1980-09-28,1980,4,REG,1980_04_NO_MIA,nfl-uwe-von-schamann,Uwe von Schamann,MIA,NO,3,3,0,0,
1980-09-28,1980,4,REG,1980_04_NYJ_BAL,nfl-pat-leahy,Pat Leahy,NYJ,BAL,3,3,0,0,
1980-09-28,1980,4,REG,1980_04_NYJ_BAL,nfl-steve-mike-mayer,Steve Mike-Mayer,BAL,NYJ,5,5,0,0,
1980-09-28,1980,4,REG,1980_04_OAK_BUF,nfl-chris-bahr,Chris Bahr,OAK,BUF,1,1,0,0,
1980-09-28,1980,4,REG,1980_04_OAK_BUF,nfl-nick-mike-mayer,Nick Mike-Mayer,BUF,OAK,3,3,1,1,30
1980-09-28,1980,4,REG,1980_04_PHI_STL,nfl-steve-little,Steve Little,STL,PHI,3,3,1,2,31
1980-09-28,1980,4,REG,1980_04_PHI_STL,nfl-tony-franklin-2,Tony Franklin,PHI,STL,2,2,0,1,
1980-09-28,1980,4,REG,1980_04_SD_KC,nfl-nick-lowery,Nick Lowery,KC,SD,1,1,0,0,
1980-09-28,1980,4,REG,1980_04_SD_KC,nfl-rolf-benirschke,Rolf Benirschke,SD,KC,3,3,1,2,32
1980-09-28,1980,4,REG,1980_04_SEA_WAS,nfl-efren-herrera,Efren Herrera,SEA,WAS,2,2,0,0,
1980-09-28,1980,4,REG,1980_04_SEA_WAS,nfl-mark-moseley,Mark Moseley,WAS,SEA,0,0,0,3,
1980-09-29,1980,4,REG,1980_04_DEN_NE,nfl-fred-steinfort,Fred Steinfort,DEN,NE,2,2,0,1,
1980-10-05,1980,5,REG,1980_05_BAL_MIA,nfl-steve-mike-mayer,Steve Mike-Mayer,BAL,MIA,3,4,1,1,45
1980-10-05,1980,5,REG,1980_05_BAL_MIA,nfl-uwe-von-schamann,Uwe von Schamann,MIA,BAL,2,2,1,3,24
1980-10-05,1980,5,REG,1980_05_BUF_SD,nfl-rolf-benirschke,Rolf Benirschke,SD,BUF,3,3,1,2,29
1980-10-05,1980,5,REG,1980_05_CIN_GB,nfl-chester-marcol,Chester Marcol,GB,CIN,2,2,0,0,
1980-10-05,1980,5,REG,1980_05_KC_OAK,nfl-chris-bahr,Chris Bahr,OAK,KC,2,2,1,2,39
1980-10-05,1980,5,REG,1980_05_KC_OAK,nfl-nick-lowery,Nick Lowery,KC,OAK,4,4,1,1,35
1980-10-05,1980,5,REG,1980_05_NE_NYJ,nfl-john-smith-2,John Smith,NE,NYJ,3,3,0,0,
1980-10-05,1980,5,REG,1980_05_NE_NYJ,nfl-pat-leahy,Pat Leahy,NYJ,NE,0,0,1,3,40
1980-10-05,1980,5,REG,1980_05_NYG_DAL,nfl-joe-danelo,Joe Danelo,NYG,DAL,0,0,1,3,51
1980-10-05,1980,5,REG,1980_05_NYG_DAL,nfl-rafael-septien,Rafael Septien,DAL,NYG,3,3,1,2,38
1980-10-05,1980,5,REG,1980_05_PIT_MIN,nfl-matt-bahr,Matt Bahr,PIT,MIN,2,3,1,3,28
1980-10-05,1980,5,REG,1980_05_PIT_MIN,nfl-rick-danmeier,Rick Danmeier,MIN,PIT,2,2,1,1,35
1980-10-05,1980,5,REG,1980_05_SEA_HOU,nfl-toni-fritsch,Toni Fritsch,HOU,SEA,1,1,0,0,
1980-10-05,1980,5,REG,1980_05_SF_LA,nfl-ray-wersching,Ray Wersching,SF,LA,2,4,0,0,
1980-10-05,1980,5,REG,1980_05_STL_NO,nfl-benny-ricardo,Benny Ricardo,NO,STL,1,1,0,0,
1980-10-05,1980,5,REG,1980_05_WAS_PHI,nfl-mark-moseley,Mark Moseley,WAS,PHI,2,2,0,1,
1980-10-05,1980,5,REG,1980_05_WAS_PHI,nfl-tony-franklin-2,Tony Franklin,PHI,WAS,3,3,1,1,39
1980-10-06,1980,5,REG,1980_05_TB_CHI,nfl-garo-yepremian,Garo Yepremian,TB,CHI,0,0,0,1,
1980-10-12,1980,6,REG,1980_06_BAL_BUF,nfl-steve-mike-mayer,Steve Mike-Mayer,BAL,BUF,2,2,1,3,21
1980-10-12,1980,6,REG,1980_06_CHI_MIN,nfl-bob-thomas,Bob Thomas,CHI,MIN,1,1,0,0,
1980-10-12,1980,6,REG,1980_06_CIN_PIT,nfl-ian-sunter,Ian Sunter,CIN,PIT,2,2,1,3,24
1980-10-12,1980,6,REG,1980_06_CIN_PIT,nfl-matt-bahr,Matt Bahr,PIT,CIN,1,2,1,3,35
1980-10-12,1980,6,REG,1980_06_CLE_SEA,nfl-don-cockroft,Don Cockroft,CLE,SEA,3,4,0,0,
1980-10-12,1980,6,REG,1980_06_CLE_SEA,nfl-efren-herrera,Efren Herrera,SEA,CLE,0,0,1,2,29
1980-10-12,1980,6,REG,1980_06_GB_TB,nfl-garo-yepremian,Garo Yepremian,TB,GB,2,2,0,0,
1980-10-12,1980,6,REG,1980_06_GB_TB,nfl-tom-birney,Tom Birney,GB,TB,2,2,0,3,
1980-10-12,1980,6,REG,1980_06_HOU_KC,nfl-nick-lowery,Nick Lowery,KC,HOU,3,3,0,1,
1980-10-12,1980,6,REG,1980_06_LA_STL,nfl-frank-corral,Frank Corral,LA,STL,3,3,0,2,
1980-10-12,1980,6,REG,1980_06_LA_STL,nfl-steve-little,Steve Little,STL,LA,1,2,0,2,
1980-10-12,1980,6,REG,1980_06_NO_DET,nfl-eddie-murray,Eddie Murray,DET,NO,3,3,1,2,31
1980-10-12,1980,6,REG,1980_06_NYJ_ATL,nfl-pat-leahy,Pat Leahy,NYJ,ATL,2,2,0,1,
1980-10-12,1980,6,REG,1980_06_NYJ_ATL,nfl-tim-mazzetti,Tim Mazzetti,ATL,NYJ,1,1,0,0,
1980-10-12,1980,6,REG,1980_06_PHI_NYG,nfl-joe-danelo,Joe Danelo,NYG,PHI,1,2,1,1,42
1980-10-12,1980,6,REG,1980_06_PHI_NYG,nfl-tony-franklin-2,Tony Franklin,PHI,NYG,4,4,1,2,41
1980-10-12,1980,6,REG,1980_06_SD_OAK,nfl-chris-bahr,Chris Bahr,OAK,SD,5,5,1,1,42
1980-10-12,1980,6,REG,1980_06_SD_OAK,nfl-rolf-benirschke,Rolf Benirschke,SD,OAK,3,3,1,2,25
1980-10-12,1980,6,REG,1980_06_SF_DAL,nfl-rafael-septien,Rafael Septien,DAL,SF,8,8,1,2,26
1980-10-12,1980,6,REG,1980_06_SF_DAL,nfl-ray-wersching,Ray Wersching,SF,DAL,2,2,0,0,
1980-10-13,1980,6,REG,1980_06_WAS_DEN,nfl-mark-moseley,Mark Moseley,WAS,DEN,2,2,1,2,23
1980-10-19,1980,7,REG,1980_07_ATL_NO,nfl-benny-ricardo,Benny Ricardo,NO,ATL,2,2,0,1,
1980-10-19,1980,7,REG,1980_07_ATL_NO,nfl-tim-mazzetti,Tim Mazzetti,ATL,NO,5,6,0,0,
1980-10-19,1980,7,REG,1980_07_BUF_MIA,nfl-nick-mike-mayer,Nick Mike-Mayer,BUF,MIA,2,2,0,0,
1980-10-19,1980,7,REG,1980_07_BUF_MIA,nfl-uwe-von-schamann,Uwe von Schamann,MIA,BUF,2,2,1,1,23
1980-10-19,1980,7,REG,1980_07_DAL_PHI,nfl-rafael-septien,Rafael Septien,DAL,PHI,1,1,1,1,33
1980-10-19,1980,7,REG,1980_07_DAL_PHI,nfl-tony-franklin-2,Tony Franklin,PHI,DAL,2,2,1,2,35
1980-10-19,1980,7,REG,1980_07_DET_CHI,nfl-bob-thomas,Bob Thomas,CHI,DET,3,3,1,1,18
1980-10-19,1980,7,REG,1980_07_DET_CHI,nfl-eddie-murray,Eddie Murray,DET,CHI,1,1,0,2,
1980-10-19,1980,7,REG,1980_07_GB_CLE,nfl-tom-birney,Tom Birney,GB,CLE,3,3,0,0,
1980-10-19,1980,7,REG,1980_07_KC_DEN,nfl-fred-steinfort,Fred Steinfort,DEN,KC,2,2,1,1,41
1980-10-19,1980,7,REG,1980_07_LA_SF,nfl-frank-corral,Frank Corral,LA,SF,4,4,1,1,47
1980-10-19,1980,7,REG,1980_07_LA_SF,nfl-ray-wersching,Ray Wersching,SF,LA,2,2,1,1,39
1980-10-19,1980,7,REG,1980_07_MIN_CIN,nfl-ian-sunter,Ian Sunter,CIN,MIN,2,2,0,1,
1980-10-19,1980,7,REG,1980_07_MIN_CIN,nfl-rick-danmeier,Rick Danmeier,MIN,CIN,0,0,0,1,
1980-10-19,1980,7,REG,1980_07_NE_BAL,nfl-steve-mike-mayer,Steve Mike-Mayer,BAL,NE,3,3,0,1,
1980-10-19,1980,7,REG,1980_07_NYG_SD,nfl-joe-danelo,Joe Danelo,NYG,SD,1,1,0,1,
1980-10-19,1980,7,REG,1980_07_NYG_SD,nfl-rolf-benirschke,Rolf Benirschke,SD,NYG,5,6,1,1,50
1980-10-19,1980,7,REG,1980_07_SEA_NYJ,nfl-pat-leahy,Pat Leahy,NYJ,SEA,2,2,1,2,22
1980-10-19,1980,7,REG,1980_07_STL_WAS,nfl-mark-moseley,Mark Moseley,WAS,STL,2,3,1,2,30
1980-10-19,1980,7,REG,1980_07_STL_WAS,nfl-neil-o-donoghue,Neil O'Donoghue,STL,WAS,0,0,0,1,
1980-10-19,1980,7,REG,1980_07_TB_HOU,nfl-garo-yepremian,Garo Yepremian,TB,HOU,2,2,0,0,
1980-10-20,1980,7,REG,1980_07_OAK_PIT,nfl-chris-bahr,Chris Bahr,OAK,PIT,6,6,1,1,36
1980-10-26,1980,8,REG,1980_08_CHI_PHI,nfl-bob-thomas,Bob Thomas,CHI,PHI,2,2,0,2,
1980-10-26,1980,8,REG,1980_08_CHI_PHI,nfl-tony-franklin-2,Tony Franklin,PHI,CHI,2,2,1,3,18
1980-10-26,1980,8,REG,1980_08_CIN_HOU,nfl-ian-sunter,Ian Sunter,CIN,HOU,0,0,1,2,23
1980-10-26,1980,8,REG,1980_08_DEN_NYG,nfl-fred-steinfort,Fred Steinfort,DEN,NYG,2,2,0,1,
1980-10-26,1980,8,REG,1980_08_DET_KC,nfl-eddie-murray,Eddie Murray,DET,KC,2,2,1,1,20
1980-10-26,1980,8,REG,1980_08_LA_ATL,nfl-frank-corral,Frank Corral,LA,ATL,1,1,1,3,23
1980-10-26,1980,8,REG,1980_08_LA_ATL,nfl-tim-mazzetti,Tim Mazzetti,ATL,LA,1,2,0,1,
1980-10-26,1980,8,REG,1980_08_MIN_GB,nfl-rick-danmeier,Rick Danmeier,MIN,GB,0,0,1,2,47
1980-10-26,1980,8,REG,1980_08_MIN_GB,nfl-tom-birney,Tom Birney,GB,MIN,1,2,1,1,36
1980-10-26,1980,8,REG,1980_08_NE_BUF,nfl-nick-mike-mayer,Nick Mike-Mayer,BUF,NE,4,4,1,2,23
1980-10-26,1980,8,REG,1980_08_NO_WAS,nfl-benny-ricardo,Benny Ricardo,NO,WAS,2,2,0,0,
1980-10-26,1980,8,REG,1980_08_PIT_CLE,nfl-don-cockroft,Don Cockroft,CLE,PIT,3,4,0,0,
1980-10-26,1980,8,REG,1980_08_SD_DAL,nfl-rafael-septien,Rafael Septien,DAL,SD,6,6,0,3,
1980-10-26,1980,8,REG,1980_08_SD_DAL,nfl-rolf-benirschke,Rolf Benirschke,SD,DAL,4,4,1,2,45
1980-10-26,1980,8,REG,1980_08_SEA_OAK,nfl-efren-herrera,Efren Herrera,SEA,OAK,2,2,0,1,
1980-10-26,1980,8,REG,1980_08_STL_BAL,nfl-neil-o-donoghue,Neil O'Donoghue,STL,BAL,2,2,1,2,30
1980-10-26,1980,8,REG,1980_08_STL_BAL,nfl-steve-mike-mayer,Steve Mike-Mayer,BAL,STL,1,1,1,2,35
1980-10-26,1980,8,REG,1980_08_TB_SF,nfl-garo-yepremian,Garo Yepremian,TB,SF,3,3,1,1,30
1980-10-27,1980,8,REG,1980_08_MIA_NYJ,nfl-pat-leahy,Pat Leahy,NYJ,MIA,2,2,1,1,48
1980-10-27,1980,8,REG,1980_08_MIA_NYJ,nfl-uwe-von-schamann,Uwe von Schamann,MIA,NYJ,2,2,0,0,
1980-11-02,1980,9,REG,1980_09_ATL_BUF,nfl-nick-mike-mayer,Nick Mike-Mayer,BUF,ATL,2,2,0,1,
1980-11-02,1980,9,REG,1980_09_BAL_KC,nfl-nick-lowery,Nick Lowery,KC,BAL,3,3,1,2,27
1980-11-02,1980,9,REG,1980_09_BAL_KC,nfl-steve-mike-mayer,Steve Mike-Mayer,BAL,KC,4,4,1,1,21
1980-11-02,1980,9,REG,1980_09_DAL_STL,nfl-neil-o-donoghue,Neil O'Donoghue,STL,DAL,3,3,1,1,42
1980-11-02,1980,9,REG,1980_09_GB_PIT,nfl-tom-birney,Tom Birney,GB,PIT,2,3,0,0,
1980-11-02,1980,9,REG,1980_09_HOU_DEN,nfl-toni-fritsch,Toni Fritsch,HOU,DEN,2,3,0,0,
1980-11-02,1980,9,REG,1980_09_MIA_OAK,nfl-chris-bahr,Chris Bahr,OAK,MIA,1,2,1,1,48
1980-11-02,1980,9,REG,1980_09_MIA_OAK,nfl-uwe-von-schamann,Uwe von Schamann,MIA,OAK,1,1,1,3,35
1980-11-02,1980,9,REG,1980_09_MIN_WAS,nfl-mark-moseley,Mark Moseley,WAS,MIN,2,2,0,0,
1980-11-02,1980,9,REG,1980_09_NO_LA,nfl-benny-ricardo,Benny Ricardo,NO,LA,4,4,1,2,36
1980-11-02,1980,9,REG,1980_09_NO_LA,nfl-frank-corral,Frank Corral,LA,NO,6,6,1,2,27
1980-11-02,1980,9,REG,1980_09_NYG_TB,nfl-joe-danelo,Joe Danelo,NYG,TB,1,1,0,0,
1980-11-02,1980,9,REG,1980_09_NYJ_NE,nfl-pat-leahy,Pat Leahy,NYJ,NE,3,3,0,0,
1980-11-02,1980,9,REG,1980_09_SD_CIN,nfl-ian-sunter,Ian Sunter,CIN,SD,2,2,0,1,
1980-11-02,1980,9,REG,1980_09_SD_CIN,nfl-rolf-benirschke,Rolf Benirschke,SD,CIN,4,4,1,1,40
1980-11-02,1980,9,REG,1980_09_SF_DET,nfl-eddie-murray,Eddie Murray,DET,SF,2,2,1,3,32
1980-11-03,1980,9,REG,1980_09_CHI_CLE,nfl-bob-thomas,Bob Thomas,CHI,CLE,3,3,0,1,
1980-11-09,1980,10,REG,1980_10_BUF_NYJ,nfl-nick-mike-mayer,Nick Mike-Mayer,BUF,NYJ,4,4,1,2,30
1980-11-09,1980,10,REG,1980_10_BUF_NYJ,nfl-pat-leahy,Pat Leahy,NYJ,BUF,3,3,1,1,33
1980-11-09,1980,10,REG,1980_10_CIN_OAK,nfl-chris-bahr,Chris Bahr,OAK,CIN,4,4,0,1,
1980-11-09,1980,10,REG,1980_10_CIN_OAK,nfl-ian-sunter,Ian Sunter,CIN,OAK,2,2,1,2,29
1980-11-09,1980,10,REG,1980_10_CLE_BAL,nfl-don-cockroft,Don Cockroft,CLE,BAL,4,4,0,0,
1980-11-09,1980,10,REG,1980_10_CLE_BAL,nfl-steve-mike-mayer,Steve Mike-Mayer,BAL,CLE,3,4,0,1,
1980-11-09,1980,10,REG,1980_10_DAL_NYG,nfl-joe-danelo,Joe Danelo,NYG,DAL,5,5,1,1,27
1980-11-09,1980,10,REG,1980_10_DAL_NYG,nfl-rafael-septien,Rafael Septien,DAL,NYG,5,5,0,0,
1980-11-09,1980,10,REG,1980_10_KC_SEA,nfl-nick-lowery,Nick Lowery,KC,SEA,4,4,1,1,42
1980-11-09,1980,10,REG,1980_10_MIA_LA,nfl-frank-corral,Frank Corral,LA,MIA,2,2,0,0,
1980-11-09,1980,10,REG,1980_10_MIA_LA,nfl-uwe-von-schamann,Uwe von Schamann,MIA,LA,5,5,0,0,
1980-11-09,1980,10,REG,1980_10_PHI_NO,nfl-benny-ricardo,Benny Ricardo,NO,PHI,3,3,0,2,
1980-11-09,1980,10,REG,1980_10_PIT_TB,nfl-garo-yepremian,Garo Yepremian,TB,PIT,3,3,0,0,
1980-11-09,1980,10,REG,1980_10_PIT_TB,nfl-matt-bahr,Matt Bahr,PIT,TB,3,3,1,2,48
1980-11-09,1980,10,REG,1980_10_SF_GB,nfl-ray-wersching,Ray Wersching,SF,GB,1,2,1,1,24
1980-11-09,1980,10,REG,1980_10_WAS_CHI,nfl-bob-thomas,Bob Thomas,CHI,WAS,5,5,0,0,
1980-11-09,1980,10,REG,1980_10_WAS_CHI,nfl-mark-moseley,Mark Moseley,WAS,CHI,3,3,0,0,
1980-11-10,1980,10,REG,1980_10_NE_HOU,nfl-toni-fritsch,Toni Fritsch,HOU,NE,5,5,1,1,45
1980-11-16,1980,11,REG,1980_11_BAL_DET,nfl-steve-mike-mayer,Steve Mike-Mayer,BAL,DET,1,1,1,1,43
1980-11-16,1980,11,REG,1980_11_BUF_CIN,nfl-nick-mike-mayer,Nick Mike-Mayer,BUF,CIN,2,2,0,1,
1980-11-16,1980,11,REG,1980_11_CLE_PIT,nfl-don-cockroft,Don Cockroft,CLE,PIT,1,1,0,3,
1980-11-16,1980,11,REG,1980_11_CLE_PIT,nfl-matt-bahr,Matt Bahr,PIT,CLE,2,2,0,0,
1980-11-16,1980,11,REG,1980_11_GB_NYG,nfl-tom-birney,Tom Birney,GB,NYG,3,3,0,2,
1980-11-16,1980,11,REG,1980_11_HOU_CHI,nfl-toni-fritsch,Toni Fritsch,HOU,CHI,1,1,1,2,29
1980-11-16,1980,11,REG,1980_11_KC_SD,nfl-nick-lowery,Nick Lowery,KC,SD,1,1,0,0,
1980-11-16,1980,11,REG,1980_11_KC_SD,nfl-rolf-benirschke,Rolf Benirschke,SD,KC,2,3,0,4,
1980-11-16,1980,11,REG,1980_11_LA_NE,nfl-frank-corral,Frank Corral,LA,NE,2,2,1,1,29
1980-11-16,1980,11,REG,1980_11_LA_NE,nfl-john-smith-2,John Smith,NE,LA,2,2,0,1,
1980-11-16,1980,11,REG,1980_11_NO_ATL,nfl-benny-ricardo,Benny Ricardo,NO,ATL,1,2,0,0,
1980-11-16,1980,11,REG,1980_11_NO_ATL,nfl-tim-mazzetti,Tim Mazzetti,ATL,NO,4,4,1,1,19
1980-11-16,1980,11,REG,1980_11_NYJ_DEN,nfl-fred-steinfort,Fred Steinfort,DEN,NYJ,4,4,1,1,30
1980-11-16,1980,11,REG,1980_11_NYJ_DEN,nfl-pat-leahy,Pat Leahy,NYJ,DEN,3,3,1,1,22
1980-11-16,1980,11,REG,1980_11_PHI_WAS,nfl-tony-franklin-2,Tony Franklin,PHI,WAS,3,3,1,2,38
1980-11-16,1980,11,REG,1980_11_SF_MIA,nfl-ray-wersching,Ray Wersching,SF,MIA,1,2,0,1,
1980-11-16,1980,11,REG,1980_11_SF_MIA,nfl-uwe-von-schamann,Uwe von Schamann,MIA,SF,2,2,1,1,21
1980-11-16,1980,11,REG,1980_11_STL_DAL,nfl-neil-o-donoghue,Neil O'Donoghue,STL,DAL,3,3,0,1,
1980-11-16,1980,11,REG,1980_11_STL_DAL,nfl-rafael-septien,Rafael Septien,DAL,STL,4,4,1,1,23
1980-11-16,1980,11,REG,1980_11_TB_MIN,nfl-garo-yepremian,Garo Yepremian,TB,MIN,3,4,1,1,32
1980-11-16,1980,11,REG,1980_11_TB_MIN,nfl-rick-danmeier,Rick Danmeier,MIN,TB,5,5,1,1,19
1980-11-17,1980,11,REG,1980_11_OAK_SEA,nfl-chris-bahr,Chris Bahr,OAK,SEA,2,2,1,1,28
1980-11-17,1980,11,REG,1980_11_OAK_SEA,nfl-efren-herrera,Efren Herrera,SEA,OAK,2,2,1,2,37
1980-11-20,1980,12,REG,1980_12_SD_MIA,nfl-uwe-von-schamann,Uwe von Schamann,MIA,SD,3,3,1,2,48
1980-11-23,1980,12,REG,1980_12_BAL_NE,nfl-steve-mike-mayer,Steve Mike-Mayer,BAL,NE,3,3,0,1,
1980-11-23,1980,12,REG,1980_12_CHI_ATL,nfl-bob-thomas,Bob Thomas,CHI,ATL,2,2,1,1,41
1980-11-23,1980,12,REG,1980_12_CHI_ATL,nfl-tim-mazzetti,Tim Mazzetti,ATL,CHI,4,4,0,0,
1980-11-23,1980,12,REG,1980_12_CIN_CLE,nfl-don-cockroft,Don Cockroft,CLE,CIN,4,4,1,2,31
1980-11-23,1980,12,REG,1980_12_CIN_CLE,nfl-sandro-vitiello,Sandro Vitiello,CIN,CLE,1,1,0,2,
1980-11-23,1980,12,REG,1980_12_DET_TB,nfl-eddie-murray,Eddie Murray,DET,TB,3,3,1,2,33
1980-11-23,1980,12,REG,1980_12_DET_TB,nfl-garo-yepremian,Garo Yepremian,TB,DET,1,1,1,1,24
1980-11-23,1980,12,REG,1980_12_HOU_NYJ,nfl-pat-leahy,Pat Leahy,NYJ,HOU,4,4,1,2,38
1980-11-23,1980,12,REG,1980_12_HOU_NYJ,nfl-toni-fritsch,Toni Fritsch,HOU,NYJ,0,0,0,1,
1980-11-23,1980,12,REG,1980_12_KC_STL,nfl-nick-lowery,Nick Lowery,KC,STL,3,3,0,0,
1980-11-23,1980,12,REG,1980_12_NYG_SF,nfl-joe-danelo,Joe Danelo,NYG,SF,0,0,0,1,
1980-11-23,1980,12,REG,1980_12_NYG_SF,nfl-ray-wersching,Ray Wersching,SF,NYG,1,1,1,1,43
1980-11-23,1980,12,REG,1980_12_OAK_PHI,nfl-chris-bahr,Chris Bahr,OAK,PHI,1,1,0,1,
1980-11-23,1980,12,REG,1980_12_OAK_PHI,nfl-tony-franklin-2,Tony Franklin,PHI,OAK,1,1,1,1,51
1980-11-23,1980,12,REG,1980_12_PIT_BUF,nfl-nick-mike-mayer,Nick Mike-Mayer,BUF,PIT,4,4,0,0,
1980-11-23,1980,12,REG,1980_12_WAS_DAL,nfl-mark-moseley,Mark Moseley,WAS,DAL,1,1,1,1,34
1980-11-23,1980,12,REG,1980_12_WAS_DAL,nfl-rafael-septien,Rafael Septien,DAL,WAS,2,2,0,0,
1980-11-24,1980,12,REG,1980_12_LA_NO,nfl-benny-ricardo,Benny Ricardo,NO,LA,1,1,0,1,
1980-11-27,1980,13,REG,1980_13_CHI_DET,nfl-bob-thomas,Bob Thomas,CHI,DET,2,2,1,1,24
1980-11-27,1980,13,REG,1980_13_CHI_DET,nfl-eddie-murray,Eddie Murray,DET,CHI,2,2,1,3,34
1980-11-27,1980,13,REG,1980_13_SEA_DAL,nfl-efren-herrera,Efren Herrera,SEA,DAL,1,1,0,0,
1980-11-27,1980,13,REG,1980_13_SEA_DAL,nfl-rafael-septien,Rafael Septien,DAL,SEA,7,7,0,0,
1980-11-30,1980,13,REG,1980_13_BUF_BAL,nfl-nick-mike-mayer,Nick Mike-Mayer,BUF,BAL,3,3,1,3,40
1980-11-30,1980,13,REG,1980_13_BUF_BAL,nfl-steve-mike-mayer,Steve Mike-Mayer,BAL,BUF,4,4,0,0,
1980-11-30,1980,13,REG,1980_13_CIN_KC,nfl-jim-breech,Jim Breech,CIN,KC,2,3,0,1,
1980-11-30,1980,13,REG,1980_13_CLE_HOU,nfl-don-cockroft,Don Cockroft,CLE,HOU,2,2,1,2,25
1980-11-30,1980,13,REG,1980_13_CLE_HOU,nfl-toni-fritsch,Toni Fritsch,HOU,CLE,2,2,0,1,
1980-11-30,1980,13,REG,1980_13_MIA_PIT,nfl-uwe-von-schamann,Uwe von Schamann,MIA,PIT,1,1,1,1,42
1980-11-30,1980,13,REG,1980_13_MIN_NO,nfl-benny-ricardo,Benny Ricardo,NO,MIN,2,3,0,1,
1980-11-30,1980,13,REG,1980_13_MIN_NO,nfl-rick-danmeier,Rick Danmeier,MIN,NO,2,3,1,1,28
1980-11-30,1980,13,REG,1980_13_NE_SF,nfl-john-smith-2,John Smith,NE,SF,2,2,1,2,42
1980-11-30,1980,13,REG,1980_13_NE_SF,nfl-ray-wersching,Ray Wersching,SF,NE,3,3,0,0,
1980-11-30,1980,13,REG,1980_13_NYJ_LA,nfl-frank-corral,Frank Corral,LA,NYJ,5,5,1,3,25
1980-11-30,1980,13,REG,1980_13_PHI_SD,nfl-tony-franklin-2,Tony Franklin,PHI,SD,3,3,0,3,
1980-11-30,1980,13,REG,1980_13_STL_NYG,nfl-joe-danelo,Joe Danelo,NYG,STL,1,1,0,0,
1980-11-30,1980,13,REG,1980_13_TB_GB,nfl-jan-stenerud,Jan Stenerud,GB,TB,2,2,1,2,40
1980-11-30,1980,13,REG,1980_13_WAS_ATL,nfl-tim-mazzetti,Tim Mazzetti,ATL,WAS,1,1,1,2,23
1980-12-01,1980,13,REG,1980_13_DEN_OAK,nfl-chris-bahr,Chris Bahr,OAK,DEN,0,1,1,5,44
1980-12-01,1980,13,REG,1980_13_DEN_OAK,nfl-fred-steinfort,Fred Steinfort,DEN,OAK,0,0,1,1,41
1980-12-04,1980,14,REG,1980_14_PIT_HOU,nfl-matt-bahr,Matt Bahr,PIT,HOU,0,0,0,1,
1980-12-07,1980,14,REG,1980_14_ATL_PHI,nfl-tony-franklin-2,Tony Franklin,PHI,ATL,2,2,1,1,40
1980-12-07,1980,14,REG,1980_14_DEN_KC,nfl-fred-steinfort,Fred Steinfort,DEN,KC,2,2,0,2,
1980-12-07,1980,14,REG,1980_14_DEN_KC,nfl-nick-lowery,Nick Lowery,KC,DEN,4,4,1,1,20
1980-12-07,1980,14,REG,1980_14_DET_STL,nfl-neil-o-donoghue,Neil O'Donoghue,STL,DET,3,3,1,1,25
1980-12-07,1980,14,REG,1980_14_GB_CHI,nfl-bob-thomas,Bob Thomas,CHI,GB,7,9,0,0,
1980-12-07,1980,14,REG,1980_14_GB_CHI,nfl-jan-stenerud,Jan Stenerud,GB,CHI,1,1,0,1,
1980-12-07,1980,14,REG,1980_14_LA_BUF,nfl-frank-corral,Frank Corral,LA,BUF,0,0,0,1,
1980-12-07,1980,14,REG,1980_14_LA_BUF,nfl-nick-mike-mayer,Nick Mike-Mayer,BUF,LA,1,1,1,3,30
1980-12-07,1980,14,REG,1980_14_MIN_TB,nfl-garo-yepremian,Garo Yepremian,TB,MIN,1,1,1,1,27
1980-12-07,1980,14,REG,1980_14_MIN_TB,nfl-rick-danmeier,Rick Danmeier,MIN,TB,3,3,0,2,
1980-12-07,1980,14,REG,1980_14_NO_SF,nfl-benny-ricardo,Benny Ricardo,NO,SF,5,5,0,0,
1980-12-07,1980,14,REG,1980_14_NO_SF,nfl-ray-wersching,Ray Wersching,SF,NO,5,5,1,1,36
1980-12-07,1980,14,REG,1980_14_NYG_SEA,nfl-efren-herrera,Efren Herrera,SEA,NYG,3,3,0,2,
1980-12-07,1980,14,REG,1980_14_NYJ_CLE,nfl-don-cockroft,Don Cockroft,CLE,NYJ,2,2,1,2,34
1980-12-07,1980,14,REG,1980_14_NYJ_CLE,nfl-pat-leahy,Pat Leahy,NYJ,CLE,2,2,0,1,
1980-12-07,1980,14,REG,1980_14_SD_WAS,nfl-rolf-benirschke,Rolf Benirschke,SD,WAS,2,2,1,1,26
1980-12-13,1980,15,REG,1980_15_NYG_WAS,nfl-mark-moseley,Mark Moseley,WAS,NYG,1,2,1,2,40
1980-12-13,1980,15,REG,1980_15_SEA_SD,nfl-efren-herrera,Efren Herrera,SEA,SD,2,2,0,1,
1980-12-13,1980,15,REG,1980_15_SEA_SD,nfl-rolf-benirschke,Rolf Benirschke,SD,SEA,3,3,0,1,
1980-12-14,1980,15,REG,1980_15_BUF_NE,nfl-john-smith-2,John Smith,NE,BUF,3,3,1,2,27
1980-12-14,1980,15,REG,1980_15_CIN_CHI,nfl-bob-thomas,Bob Thomas,CHI,CIN,2,2,0,0,
1980-12-14,1980,15,REG,1980_15_CIN_CHI,nfl-jim-breech,Jim Breech,CIN,CHI,2,2,1,2,28
1980-12-14,1980,15,REG,1980_15_CLE_MIN,nfl-don-cockroft,Don Cockroft,CLE,MIN,2,3,1,1,32
1980-12-14,1980,15,REG,1980_15_CLE_MIN,nfl-rick-danmeier,Rick Danmeier,MIN,CLE,1,4,1,3,24
1980-12-14,1980,15,REG,1980_15_GB_GB,nfl-chester-marcol,Chester Marcol,GB,GB,1,3,1,1,27
1980-12-14,1980,15,REG,1980_15_HOU_GB,nfl-jan-stenerud,Jan Stenerud,GB,HOU,0,0,1,1,28
1980-12-14,1980,15,REG,1980_15_KC_PIT,nfl-matt-bahr,Matt Bahr,PIT,KC,3,3,0,0,
1980-12-14,1980,15,REG,1980_15_MIA_BAL,nfl-steve-mike-mayer,Steve Mike-Mayer,BAL,MIA,2,2,0,1,
1980-12-14,1980,15,REG,1980_15_MIA_BAL,nfl-uwe-von-schamann,Uwe von Schamann,MIA,BAL,3,3,1,1,34
1980-12-14,1980,15,REG,1980_15_NO_NYJ,nfl-benny-ricardo,Benny Ricardo,NO,NYJ,3,3,0,1,
1980-12-14,1980,15,REG,1980_15_OAK_DEN,nfl-chris-bahr,Chris Bahr,OAK,DEN,3,3,1,2,44
1980-12-14,1980,15,REG,1980_15_OAK_DEN,nfl-fred-steinfort,Fred Steinfort,DEN,OAK,3,3,0,2,
1980-12-14,1980,15,REG,1980_15_SF_ATL,nfl-ray-wersching,Ray Wersching,SF,ATL,1,1,1,1,41
1980-12-14,1980,15,REG,1980_15_SF_ATL,nfl-tim-mazzetti,Tim Mazzetti,ATL,SF,5,5,0,1,
1980-12-14,1980,15,REG,1980_15_STL_PHI,nfl-neil-o-donoghue,Neil O'Donoghue,STL,PHI,0,0,1,1,25
1980-12-14,1980,15,REG,1980_15_STL_PHI,nfl-tony-franklin-2,Tony Franklin,PHI,STL,2,2,1,3,19
1980-12-14,1980,15,REG,1980_15_TB_DET,nfl-garo-yepremian,Garo Yepremian,TB,DET,2,2,0,1,
1980-12-15,1980,15,REG,1980_15_DAL_LA,nfl-frank-corral,Frank Corral,LA,DAL,5,5,1,2,27
1980-12-15,1980,15,REG,1980_15_DAL_LA,nfl-rafael-septien,Rafael Septien,DAL,LA,2,2,0,1,
1980-12-20,1980,16,REG,1980_16_CHI_TB,nfl-bob-thomas,Bob Thomas,CHI,TB,2,2,0,0,
1980-12-20,1980,16,REG,1980_16_NYJ_MIA,nfl-pat-leahy,Pat Leahy,NYJ,MIA,3,3,1,1,34
1980-12-20,1980,16,REG,1980_16_NYJ_MIA,nfl-uwe-von-schamann,Uwe von Schamann,MIA,NYJ,2,2,1,3,21
1980-12-21,1980,16,REG,1980_16_ATL_LA,nfl-tim-mazzetti,Tim Mazzetti,ATL,LA,2,2,1,2,18
1980-12-21,1980,16,REG,1980_16_BUF_SF,nfl-nick-mike-mayer,Nick Mike-Mayer,BUF,SF,1,2,1,1,25
1980-12-21,1980,16,REG,1980_16_BUF_SF,nfl-ray-wersching,Ray Wersching,SF,BUF,1,2,0,0,
1980-12-21,1980,16,REG,1980_16_CLE_CIN,nfl-jim-breech,Jim Breech,CIN,CLE,3,3,1,2,42
1980-12-21,1980,16,REG,1980_16_DEN_SEA,nfl-efren-herrera,Efren Herrera,SEA,DEN,2,2,1,2,47
1980-12-21,1980,16,REG,1980_16_GB_DET,nfl-eddie-murray,Eddie Murray,DET,GB,3,3,1,1,41
1980-12-21,1980,16,REG,1980_16_GB_DET,nfl-jan-stenerud,Jan Stenerud,GB,DET,0,0,1,1,33
1980-12-21,1980,16,REG,1980_16_KC_BAL,nfl-nick-lowery,Nick Lowery,KC,BAL,5,5,1,2,39
1980-12-21,1980,16,REG,1980_16_KC_BAL,nfl-steve-mike-mayer,Steve Mike-Mayer,BAL,KC,4,4,0,1,
1980-12-21,1980,16,REG,1980_16_MIN_HOU,nfl-rick-danmeier,Rick Danmeier,MIN,HOU,1,2,1,1,38
1980-12-21,1980,16,REG,1980_16_NE_NO,nfl-john-smith-2,John Smith,NE,NO,5,5,1,1,22
1980-12-21,1980,16,REG,1980_16_OAK_NYG,nfl-joe-danelo,Joe Danelo,NYG,OAK,2,2,1,1,47
1980-12-21,1980,16,REG,1980_16_PHI_DAL,nfl-rafael-septien,Rafael Septien,DAL,PHI,5,5,0,0,
1980-12-21,1980,16,REG,1980_16_WAS_STL,nfl-mark-moseley,Mark Moseley,WAS,STL,4,4,1,3,34
1980-12-21,1980,16,REG,1980_16_WAS_STL,nfl-neil-o-donoghue,Neil O'Donoghue,STL,WAS,1,1,0,0,
1980-12-22,1980,16,REG,1980_16_PIT_SD,nfl-matt-bahr,Matt Bahr,PIT,SD,2,2,1,2,32
1981-09-05,1981,1,REG,1981_01_MIN_TB,nfl-garo-yepremian,Garo Yepremian,TB,MIN,3,3,0,1,
1981-09-06,1981,1,REG,1981_01_BAL_NE,nfl-john-smith-2,John Smith,NE,BAL,4,4,0,2,
1981-09-06,1981,1,REG,1981_01_DAL_WAS,nfl-mark-moseley,Mark Moseley,WAS,DAL,1,1,1,2,42
1981-09-06,1981,1,REG,1981_01_GB_CHI,nfl-bob-thomas,Bob Thomas,CHI,GB,0,1,1,1,25
1981-09-06,1981,1,REG,1981_01_GB_CHI,nfl-jan-stenerud,Jan Stenerud,GB,CHI,0,1,1,1,33
1981-09-06,1981,1,REG,1981_01_KC_PIT,nfl-david-trout,David Trout,PIT,KC,3,5,0,0,
1981-09-06,1981,1,REG,1981_01_MIA_STL,nfl-neil-o-donoghue,Neil O'Donoghue,STL,MIA,1,1,0,0,
1981-09-06,1981,1,REG,1981_01_NO_ATL,nfl-benny-ricardo,Benny Ricardo,NO,ATL,0,0,0,1,
1981-09-06,1981,1,REG,1981_01_NO_ATL,nfl-mick-luckhurst,Mick Luckhurst,ATL,NO,3,3,0,1,
1981-09-06,1981,1,REG,1981_01_NYJ_BUF,nfl-nick-mike-mayer,Nick Mike-Mayer,BUF,NYJ,4,4,1,2,21
1981-09-06,1981,1,REG,1981_01_OAK_DEN,nfl-chris-bahr,Chris Bahr,OAK,DEN,1,1,0,1,
1981-09-06,1981,1,REG,1981_01_OAK_DEN,nfl-fred-steinfort,Fred Steinfort,DEN,OAK,0,0,1,6,29
1981-09-06,1981,1,REG,1981_01_PHI_NYG,nfl-joe-danelo,Joe Danelo,NYG,PHI,1,1,1,3,27
1981-09-06,1981,1,REG,1981_01_PHI_NYG,nfl-tony-franklin-2,Tony Franklin,PHI,NYG,3,3,1,1,47
1981-09-06,1981,1,REG,1981_01_SEA_CIN,nfl-efren-herrera,Efren Herrera,SEA,CIN,3,3,0,1,
1981-09-06,1981,1,REG,1981_01_SF_DET,nfl-eddie-murray,Eddie Murray,DET,SF,3,3,1,2,29
1981-09-06,1981,1,REG,1981_01_SF_DET,nfl-ray-wersching,Ray Wersching,SF,DET,2,2,1,2,25
1981-09-07,1981,1,REG,1981_01_SD_CLE,nfl-dave-jacobs,Dave Jacobs,CLE,SD,2,2,0,1,
1981-09-10,1981,2,REG,1981_02_PIT_MIA,nfl-david-trout,David Trout,PIT,MIA,1,1,1,2,23
1981-09-10,1981,2,REG,1981_02_PIT_MIA,nfl-uwe-von-schamann,Uwe von Schamann,MIA,PIT,3,3,1,3,32
1981-09-13,1981,2,REG,1981_02_ATL_GB,nfl-jan-stenerud,Jan Stenerud,GB,ATL,2,2,1,1,44
1981-09-13,1981,2,REG,1981_02_ATL_GB,nfl-mick-luckhurst,Mick Luckhurst,ATL,GB,4,4,1,2,32
1981-09-13,1981,2,REG,1981_02_BUF_BAL,nfl-mike-wood,Mike Wood,BAL,BUF,0,0,1,1,22
1981-09-13,1981,2,REG,1981_02_BUF_BAL,nfl-nick-mike-mayer,Nick Mike-Mayer,BUF,BAL,5,5,0,1,
1981-09-13,1981,2,REG,1981_02_CHI_SF,nfl-bob-thomas,Bob Thomas,CHI,SF,2,2,1,2,37
1981-09-13,1981,2,REG,1981_02_CHI_SF,nfl-matt-bahr,Matt Bahr,SF,CHI,4,4,0,2,
1981-09-13,1981,2,REG,1981_02_CIN_NYJ,nfl-jim-breech,Jim Breech,CIN,NYJ,4,4,1,2,44
1981-09-13,1981,2,REG,1981_02_DEN_SEA,nfl-fred-steinfort,Fred Steinfort,DEN,SEA,1,1,1,1,30
1981-09-13,1981,2,REG,1981_02_DET_SD,nfl-rolf-benirschke,Rolf Benirschke,SD,DET,4,4,0,0,
1981-09-13,1981,2,REG,1981_02_HOU_CLE,nfl-dave-jacobs,Dave Jacobs,CLE,HOU,0,0,1,4,29
1981-09-13,1981,2,REG,1981_02_LA_NO,nfl-frank-corral,Frank Corral,LA,NO,2,2,1,1,40
1981-09-13,1981,2,REG,1981_02_NE_PHI,nfl-john-smith-2,John Smith,NE,PHI,0,0,1,1,22
1981-09-13,1981,2,REG,1981_02_NYG_WAS,nfl-joe-danelo,Joe Danelo,NYG,WAS,2,2,1,1,25
1981-09-13,1981,2,REG,1981_02_NYG_WAS,nfl-mark-moseley,Mark Moseley,WAS,NYG,1,1,0,1,
1981-09-13,1981,2,REG,1981_02_STL_DAL,nfl-neil-o-donoghue,Neil O'Donoghue,STL,DAL,2,2,1,2,24
1981-09-13,1981,2,REG,1981_02_TB_KC,nfl-garo-yepremian,Garo Yepremian,TB,KC,1,1,1,1,44
1981-09-14,1981,2,REG,1981_02_OAK_MIN,nfl-chris-bahr,Chris Bahr,OAK,MIN,3,5,1,1,21
1981-09-14,1981,2,REG,1981_02_OAK_MIN,nfl-rick-danmeier,Rick Danmeier,MIN,OAK,1,1,1,1,37
1981-09-17,1981,3,REG,1981_03_PHI_BUF,nfl-nick-mike-mayer,Nick Mike-Mayer,BUF,PHI,2,2,0,1,
1981-09-20,1981,3,REG,1981_03_BAL_DEN,nfl-fred-steinfort,Fred Steinfort,DEN,BAL,4,4,0,1,
1981-09-20,1981,3,REG,1981_03_BAL_DEN,nfl-mike-wood,Mike Wood,BAL,DEN,1,1,1,1,21
1981-09-20,1981,3,REG,1981_03_CLE_CIN,nfl-jim-breech,Jim Breech,CIN,CLE,2,2,1,3,21
1981-09-20,1981,3,REG,1981_03_DET_MIN,nfl-eddie-murray,Eddie Murray,DET,MIN,3,3,1,2,25
1981-09-20,1981,3,REG,1981_03_GB_LA,nfl-frank-corral,Frank Corral,LA,GB,5,5,0,0,
1981-09-20,1981,3,REG,1981_03_MIA_HOU,nfl-toni-fritsch,Toni Fritsch,HOU,MIA,1,1,1,1,40
1981-09-20,1981,3,REG,1981_03_NO_NYG,nfl-benny-ricardo,Benny Ricardo,NO,NYG,1,1,0,0,
1981-09-20,1981,3,REG,1981_03_NYJ_PIT,nfl-david-trout,David Trout,PIT,NYJ,5,5,1,1,25
1981-09-20,1981,3,REG,1981_03_NYJ_PIT,nfl-pat-leahy,Pat Leahy,NYJ,PIT,1,1,1,2,47
1981-09-20,1981,3,REG,1981_03_SD_KC,nfl-nick-lowery,Nick Lowery,KC,SD,4,4,1,2,37
1981-09-20,1981,3,REG,1981_03_SD_KC,nfl-rolf-benirschke,Rolf Benirschke,SD,KC,6,6,0,2,
1981-09-20,1981,3,REG,1981_03_SEA_OAK,nfl-chris-bahr,Chris Bahr,OAK,SEA,2,3,0,1,
1981-09-20,1981,3,REG,1981_03_SEA_OAK,nfl-efren-herrera,Efren Herrera,SEA,OAK,1,1,1,2,26
1981-09-20,1981,3,REG,1981_03_SF_ATL,nfl-matt-bahr,Matt Bahr,SF,ATL,2,2,1,2,47
1981-09-20,1981,3,REG,1981_03_TB_CHI,nfl-garo-yepremian,Garo Yepremian,TB,CHI,2,2,1,2,32
1981-09-20,1981,3,REG,1981_03_TB_CHI,nfl-hans-nielsen,Hans Nielsen,CHI,TB,4,4,0,1,
1981-09-20,1981,3,REG,1981_03_WAS_STL,nfl-mark-moseley,Mark Moseley,WAS,STL,3,4,1,1,21
1981-09-21,1981,3,REG,1981_03_DAL_NE,nfl-john-smith-2,John Smith,NE,DAL,3,3,0,1,
1981-09-27,1981,4,REG,1981_04_ATL_CLE,nfl-dave-jacobs,Dave Jacobs,CLE,ATL,4,4,0,2,
1981-09-27,1981,4,REG,1981_04_ATL_CLE,nfl-mick-luckhurst,Mick Luckhurst,ATL,CLE,2,2,1,1,35
1981-09-27,1981,4,REG,1981_04_BUF_CIN,nfl-nick-mike-mayer,Nick Mike-Mayer,BUF,CIN,3,3,1,1,40
1981-09-27,1981,4,REG,1981_04_HOU_NYJ,nfl-pat-leahy,Pat Leahy,NYJ,HOU,4,4,1,1,41
1981-09-27,1981,4,REG,1981_04_HOU_NYJ,nfl-toni-fritsch,Toni Fritsch,HOU,NYJ,2,2,1,1,38
1981-09-27,1981,4,REG,1981_04_KC_SEA,nfl-efren-herrera,Efren Herrera,SEA,KC,2,2,0,0,
1981-09-27,1981,4,REG,1981_04_MIA_BAL,nfl-mike-wood,Mike Wood,BAL,MIA,4,4,0,0,
1981-09-27,1981,4,REG,1981_04_MIA_BAL,nfl-uwe-von-schamann,Uwe von Schamann,MIA,BAL,4,4,1,1,27
1981-09-27,1981,4,REG,1981_04_NE_PIT,nfl-david-trout,David Trout,PIT,NE,3,3,0,2,
1981-09-27,1981,4,REG,1981_04_NE_PIT,nfl-john-smith-2,John Smith,NE,PIT,3,3,0,0,
1981-09-27,1981,4,REG,1981_04_NO_SF,nfl-benny-ricardo,Benny Ricardo,NO,SF,2,2,0,0,
1981-09-27,1981,4,REG,1981_04_NO_SF,nfl-matt-bahr,Matt Bahr,SF,NO,3,3,0,0,
1981-09-27,1981,4,REG,1981_04_NYG_DAL,nfl-joe-danelo,Joe Danelo,NYG,DAL,1,1,1,3,42
1981-09-27,1981,4,REG,1981_04_OAK_DET,nfl-chris-bahr,Chris Bahr,OAK,DET,0,0,0,1,
1981-09-27,1981,4,REG,1981_04_SD_DEN,nfl-fred-steinfort,Fred Steinfort,DEN,SD,6,6,0,1,
1981-09-27,1981,4,REG,1981_04_SD_DEN,nfl-rolf-benirschke,Rolf Benirschke,SD,DEN,3,3,1,1,52
1981-09-27,1981,4,REG,1981_04_STL_TB,nfl-neil-o-donoghue,Neil O'Donoghue,STL,TB,1,1,1,2,20
1981-09-28,1981,4,REG,1981_04_LA_CHI,nfl-frank-corral,Frank Corral,LA,CHI,3,3,1,1,24
1981-09-28,1981,4,REG,1981_04_LA_CHI,nfl-hans-nielsen,Hans Nielsen,CHI,LA,1,1,0,0,
1981-10-04,1981,5,REG,1981_05_BAL_BUF,nfl-mike-wood,Mike Wood,BAL,BUF,2,2,1,1,32
1981-10-04,1981,5,REG,1981_05_CHI_MIN,nfl-hans-nielsen,Hans Nielsen,CHI,MIN,3,3,0,1,
1981-10-04,1981,5,REG,1981_05_CHI_MIN,nfl-rick-danmeier,Rick Danmeier,MIN,CHI,3,3,1,1,43
1981-10-04,1981,5,REG,1981_05_CIN_HOU,nfl-jim-breech,Jim Breech,CIN,HOU,1,1,1,3,45
1981-10-04,1981,5,REG,1981_05_CIN_HOU,nfl-toni-fritsch,Toni Fritsch,HOU,CIN,2,2,1,2,48
1981-10-04,1981,5,REG,1981_05_CLE_LA,nfl-dave-jacobs,Dave Jacobs,CLE,LA,1,2,1,2,35
1981-10-04,1981,5,REG,1981_05_DAL_STL,nfl-rafael-septien,Rafael Septien,DAL,STL,2,2,1,1,26
1981-10-04,1981,5,REG,1981_05_DEN_OAK,nfl-chris-bahr,Chris Bahr,OAK,DEN,0,0,0,1,
1981-10-04,1981,5,REG,1981_05_DEN_OAK,nfl-fred-steinfort,Fred Steinfort,DEN,OAK,2,2,1,1,31
1981-10-04,1981,5,REG,1981_05_DET_TB,nfl-bill-capece,Bill Capece,TB,DET,4,4,0,0,
1981-10-04,1981,5,REG,1981_05_DET_TB,nfl-eddie-murray,Eddie Murray,DET,TB,1,1,1,2,50
1981-10-04,1981,5,REG,1981_05_GB_NYG,nfl-joe-danelo,Joe Danelo,NYG,GB,2,2,0,0,
1981-10-04,1981,5,REG,1981_05_KC_NE,nfl-nick-lowery,Nick Lowery,KC,NE,2,2,1,2,35
1981-10-04,1981,5,REG,1981_05_NYJ_MIA,nfl-pat-leahy,Pat Leahy,NYJ,MIA,4,4,0,2,
1981-10-04,1981,5,REG,1981_05_NYJ_MIA,nfl-uwe-von-schamann,Uwe von Schamann,MIA,NYJ,4,4,0,2,
1981-10-04,1981,5,REG,1981_05_SEA_SD,nfl-efren-herrera,Efren Herrera,SEA,SD,1,1,1,2,20
1981-10-04,1981,5,REG,1981_05_SEA_SD,nfl-rolf-benirschke,Rolf Benirschke,SD,SEA,3,3,1,1,47
1981-10-04,1981,5,REG,1981_05_SF_WAS,nfl-mark-moseley,Mark Moseley,WAS,SF,2,2,1,1,34
1981-10-04,1981,5,REG,1981_05_SF_WAS,nfl-matt-bahr,Matt Bahr,SF,WAS,3,3,1,2,43
1981-10-11,1981,6,REG,1981_06_CIN_BAL,nfl-mike-wood,Mike Wood,BAL,CIN,2,2,1,2,19
1981-10-11,1981,6,REG,1981_06_DAL_SF,nfl-rafael-septien,Rafael Septien,DAL,SF,2,2,0,0,
1981-10-11,1981,6,REG,1981_06_DAL_SF,nfl-ray-wersching,Ray Wersching,SF,DAL,6,6,1,2,18
1981-10-11,1981,6,REG,1981_06_DET_DEN,nfl-eddie-murray,Eddie Murray,DET,DEN,3,3,0,0,
1981-10-11,1981,6,REG,1981_06_LA_ATL,nfl-mick-luckhurst,Mick Luckhurst,ATL,LA,5,5,0,0,
1981-10-11,1981,6,REG,1981_06_MIN_SD,nfl-rolf-benirschke,Rolf Benirschke,SD,MIN,4,4,1,2,39
1981-10-11,1981,6,REG,1981_06_NE_NYJ,nfl-john-smith-2,John Smith,NE,NYJ,3,3,1,1,22
1981-10-11,1981,6,REG,1981_06_NE_NYJ,nfl-pat-leahy,Pat Leahy,NYJ,NE,4,4,0,2,
1981-10-11,1981,6,REG,1981_06_PHI_NO,nfl-benny-ricardo,Benny Ricardo,NO,PHI,2,2,0,0,
1981-10-11,1981,6,REG,1981_06_PHI_NO,nfl-tony-franklin-2,Tony Franklin,PHI,NO,3,3,1,3,22
1981-10-11,1981,6,REG,1981_06_SEA_HOU,nfl-efren-herrera,Efren Herrera,SEA,HOU,2,2,1,2,41
1981-10-11,1981,6,REG,1981_06_SEA_HOU,nfl-toni-fritsch,Toni Fritsch,HOU,SEA,5,5,0,0,
1981-10-11,1981,6,REG,1981_06_SF_PIT,nfl-matt-bahr,Matt Bahr,SF,PIT,1,1,0,1,
1981-10-11,1981,6,REG,1981_06_STL_NYG,nfl-neil-o-donoghue,Neil O'Donoghue,STL,NYG,2,2,0,1,
1981-10-11,1981,6,REG,1981_06_TB_GB,nfl-bill-capece,Bill Capece,TB,GB,3,3,0,1,
1981-10-11,1981,6,REG,1981_06_TB_GB,nfl-jan-stenerud,Jan Stenerud,GB,TB,1,1,1,1,34
1981-10-11,1981,6,REG,1981_06_WAS_CHI,nfl-john-roveto,John Roveto,CHI,WAS,1,1,0,0,
1981-10-11,1981,6,REG,1981_06_WAS_CHI,nfl-mark-moseley,Mark Moseley,WAS,CHI,3,3,1,2,38
1981-10-12,1981,6,REG,1981_06_MIA_BUF,nfl-nick-mike-mayer,Nick Mike-Mayer,BUF,MIA,4,4,1,1,37
1981-10-12,1981,6,REG,1981_06_MIA_BUF,nfl-uwe-von-schamann,Uwe von Schamann,MIA,BUF,3,3,0,0,
1981-10-18,1981,7,REG,1981_07_BUF_NYJ,nfl-nick-mike-mayer,Nick Mike-Mayer,BUF,NYJ,2,2,0,1,
1981-10-18,1981,7,REG,1981_07_DEN_KC,nfl-fred-steinfort,Fred Steinfort,DEN,KC,2,2,0,2,
1981-10-18,1981,7,REG,1981_07_DEN_KC,nfl-nick-lowery,Nick Lowery,KC,DEN,4,4,0,1,
1981-10-18,1981,7,REG,1981_07_HOU_NE,nfl-john-smith-2,John Smith,NE,HOU,5,5,1,2,21
1981-10-18,1981,7,REG,1981_07_HOU_NE,nfl-toni-fritsch,Toni Fritsch,HOU,NE,1,1,1,1,42
1981-10-18,1981,7,REG,1981_07_LA_DAL,nfl-frank-corral,Frank Corral,LA,DAL,2,2,1,1,40
1981-10-18,1981,7,REG,1981_07_NO_CLE,nfl-benny-ricardo,Benny Ricardo,NO,CLE,2,2,1,4,21
1981-10-18,1981,7,REG,1981_07_PHI_MIN,nfl-rick-danmeier,Rick Danmeier,MIN,PHI,5,5,0,0,
1981-10-18,1981,7,REG,1981_07_PHI_MIN,nfl-tony-franklin-2,Tony Franklin,PHI,MIN,2,3,1,1,30
1981-10-18,1981,7,REG,1981_07_PIT_CIN,nfl-david-trout,David Trout,PIT,CIN,1,1,0,0,
1981-10-18,1981,7,REG,1981_07_SD_BAL,nfl-mike-wood,Mike Wood,BAL,SD,2,2,0,0,
1981-10-18,1981,7,REG,1981_07_SD_BAL,nfl-rolf-benirschke,Rolf Benirschke,SD,BAL,4,6,1,1,30
1981-10-18,1981,7,REG,1981_07_SF_GB,nfl-jan-stenerud,Jan Stenerud,GB,SF,0,0,1,2,26
1981-10-18,1981,7,REG,1981_07_TB_OAK,nfl-bill-capece,Bill Capece,TB,OAK,1,2,1,2,26
1981-10-18,1981,7,REG,1981_07_WAS_MIA,nfl-mark-moseley,Mark Moseley,WAS,MIA,1,1,1,1,20
1981-10-19,1981,7,REG,1981_07_CHI_DET,nfl-john-roveto,John Roveto,CHI,DET,2,2,1,1,22
1981-10-25,1981,8,REG,1981_08_BAL_CLE,nfl-mike-wood,Mike Wood,BAL,CLE,4,4,0,3,
1981-10-25,1981,8,REG,1981_08_BAL_SF,nfl-matt-bahr,Matt Bahr,SF,BAL,6,6,0,0,
1981-10-25,1981,8,REG,1981_08_CIN_NO,nfl-benny-ricardo,Benny Ricardo,NO,CIN,2,2,1,2,38
1981-10-25,1981,8,REG,1981_08_CIN_NO,nfl-jim-breech,Jim Breech,CIN,NO,1,1,0,0,
1981-10-25,1981,8,REG,1981_08_DEN_BUF,nfl-fred-steinfort,Fred Steinfort,DEN,BUF,1,1,0,1,
1981-10-25,1981,8,REG,1981_08_GB_DET,nfl-eddie-murray,Eddie Murray,DET,GB,4,4,1,3,37
1981-10-25,1981,8,REG,1981_08_KC_OAK,nfl-chris-bahr,Chris Bahr,OAK,KC,2,2,1,2,51
1981-10-25,1981,8,REG,1981_08_KC_OAK,nfl-nick-lowery,Nick Lowery,KC,OAK,4,4,0,1,
1981-10-25,1981,8,REG,1981_08_LA_SF,nfl-frank-corral,Frank Corral,LA,SF,2,2,1,5,25
1981-10-25,1981,8,REG,1981_08_MIA_DAL,nfl-rafael-septien,Rafael Septien,DAL,MIA,4,4,0,1,
1981-10-25,1981,8,REG,1981_08_MIA_DAL,nfl-uwe-von-schamann,Uwe von Schamann,MIA,DAL,3,4,0,0,
1981-10-25,1981,8,REG,1981_08_MIN_STL,nfl-rick-danmeier,Rick Danmeier,MIN,STL,2,2,1,1,36
1981-10-25,1981,8,REG,1981_08_NE_WAS,nfl-mark-moseley,Mark Moseley,WAS,NE,3,3,1,2,34
1981-10-25,1981,8,REG,1981_08_NYG_ATL,nfl-mick-luckhurst,Mick Luckhurst,ATL,NYG,3,3,1,2,29
1981-10-25,1981,8,REG,1981_08_SD_CHI,nfl-rolf-benirschke,Rolf Benirschke,SD,CHI,2,2,1,2,18
1981-10-25,1981,8,REG,1981_08_SEA_NYJ,nfl-efren-herrera,Efren Herrera,SEA,NYJ,1,3,0,0,
1981-10-25,1981,8,REG,1981_08_SEA_NYJ,nfl-pat-leahy,Pat Leahy,NYJ,SEA,0,0,1,1,34
1981-10-25,1981,8,REG,1981_08_TB_PHI,nfl-bill-capece,Bill Capece,TB,PHI,1,1,1,4,29
1981-11-01,1981,9,REG,1981_09_ATL_NO,nfl-benny-ricardo,Benny Ricardo,NO,ATL,1,1,1,2,28
1981-11-01,1981,9,REG,1981_09_BAL_MIA,nfl-mike-wood,Mike Wood,BAL,MIA,1,1,1,1,44
1981-11-01,1981,9,REG,1981_09_CHI_TB,nfl-john-roveto,John Roveto,CHI,TB,1,1,1,1,40
1981-11-01,1981,9,REG,1981_09_CLE_BUF,nfl-nick-mike-mayer,Nick Mike-Mayer,BUF,CLE,2,2,0,0,
1981-11-01,1981,9,REG,1981_09_DAL_PHI,nfl-rafael-septien,Rafael Septien,DAL,PHI,2,2,1,1,31
1981-11-01,1981,9,REG,1981_09_DAL_PHI,nfl-tony-franklin-2,Tony Franklin,PHI,DAL,2,2,0,1,
1981-11-01,1981,9,REG,1981_09_HOU_CIN,nfl-toni-fritsch,Toni Fritsch,HOU,CIN,3,3,0,1,
1981-11-01,1981,9,REG,1981_09_NE_OAK,nfl-john-smith-2,John Smith,NE,OAK,2,2,1,1,38
1981-11-01,1981,9,REG,1981_09_NYJ_NYG,nfl-joe-danelo,Joe Danelo,NYG,NYJ,1,1,0,0,
1981-11-01,1981,9,REG,1981_09_SEA_GB,nfl-efren-herrera,Efren Herrera,SEA,GB,3,3,1,1,54
1981-11-01,1981,9,REG,1981_09_SF_PIT,nfl-david-trout,David Trout,PIT,SF,2,2,0,0,
1981-11-01,1981,9,REG,1981_09_SF_PIT,nfl-ray-wersching,Ray Wersching,SF,PIT,2,2,1,2,45
1981-11-01,1981,9,REG,1981_09_STL_WAS,nfl-mark-moseley,Mark Moseley,WAS,STL,6,6,0,1,
1981-11-01,1981,9,REG,1981_09_STL_WAS,nfl-neil-o-donoghue,Neil O'Donoghue,STL,WAS,3,3,0,2,
1981-11-02,1981,9,REG,1981_09_MIN_DEN,nfl-rick-danmeier,Rick Danmeier,MIN,DEN,2,2,1,2,32
1981-11-08,1981,10,REG,1981_10_ATL_SF,nfl-mick-luckhurst,Mick Luckhurst,ATL,SF,2,2,0,1,
1981-11-08,1981,10,REG,1981_10_ATL_SF,nfl-ray-wersching,Ray Wersching,SF,ATL,2,2,1,1,48
1981-11-08,1981,10,REG,1981_10_CIN_SD,nfl-rolf-benirschke,Rolf Benirschke,SD,CIN,2,2,1,2,47
1981-11-08,1981,10,REG,1981_10_DET_WAS,nfl-eddie-murray,Eddie Murray,DET,WAS,4,4,1,1,50
1981-11-08,1981,10,REG,1981_10_NO_LA,nfl-benny-ricardo,Benny Ricardo,NO,LA,3,3,0,2,
1981-11-08,1981,10,REG,1981_10_NYG_GB,nfl-joe-danelo,Joe Danelo,NYG,GB,3,3,1,1,33
1981-11-08,1981,10,REG,1981_10_NYJ_BAL,nfl-mike-wood,Mike Wood,BAL,NYJ,2,2,0,1,
1981-11-08,1981,10,REG,1981_10_OAK_HOU,nfl-toni-fritsch,Toni Fritsch,HOU,OAK,2,2,1,2,23
1981-11-08,1981,10,REG,1981_10_PHI_STL,nfl-neil-o-donoghue,Neil O'Donoghue,STL,PHI,1,1,1,2,21
1981-11-08,1981,10,REG,1981_10_PHI_STL,nfl-tony-franklin-2,Tony Franklin,PHI,STL,7,7,1,1,32
1981-11-08,1981,10,REG,1981_10_PIT_SEA,nfl-david-trout,David Trout,PIT,SEA,3,3,0,2,
1981-11-08,1981,10,REG,1981_10_PIT_SEA,nfl-efren-herrera,Efren Herrera,SEA,PIT,3,3,1,2,37
1981-11-08,1981,10,REG,1981_10_TB_MIN,nfl-bill-capece,Bill Capece,TB,MIN,1,1,1,2,27
1981-11-09,1981,10,REG,1981_10_BUF_DAL,nfl-nick-mike-mayer,Nick Mike-Mayer,BUF,DAL,2,2,0,0,
1981-11-15,1981,11,REG,1981_11_BAL_PHI,nfl-mike-wood,Mike Wood,BAL,PHI,1,2,0,0,
1981-11-15,1981,11,REG,1981_11_BAL_PHI,nfl-tony-franklin-2,Tony Franklin,PHI,BAL,5,5,1,3,32
1981-11-15,1981,11,REG,1981_11_BUF_STL,nfl-neil-o-donoghue,Neil O'Donoghue,STL,BUF,3,3,1,2,35
1981-11-15,1981,11,REG,1981_11_CHI_GB,nfl-jan-stenerud,Jan Stenerud,GB,CHI,3,3,0,0,
1981-11-15,1981,11,REG,1981_11_CHI_GB,nfl-john-roveto,John Roveto,CHI,GB,2,2,1,1,36
1981-11-15,1981,11,REG,1981_11_DAL_DET,nfl-rafael-septien,Rafael Septien,DAL,DET,3,3,1,1,43
1981-11-15,1981,11,REG,1981_11_DEN_TB,nfl-bill-capece,Bill Capece,TB,DEN,1,1,0,0,
1981-11-15,1981,11,REG,1981_11_DEN_TB,nfl-fred-steinfort,Fred Steinfort,DEN,TB,3,3,1,1,31
1981-11-15,1981,11,REG,1981_11_HOU_KC,nfl-toni-fritsch,Toni Fritsch,HOU,KC,1,1,1,1,21
1981-11-15,1981,11,REG,1981_11_LA_CIN,nfl-frank-corral,Frank Corral,LA,CIN,1,1,1,1,22
1981-11-15,1981,11,REG,1981_11_LA_CIN,nfl-jim-breech,Jim Breech,CIN,LA,3,3,1,1,37
1981-11-15,1981,11,REG,1981_11_NO_MIN,nfl-benny-ricardo,Benny Ricardo,NO,MIN,1,1,1,1,24
1981-11-15,1981,11,REG,1981_11_NYJ_NE,nfl-pat-leahy,Pat Leahy,NYJ,NE,2,2,1,2,47
1981-11-15,1981,11,REG,1981_11_OAK_MIA,nfl-chris-bahr,Chris Bahr,OAK,MIA,4,4,1,1,32
1981-11-15,1981,11,REG,1981_11_OAK_MIA,nfl-uwe-von-schamann,Uwe von Schamann,MIA,OAK,2,2,1,2,36
1981-11-15,1981,11,REG,1981_11_PIT_ATL,nfl-david-trout,David Trout,PIT,ATL,4,5,0,0,
1981-11-15,1981,11,REG,1981_11_WAS_NYG,nfl-joe-danelo,Joe Danelo,NYG,WAS,3,3,0,0,
1981-11-16,1981,11,REG,1981_11_SD_SEA,nfl-rolf-benirschke,Rolf Benirschke,SD,SEA,2,3,1,1,32
1981-11-22,1981,12,REG,1981_12_DEN_CIN,nfl-fred-steinfort,Fred Steinfort,DEN,CIN,3,3,0,0,
1981-11-22,1981,12,REG,1981_12_DEN_CIN,nfl-jim-breech,Jim Breech,CIN,DEN,5,5,1,3,38
1981-11-22,1981,12,REG,1981_12_DET_CHI,nfl-john-roveto,John Roveto,CHI,DET,1,1,0,0,
1981-11-22,1981,12,REG,1981_12_GB_TB,nfl-jan-stenerud,Jan Stenerud,GB,TB,0,0,1,1,53
1981-11-22,1981,12,REG,1981_12_NE_BUF,nfl-john-smith-2,John Smith,NE,BUF,2,2,1,2,43
1981-11-22,1981,12,REG,1981_12_NO_HOU,nfl-toni-fritsch,Toni Fritsch,HOU,NO,3,3,1,1,49
1981-11-22,1981,12,REG,1981_12_NYG_PHI,nfl-tony-franklin-2,Tony Franklin,PHI,NYG,1,1,1,3,27
1981-11-22,1981,12,REG,1981_12_PIT_CLE,nfl-david-trout,David Trout,PIT,CLE,2,5,0,0,
1981-11-22,1981,12,REG,1981_12_PIT_SF,nfl-matt-bahr,Matt Bahr,SF,PIT,1,1,1,3,33
1981-11-22,1981,12,REG,1981_12_SD_OAK,nfl-chris-bahr,Chris Bahr,OAK,SD,3,3,0,0,
1981-11-22,1981,12,REG,1981_12_SD_OAK,nfl-rolf-benirschke,Rolf Benirschke,SD,OAK,7,8,0,0,
1981-11-22,1981,12,REG,1981_12_SF_LA,nfl-frank-corral,Frank Corral,LA,SF,4,4,1,1,44
1981-11-22,1981,12,REG,1981_12_STL_BAL,nfl-mike-wood,Mike Wood,BAL,STL,3,3,1,2,40
1981-11-22,1981,12,REG,1981_12_STL_BAL,nfl-neil-o-donoghue,Neil O'Donoghue,STL,BAL,5,5,0,2,
1981-11-22,1981,12,REG,1981_12_WAS_DAL,nfl-mark-moseley,Mark Moseley,WAS,DAL,1,1,1,3,26
1981-11-22,1981,12,REG,1981_12_WAS_DAL,nfl-rafael-septien,Rafael Septien,DAL,WAS,3,3,1,2,25
1981-11-23,1981,12,REG,1981_12_MIN_ATL,nfl-mick-luckhurst,Mick Luckhurst,ATL,MIN,4,4,1,1,32
1981-11-23,1981,12,REG,1981_12_MIN_ATL,nfl-rick-danmeier,Rick Danmeier,MIN,ATL,4,4,0,1,
1981-11-26,1981,13,REG,1981_13_CHI_DAL,nfl-john-roveto,John Roveto,CHI,DAL,0,1,1,3,43
1981-11-26,1981,13,REG,1981_13_CHI_DAL,nfl-rafael-septien,Rafael Septien,DAL,CHI,1,1,1,3,41
1981-11-26,1981,13,REG,1981_13_KC_DET,nfl-nick-lowery,Nick Lowery,KC,DET,1,1,1,1,33
1981-11-29,1981,13,REG,1981_13_ATL_HOU,nfl-mick-luckhurst,Mick Luckhurst,ATL,HOU,4,4,1,3,36
1981-11-29,1981,13,REG,1981_13_ATL_HOU,nfl-toni-fritsch,Toni Fritsch,HOU,ATL,3,4,0,0,
1981-11-29,1981,13,REG,1981_13_CIN_CLE,nfl-jim-breech,Jim Breech,CIN,CLE,5,6,0,0,
1981-11-29,1981,13,REG,1981_13_CIN_SF,nfl-matt-bahr,Matt Bahr,SF,CIN,3,3,0,0,
1981-11-29,1981,13,REG,1981_13_DEN_SD,nfl-fred-steinfort,Fred Steinfort,DEN,SD,2,2,1,1,21
1981-11-29,1981,13,REG,1981_13_DEN_SD,nfl-rolf-benirschke,Rolf Benirschke,SD,DEN,4,5,0,2,
1981-11-29,1981,13,REG,1981_13_GB_MIN,nfl-jan-stenerud,Jan Stenerud,GB,MIN,5,5,0,0,
1981-11-29,1981,13,REG,1981_13_GB_MIN,nfl-rick-danmeier,Rick Danmeier,MIN,GB,2,3,1,1,22
1981-11-29,1981,13,REG,1981_13_LA_PIT,nfl-david-trout,David Trout,PIT,LA,3,3,1,1,21
1981-11-29,1981,13,REG,1981_13_LA_PIT,nfl-frank-corral,Frank Corral,LA,PIT,0,0,0,1,
1981-11-29,1981,13,REG,1981_13_NYG_SF,nfl-joe-danelo,Joe Danelo,NYG,SF,1,1,1,1,52
1981-11-29,1981,13,REG,1981_13_NYG_SF,nfl-ray-wersching,Ray Wersching,SF,NYG,2,2,1,3,23
1981-11-29,1981,13,REG,1981_13_OAK_SEA,nfl-chris-bahr,Chris Bahr,OAK,SEA,3,4,1,1,20
1981-11-29,1981,13,REG,1981_13_OAK_SEA,nfl-wilson-alvarez,Wilson Alvarez,SEA,OAK,4,4,1,3,22
1981-11-29,1981,13,REG,1981_13_STL_NE,nfl-john-smith-2,John Smith,NE,STL,2,3,0,1,
1981-11-29,1981,13,REG,1981_13_TB_NO,nfl-benny-ricardo,Benny Ricardo,NO,TB,2,2,0,1,
1981-11-29,1981,13,REG,1981_13_TB_NO,nfl-bill-capece,Bill Capece,TB,NO,4,4,1,1,51
1981-11-29,1981,13,REG,1981_13_WAS_BUF,nfl-mark-moseley,Mark Moseley,WAS,BUF,2,2,0,0,
1981-11-29,1981,13,REG,1981_13_WAS_BUF,nfl-nick-mike-mayer,Nick Mike-Mayer,BUF,WAS,3,3,0,1,
1981-11-30,1981,13,REG,1981_13_PHI_MIA,nfl-tony-franklin-2,Tony Franklin,PHI,MIA,1,1,1,1,42
1981-12-03,1981,14,REG,1981_14_CLE_HOU,nfl-toni-fritsch,Toni Fritsch,HOU,CLE,2,2,1,2,32
1981-12-06,1981,14,REG,1981_14_ATL_TB,nfl-bill-capece,Bill Capece,TB,ATL,3,3,1,2,42
1981-12-06,1981,14,REG,1981_14_BUF_SD,nfl-nick-mike-mayer,Nick Mike-Mayer,BUF,SD,4,4,0,1,
1981-12-06,1981,14,REG,1981_14_DAL_BAL,nfl-mike-wood,Mike Wood,BAL,DAL,1,2,0,0,
1981-12-06,1981,14,REG,1981_14_DET_GB,nfl-eddie-murray,Eddie Murray,DET,GB,2,2,1,2,38
1981-12-06,1981,14,REG,1981_14_DET_GB,nfl-jan-stenerud,Jan Stenerud,GB,DET,4,4,1,1,36
1981-12-06,1981,14,REG,1981_14_KC_DEN,nfl-fred-steinfort,Fred Steinfort,DEN,KC,1,1,1,2,23
1981-12-06,1981,14,REG,1981_14_LA_NYG,nfl-frank-corral,Frank Corral,LA,NYG,1,1,0,1,
1981-12-06,1981,14,REG,1981_14_LA_NYG,nfl-joe-danelo,Joe Danelo,NYG,LA,1,1,1,3,19
1981-12-06,1981,14,REG,1981_14_MIN_CHI,nfl-john-roveto,John Roveto,CHI,MIN,1,1,1,2,28
1981-12-06,1981,14,REG,1981_14_MIN_CHI,nfl-rick-danmeier,Rick Danmeier,MIN,CHI,1,1,0,0,
1981-12-06,1981,14,REG,1981_14_NE_MIA,nfl-john-smith-2,John Smith,NE,MIA,2,2,0,2,
1981-12-06,1981,14,REG,1981_14_NE_MIA,nfl-uwe-von-schamann,Uwe von Schamann,MIA,NE,3,3,1,2,32
1981-12-06,1981,14,REG,1981_14_NO_STL,nfl-benny-ricardo,Benny Ricardo,NO,STL,0,0,1,3,44
1981-12-06,1981,14,REG,1981_14_NYJ_SEA,nfl-pat-leahy,Pat Leahy,NYJ,SEA,2,3,1,2,26
1981-12-06,1981,14,REG,1981_14_NYJ_SEA,nfl-wilson-alvarez,Wilson Alvarez,SEA,NYJ,3,4,0,1,
1981-12-06,1981,14,REG,1981_14_PHI_WAS,nfl-mark-moseley,Mark Moseley,WAS,PHI,0,2,1,1,45
1981-12-06,1981,14,REG,1981_14_PHI_WAS,nfl-tony-franklin-2,Tony Franklin,PHI,WAS,1,2,0,0,
1981-12-06,1981,14,REG,1981_14_SF_CIN,nfl-jim-breech,Jim Breech,CIN,SF,0,0,1,1,30
1981-12-06,1981,14,REG,1981_14_SF_CIN,nfl-ray-wersching,Ray Wersching,SF,CIN,3,3,0,0,
1981-12-07,1981,14,REG,1981_14_PIT_OAK,nfl-chris-bahr,Chris Bahr,OAK,PIT,3,4,1,1,29
1981-12-07,1981,14,REG,1981_14_PIT_OAK,nfl-david-trout,David Trout,PIT,OAK,3,4,0,0,
1981-12-12,1981,15,REG,1981_15_MIN_DET,nfl-eddie-murray,Eddie Murray,DET,MIN,6,6,1,1,26
1981-12-12,1981,15,REG,1981_15_MIN_DET,nfl-rick-danmeier,Rick Danmeier,MIN,DET,1,1,0,1,
1981-12-12,1981,15,REG,1981_15_NYJ_CLE,nfl-pat-leahy,Pat Leahy,NYJ,CLE,2,2,0,0,
1981-12-13,1981,15,REG,1981_15_BAL_WAS,nfl-mark-moseley,Mark Moseley,WAS,BAL,5,5,1,1,32
1981-12-13,1981,15,REG,1981_15_BAL_WAS,nfl-mike-wood,Mike Wood,BAL,WAS,2,2,0,1,
1981-12-13,1981,15,REG,1981_15_BUF_NE,nfl-john-smith-2,John Smith,NE,BUF,1,1,1,1,42
1981-12-13,1981,15,REG,1981_15_BUF_NE,nfl-nick-mike-mayer,Nick Mike-Mayer,BUF,NE,2,2,1,1,29
1981-12-13,1981,15,REG,1981_15_CHI_OAK,nfl-chris-bahr,Chris Bahr,OAK,CHI,0,1,0,1,
1981-12-13,1981,15,REG,1981_15_CHI_OAK,nfl-john-roveto,John Roveto,CHI,OAK,3,3,0,1,
1981-12-13,1981,15,REG,1981_15_CIN_PIT,nfl-david-trout,David Trout,PIT,CIN,1,1,1,1,48
1981-12-13,1981,15,REG,1981_15_CIN_PIT,nfl-jim-breech,Jim Breech,CIN,PIT,2,2,1,2,38
1981-12-13,1981,15,REG,1981_15_GB_NO,nfl-benny-ricardo,Benny Ricardo,NO,GB,1,1,0,0,
1981-12-13,1981,15,REG,1981_15_GB_NO,nfl-jan-stenerud,Jan Stenerud,GB,NO,5,5,0,0,
1981-12-13,1981,15,REG,1981_15_HOU_SF,nfl-ray-wersching,Ray Wersching,SF,HOU,4,4,0,0,
1981-12-13,1981,15,REG,1981_15_HOU_SF,nfl-toni-fritsch,Toni Fritsch,HOU,SF,0,1,0,0,
1981-12-13,1981,15,REG,1981_15_MIA_KC,nfl-nick-lowery,Nick Lowery,KC,MIA,1,1,0,0,
1981-12-13,1981,15,REG,1981_15_MIA_KC,nfl-uwe-von-schamann,Uwe von Schamann,MIA,KC,2,2,1,1,39
1981-12-13,1981,15,REG,1981_15_NYG_STL,nfl-neil-o-donoghue,Neil O'Donoghue,STL,NYG,1,1,1,1,30
1981-12-13,1981,15,REG,1981_15_PHI_DAL,nfl-rafael-septien,Rafael Septien,DAL,PHI,3,3,0,2,
1981-12-13,1981,15,REG,1981_15_PHI_DAL,nfl-tony-franklin-2,Tony Franklin,PHI,DAL,1,1,1,2,50
1981-12-13,1981,15,REG,1981_15_SD_TB,nfl-bill-capece,Bill Capece,TB,SD,2,3,1,1,49
1981-12-13,1981,15,REG,1981_15_SD_TB,nfl-rolf-benirschke,Rolf Benirschke,SD,TB,3,3,1,1,29
1981-12-14,1981,15,REG,1981_15_ATL_LA,nfl-frank-corral,Frank Corral,LA,ATL,3,3,0,1,
1981-12-19,1981,16,REG,1981_16_DAL_NYG,nfl-rafael-septien,Rafael Septien,DAL,NYG,1,1,1,2,36
1981-12-20,1981,16,REG,1981_16_CIN_ATL,nfl-mick-luckhurst,Mick Luckhurst,ATL,CIN,4,4,0,2,
1981-12-20,1981,16,REG,1981_16_CLE_SEA,nfl-wilson-alvarez,Wilson Alvarez,SEA,CLE,6,6,0,1,
1981-12-20,1981,16,REG,1981_16_DEN_CHI,nfl-fred-steinfort,Fred Steinfort,DEN,CHI,3,3,1,1,46
1981-12-20,1981,16,REG,1981_16_DEN_CHI,nfl-john-roveto,John Roveto,CHI,DEN,5,5,0,1,
1981-12-20,1981,16,REG,1981_16_GB_NYJ,nfl-jan-stenerud,Jan Stenerud,GB,NYJ,0,0,1,1,31
1981-12-20,1981,16,REG,1981_16_GB_NYJ,nfl-pat-leahy,Pat Leahy,NYJ,GB,4,4,0,2,
1981-12-20,1981,16,REG,1981_16_KC_MIN,nfl-nick-lowery,Nick Lowery,KC,MIN,1,1,1,2,30
1981-12-20,1981,16,REG,1981_16_NE_BAL,nfl-john-smith-2,John Smith,NE,BAL,3,3,0,0,
1981-12-20,1981,16,REG,1981_16_NE_BAL,nfl-mike-wood,Mike Wood,BAL,NE,2,3,1,2,30
1981-12-20,1981,16,REG,1981_16_PIT_HOU,nfl-toni-fritsch,Toni Fritsch,HOU,PIT,3,3,0,1,
1981-12-20,1981,16,REG,1981_16_SF_NO,nfl-benny-ricardo,Benny Ricardo,NO,SF,2,2,1,1,27
1981-12-20,1981,16,REG,1981_16_SF_NO,nfl-ray-wersching,Ray Wersching,SF,NO,3,3,0,0,
1981-12-20,1981,16,REG,1981_16_SF_SEA,nfl-matt-bahr,Matt Bahr,SF,SEA,3,3,0,0,
1981-12-20,1981,16,REG,1981_16_STL_PHI,nfl-neil-o-donoghue,Neil O'Donoghue,STL,PHI,0,0,0,1,
1981-12-20,1981,16,REG,1981_16_STL_PHI,nfl-tony-franklin-2,Tony Franklin,PHI,STL,5,5,1,1,44
1981-12-20,1981,16,REG,1981_16_TB_DET,nfl-eddie-murray,Eddie Murray,DET,TB,2,2,1,2,47
1981-12-20,1981,16,REG,1981_16_WAS_LA,nfl-frank-corral,Frank Corral,LA,WAS,1,1,0,0,
1981-12-20,1981,16,REG,1981_16_WAS_LA,nfl-mark-moseley,Mark Moseley,WAS,LA,3,4,1,1,35
1981-12-21,1981,16,REG,1981_16_OAK_SD,nfl-chris-bahr,Chris Bahr,OAK,SD,1,1,1,1,34
1982-09-12,1982,1,REG,1982_01_ATL_NYG,nfl-joe-danelo,Joe Danelo,NYG,ATL,2,2,0,2,
1982-09-12,1982,1,REG,1982_01_ATL_NYG,nfl-mick-luckhurst,Mick Luckhurst,ATL,NYG,1,2,1,1,29
1982-09-12,1982,1,REG,1982_01_CHI_DET,nfl-bob-thomas,Bob Thomas,DET,CHI,2,2,1,1,38
1982-09-12,1982,1,REG,1982_01_CHI_DET,nfl-john-roveto,John Roveto,CHI,DET,1,1,1,1,42
1982-09-12,1982,1,REG,1982_01_CLE_SEA,nfl-matt-bahr,Matt Bahr,CLE,SEA,3,3,0,3,
1982-09-12,1982,1,REG,1982_01_CLE_SEA,nfl-norm-johnson,Norm Johnson,SEA,CLE,1,1,0,0,
1982-09-12,1982,1,REG,1982_01_HOU_CIN,nfl-florian-kempf,Florian Kempf,HOU,CIN,0,1,0,0,
1982-09-12,1982,1,REG,1982_01_KC_BUF,nfl-nick-mike-mayer,Nick Mike-Mayer,BUF,KC,2,2,0,2,
1982-09-12,1982,1,REG,1982_01_LA_GB,nfl-jan-stenerud,Jan Stenerud,GB,LA,5,5,0,0,
1982-09-12,1982,1,REG,1982_01_LA_SF,nfl-ray-wersching,Ray Wersching,SF,LA,2,2,1,1,22
1982-09-12,1982,1,REG,1982_01_MIA_NYJ,nfl-pat-leahy,Pat Leahy,NYJ,MIA,4,4,0,0,
1982-09-12,1982,1,REG,1982_01_MIA_NYJ,nfl-uwe-von-schamann,Uwe von Schamann,MIA,NYJ,6,6,1,1,25
1982-09-12,1982,1,REG,1982_01_NE_BAL,nfl-rex-robinson,Rex Robinson,NE,BAL,3,3,1,1,24
1982-09-12,1982,1,REG,1982_01_SD_DEN,nfl-rich-karlis,Rich Karlis,DEN,SD,0,0,1,1,40
1982-09-12,1982,1,REG,1982_01_STL_NO,nfl-neil-o-donoghue,Neil O'Donoghue,STL,NO,3,3,0,0,
1982-09-12,1982,1,REG,1982_01_TB_MIN,nfl-bill-capece,Bill Capece,TB,MIN,1,1,1,3,51
1982-09-12,1982,1,REG,1982_01_TB_MIN,nfl-rick-danmeier,Rick Danmeier,MIN,TB,2,2,1,2,33
1982-09-13,1982,1,REG,1982_01_PIT_DAL,nfl-rafael-septien,Rafael Septien,DAL,PIT,4,4,0,1,
1982-09-16,1982,2,REG,1982_02_MIN_BUF,nfl-nick-mike-mayer,Nick Mike-Mayer,BUF,MIN,2,3,1,2,21
1982-09-19,1982,2,REG,1982_02_BAL_MIA,nfl-uwe-von-schamann,Uwe von Schamann,MIA,BAL,3,3,1,1,29
1982-09-19,1982,2,REG,1982_02_DAL_STL,nfl-neil-o-donoghue,Neil O'Donoghue,STL,DAL,1,1,0,1,
1982-09-19,1982,2,REG,1982_02_DAL_STL,nfl-rafael-septien,Rafael Septien,DAL,STL,3,3,1,2,25
1982-09-19,1982,2,REG,1982_02_DET_LA,nfl-mike-lansford,Mike Lansford,LA,DET,2,2,0,1,
1982-09-19,1982,2,REG,1982_02_LA_ATL,nfl-chris-bahr,Chris Bahr,LA,ATL,5,5,1,2,35
1982-09-19,1982,2,REG,1982_02_LA_ATL,nfl-mick-luckhurst,Mick Luckhurst,ATL,LA,2,2,0,0,
1982-09-19,1982,2,REG,1982_02_NO_CHI,nfl-john-roveto,John Roveto,CHI,NO,0,0,0,1,
1982-09-19,1982,2,REG,1982_02_NO_CHI,nfl-toni-fritsch,Toni Fritsch,NO,CHI,1,1,1,1,40
1982-09-19,1982,2,REG,1982_02_NYJ_NE,nfl-pat-leahy,Pat Leahy,NYJ,NE,4,4,1,1,30
1982-09-19,1982,2,REG,1982_02_NYJ_NE,nfl-rex-robinson,Rex Robinson,NE,NYJ,1,1,0,0,
1982-09-19,1982,2,REG,1982_02_PHI_CLE,nfl-matt-bahr,Matt Bahr,CLE,PHI,3,3,0,1,
1982-09-19,1982,2,REG,1982_02_PHI_CLE,nfl-tony-franklin-2,Tony Franklin,PHI,CLE,3,3,1,1,47
1982-09-19,1982,2,REG,1982_02_SD_KC,nfl-rolf-benirschke,Rolf Benirschke,SD,KC,1,1,1,1,49
1982-09-19,1982,2,REG,1982_02_SEA_HOU,nfl-florian-kempf,Florian Kempf,HOU,SEA,2,3,1,1,24
1982-09-19,1982,2,REG,1982_02_SEA_HOU,nfl-norm-johnson,Norm Johnson,SEA,HOU,3,3,0,0,
1982-09-19,1982,2,REG,1982_02_SF_DEN,nfl-ray-wersching,Ray Wersching,SF,DEN,3,3,0,2,
1982-09-19,1982,2,REG,1982_02_SF_DEN,nfl-rich-karlis,Rich Karlis,DEN,SF,3,3,1,1,18
1982-09-19,1982,2,REG,1982_02_WAS_TB,nfl-bill-capece,Bill Capece,TB,WAS,1,1,0,0,
1982-09-20,1982,2,REG,1982_02_GB_NYG,nfl-joe-danelo,Joe Danelo,NYG,GB,2,2,1,1,37
1982-11-21,1982,3,REG,1982_03_BAL_NYJ,nfl-mike-wood,Mike Wood,BAL,NYJ,0,0,0,1,
1982-11-21,1982,3,REG,1982_03_CIN_PHI,nfl-tony-franklin-2,Tony Franklin,PHI,CIN,2,2,0,1,
1982-11-21,1982,3,REG,1982_03_DET_CHI,nfl-eddie-murray,Eddie Murray,DET,CHI,2,2,1,1,32
1982-11-21,1982,3,REG,1982_03_KC_NO,nfl-nick-lowery,Nick Lowery,KC,NO,2,2,1,2,35
1982-11-21,1982,3,REG,1982_03_LA_ATL,nfl-mike-lansford,Mike Lansford,LA,ATL,2,2,1,2,28
1982-11-21,1982,3,REG,1982_03_MIA_BUF,nfl-efren-herrera,Efren Herrera,BUF,MIA,1,1,0,0,
1982-11-21,1982,3,REG,1982_03_MIN_GB,nfl-rick-danmeier,Rick Danmeier,MIN,GB,1,1,0,0,
1982-11-21,1982,3,REG,1982_03_NE_CLE,nfl-matt-bahr,Matt Bahr,CLE,NE,1,1,1,1,24
1982-11-21,1982,3,REG,1982_03_NE_CLE,nfl-rex-robinson,Rex Robinson,NE,CLE,1,1,0,1,
1982-11-21,1982,3,REG,1982_03_PIT_HOU,nfl-florian-kempf,Florian Kempf,HOU,PIT,1,1,1,1,31
1982-11-21,1982,3,REG,1982_03_PIT_HOU,nfl-gary-anderson,Gary Anderson,PIT,HOU,3,3,1,1,48
1982-11-21,1982,3,REG,1982_03_SEA_DEN,nfl-norm-johnson,Norm Johnson,SEA,DEN,2,2,1,4,25
1982-11-21,1982,3,REG,1982_03_SEA_DEN,nfl-rich-karlis,Rich Karlis,DEN,SEA,1,1,1,1,21
1982-11-21,1982,3,REG,1982_03_SF_STL,nfl-ray-wersching,Ray Wersching,SF,STL,4,4,1,2,36
1982-11-21,1982,3,REG,1982_03_TB_DAL,nfl-rafael-septien,Rafael Septien,DAL,TB,2,2,0,0,
1982-11-21,1982,3,REG,1982_03_WAS_NYG,nfl-joe-danelo,Joe Danelo,NYG,WAS,2,2,1,2,20
1982-11-22,1982,3,REG,1982_03_SD_LA,nfl-chris-bahr,Chris Bahr,LA,SD,4,4,0,1,
1982-11-22,1982,3,REG,1982_03_SD_LA,nfl-rolf-benirschke,Rolf Benirschke,SD,LA,3,3,1,2,19
1982-11-25,1982,4,REG,1982_04_CLE_DAL,nfl-matt-bahr,Matt Bahr,CLE,DAL,2,2,0,0,
1982-11-25,1982,4,REG,1982_04_CLE_DAL,nfl-rafael-septien,Rafael Septien,DAL,CLE,4,4,1,2,40
1982-11-28,1982,4,REG,1982_04_CHI_MIN,nfl-john-roveto,John Roveto,CHI,MIN,1,1,0,1,
1982-11-28,1982,4,REG,1982_04_CHI_MIN,nfl-rick-danmeier,Rick Danmeier,MIN,CHI,5,5,0,0,
1982-11-28,1982,4,REG,1982_04_GB_NYJ,nfl-jan-stenerud,Jan Stenerud,GB,NYJ,1,2,0,1,
1982-11-28,1982,4,REG,1982_04_GB_NYJ,nfl-pat-leahy,Pat Leahy,NYJ,GB,0,2,1,2,25
1982-11-28,1982,4,REG,1982_04_HOU_NE,nfl-florian-kempf,Florian Kempf,HOU,NE,3,3,0,1,
1982-11-28,1982,4,REG,1982_04_KC_LA,nfl-mike-lansford,Mike Lansford,LA,KC,2,3,0,0,
1982-11-28,1982,4,REG,1982_04_KC_LA,nfl-nick-lowery,Nick Lowery,KC,LA,2,2,0,1,
1982-11-28,1982,4,REG,1982_04_LA_CIN,nfl-chris-bahr,Chris Bahr,LA,CIN,2,2,1,1,31
1982-11-28,1982,4,REG,1982_04_LA_CIN,nfl-jim-breech,Jim Breech,CIN,LA,3,3,1,1,35
1982-11-28,1982,4,REG,1982_04_NO_SF,nfl-toni-fritsch,Toni Fritsch,NO,SF,2,3,1,1,27
1982-11-28,1982,4,REG,1982_04_PHI_WAS,nfl-tony-franklin-2,Tony Franklin,PHI,WAS,0,1,1,2,41
1982-11-28,1982,4,REG,1982_04_STL_ATL,nfl-neil-o-donoghue,Neil O'Donoghue,STL,ATL,2,3,1,1,43
1982-11-29,1982,4,REG,1982_04_MIA_TB,nfl-uwe-von-schamann,Uwe von Schamann,MIA,TB,2,2,1,1,29
1982-12-02,1982,5,REG,1982_05_SF_LA,nfl-mike-lansford,Mike Lansford,LA,SF,3,3,1,2,36
1982-12-05,1982,5,REG,1982_05_BUF_GB,nfl-efren-herrera,Efren Herrera,BUF,GB,3,3,0,2,
1982-12-05,1982,5,REG,1982_05_CIN_BAL,nfl-jim-breech,Jim Breech,CIN,BAL,2,3,0,0,
1982-12-05,1982,5,REG,1982_05_CIN_BAL,nfl-mike-wood,Mike Wood,BAL,CIN,2,2,1,2,33
1982-12-05,1982,5,REG,1982_05_DAL_WAS,nfl-mark-moseley,Mark Moseley,WAS,DAL,1,1,1,1,38
1982-12-05,1982,5,REG,1982_05_DAL_WAS,nfl-rafael-septien,Rafael Septien,DAL,WAS,3,3,1,1,31
1982-12-05,1982,5,REG,1982_05_HOU_NYG,nfl-florian-kempf,Florian Kempf,HOU,NYG,2,2,0,0,
1982-12-05,1982,5,REG,1982_05_HOU_NYG,nfl-joe-danelo,Joe Danelo,NYG,HOU,2,2,1,3,26
1982-12-05,1982,5,REG,1982_05_KC_PIT,nfl-gary-anderson,Gary Anderson,PIT,KC,5,5,0,0,
1982-12-05,1982,5,REG,1982_05_KC_PIT,nfl-nick-lowery,Nick Lowery,KC,PIT,2,2,0,0,
1982-12-05,1982,5,REG,1982_05_MIN_MIA,nfl-rick-danmeier,Rick Danmeier,MIN,MIA,2,2,0,0,
1982-12-05,1982,5,REG,1982_05_NE_CHI,nfl-danny-miller,Danny Miller,NE,CHI,1,2,0,1,
1982-12-05,1982,5,REG,1982_05_NE_CHI,nfl-john-roveto,John Roveto,CHI,NE,3,3,1,2,43
1982-12-05,1982,5,REG,1982_05_SD_CLE,nfl-rolf-benirschke,Rolf Benirschke,SD,CLE,3,4,1,1,24
1982-12-05,1982,5,REG,1982_05_SEA_LA,nfl-chris-bahr,Chris Bahr,LA,SEA,4,4,0,1,
1982-12-05,1982,5,REG,1982_05_SEA_LA,nfl-norm-johnson,Norm Johnson,SEA,LA,2,3,1,1,30
1982-12-05,1982,5,REG,1982_05_STL_PHI,nfl-tony-franklin-2,Tony Franklin,PHI,STL,2,3,0,1,
1982-12-05,1982,5,REG,1982_05_TB_NO,nfl-morten-andersen,Morten Andersen,NO,TB,0,0,1,2,45
1982-12-05,1982,5,REG,1982_05_TB_NO,nfl-toni-fritsch,Toni Fritsch,NO,TB,1,1,0,1,
1982-12-06,1982,5,REG,1982_05_NYJ_DET,nfl-pat-leahy,Pat Leahy,NYJ,DET,4,4,0,2,
1982-12-11,1982,6,REG,1982_06_PHI_NYG,nfl-tony-franklin-2,Tony Franklin,PHI,NYG,1,1,0,0,
1982-12-11,1982,6,REG,1982_06_SD_SF,nfl-ray-wersching,Ray Wersching,SF,SD,4,5,1,1,45
1982-12-12,1982,6,REG,1982_06_BAL_MIN,nfl-mike-wood,Mike Wood,BAL,MIN,1,1,1,2,39
1982-12-12,1982,6,REG,1982_06_CHI_SEA,nfl-john-roveto,John Roveto,CHI,SEA,2,2,0,1,
1982-12-12,1982,6,REG,1982_06_CLE_CIN,nfl-matt-bahr,Matt Bahr,CLE,CIN,1,1,1,1,29
1982-12-12,1982,6,REG,1982_06_DEN_LA,nfl-mike-lansford,Mike Lansford,LA,DEN,3,3,1,1,39
1982-12-12,1982,6,REG,1982_06_DET_GB,nfl-jan-stenerud,Jan Stenerud,GB,DET,1,1,1,2,31
1982-12-12,1982,6,REG,1982_06_LA_KC,nfl-chris-bahr,Chris Bahr,LA,KC,3,3,0,2,
1982-12-12,1982,6,REG,1982_06_MIA_NE,nfl-john-smith-2,John Smith,NE,MIA,0,0,1,2,33
1982-12-12,1982,6,REG,1982_06_MIA_NE,nfl-uwe-von-schamann,Uwe von Schamann,MIA,NE,0,0,0,1,
1982-12-12,1982,6,REG,1982_06_NO_ATL,nfl-mick-luckhurst,Mick Luckhurst,ATL,NO,5,5,0,1,
1982-12-12,1982,6,REG,1982_06_TB_NYJ,nfl-bill-capece,Bill Capece,TB,NYJ,2,2,1,1,32
1982-12-12,1982,6,REG,1982_06_WAS_STL,nfl-neil-o-donoghue,Neil O'Donoghue,STL,WAS,1,1,0,1,
1982-12-13,1982,6,REG,1982_06_DAL_HOU,nfl-florian-kempf,Florian Kempf,HOU,DAL,1,1,0,0,
1982-12-18,1982,7,REG,1982_07_LA_LA,nfl-chris-bahr,Chris Bahr,LA,LA,4,5,1,2,24
1982-12-18,1982,7,REG,1982_07_LA_LA,nfl-mike-lansford,Mike Lansford,LA,LA,4,4,1,1,36
1982-12-19,1982,7,REG,1982_07_ATL_SF,nfl-mick-luckhurst,Mick Luckhurst,ATL,SF,2,2,1,2,22
1982-12-19,1982,7,REG,1982_07_ATL_SF,nfl-ray-wersching,Ray Wersching,SF,ATL,1,1,0,1,
1982-12-19,1982,7,REG,1982_07_BUF_TB,nfl-bill-capece,Bill Capece,TB,BUF,3,3,1,2,27
1982-12-19,1982,7,REG,1982_07_BUF_TB,nfl-efren-herrera,Efren Herrera,BUF,TB,2,3,1,1,49
1982-12-19,1982,7,REG,1982_07_HOU_PHI,nfl-florian-kempf,Florian Kempf,HOU,PHI,2,2,0,0,
1982-12-19,1982,7,REG,1982_07_HOU_PHI,nfl-tony-franklin-2,Tony Franklin,PHI,HOU,5,5,0,0,
1982-12-19,1982,7,REG,1982_07_KC_DEN,nfl-rich-karlis,Rich Karlis,DEN,KC,1,2,1,1,44
1982-12-19,1982,7,REG,1982_07_MIN_DET,nfl-eddie-murray,Eddie Murray,DET,MIN,4,4,1,1,24
1982-12-19,1982,7,REG,1982_07_NE_SEA,nfl-norm-johnson,Norm Johnson,SEA,NE,0,0,0,1,
1982-12-19,1982,7,REG,1982_07_NO_DAL,nfl-morten-andersen,Morten Andersen,NO,DAL,0,0,0,1,
1982-12-19,1982,7,REG,1982_07_NO_DAL,nfl-rafael-septien,Rafael Septien,DAL,NO,3,3,0,0,
1982-12-19,1982,7,REG,1982_07_NO_DAL,nfl-toni-fritsch,Toni Fritsch,NO,DAL,1,1,0,2,
1982-12-19,1982,7,REG,1982_07_NYG_WAS,nfl-joe-danelo,Joe Danelo,NYG,WAS,2,2,0,0,
1982-12-19,1982,7,REG,1982_07_PIT_CLE,nfl-gary-anderson,Gary Anderson,PIT,CLE,1,1,0,0,
1982-12-19,1982,7,REG,1982_07_PIT_CLE,nfl-matt-bahr,Matt Bahr,CLE,PIT,1,1,1,2,44
1982-12-19,1982,7,REG,1982_07_STL_CHI,nfl-john-roveto,John Roveto,CHI,STL,1,1,0,3,
1982-12-19,1982,7,REG,1982_07_STL_CHI,nfl-neil-o-donoghue,Neil O'Donoghue,STL,CHI,1,1,1,2,48
1982-12-26,1982,8,REG,1982_08_BAL_SD,nfl-rolf-benirschke,Rolf Benirschke,SD,BAL,5,6,1,2,45
1982-12-26,1982,8,REG,1982_08_CLE_HOU,nfl-florian-kempf,Florian Kempf,HOU,CLE,2,2,0,1,
1982-12-26,1982,8,REG,1982_08_DEN_LA,nfl-rich-karlis,Rich Karlis,DEN,LA,1,1,1,1,31
1982-12-26,1982,8,REG,1982_08_DET_TB,nfl-eddie-murray,Eddie Murray,DET,TB,3,3,0,0,
1982-12-26,1982,8,REG,1982_08_GB_ATL,nfl-jan-stenerud,Jan Stenerud,GB,ATL,5,5,1,1,22
1982-12-26,1982,8,REG,1982_08_GB_ATL,nfl-mick-luckhurst,Mick Luckhurst,ATL,GB,1,1,0,0,
1982-12-26,1982,8,REG,1982_08_NE_PIT,nfl-john-smith-2,John Smith,NE,PIT,2,2,0,0,
1982-12-26,1982,8,REG,1982_08_NYG_STL,nfl-joe-danelo,Joe Danelo,NYG,STL,3,3,0,1,
1982-12-26,1982,8,REG,1982_08_NYG_STL,nfl-neil-o-donoghue,Neil O'Donoghue,STL,NYG,3,3,1,1,18
1982-12-26,1982,8,REG,1982_08_NYJ_MIN,nfl-pat-leahy,Pat Leahy,NYJ,MIN,6,6,0,1,
1982-12-26,1982,8,REG,1982_08_NYJ_MIN,nfl-rick-danmeier,Rick Danmeier,MIN,NYJ,2,2,0,2,
1982-12-26,1982,8,REG,1982_08_PHI_DAL,nfl-tony-franklin-2,Tony Franklin,PHI,DAL,3,3,1,1,22
1982-12-26,1982,8,REG,1982_08_SEA_CIN,nfl-jim-breech,Jim Breech,CIN,SEA,3,3,1,1,34
1982-12-26,1982,8,REG,1982_08_SEA_CIN,nfl-norm-johnson,Norm Johnson,SEA,CIN,1,1,1,1,43
1982-12-26,1982,8,REG,1982_08_WAS_NO,nfl-morten-andersen,Morten Andersen,NO,WAS,1,1,1,1,36
1982-12-27,1982,8,REG,1982_08_BUF_MIA,nfl-efren-herrera,Efren Herrera,BUF,MIA,1,1,1,2,33
1983-01-02,1982,9,REG,1982_09_ATL_NO,nfl-morten-andersen,Morten Andersen,NO,ATL,5,5,0,1,
1983-01-02,1982,9,REG,1982_09_BUF_NE,nfl-john-smith-2,John Smith,NE,BUF,3,4,1,1,42
1983-01-02,1982,9,REG,1982_09_CIN_HOU,nfl-jim-breech,Jim Breech,CIN,HOU,5,5,0,1,
1983-01-02,1982,9,REG,1982_09_CLE_PIT,nfl-gary-anderson,Gary Anderson,PIT,CLE,4,4,1,2,34
1983-01-02,1982,9,REG,1982_09_CLE_PIT,nfl-matt-bahr,Matt Bahr,CLE,PIT,3,3,0,0,
1983-01-02,1982,9,REG,1982_09_DEN_SEA,nfl-rich-karlis,Rich Karlis,DEN,SEA,1,1,0,2,
1983-01-02,1982,9,REG,1982_09_GB_DET,nfl-jan-stenerud,Jan Stenerud,GB,DET,3,3,1,1,48
1983-01-02,1982,9,REG,1982_09_LA_SF,nfl-mike-lansford,Mike Lansford,LA,SF,3,3,0,0,
1983-01-02,1982,9,REG,1982_09_LA_SF,nfl-ray-wersching,Ray Wersching,SF,LA,2,3,0,1,
1983-01-02,1982,9,REG,1982_09_MIA_NE,nfl-danny-miller,Danny Miller,NE,MIA,1,1,0,3,
1983-01-02,1982,9,REG,1982_09_NYG_PHI,nfl-tony-franklin-2,Tony Franklin,PHI,NYG,3,3,1,1,35
1983-01-02,1982,9,REG,1982_09_STL_WAS,nfl-mark-moseley,Mark Moseley,WAS,STL,4,4,0,1,
1983-01-03,1982,9,REG,1982_09_DAL_MIN,nfl-rick-danmeier,Rick Danmeier,MIN,DAL,4,4,1,1,28
1983-09-03,1983,1,REG,1983_01_PHI_SF,nfl-ray-wersching,Ray Wersching,SF,PHI,2,2,1,1,23
1983-09-04,1983,1,REG,1983_01_ATL_CHI,nfl-bob-thomas,Bob Thomas,CHI,ATL,2,2,1,3,29
1983-09-04,1983,1,REG,1983_01_ATL_CHI,nfl-mick-luckhurst,Mick Luckhurst,ATL,CHI,2,3,0,0,
1983-09-04,1983,1,REG,1983_01_BAL_NE,nfl-john-smith-2,John Smith,NE,BAL,2,3,1,3,39
1983-09-04,1983,1,REG,1983_01_DEN_PIT,nfl-gary-anderson,Gary Anderson,PIT,DEN,1,1,1,1,31
1983-09-04,1983,1,REG,1983_01_DEN_PIT,nfl-rich-karlis,Rich Karlis,DEN,PIT,2,2,0,0,
1983-09-04,1983,1,REG,1983_01_DET_TB,nfl-bill-capece,Bill Capece,TB,DET,0,0,0,1,
1983-09-04,1983,1,REG,1983_01_GB_HOU,nfl-florian-kempf,Florian Kempf,HOU,GB,5,5,1,2,49
1983-09-04,1983,1,REG,1983_01_LA_CIN,nfl-jim-breech,Jim Breech,CIN,LA,1,1,1,1,36
1983-09-04,1983,1,REG,1983_01_LA_NYG,nfl-ali-haji-sheikh,Ali Haji-Sheikh,NYG,LA,0,1,0,1,
1983-09-04,1983,1,REG,1983_01_LA_NYG,nfl-chuck-nelson,Chuck Nelson,LA,NYG,1,2,1,2,36
1983-09-04,1983,1,REG,1983_01_MIA_BUF,nfl-fred-steinfort,Fred Steinfort,BUF,MIA,0,0,0,3,
1983-09-04,1983,1,REG,1983_01_MIN_CLE,nfl-matt-bahr,Matt Bahr,CLE,MIN,3,3,0,0,
1983-09-04,1983,1,REG,1983_01_NYJ_SD,nfl-rolf-benirschke,Rolf Benirschke,SD,NYJ,2,4,1,2,23
1983-09-04,1983,1,REG,1983_01_SEA_KC,nfl-nick-lowery,Nick Lowery,KC,SEA,2,2,1,1,19
1983-09-04,1983,1,REG,1983_01_STL_NO,nfl-morten-andersen,Morten Andersen,NO,STL,4,4,0,0,
1983-09-04,1983,1,REG,1983_01_STL_NO,nfl-neil-o-donoghue,Neil O'Donoghue,STL,NO,2,2,1,3,47
1983-09-05,1983,1,REG,1983_01_DAL_WAS,nfl-rafael-septien,Rafael Septien,DAL,WAS,4,4,1,1,26
1983-09-08,1983,2,REG,1983_02_SF_MIN,nfl-benny-ricardo,Benny Ricardo,MIN,SF,2,2,1,1,32
1983-09-11,1983,2,REG,1983_02_BUF_CIN,nfl-fred-steinfort,Fred Steinfort,BUF,CIN,1,1,1,3,28
1983-09-11,1983,2,REG,1983_02_CLE_DET,nfl-eddie-murray,Eddie Murray,DET,CLE,3,3,1,1,43
1983-09-11,1983,2,REG,1983_02_CLE_DET,nfl-matt-bahr,Matt Bahr,CLE,DET,4,4,1,1,25
1983-09-11,1983,2,REG,1983_02_DAL_STL,nfl-neil-o-donoghue,Neil O'Donoghue,STL,DAL,2,2,1,1,23
1983-09-11,1983,2,REG,1983_02_DEN_BAL,nfl-raul-allegre,Raul Allegre,BAL,DEN,1,1,1,1,32
1983-09-11,1983,2,REG,1983_02_DEN_BAL,nfl-rich-karlis,Rich Karlis,DEN,BAL,2,2,1,1,42
1983-09-11,1983,2,REG,1983_02_HOU_LA,nfl-chris-bahr,Chris Bahr,LA,HOU,2,3,0,3,
1983-09-11,1983,2,REG,1983_02_NE_MIA,nfl-john-smith-2,John Smith,NE,MIA,3,3,1,1,22
1983-09-11,1983,2,REG,1983_02_NO_LA,nfl-chuck-nelson,Chuck Nelson,LA,NO,4,4,0,0,
1983-09-11,1983,2,REG,1983_02_PIT_GB,nfl-gary-anderson,Gary Anderson,PIT,GB,2,3,1,3,30
1983-09-11,1983,2,REG,1983_02_PIT_GB,nfl-jan-stenerud,Jan Stenerud,GB,PIT,3,3,0,0,
1983-09-11,1983,2,REG,1983_02_SEA_NYJ,nfl-norm-johnson,Norm Johnson,SEA,NYJ,2,2,1,2,40
1983-09-11,1983,2,REG,1983_02_SEA_NYJ,nfl-pat-leahy,Pat Leahy,NYJ,SEA,1,1,1,1,18
1983-09-11,1983,2,REG,1983_02_TB_CHI,nfl-bill-capece,Bill Capece,TB,CHI,1,1,1,2,20
1983-09-11,1983,2,REG,1983_02_TB_CHI,nfl-bob-thomas,Bob Thomas,CHI,TB,2,2,1,2,50
1983-09-12,1983,2,REG,1983_02_SD_KC,nfl-nick-lowery,Nick Lowery,KC,SD,2,2,0,0,
1983-09-12,1983,2,REG,1983_02_SD_KC,nfl-rolf-benirschke,Rolf Benirschke,SD,KC,2,2,1,2,51
1983-09-15,1983,3,REG,1983_03_CIN_CLE,nfl-jim-breech,Jim Breech,CIN,CLE,1,1,0,0,
1983-09-15,1983,3,REG,1983_03_CIN_CLE,nfl-matt-bahr,Matt Bahr,CLE,CIN,2,2,1,2,19
1983-09-18,1983,3,REG,1983_03_ATL_DET,nfl-eddie-murray,Eddie Murray,DET,ATL,2,2,0,0,
1983-09-18,1983,3,REG,1983_03_BAL_BUF,nfl-joe-danelo,Joe Danelo,BUF,BAL,4,4,0,1,
1983-09-18,1983,3,REG,1983_03_CHI_NO,nfl-bob-thomas,Bob Thomas,CHI,NO,4,4,1,1,27
1983-09-18,1983,3,REG,1983_03_LA_GB,nfl-chuck-nelson,Chuck Nelson,LA,GB,3,3,1,2,31
1983-09-18,1983,3,REG,1983_03_MIN_TB,nfl-bill-capece,Bill Capece,TB,MIN,1,1,1,3,40
1983-09-18,1983,3,REG,1983_03_NYG_DAL,nfl-rafael-septien,Rafael Septien,DAL,NYG,4,4,0,0,
1983-09-18,1983,3,REG,1983_03_NYJ_NE,nfl-john-smith-2,John Smith,NE,NYJ,2,3,1,1,43
1983-09-18,1983,3,REG,1983_03_NYJ_NE,nfl-pat-leahy,Pat Leahy,NYJ,NE,1,2,0,0,
1983-09-18,1983,3,REG,1983_03_PHI_DEN,nfl-rich-karlis,Rich Karlis,DEN,PHI,1,1,1,1,34
1983-09-18,1983,3,REG,1983_03_PIT_HOU,nfl-florian-kempf,Florian Kempf,HOU,PIT,4,4,0,0,
1983-09-18,1983,3,REG,1983_03_SD_SEA,nfl-rolf-benirschke,Rolf Benirschke,SD,SEA,4,4,1,2,26
1983-09-18,1983,3,REG,1983_03_SF_STL,nfl-ray-wersching,Ray Wersching,SF,STL,6,6,0,0,
1983-09-19,1983,3,REG,1983_03_MIA_LA,nfl-chris-bahr,Chris Bahr,LA,MIA,3,4,0,0,
1983-09-19,1983,3,REG,1983_03_MIA_LA,nfl-uwe-von-schamann,Uwe von Schamann,MIA,LA,2,2,0,1,
1983-09-25,1983,4,REG,1983_04_ATL_SF,nfl-mick-luckhurst,Mick Luckhurst,ATL,SF,2,3,0,0,
1983-09-25,1983,4,REG,1983_04_ATL_SF,nfl-ray-wersching,Ray Wersching,SF,ATL,3,3,1,1,24
1983-09-25,1983,4,REG,1983_04_CIN_TB,nfl-bill-capece,Bill Capece,TB,CIN,2,2,1,1,20
1983-09-25,1983,4,REG,1983_04_CIN_TB,nfl-jim-breech,Jim Breech,CIN,TB,2,2,1,1,24
1983-09-25,1983,4,REG,1983_04_CLE_SD,nfl-matt-bahr,Matt Bahr,CLE,SD,3,3,1,1,32
1983-09-25,1983,4,REG,1983_04_CLE_SD,nfl-rolf-benirschke,Rolf Benirschke,SD,CLE,3,3,1,4,37
1983-09-25,1983,4,REG,1983_04_DET_MIN,nfl-eddie-murray,Eddie Murray,DET,MIN,2,2,1,1,24
1983-09-25,1983,4,REG,1983_04_HOU_BUF,nfl-joe-danelo,Joe Danelo,BUF,HOU,3,4,1,1,48
1983-09-25,1983,4,REG,1983_04_KC_MIA,nfl-uwe-von-schamann,Uwe von Schamann,MIA,KC,2,2,0,0,
1983-09-25,1983,4,REG,1983_04_LA_DEN,nfl-rich-karlis,Rich Karlis,DEN,LA,1,1,0,0,
1983-09-25,1983,4,REG,1983_04_LA_NYJ,nfl-chuck-nelson,Chuck Nelson,LA,NYJ,3,3,1,2,34
1983-09-25,1983,4,REG,1983_04_NE_PIT,nfl-john-smith-2,John Smith,NE,PIT,4,4,0,0,
1983-09-25,1983,4,REG,1983_04_STL_PHI,nfl-neil-o-donoghue,Neil O'Donoghue,STL,PHI,2,2,0,1,
1983-09-25,1983,4,REG,1983_04_STL_PHI,nfl-tony-franklin-2,Tony Franklin,PHI,STL,0,1,1,1,32
1983-09-25,1983,4,REG,1983_04_WAS_SEA,nfl-mark-moseley,Mark Moseley,WAS,SEA,3,4,0,1,
1983-09-25,1983,4,REG,1983_04_WAS_SEA,nfl-norm-johnson,Norm Johnson,SEA,WAS,2,2,1,2,27
1983-09-26,1983,4,REG,1983_04_GB_NYG,nfl-jan-stenerud,Jan Stenerud,GB,NYG,0,0,1,2,20
1983-10-02,1983,5,REG,1983_05_BAL_CIN,nfl-jim-breech,Jim Breech,CIN,BAL,4,4,1,1,19
1983-10-02,1983,5,REG,1983_05_DAL_MIN,nfl-benny-ricardo,Benny Ricardo,MIN,DAL,3,3,1,1,41
1983-10-02,1983,5,REG,1983_05_DEN_CHI,nfl-bob-thomas,Bob Thomas,CHI,DEN,4,4,1,1,19
1983-10-02,1983,5,REG,1983_05_DEN_CHI,nfl-rich-karlis,Rich Karlis,DEN,CHI,2,2,0,0,
1983-10-02,1983,5,REG,1983_05_DET_LA,nfl-chuck-nelson,Chuck Nelson,LA,DET,3,3,0,0,
1983-10-02,1983,5,REG,1983_05_DET_LA,nfl-eddie-murray,Eddie Murray,DET,LA,1,1,1,1,51
1983-10-02,1983,5,REG,1983_05_HOU_PIT,nfl-florian-kempf,Florian Kempf,HOU,PIT,1,1,1,1,34
1983-10-02,1983,5,REG,1983_05_HOU_PIT,nfl-gary-anderson,Gary Anderson,PIT,HOU,2,2,1,1,18
1983-10-02,1983,5,REG,1983_05_LA_WAS,nfl-chris-bahr,Chris Bahr,LA,WAS,5,5,0,1,
1983-10-02,1983,5,REG,1983_05_MIA_NO,nfl-morten-andersen,Morten Andersen,NO,MIA,2,2,1,1,32
1983-10-02,1983,5,REG,1983_05_MIA_NO,nfl-uwe-von-schamann,Uwe von Schamann,MIA,NO,1,1,0,1,
1983-10-02,1983,5,REG,1983_05_PHI_ATL,nfl-mick-luckhurst,Mick Luckhurst,ATL,PHI,3,3,1,2,44
1983-10-02,1983,5,REG,1983_05_PHI_ATL,nfl-tony-franklin-2,Tony Franklin,PHI,ATL,4,4,0,0,
1983-10-02,1983,5,REG,1983_05_SEA_CLE,nfl-matt-bahr,Matt Bahr,CLE,SEA,0,1,1,2,40
1983-10-02,1983,5,REG,1983_05_SEA_CLE,nfl-norm-johnson,Norm Johnson,SEA,CLE,3,3,1,1,24
1983-10-02,1983,5,REG,1983_05_SF_NE,nfl-john-smith-2,John Smith,NE,SF,1,2,0,1,
1983-10-02,1983,5,REG,1983_05_STL_KC,nfl-neil-o-donoghue,Neil O'Donoghue,STL,KC,2,2,0,1,
1983-10-02,1983,5,REG,1983_05_STL_KC,nfl-nick-lowery,Nick Lowery,KC,STL,5,5,1,1,45
1983-10-02,1983,5,REG,1983_05_TB_GB,nfl-bill-capece,Bill Capece,TB,GB,2,2,0,0,
1983-10-03,1983,5,REG,1983_05_NYJ_BUF,nfl-joe-danelo,Joe Danelo,BUF,NYJ,1,1,1,1,38
1983-10-09,1983,6,REG,1983_06_BUF_BAL,nfl-fred-steinfort,Fred Steinfort,BUF,BAL,1,1,0,1,
1983-10-09,1983,6,REG,1983_06_BUF_MIA,nfl-joe-danelo,Joe Danelo,BUF,MIA,5,5,1,2,36
1983-10-09,1983,6,REG,1983_06_BUF_MIA,nfl-uwe-von-schamann,Uwe von Schamann,MIA,BUF,5,5,0,2,
1983-10-09,1983,6,REG,1983_06_DEN_HOU,nfl-florian-kempf,Florian Kempf,HOU,DEN,2,2,0,0,
1983-10-09,1983,6,REG,1983_06_GB_DET,nfl-eddie-murray,Eddie Murray,DET,GB,5,5,1,1,29
1983-10-09,1983,6,REG,1983_06_GB_DET,nfl-jan-stenerud,Jan Stenerud,GB,DET,2,2,0,0,
1983-10-09,1983,6,REG,1983_06_KC_LA,nfl-chris-bahr,Chris Bahr,LA,KC,3,3,0,0,
1983-10-09,1983,6,REG,1983_06_LA_SF,nfl-chuck-nelson,Chuck Nelson,LA,SF,1,1,1,1,41
1983-10-09,1983,6,REG,1983_06_LA_SF,nfl-ray-wersching,Ray Wersching,SF,LA,1,1,0,1,
1983-10-09,1983,6,REG,1983_06_MIN_CHI,nfl-bob-thomas,Bob Thomas,CHI,MIN,2,2,0,1,
1983-10-09,1983,6,REG,1983_06_NE_BAL,nfl-raul-allegre,Raul Allegre,BAL,NE,1,1,1,1,52
1983-10-09,1983,6,REG,1983_06_NO_ATL,nfl-mick-luckhurst,Mick Luckhurst,ATL,NO,2,2,1,2,49
1983-10-09,1983,6,REG,1983_06_NYJ_CLE,nfl-matt-bahr,Matt Bahr,CLE,NYJ,1,1,1,1,44
1983-10-09,1983,6,REG,1983_06_NYJ_CLE,nfl-pat-leahy,Pat Leahy,NYJ,CLE,1,1,0,0,
1983-10-09,1983,6,REG,1983_06_PHI_NYG,nfl-tony-franklin-2,Tony Franklin,PHI,NYG,2,2,1,2,25
1983-10-09,1983,6,REG,1983_06_SEA_SD,nfl-norm-johnson,Norm Johnson,SEA,SD,3,3,0,0,
1983-10-09,1983,6,REG,1983_06_SEA_SD,nfl-rolf-benirschke,Rolf Benirschke,SD,SEA,4,4,0,0,
1983-10-09,1983,6,REG,1983_06_TB_DAL,nfl-bill-capece,Bill Capece,TB,DAL,3,3,1,2,48
1983-10-09,1983,6,REG,1983_06_WAS_STL,nfl-mark-moseley,Mark Moseley,WAS,STL,5,5,1,1,22
1983-10-09,1983,6,REG,1983_06_WAS_STL,nfl-neil-o-donoghue,Neil O'Donoghue,STL,WAS,2,2,0,0,
1983-10-10,1983,6,REG,1983_06_PIT_CIN,nfl-gary-anderson,Gary Anderson,PIT,CIN,3,3,1,1,35
1983-10-10,1983,6,REG,1983_06_PIT_CIN,nfl-jim-breech,Jim Breech,CIN,PIT,2,2,0,1,
1983-10-16,1983,7,REG,1983_07_ATL_LA,nfl-chuck-nelson,Chuck Nelson,LA,ATL,3,4,0,1,
1983-10-16,1983,7,REG,1983_07_ATL_LA,nfl-mick-luckhurst,Mick Luckhurst,ATL,LA,3,3,0,0,
1983-10-16,1983,7,REG,1983_07_BUF_BAL,nfl-raul-allegre,Raul Allegre,BAL,BUF,1,1,0,1,
1983-10-16,1983,7,REG,1983_07_CHI_DET,nfl-bob-thomas,Bob Thomas,CHI,DET,2,2,1,1,23
1983-10-16,1983,7,REG,1983_07_CHI_DET,nfl-eddie-murray,Eddie Murray,DET,CHI,4,4,1,2,35
1983-10-16,1983,7,REG,1983_07_CIN_DEN,nfl-jim-breech,Jim Breech,CIN,DEN,2,2,1,2,35
1983-10-16,1983,7,REG,1983_07_CIN_DEN,nfl-rich-karlis,Rich Karlis,DEN,CIN,3,3,1,1,31
1983-10-16,1983,7,REG,1983_07_CLE_PIT,nfl-matt-bahr,Matt Bahr,CLE,PIT,2,2,1,1,27
1983-10-16,1983,7,REG,1983_07_HOU_MIN,nfl-florian-kempf,Florian Kempf,HOU,MIN,2,2,0,0,
1983-10-16,1983,7,REG,1983_07_LA_SEA,nfl-norm-johnson,Norm Johnson,SEA,LA,5,5,1,1,22
1983-10-16,1983,7,REG,1983_07_MIA_NYJ,nfl-pat-leahy,Pat Leahy,NYJ,MIA,2,2,0,0,
1983-10-16,1983,7,REG,1983_07_MIA_NYJ,nfl-uwe-von-schamann,Uwe von Schamann,MIA,NYJ,3,4,1,2,35
1983-10-16,1983,7,REG,1983_07_NYG_KC,nfl-ali-haji-sheikh,Ali Haji-Sheikh,NYG,KC,2,2,1,1,21
1983-10-16,1983,7,REG,1983_07_NYG_KC,nfl-nick-lowery,Nick Lowery,KC,NYG,5,5,1,1,23
1983-10-16,1983,7,REG,1983_07_PHI_DAL,nfl-tony-franklin-2,Tony Franklin,PHI,DAL,1,1,0,0,
1983-10-16,1983,7,REG,1983_07_SD_NE,nfl-rolf-benirschke,Rolf Benirschke,SD,NE,3,3,0,0,
1983-10-16,1983,7,REG,1983_07_STL_TB,nfl-bill-capece,Bill Capece,TB,STL,3,4,0,0,
1983-10-23,1983,8,REG,1983_08_ATL_NYJ,nfl-pat-leahy,Pat Leahy,NYJ,ATL,3,3,0,2,
1983-10-23,1983,8,REG,1983_08_BUF_BUF,nfl-fred-steinfort,Fred Steinfort,BUF,BUF,4,4,1,3,22
1983-10-23,1983,8,REG,1983_08_CHI_PHI,nfl-bob-thomas,Bob Thomas,CHI,PHI,1,1,0,2,
1983-10-23,1983,8,REG,1983_08_CLE_CIN,nfl-jim-breech,Jim Breech,CIN,CLE,4,4,0,0,
1983-10-23,1983,8,REG,1983_08_CLE_CIN,nfl-matt-bahr,Matt Bahr,CLE,CIN,3,3,0,0,
1983-10-23,1983,8,REG,1983_08_DET_WAS,nfl-eddie-murray,Eddie Murray,DET,WAS,2,2,1,2,37
1983-10-23,1983,8,REG,1983_08_DET_WAS,nfl-mark-moseley,Mark Moseley,WAS,DET,5,5,1,3,22
1983-10-23,1983,8,REG,1983_08_KC_HOU,nfl-florian-kempf,Florian Kempf,HOU,KC,1,1,1,2,32
1983-10-23,1983,8,REG,1983_08_LA_DAL,nfl-rafael-septien,Rafael Septien,DAL,LA,5,5,1,1,23
1983-10-23,1983,8,REG,1983_08_MIA_BAL,nfl-raul-allegre,Raul Allegre,BAL,MIA,1,1,0,0,
1983-10-23,1983,8,REG,1983_08_MIA_BAL,nfl-uwe-von-schamann,Uwe von Schamann,MIA,BAL,3,3,0,0,
1983-10-23,1983,8,REG,1983_08_MIN_GB,nfl-jan-stenerud,Jan Stenerud,GB,MIN,2,2,1,2,48
1983-10-23,1983,8,REG,1983_08_NE_BUF,nfl-joe-danelo,Joe Danelo,BUF,NE,0,0,0,2,
1983-10-23,1983,8,REG,1983_08_NO_TB,nfl-bill-capece,Bill Capece,TB,NO,3,3,0,2,
1983-10-23,1983,8,REG,1983_08_NO_TB,nfl-morten-andersen,Morten Andersen,NO,TB,3,3,1,1,50
1983-10-23,1983,8,REG,1983_08_PIT_SEA,nfl-norm-johnson,Norm Johnson,SEA,PIT,3,3,0,0,
1983-10-23,1983,8,REG,1983_08_SD_DEN,nfl-rich-karlis,Rich Karlis,DEN,SD,2,2,0,0,
1983-10-23,1983,8,REG,1983_08_SF_LA,nfl-chuck-nelson,Chuck Nelson,LA,SF,5,5,0,0,
1983-10-23,1983,8,REG,1983_08_SF_LA,nfl-ray-wersching,Ray Wersching,SF,LA,6,6,1,1,30
1983-10-30,1983,9,REG,1983_09_BAL_PHI,nfl-tony-franklin-2,Tony Franklin,PHI,BAL,3,3,0,1,
1983-10-30,1983,9,REG,1983_09_BUF_ATL,nfl-fred-steinfort,Fred Steinfort,BUF,ATL,1,2,0,0,
1983-10-30,1983,9,REG,1983_09_DAL_NYG,nfl-rafael-septien,Rafael Septien,DAL,NYG,5,5,1,2,36
1983-10-30,1983,9,REG,1983_09_DET_CHI,nfl-bob-thomas,Bob Thomas,CHI,DET,2,2,1,1,45
1983-10-30,1983,9,REG,1983_09_DET_CHI,nfl-eddie-murray,Eddie Murray,DET,CHI,5,5,1,1,29
1983-10-30,1983,9,REG,1983_09_GB_CIN,nfl-jan-stenerud,Jan Stenerud,GB,CIN,2,2,0,0,
1983-10-30,1983,9,REG,1983_09_GB_CIN,nfl-jim-breech,Jim Breech,CIN,GB,4,5,0,0,
1983-10-30,1983,9,REG,1983_09_KC_DEN,nfl-nick-lowery,Nick Lowery,KC,DEN,3,3,1,1,21
1983-10-30,1983,9,REG,1983_09_LA_MIA,nfl-chuck-nelson,Chuck Nelson,LA,MIA,2,2,0,1,
1983-10-30,1983,9,REG,1983_09_LA_MIA,nfl-uwe-von-schamann,Uwe von Schamann,MIA,LA,3,4,1,2,32
1983-10-30,1983,9,REG,1983_09_MIN_STL,nfl-benny-ricardo,Benny Ricardo,MIN,STL,4,4,1,1,39
1983-10-30,1983,9,REG,1983_09_NE_ATL,nfl-mick-luckhurst,Mick Luckhurst,ATL,NE,3,3,1,1,23
1983-10-30,1983,9,REG,1983_09_NO_BUF,nfl-joe-danelo,Joe Danelo,BUF,NO,3,4,0,0,
1983-10-30,1983,9,REG,1983_09_NO_BUF,nfl-morten-andersen,Morten Andersen,NO,BUF,3,3,0,0,
1983-10-30,1983,9,REG,1983_09_SEA_LA,nfl-chris-bahr,Chris Bahr,LA,SEA,3,3,0,0,
1983-10-30,1983,9,REG,1983_09_TB_PIT,nfl-gary-anderson,Gary Anderson,PIT,TB,2,2,1,1,42
1983-10-31,1983,9,REG,1983_09_WAS_SD,nfl-rolf-benirschke,Rolf Benirschke,SD,WAS,3,3,1,1,43
1983-11-06,1983,10,REG,1983_10_ATL_NO,nfl-mick-luckhurst,Mick Luckhurst,ATL,NO,1,1,1,2,43
1983-11-06,1983,10,REG,1983_10_ATL_NO,nfl-morten-andersen,Morten Andersen,NO,ATL,3,4,0,1,
1983-11-06,1983,10,REG,1983_10_BAL_NYJ,nfl-pat-leahy,Pat Leahy,NYJ,BAL,2,2,0,1,
1983-11-06,1983,10,REG,1983_10_BAL_NYJ,nfl-raul-allegre,Raul Allegre,BAL,NYJ,2,2,1,1,42
1983-11-06,1983,10,REG,1983_10_BUF_BUF,nfl-fred-steinfort,Fred Steinfort,BUF,BUF,3,3,0,1,
1983-11-06,1983,10,REG,1983_10_BUF_NE,nfl-joe-danelo,Joe Danelo,BUF,NE,1,1,0,1,
1983-11-06,1983,10,REG,1983_10_CHI_LA,nfl-bob-thomas,Bob Thomas,CHI,LA,2,2,0,1,
1983-11-06,1983,10,REG,1983_10_CHI_LA,nfl-chuck-nelson,Chuck Nelson,LA,CHI,3,3,0,0,
1983-11-06,1983,10,REG,1983_10_CIN_HOU,nfl-florian-kempf,Florian Kempf,HOU,CIN,2,2,0,0,
1983-11-06,1983,10,REG,1983_10_CLE_GB,nfl-jan-stenerud,Jan Stenerud,GB,CLE,5,5,0,0,
1983-11-06,1983,10,REG,1983_10_CLE_GB,nfl-matt-bahr,Matt Bahr,CLE,GB,3,3,0,0,
1983-11-06,1983,10,REG,1983_10_LA_KC,nfl-chris-bahr,Chris Bahr,LA,KC,4,4,0,0,
1983-11-06,1983,10,REG,1983_10_MIA_SF,nfl-ray-wersching,Ray Wersching,SF,MIA,2,2,1,1,36
1983-11-06,1983,10,REG,1983_10_SD_PIT,nfl-rolf-benirschke,Rolf Benirschke,SD,PIT,0,0,1,2,39
1983-11-06,1983,10,REG,1983_10_STL_WAS,nfl-mark-moseley,Mark Moseley,WAS,STL,6,6,1,1,42
1983-11-06,1983,10,REG,1983_10_STL_WAS,nfl-neil-o-donoghue,Neil O'Donoghue,STL,WAS,1,1,0,1,
1983-11-06,1983,10,REG,1983_10_TB_MIN,nfl-benny-ricardo,Benny Ricardo,MIN,TB,1,1,1,2,21
1983-11-06,1983,10,REG,1983_10_TB_MIN,nfl-bill-capece,Bill Capece,TB,MIN,2,2,1,1,29
1983-11-13,1983,11,REG,1983_11_BUF_NYJ,nfl-joe-danelo,Joe Danelo,BUF,NYJ,3,3,1,1,30
1983-11-13,1983,11,REG,1983_11_BUF_NYJ,nfl-pat-leahy,Pat Leahy,NYJ,BUF,2,2,1,3,48
1983-11-13,1983,11,REG,1983_11_DAL_SD,nfl-rafael-septien,Rafael Septien,DAL,SD,2,3,1,2,37
1983-11-13,1983,11,REG,1983_11_DAL_SD,nfl-rolf-benirschke,Rolf Benirschke,SD,DAL,3,3,1,1,37
1983-11-13,1983,11,REG,1983_11_DET_HOU,nfl-eddie-murray,Eddie Murray,DET,HOU,2,2,1,1,35
1983-11-13,1983,11,REG,1983_11_GB_MIN,nfl-benny-ricardo,Benny Ricardo,MIN,GB,3,3,0,1,
1983-11-13,1983,11,REG,1983_11_MIA_BUF,nfl-fred-steinfort,Fred Steinfort,BUF,MIA,2,2,1,2,20
1983-11-13,1983,11,REG,1983_11_PHI_CHI,nfl-bob-thomas,Bob Thomas,CHI,PHI,2,2,1,1,22
1983-11-13,1983,11,REG,1983_11_PHI_CHI,nfl-tony-franklin-2,Tony Franklin,PHI,CHI,2,2,0,0,
1983-11-13,1983,11,REG,1983_11_PIT_BAL,nfl-gary-anderson,Gary Anderson,PIT,BAL,3,3,1,2,42
1983-11-13,1983,11,REG,1983_11_SEA_STL,nfl-neil-o-donoghue,Neil O'Donoghue,STL,SEA,4,4,1,1,33
1983-11-13,1983,11,REG,1983_11_SEA_STL,nfl-norm-johnson,Norm Johnson,SEA,STL,4,4,0,0,
1983-11-13,1983,11,REG,1983_11_TB_CLE,nfl-bill-capece,Bill Capece,TB,CLE,0,0,0,2,
1983-11-13,1983,11,REG,1983_11_WAS_NYG,nfl-ali-haji-sheikh,Ali Haji-Sheikh,NYG,WAS,2,2,1,1,45
1983-11-14,1983,11,REG,1983_11_LA_ATL,nfl-chuck-nelson,Chuck Nelson,LA,ATL,3,4,1,2,27
1983-11-20,1983,12,REG,1983_12_BAL_MIA,nfl-uwe-von-schamann,Uwe von Schamann,MIA,BAL,4,5,1,1,42
1983-11-20,1983,12,REG,1983_12_CHI_TB,nfl-bob-thomas,Bob Thomas,CHI,TB,3,4,0,0,
1983-11-20,1983,12,REG,1983_12_HOU_CIN,nfl-florian-kempf,Florian Kempf,HOU,CIN,1,1,1,1,34
1983-11-20,1983,12,REG,1983_12_HOU_CIN,nfl-jim-breech,Jim Breech,CIN,HOU,5,5,1,1,26
1983-11-20,1983,12,REG,1983_12_KC_DAL,nfl-nick-lowery,Nick Lowery,KC,DAL,3,3,0,1,
1983-11-20,1983,12,REG,1983_12_LA_BUF,nfl-joe-danelo,Joe Danelo,BUF,LA,3,3,1,1,48
1983-11-20,1983,12,REG,1983_12_MIN_PIT,nfl-benny-ricardo,Benny Ricardo,MIN,PIT,2,2,1,2,39
1983-11-20,1983,12,REG,1983_12_MIN_PIT,nfl-gary-anderson,Gary Anderson,PIT,MIN,2,2,0,0,
1983-11-20,1983,12,REG,1983_12_SD_STL,nfl-neil-o-donoghue,Neil O'Donoghue,STL,SD,5,6,1,2,39
1983-11-20,1983,12,REG,1983_12_SD_STL,nfl-rolf-benirschke,Rolf Benirschke,SD,STL,2,2,0,0,
1983-11-20,1983,12,REG,1983_12_SEA_DEN,nfl-norm-johnson,Norm Johnson,SEA,DEN,3,4,0,0,
1983-11-20,1983,12,REG,1983_12_SF_ATL,nfl-mick-luckhurst,Mick Luckhurst,ATL,SF,4,4,0,1,
1983-11-20,1983,12,REG,1983_12_SF_ATL,nfl-ray-wersching,Ray Wersching,SF,ATL,3,3,1,1,25
1983-11-20,1983,12,REG,1983_12_WAS_LA,nfl-chuck-nelson,Chuck Nelson,LA,WAS,2,3,0,0,
1983-11-21,1983,12,REG,1983_12_NYJ_NO,nfl-morten-andersen,Morten Andersen,NO,NYJ,4,4,0,1,
1983-11-21,1983,12,REG,1983_12_NYJ_NO,nfl-pat-leahy,Pat Leahy,NYJ,NO,4,4,1,1,37
1983-11-24,1983,13,REG,1983_13_PIT_DET,nfl-eddie-murray,Eddie Murray,DET,PIT,6,6,1,1,27
1983-11-24,1983,13,REG,1983_13_PIT_DET,nfl-gary-anderson,Gary Anderson,PIT,DET,0,0,1,1,38
1983-11-24,1983,13,REG,1983_13_STL_DAL,nfl-neil-o-donoghue,Neil O'Donoghue,STL,DAL,2,2,1,1,42
1983-11-24,1983,13,REG,1983_13_STL_DAL,nfl-rafael-septien,Rafael Septien,DAL,STL,5,5,0,0,
1983-11-27,1983,13,REG,1983_13_BAL_CLE,nfl-raul-allegre,Raul Allegre,BAL,CLE,2,3,1,1,31
1983-11-27,1983,13,REG,1983_13_BUF_LA,nfl-joe-danelo,Joe Danelo,BUF,LA,2,2,1,2,20
1983-11-27,1983,13,REG,1983_13_BUF_NYJ,nfl-fred-steinfort,Fred Steinfort,BUF,NYJ,0,0,1,2,33
1983-11-27,1983,13,REG,1983_13_DEN_SD,nfl-rich-karlis,Rich Karlis,DEN,SD,1,1,0,0,
1983-11-27,1983,13,REG,1983_13_DEN_SD,nfl-rolf-benirschke,Rolf Benirschke,SD,DEN,4,4,1,2,20
1983-11-27,1983,13,REG,1983_13_HOU_TB,nfl-bill-capece,Bill Capece,TB,HOU,3,4,0,1,
1983-11-27,1983,13,REG,1983_13_HOU_TB,nfl-florian-kempf,Florian Kempf,HOU,TB,3,3,1,1,51
1983-11-27,1983,13,REG,1983_13_KC_SEA,nfl-nick-lowery,Nick Lowery,KC,SEA,6,7,0,0,
1983-11-27,1983,13,REG,1983_13_MIN_NO,nfl-morten-andersen,Morten Andersen,NO,MIN,2,2,1,1,25
1983-11-27,1983,13,REG,1983_13_NYG_LA,nfl-ali-haji-sheikh,Ali Haji-Sheikh,NYG,LA,1,1,1,2,31
1983-11-27,1983,13,REG,1983_13_PHI_WAS,nfl-mark-moseley,Mark Moseley,WAS,PHI,4,4,0,1,
1983-11-27,1983,13,REG,1983_13_PHI_WAS,nfl-tony-franklin-2,Tony Franklin,PHI,WAS,3,3,1,2,52
1983-11-27,1983,13,REG,1983_13_SF_CHI,nfl-ray-wersching,Ray Wersching,SF,CHI,0,0,1,1,24
1983-11-28,1983,13,REG,1983_13_CIN_MIA,nfl-jim-breech,Jim Breech,CIN,MIA,2,2,0,0,
1983-11-28,1983,13,REG,1983_13_CIN_MIA,nfl-uwe-von-schamann,Uwe von Schamann,MIA,CIN,5,5,1,1,47
1983-12-01,1983,14,REG,1983_14_LA_SD,nfl-chris-bahr,Chris Bahr,LA,SD,6,6,0,0,
1983-12-01,1983,14,REG,1983_14_LA_SD,nfl-rolf-benirschke,Rolf Benirschke,SD,LA,1,1,1,1,24
1983-12-04,1983,14,REG,1983_14_ATL_WAS,nfl-mick-luckhurst,Mick Luckhurst,ATL,WAS,3,3,0,0,
1983-12-04,1983,14,REG,1983_14_BUF_KC,nfl-joe-danelo,Joe Danelo,BUF,KC,2,2,0,0,
1983-12-04,1983,14,REG,1983_14_CHI_GB,nfl-bob-thomas,Bob Thomas,CHI,GB,4,4,0,0,
1983-12-04,1983,14,REG,1983_14_CHI_GB,nfl-jan-stenerud,Jan Stenerud,GB,CHI,4,4,1,3,19
1983-12-04,1983,14,REG,1983_14_CIN_PIT,nfl-gary-anderson,Gary Anderson,PIT,CIN,1,1,1,1,48
1983-12-04,1983,14,REG,1983_14_CLE_DEN,nfl-matt-bahr,Matt Bahr,CLE,DEN,0,0,1,1,47
1983-12-04,1983,14,REG,1983_14_CLE_DEN,nfl-steve-cox,Steve Cox,CLE,DEN,0,0,1,1,58
1983-12-04,1983,14,REG,1983_14_DAL_SEA,nfl-norm-johnson,Norm Johnson,SEA,DAL,1,1,1,1,54
1983-12-04,1983,14,REG,1983_14_DAL_SEA,nfl-rafael-septien,Rafael Septien,DAL,SEA,5,5,0,0,
1983-12-04,1983,14,REG,1983_14_LA_PHI,nfl-tony-franklin-2,Tony Franklin,PHI,LA,1,2,0,1,
1983-12-04,1983,14,REG,1983_14_MIA_HOU,nfl-florian-kempf,Florian Kempf,HOU,MIA,2,2,1,1,23
1983-12-04,1983,14,REG,1983_14_MIA_HOU,nfl-uwe-von-schamann,Uwe von Schamann,MIA,HOU,3,3,1,1,19
1983-12-04,1983,14,REG,1983_14_NO_BUF,nfl-fred-steinfort,Fred Steinfort,BUF,NO,1,1,0,3,
1983-12-04,1983,14,REG,1983_14_NO_NE,nfl-morten-andersen,Morten Andersen,NO,NE,0,0,0,1,
1983-12-04,1983,14,REG,1983_14_NYJ_BAL,nfl-pat-leahy,Pat Leahy,NYJ,BAL,1,1,1,1,31
1983-12-04,1983,14,REG,1983_14_STL_NYG,nfl-neil-o-donoghue,Neil O'Donoghue,STL,NYG,1,1,1,3,25
1983-12-04,1983,14,REG,1983_14_TB_SF,nfl-bill-capece,Bill Capece,TB,SF,3,3,0,1,
1983-12-04,1983,14,REG,1983_14_TB_SF,nfl-ray-wersching,Ray Wersching,SF,TB,5,5,0,0,
1983-12-05,1983,14,REG,1983_14_MIN_DET,nfl-benny-ricardo,Benny Ricardo,MIN,DET,0,0,0,1,
1983-12-10,1983,15,REG,1983_15_ATL_MIA,nfl-mick-luckhurst,Mick Luckhurst,ATL,MIA,3,3,1,1,35
1983-12-10,1983,15,REG,1983_15_ATL_MIA,nfl-uwe-von-schamann,Uwe von Schamann,MIA,ATL,4,4,1,2,18
1983-12-10,1983,15,REG,1983_15_PIT_NYJ,nfl-pat-leahy,Pat Leahy,NYJ,PIT,1,1,0,0,
1983-12-11,1983,15,REG,1983_15_BAL_DEN,nfl-rich-karlis,Rich Karlis,DEN,BAL,3,3,0,0,
1983-12-11,1983,15,REG,1983_15_DET_CIN,nfl-jim-breech,Jim Breech,CIN,DET,2,2,1,2,28
1983-12-11,1983,15,REG,1983_15_KC_SD,nfl-nick-lowery,Nick Lowery,KC,SD,5,5,1,1,49
1983-12-11,1983,15,REG,1983_15_NE_LA,nfl-joaquin-zendejas,Joaquin Zendejas,NE,LA,3,3,0,1,
1983-12-11,1983,15,REG,1983_15_NE_LA,nfl-mike-lansford,Mike Lansford,LA,NE,1,1,0,1,
1983-12-11,1983,15,REG,1983_15_NO_PHI,nfl-tony-franklin-2,Tony Franklin,PHI,NO,2,2,1,3,23
1983-12-11,1983,15,REG,1983_15_SEA_NYG,nfl-norm-johnson,Norm Johnson,SEA,NYG,2,2,1,1,31
1983-12-11,1983,15,REG,1983_15_SF_BUF,nfl-joe-danelo,Joe Danelo,BUF,SF,1,1,1,3,33
1983-12-11,1983,15,REG,1983_15_STL_LA,nfl-chris-bahr,Chris Bahr,LA,STL,3,3,1,1,22
1983-12-11,1983,15,REG,1983_15_STL_LA,nfl-neil-o-donoghue,Neil O'Donoghue,STL,LA,4,5,0,0,
1983-12-11,1983,15,REG,1983_15_WAS_DAL,nfl-mark-moseley,Mark Moseley,WAS,DAL,4,4,1,2,38
1983-12-11,1983,15,REG,1983_15_WAS_DAL,nfl-rafael-septien,Rafael Septien,DAL,WAS,1,1,1,1,35
1983-12-12,1983,15,REG,1983_15_GB_TB,nfl-bill-capece,Bill Capece,TB,GB,0,1,1,2,22
1983-12-16,1983,16,REG,1983_16_NYJ_MIA,nfl-pat-leahy,Pat Leahy,NYJ,MIA,1,1,0,0,
1983-12-17,1983,16,REG,1983_16_CIN_MIN,nfl-benny-ricardo,Benny Ricardo,MIN,CIN,2,3,0,0,
1983-12-17,1983,16,REG,1983_16_CIN_MIN,nfl-jim-breech,Jim Breech,CIN,MIN,2,2,0,3,
1983-12-17,1983,16,REG,1983_16_NYG_WAS,nfl-mark-moseley,Mark Moseley,WAS,NYG,4,4,1,1,46
1983-12-18,1983,16,REG,1983_16_BUF_ATL,nfl-joe-danelo,Joe Danelo,BUF,ATL,2,2,0,1,
1983-12-18,1983,16,REG,1983_16_BUF_ATL,nfl-mick-luckhurst,Mick Luckhurst,ATL,BUF,4,4,1,1,40
1983-12-18,1983,16,REG,1983_16_DEN_KC,nfl-rich-karlis,Rich Karlis,DEN,KC,2,2,1,1,24
1983-12-18,1983,16,REG,1983_16_GB_CHI,nfl-bob-thomas,Bob Thomas,CHI,GB,2,2,1,2,22
1983-12-18,1983,16,REG,1983_16_GB_CHI,nfl-jan-stenerud,Jan Stenerud,GB,CHI,3,3,0,0,
1983-12-18,1983,16,REG,1983_16_HOU_BAL,nfl-florian-kempf,Florian Kempf,HOU,BAL,1,1,1,1,34
1983-12-18,1983,16,REG,1983_16_LA_NO,nfl-mike-lansford,Mike Lansford,LA,NO,3,3,1,1,42
1983-12-18,1983,16,REG,1983_16_LA_NO,nfl-morten-andersen,Morten Andersen,NO,LA,3,3,1,1,20
1983-12-18,1983,16,REG,1983_16_NE_SEA,nfl-joaquin-zendejas,Joaquin Zendejas,NE,SEA,0,1,0,0,
1983-12-18,1983,16,REG,1983_16_NE_SEA,nfl-norm-johnson,Norm Johnson,SEA,NE,3,3,1,2,29
1983-12-18,1983,16,REG,1983_16_PHI_STL,nfl-neil-o-donoghue,Neil O'Donoghue,STL,PHI,4,4,1,2,28
1983-12-18,1983,16,REG,1983_16_PHI_STL,nfl-tony-franklin-2,Tony Franklin,PHI,STL,1,1,0,1,
1983-12-18,1983,16,REG,1983_16_PIT_CLE,nfl-gary-anderson,Gary Anderson,PIT,CLE,2,2,1,1,34
1983-12-18,1983,16,REG,1983_16_PIT_CLE,nfl-matt-bahr,Matt Bahr,CLE,PIT,3,4,1,1,30
1983-12-18,1983,16,REG,1983_16_SD_LA,nfl-rolf-benirschke,Rolf Benirschke,SD,LA,2,2,0,0,
1983-12-18,1983,16,REG,1983_16_TB_DET,nfl-david-warnke,David Warnke,TB,DET,1,2,0,1,
1983-12-19,1983,16,REG,1983_16_DAL_SF,nfl-rafael-septien,Rafael Septien,DAL,SF,2,2,1,2,47
1983-12-19,1983,16,REG,1983_16_DAL_SF,nfl-ray-wersching,Ray Wersching,SF,DAL,6,6,0,1,
1984-09-02,1984,1,REG,1984_01_ATL_NO,nfl-morten-andersen,Morten Andersen,NO,ATL,4,4,0,0,
1984-09-02,1984,1,REG,1984_01_CIN_DEN,nfl-jim-breech,Jim Breech,CIN,DEN,2,2,1,3,46
1984-09-02,1984,1,REG,1984_01_CIN_DEN,nfl-rich-karlis,Rich Karlis,DEN,CIN,2,3,0,0,
1984-09-02,1984,1,REG,1984_01_LA_HOU,nfl-chris-bahr,Chris Bahr,LA,HOU,1,2,1,2,28
1984-09-02,1984,1,REG,1984_01_LA_HOU,nfl-florian-kempf,Florian Kempf,HOU,LA,2,2,0,0,
1984-09-02,1984,1,REG,1984_01_MIA_WAS,nfl-mark-moseley,Mark Moseley,WAS,MIA,2,2,1,2,32
1984-09-02,1984,1,REG,1984_01_MIA_WAS,nfl-uwe-von-schamann,Uwe von Schamann,MIA,WAS,5,5,0,0,
1984-09-02,1984,1,REG,1984_01_NE_BUF,nfl-joe-danelo,Joe Danelo,BUF,NE,2,2,1,2,27
1984-09-02,1984,1,REG,1984_01_NE_BUF,nfl-tony-franklin-2,Tony Franklin,NE,BUF,3,3,0,0,
1984-09-02,1984,1,REG,1984_01_NYJ_IND,nfl-pat-leahy,Pat Leahy,NYJ,IND,2,3,1,2,29
1984-09-02,1984,1,REG,1984_01_NYJ_IND,nfl-raul-allegre,Raul Allegre,IND,NYJ,2,2,0,0,
1984-09-02,1984,1,REG,1984_01_PHI_NYG,nfl-ali-haji-sheikh,Ali Haji-Sheikh,NYG,PHI,4,4,0,0,
1984-09-02,1984,1,REG,1984_01_SD_MIN,nfl-rolf-benirschke,Rolf Benirschke,SD,MIN,6,6,0,1,
1984-09-02,1984,1,REG,1984_01_STL_GB,nfl-eddie-garcia,Eddie Garcia,GB,STL,3,3,1,2,38
1984-09-02,1984,1,REG,1984_01_STL_GB,nfl-neil-o-donoghue,Neil O'Donoghue,STL,GB,2,3,1,2,48
1984-09-02,1984,1,REG,1984_01_TB_CHI,nfl-obed-ariri,Obed Ariri,TB,CHI,2,2,0,0,
1984-09-03,1984,1,REG,1984_01_CLE_SEA,nfl-matt-bahr,Matt Bahr,CLE,SEA,0,0,0,1,
1984-09-06,1984,2,REG,1984_02_PIT_NYJ,nfl-pat-leahy,Pat Leahy,NYJ,PIT,2,2,1,1,52
1984-09-09,1984,2,REG,1984_02_BUF_STL,nfl-joe-danelo,Joe Danelo,BUF,STL,1,1,0,1,
1984-09-09,1984,2,REG,1984_02_CLE_LA,nfl-matt-bahr,Matt Bahr,CLE,LA,2,2,1,2,25
1984-09-09,1984,2,REG,1984_02_DAL_NYG,nfl-ali-haji-sheikh,Ali Haji-Sheikh,NYG,DAL,4,4,0,0,
1984-09-09,1984,2,REG,1984_02_DAL_NYG,nfl-rafael-septien,Rafael Septien,DAL,NYG,1,1,0,0,
1984-09-09,1984,2,REG,1984_02_DEN_CHI,nfl-rich-karlis,Rich Karlis,DEN,CHI,0,0,0,1,
1984-09-09,1984,2,REG,1984_02_DET_ATL,nfl-mick-luckhurst,Mick Luckhurst,ATL,DET,3,3,1,2,51
1984-09-09,1984,2,REG,1984_02_GB_LA,nfl-chris-bahr,Chris Bahr,LA,GB,4,4,0,0,
1984-09-09,1984,2,REG,1984_02_GB_LA,nfl-eddie-garcia,Eddie Garcia,GB,LA,1,1,0,0,
1984-09-09,1984,2,REG,1984_02_IND_HOU,nfl-dean-biasucci,Dean Biasucci,IND,HOU,5,5,0,0,
1984-09-09,1984,2,REG,1984_02_IND_HOU,nfl-florian-kempf,Florian Kempf,HOU,IND,3,3,0,0,
1984-09-09,1984,2,REG,1984_02_MIN_PHI,nfl-jan-stenerud,Jan Stenerud,MIN,PHI,2,2,1,1,38
1984-09-09,1984,2,REG,1984_02_NE_MIA,nfl-tony-franklin-2,Tony Franklin,NE,MIA,1,1,0,0,
1984-09-09,1984,2,REG,1984_02_NE_MIA,nfl-uwe-von-schamann,Uwe von Schamann,MIA,NE,4,4,0,2,
1984-09-09,1984,2,REG,1984_02_SD_SEA,nfl-norm-johnson,Norm Johnson,SEA,SD,4,4,1,2,41
1984-09-09,1984,2,REG,1984_02_SD_SEA,nfl-rolf-benirschke,Rolf Benirschke,SD,SEA,2,2,1,1,43
1984-09-09,1984,2,REG,1984_02_TB_NO,nfl-morten-andersen,Morten Andersen,NO,TB,2,2,1,1,23
1984-09-10,1984,2,REG,1984_02_WAS_SF,nfl-mark-moseley,Mark Moseley,WAS,SF,4,4,1,1,38
1984-09-16,1984,3,REG,1984_03_CHI_GB,nfl-eddie-garcia,Eddie Garcia,GB,CHI,1,1,0,1,
1984-09-16,1984,3,REG,1984_03_CIN_NYJ,nfl-jim-breech,Jim Breech,CIN,NYJ,2,2,1,1,21
1984-09-16,1984,3,REG,1984_03_DEN_CLE,nfl-matt-bahr,Matt Bahr,CLE,DEN,2,2,0,1,
1984-09-16,1984,3,REG,1984_03_DEN_CLE,nfl-rich-karlis,Rich Karlis,DEN,CLE,3,3,1,1,25
1984-09-16,1984,3,REG,1984_03_DET_TB,nfl-eddie-murray,Eddie Murray,DET,TB,2,2,1,2,28
1984-09-16,1984,3,REG,1984_03_DET_TB,nfl-obed-ariri,Obed Ariri,TB,DET,3,3,0,1,
1984-09-16,1984,3,REG,1984_03_HOU_SD,nfl-florian-kempf,Florian Kempf,HOU,SD,2,2,0,0,
1984-09-16,1984,3,REG,1984_03_HOU_SD,nfl-rolf-benirschke,Rolf Benirschke,SD,HOU,4,4,1,1,23
1984-09-16,1984,3,REG,1984_03_LA_PIT,nfl-gary-anderson,Gary Anderson,PIT,LA,3,3,1,2,41
1984-09-16,1984,3,REG,1984_03_LA_PIT,nfl-mike-lansford,Mike Lansford,LA,PIT,2,2,0,1,
1984-09-16,1984,3,REG,1984_03_NYG_WAS,nfl-ali-haji-sheikh,Ali Haji-Sheikh,NYG,WAS,2,2,0,2,
1984-09-16,1984,3,REG,1984_03_NYG_WAS,nfl-mark-moseley,Mark Moseley,WAS,NYG,3,4,1,1,21
1984-09-16,1984,3,REG,1984_03_PHI_DAL,nfl-paul-mcfadden,Paul McFadden,PHI,DAL,2,2,1,2,39
1984-09-16,1984,3,REG,1984_03_SEA_NE,nfl-norm-johnson,Norm Johnson,SEA,NE,2,3,1,1,42
1984-09-16,1984,3,REG,1984_03_SEA_NE,nfl-tony-franklin-2,Tony Franklin,NE,SEA,5,5,1,1,32
1984-09-17,1984,3,REG,1984_03_MIA_BUF,nfl-joe-danelo,Joe Danelo,BUF,MIA,2,2,1,2,33
1984-09-17,1984,3,REG,1984_03_MIA_BUF,nfl-uwe-von-schamann,Uwe von Schamann,MIA,BUF,3,3,0,1,
1984-09-23,1984,4,REG,1984_04_CHI_SEA,nfl-bob-thomas,Bob Thomas,CHI,SEA,1,1,0,1,
1984-09-23,1984,4,REG,1984_04_CHI_SEA,nfl-norm-johnson,Norm Johnson,SEA,CHI,5,5,1,1,27
1984-09-23,1984,4,REG,1984_04_GB_DAL,nfl-eddie-garcia,Eddie Garcia,GB,DAL,0,1,0,1,
1984-09-23,1984,4,REG,1984_04_HOU_ATL,nfl-florian-kempf,Florian Kempf,HOU,ATL,1,1,1,2,22
1984-09-23,1984,4,REG,1984_04_HOU_ATL,nfl-mick-luckhurst,Mick Luckhurst,ATL,HOU,6,6,0,0,
1984-09-23,1984,4,REG,1984_04_IND_MIA,nfl-dean-biasucci,Dean Biasucci,IND,MIA,1,1,0,1,
1984-09-23,1984,4,REG,1984_04_IND_MIA,nfl-uwe-von-schamann,Uwe von Schamann,MIA,IND,5,6,1,2,27
1984-09-23,1984,4,REG,1984_04_KC_DEN,nfl-nick-lowery,Nick Lowery,KC,DEN,0,0,0,2,
1984-09-23,1984,4,REG,1984_04_KC_DEN,nfl-rich-karlis,Rich Karlis,DEN,KC,3,3,0,1,
1984-09-23,1984,4,REG,1984_04_LA_CIN,nfl-jim-breech,Jim Breech,CIN,LA,2,2,0,0,
1984-09-23,1984,4,REG,1984_04_LA_CIN,nfl-mike-lansford,Mike Lansford,LA,CIN,3,3,1,3,29
1984-09-23,1984,4,REG,1984_04_MIN_DET,nfl-eddie-murray,Eddie Murray,DET,MIN,4,4,0,0,
1984-09-23,1984,4,REG,1984_04_NYJ_BUF,nfl-pat-leahy,Pat Leahy,NYJ,BUF,4,4,0,1,
1984-09-23,1984,4,REG,1984_04_PIT_CLE,nfl-gary-anderson,Gary Anderson,PIT,CLE,1,1,1,1,46
1984-09-23,1984,4,REG,1984_04_SF_PHI,nfl-ray-wersching,Ray Wersching,SF,PHI,3,3,0,2,
1984-09-23,1984,4,REG,1984_04_STL_NO,nfl-neil-o-donoghue,Neil O'Donoghue,STL,NO,3,3,1,1,39
1984-09-23,1984,4,REG,1984_04_TB_NYG,nfl-ali-haji-sheikh,Ali Haji-Sheikh,NYG,TB,2,2,1,2,34
1984-09-23,1984,4,REG,1984_04_TB_NYG,nfl-obed-ariri,Obed Ariri,TB,NYG,2,2,0,1,
1984-09-23,1984,4,REG,1984_04_WAS_NE,nfl-tony-franklin-2,Tony Franklin,NE,WAS,1,1,1,2,22
1984-09-30,1984,5,REG,1984_05_ATL_SF,nfl-mick-luckhurst,Mick Luckhurst,ATL,SF,0,0,1,1,22
1984-09-30,1984,5,REG,1984_05_ATL_SF,nfl-ray-wersching,Ray Wersching,SF,ATL,2,2,0,0,
1984-09-30,1984,5,REG,1984_05_BUF_IND,nfl-dean-biasucci,Dean Biasucci,IND,BUF,4,4,1,2,43
1984-09-30,1984,5,REG,1984_05_BUF_IND,nfl-joe-danelo,Joe Danelo,BUF,IND,2,2,1,1,23
1984-09-30,1984,5,REG,1984_05_CLE_KC,nfl-nick-lowery,Nick Lowery,KC,CLE,1,1,1,1,42
1984-09-30,1984,5,REG,1984_05_DAL_CHI,nfl-bob-thomas,Bob Thomas,CHI,DAL,2,2,0,2,
1984-09-30,1984,5,REG,1984_05_DET_SD,nfl-eddie-murray,Eddie Murray,DET,SD,3,3,1,2,44
1984-09-30,1984,5,REG,1984_05_MIA_STL,nfl-neil-o-donoghue,Neil O'Donoghue,STL,MIA,4,4,0,0,
1984-09-30,1984,5,REG,1984_05_NE_NYJ,nfl-pat-leahy,Pat Leahy,NYJ,NE,3,3,0,0,
1984-09-30,1984,5,REG,1984_05_NE_NYJ,nfl-tony-franklin-2,Tony Franklin,NE,NYJ,4,4,0,2,
1984-09-30,1984,5,REG,1984_05_NO_HOU,nfl-florian-kempf,Florian Kempf,HOU,NO,1,1,1,1,25
1984-09-30,1984,5,REG,1984_05_NYG_LA,nfl-ali-haji-sheikh,Ali Haji-Sheikh,NYG,LA,0,2,0,1,
1984-10-01,1984,5,REG,1984_05_CIN_PIT,nfl-gary-anderson,Gary Anderson,PIT,CIN,5,5,1,1,31
1984-10-01,1984,5,REG,1984_05_CIN_PIT,nfl-jim-breech,Jim Breech,CIN,PIT,2,2,1,1,32
1984-10-07,1984,6,REG,1984_06_ATL_LA,nfl-mike-lansford,Mike Lansford,LA,ATL,4,4,0,0,
1984-10-07,1984,6,REG,1984_06_DEN_DET,nfl-eddie-murray,Eddie Murray,DET,DEN,1,1,0,0,
1984-10-07,1984,6,REG,1984_06_DEN_DET,nfl-rich-karlis,Rich Karlis,DEN,DET,4,4,0,1,
1984-10-07,1984,6,REG,1984_06_HOU_CIN,nfl-florian-kempf,Florian Kempf,HOU,CIN,0,0,1,1,24
1984-10-07,1984,6,REG,1984_06_MIA_PIT,nfl-gary-anderson,Gary Anderson,PIT,MIA,1,1,0,1,
1984-10-07,1984,6,REG,1984_06_MIA_PIT,nfl-uwe-von-schamann,Uwe von Schamann,MIA,PIT,4,4,1,1,37
1984-10-07,1984,6,REG,1984_06_MIN_TB,nfl-jan-stenerud,Jan Stenerud,MIN,TB,4,4,1,1,20
1984-10-07,1984,6,REG,1984_06_MIN_TB,nfl-obed-ariri,Obed Ariri,TB,MIN,5,5,0,0,
1984-10-07,1984,6,REG,1984_06_NE_CLE,nfl-tony-franklin-2,Tony Franklin,NE,CLE,2,2,1,1,45
1984-10-07,1984,6,REG,1984_06_NO_CHI,nfl-morten-andersen,Morten Andersen,NO,CHI,1,1,0,0,
1984-10-07,1984,6,REG,1984_06_NYJ_KC,nfl-pat-leahy,Pat Leahy,NYJ,KC,2,2,1,1,37
1984-10-07,1984,6,REG,1984_06_PHI_BUF,nfl-joe-danelo,Joe Danelo,BUF,PHI,2,2,1,3,27
1984-10-07,1984,6,REG,1984_06_SD_GB,nfl-eddie-garcia,Eddie Garcia,GB,SD,4,4,0,0,
1984-10-07,1984,6,REG,1984_06_SEA_LA,nfl-chris-bahr,Chris Bahr,LA,SEA,4,4,0,1,
1984-10-07,1984,6,REG,1984_06_SEA_LA,nfl-norm-johnson,Norm Johnson,SEA,LA,2,2,0,0,
1984-10-07,1984,6,REG,1984_06_STL_DAL,nfl-neil-o-donoghue,Neil O'Donoghue,STL,DAL,4,4,1,2,22
1984-10-07,1984,6,REG,1984_06_WAS_IND,nfl-mark-moseley,Mark Moseley,WAS,IND,5,5,0,0,
1984-10-07,1984,6,REG,1984_06_WAS_IND,nfl-raul-allegre,Raul Allegre,IND,WAS,1,1,0,0,
1984-10-08,1984,6,REG,1984_06_SF_NYG,nfl-ali-haji-sheikh,Ali Haji-Sheikh,NYG,SF,1,1,1,2,20
1984-10-08,1984,6,REG,1984_06_SF_NYG,nfl-ray-wersching,Ray Wersching,SF,NYG,4,4,1,1,37
1984-10-14,1984,7,REG,1984_07_BUF_SEA,nfl-joe-danelo,Joe Danelo,BUF,SEA,4,4,0,1,
1984-10-14,1984,7,REG,1984_07_BUF_SEA,nfl-norm-johnson,Norm Johnson,SEA,BUF,4,4,1,1,25
1984-10-14,1984,7,REG,1984_07_CHI_STL,nfl-bob-thomas,Bob Thomas,CHI,STL,3,3,0,0,
1984-10-14,1984,7,REG,1984_07_CHI_STL,nfl-neil-o-donoghue,Neil O'Donoghue,STL,CHI,5,5,1,2,44
1984-10-14,1984,7,REG,1984_07_CIN_NE,nfl-jim-breech,Jim Breech,CIN,NE,2,2,0,2,
1984-10-14,1984,7,REG,1984_07_DAL_WAS,nfl-rafael-septien,Rafael Septien,DAL,WAS,2,2,0,0,
1984-10-14,1984,7,REG,1984_07_HOU_MIA,nfl-florian-kempf,Florian Kempf,HOU,MIA,1,1,1,1,49
1984-10-14,1984,7,REG,1984_07_HOU_MIA,nfl-uwe-von-schamann,Uwe von Schamann,MIA,HOU,4,4,0,3,
1984-10-14,1984,7,REG,1984_07_IND_PHI,nfl-raul-allegre,Raul Allegre,IND,PHI,1,1,0,1,
1984-10-14,1984,7,REG,1984_07_LA_NO,nfl-mike-lansford,Mike Lansford,LA,NO,4,4,0,0,
1984-10-14,1984,7,REG,1984_07_LA_NO,nfl-morten-andersen,Morten Andersen,NO,LA,1,1,1,1,47
1984-10-14,1984,7,REG,1984_07_MIN_LA,nfl-jan-stenerud,Jan Stenerud,MIN,LA,2,3,0,0,
1984-10-14,1984,7,REG,1984_07_NYG_ATL,nfl-mick-luckhurst,Mick Luckhurst,ATL,NYG,1,1,0,0,
1984-10-14,1984,7,REG,1984_07_NYJ_CLE,nfl-pat-leahy,Pat Leahy,NYJ,CLE,3,3,1,1,30
1984-10-14,1984,7,REG,1984_07_PIT_SF,nfl-ray-wersching,Ray Wersching,SF,PIT,2,2,1,2,30
1984-10-14,1984,7,REG,1984_07_SD_KC,nfl-nick-lowery,Nick Lowery,KC,SD,4,4,1,1,22
1984-10-14,1984,7,REG,1984_07_TB_DET,nfl-eddie-murray,Eddie Murray,DET,TB,1,1,0,1,
1984-10-14,1984,7,REG,1984_07_TB_DET,nfl-obed-ariri,Obed Ariri,TB,DET,1,1,0,1,
1984-10-15,1984,7,REG,1984_07_GB_DEN,nfl-eddie-garcia,Eddie Garcia,GB,DEN,2,2,0,2,
1984-10-15,1984,7,REG,1984_07_GB_DEN,nfl-rich-karlis,Rich Karlis,DEN,GB,2,2,1,1,30
1984-10-21,1984,8,REG,1984_08_CHI_TB,nfl-bob-thomas,Bob Thomas,CHI,TB,5,6,1,2,49
1984-10-21,1984,8,REG,1984_08_CHI_TB,nfl-obed-ariri,Obed Ariri,TB,CHI,0,1,1,1,46
1984-10-21,1984,8,REG,1984_08_DEN_BUF,nfl-joe-danelo,Joe Danelo,BUF,DEN,1,1,0,0,
1984-10-21,1984,8,REG,1984_08_DET_MIN,nfl-jan-stenerud,Jan Stenerud,MIN,DET,2,2,0,0,
1984-10-21,1984,8,REG,1984_08_KC_NYJ,nfl-nick-lowery,Nick Lowery,KC,NYJ,1,1,0,1,
1984-10-21,1984,8,REG,1984_08_KC_NYJ,nfl-pat-leahy,Pat Leahy,NYJ,KC,3,3,0,0,
1984-10-21,1984,8,REG,1984_08_LA_SD,nfl-benny-ricardo,Benny Ricardo,SD,LA,4,5,1,1,29
1984-10-21,1984,8,REG,1984_08_MIA_NE,nfl-tony-franklin-2,Tony Franklin,NE,MIA,3,3,1,1,48
1984-10-21,1984,8,REG,1984_08_MIA_NE,nfl-uwe-von-schamann,Uwe von Schamann,MIA,NE,5,6,1,1,28
1984-10-21,1984,8,REG,1984_08_NYG_PHI,nfl-ali-haji-sheikh,Ali Haji-Sheikh,NYG,PHI,1,1,1,3,31
1984-10-21,1984,8,REG,1984_08_NYG_PHI,nfl-paul-mcfadden,Paul McFadden,PHI,NYG,3,3,1,2,45
1984-10-21,1984,8,REG,1984_08_PIT_IND,nfl-raul-allegre,Raul Allegre,IND,PIT,2,2,1,1,41
1984-10-21,1984,8,REG,1984_08_SEA_GB,nfl-al-del-greco,Al Del Greco,GB,SEA,3,3,1,1,42
1984-10-21,1984,8,REG,1984_08_SF_HOU,nfl-florian-kempf,Florian Kempf,HOU,SF,3,3,0,1,
1984-10-21,1984,8,REG,1984_08_WAS_STL,nfl-mark-moseley,Mark Moseley,WAS,STL,3,3,1,1,39
1984-10-22,1984,8,REG,1984_08_LA_ATL,nfl-mick-luckhurst,Mick Luckhurst,ATL,LA,1,1,1,3,39
1984-10-22,1984,8,REG,1984_08_LA_ATL,nfl-mike-lansford,Mike Lansford,LA,ATL,3,3,1,2,18
1984-10-28,1984,9,REG,1984_09_ATL_PIT,nfl-gary-anderson,Gary Anderson,PIT,ATL,5,5,0,0,
1984-10-28,1984,9,REG,1984_09_ATL_PIT,nfl-mick-luckhurst,Mick Luckhurst,ATL,PIT,1,1,1,2,40
1984-10-28,1984,9,REG,1984_09_BUF_MIA,nfl-joe-danelo,Joe Danelo,BUF,MIA,1,1,0,1,
1984-10-28,1984,9,REG,1984_09_BUF_MIA,nfl-uwe-von-schamann,Uwe von Schamann,MIA,BUF,5,5,1,1,22
1984-10-28,1984,9,REG,1984_09_CIN_HOU,nfl-florian-kempf,Florian Kempf,HOU,CIN,1,1,0,0,
1984-10-28,1984,9,REG,1984_09_CIN_HOU,nfl-jim-breech,Jim Breech,CIN,HOU,4,4,1,1,33
1984-10-28,1984,9,REG,1984_09_DEN_LA,nfl-chris-bahr,Chris Bahr,LA,DEN,2,2,1,2,44
1984-10-28,1984,9,REG,1984_09_IND_DAL,nfl-raul-allegre,Raul Allegre,IND,DAL,0,0,1,1,52
1984-10-28,1984,9,REG,1984_09_MIN_CHI,nfl-bob-thomas,Bob Thomas,CHI,MIN,1,2,1,2,19
1984-10-28,1984,9,REG,1984_09_MIN_CHI,nfl-jan-stenerud,Jan Stenerud,MIN,CHI,1,1,0,1,
1984-10-28,1984,9,REG,1984_09_NO_CLE,nfl-matt-bahr,Matt Bahr,CLE,NO,2,2,0,2,
1984-10-28,1984,9,REG,1984_09_STL_PHI,nfl-paul-mcfadden,Paul McFadden,PHI,STL,2,2,0,0,
1984-10-28,1984,9,REG,1984_09_TB_KC,nfl-nick-lowery,Nick Lowery,KC,TB,3,3,1,3,47
1984-10-28,1984,9,REG,1984_09_WAS_NYG,nfl-ali-haji-sheikh,Ali Haji-Sheikh,NYG,WAS,4,5,1,1,19
1984-10-29,1984,9,REG,1984_09_SEA_SD,nfl-norm-johnson,Norm Johnson,SEA,SD,3,3,1,1,42
1984-11-04,1984,10,REG,1984_10_CIN_SF,nfl-jim-breech,Jim Breech,CIN,SF,2,2,1,1,39
1984-11-04,1984,10,REG,1984_10_CLE_BUF,nfl-chuck-nelson,Chuck Nelson,BUF,CLE,1,1,1,2,42
1984-11-04,1984,10,REG,1984_10_HOU_PIT,nfl-gary-anderson,Gary Anderson,PIT,HOU,5,5,0,0,
1984-11-04,1984,10,REG,1984_10_HOU_PIT,nfl-joe-cooper,Joe Cooper,HOU,PIT,1,1,0,1,
1984-11-04,1984,10,REG,1984_10_KC_SEA,nfl-norm-johnson,Norm Johnson,SEA,KC,6,6,1,2,29
1984-11-04,1984,10,REG,1984_10_LA_CHI,nfl-bob-thomas,Bob Thomas,CHI,LA,2,2,1,1,29
1984-11-04,1984,10,REG,1984_10_MIA_NYJ,nfl-pat-leahy,Pat Leahy,NYJ,MIA,2,2,1,2,32
1984-11-04,1984,10,REG,1984_10_MIA_NYJ,nfl-uwe-von-schamann,Uwe von Schamann,MIA,NYJ,4,4,1,2,30
1984-11-04,1984,10,REG,1984_10_NE_DEN,nfl-rich-karlis,Rich Karlis,DEN,NE,2,4,0,0,
1984-11-04,1984,10,REG,1984_10_NYG_DAL,nfl-rafael-septien,Rafael Septien,DAL,NYG,1,1,0,0,
1984-11-04,1984,10,REG,1984_10_SD_IND,nfl-raul-allegre,Raul Allegre,IND,SD,1,1,1,2,54
1984-11-04,1984,10,REG,1984_10_SD_IND,nfl-rolf-benirschke,Rolf Benirschke,SD,IND,5,5,1,1,23
1984-11-04,1984,10,REG,1984_10_TB_MIN,nfl-obed-ariri,Obed Ariri,TB,MIN,3,3,1,1,29
1984-11-05,1984,10,REG,1984_10_ATL_WAS,nfl-mark-moseley,Mark Moseley,WAS,ATL,3,4,0,0,
1984-11-05,1984,10,REG,1984_10_ATL_WAS,nfl-mick-luckhurst,Mick Luckhurst,ATL,WAS,2,2,0,0,
1984-11-11,1984,11,REG,1984_11_BUF_NE,nfl-chuck-nelson,Chuck Nelson,BUF,NE,1,1,1,2,34
1984-11-11,1984,11,REG,1984_11_BUF_NE,nfl-tony-franklin-2,Tony Franklin,NE,BUF,5,5,1,1,21
1984-11-11,1984,11,REG,1984_11_DAL_STL,nfl-neil-o-donoghue,Neil O'Donoghue,STL,DAL,2,2,1,2,30
1984-11-11,1984,11,REG,1984_11_DAL_STL,nfl-rafael-septien,Rafael Septien,DAL,STL,3,3,1,4,35
1984-11-11,1984,11,REG,1984_11_DET_WAS,nfl-eddie-murray,Eddie Murray,DET,WAS,2,2,0,0,
1984-11-11,1984,11,REG,1984_11_DET_WAS,nfl-mark-moseley,Mark Moseley,WAS,DET,4,4,0,0,
1984-11-11,1984,11,REG,1984_11_HOU_KC,nfl-joe-cooper,Joe Cooper,HOU,KC,2,2,1,1,44
1984-11-11,1984,11,REG,1984_11_IND_NYJ,nfl-pat-leahy,Pat Leahy,NYJ,IND,0,0,1,1,27
1984-11-11,1984,11,REG,1984_11_MIN_GB,nfl-al-del-greco,Al Del Greco,GB,MIN,6,6,1,1,24
1984-11-11,1984,11,REG,1984_11_MIN_GB,nfl-jan-stenerud,Jan Stenerud,MIN,GB,2,2,1,2,39
1984-11-11,1984,11,REG,1984_11_NO_ATL,nfl-morten-andersen,Morten Andersen,NO,ATL,2,2,1,3,47
1984-11-11,1984,11,REG,1984_11_NYG_TB,nfl-ali-haji-sheikh,Ali Haji-Sheikh,NYG,TB,2,2,1,1,41
1984-11-11,1984,11,REG,1984_11_PHI_MIA,nfl-paul-mcfadden,Paul McFadden,PHI,MIA,2,3,1,1,45
1984-11-11,1984,11,REG,1984_11_PHI_MIA,nfl-uwe-von-schamann,Uwe von Schamann,MIA,PHI,3,3,1,1,27
1984-11-11,1984,11,REG,1984_11_SF_CLE,nfl-matt-bahr,Matt Bahr,CLE,SF,1,1,0,0,
1984-11-12,1984,11,REG,1984_11_LA_SEA,nfl-chris-bahr,Chris Bahr,LA,SEA,2,2,0,1,
1984-11-12,1984,11,REG,1984_11_LA_SEA,nfl-norm-johnson,Norm Johnson,SEA,LA,2,2,1,1,27
1984-11-18,1984,12,REG,1984_12_CLE_ATL,nfl-mick-luckhurst,Mick Luckhurst,ATL,CLE,1,1,0,0,
1984-11-18,1984,12,REG,1984_12_DAL_BUF,nfl-chuck-nelson,Chuck Nelson,BUF,DAL,2,2,0,0,
1984-11-18,1984,12,REG,1984_12_DAL_BUF,nfl-rafael-septien,Rafael Septien,DAL,BUF,0,0,1,2,20
1984-11-18,1984,12,REG,1984_12_DET_CHI,nfl-eddie-murray,Eddie Murray,DET,CHI,2,2,0,0,
1984-11-18,1984,12,REG,1984_12_KC_LA,nfl-chris-bahr,Chris Bahr,LA,KC,2,2,1,1,22
1984-11-18,1984,12,REG,1984_12_KC_LA,nfl-nick-lowery,Nick Lowery,KC,LA,1,1,0,1,
1984-11-18,1984,12,REG,1984_12_LA_GB,nfl-al-del-greco,Al Del Greco,GB,LA,4,4,1,3,21
1984-11-18,1984,12,REG,1984_12_MIA_SD,nfl-rolf-benirschke,Rolf Benirschke,SD,MIA,4,4,0,1,
1984-11-18,1984,12,REG,1984_12_MIA_SD,nfl-uwe-von-schamann,Uwe von Schamann,MIA,SD,4,4,0,1,
1984-11-18,1984,12,REG,1984_12_MIN_DEN,nfl-jan-stenerud,Jan Stenerud,MIN,DEN,3,3,0,0,
1984-11-18,1984,12,REG,1984_12_MIN_DEN,nfl-rich-karlis,Rich Karlis,DEN,MIN,6,6,0,0,
1984-11-18,1984,12,REG,1984_12_NE_IND,nfl-raul-allegre,Raul Allegre,IND,NE,2,2,1,2,35
1984-11-18,1984,12,REG,1984_12_NYJ_HOU,nfl-joe-cooper,Joe Cooper,HOU,NYJ,4,4,1,1,43
1984-11-18,1984,12,REG,1984_12_SEA_CIN,nfl-norm-johnson,Norm Johnson,SEA,CIN,3,3,1,1,25
1984-11-18,1984,12,REG,1984_12_STL_NYG,nfl-neil-o-donoghue,Neil O'Donoghue,STL,NYG,1,1,1,1,20
1984-11-18,1984,12,REG,1984_12_TB_SF,nfl-obed-ariri,Obed Ariri,TB,SF,2,2,1,2,27
1984-11-18,1984,12,REG,1984_12_TB_SF,nfl-ray-wersching,Ray Wersching,SF,TB,3,3,1,1,39
1984-11-18,1984,12,REG,1984_12_WAS_PHI,nfl-mark-moseley,Mark Moseley,WAS,PHI,1,1,1,2,33
1984-11-19,1984,12,REG,1984_12_PIT_NO,nfl-gary-anderson,Gary Anderson,PIT,NO,3,3,1,2,21
1984-11-22,1984,13,REG,1984_13_GB_DET,nfl-al-del-greco,Al Del Greco,GB,DET,4,4,0,0,
1984-11-22,1984,13,REG,1984_13_GB_DET,nfl-eddie-murray,Eddie Murray,DET,GB,4,4,1,2,32
1984-11-22,1984,13,REG,1984_13_NE_DAL,nfl-tony-franklin-2,Tony Franklin,NE,DAL,2,2,1,2,29
1984-11-25,1984,13,REG,1984_13_ATL_CIN,nfl-jim-breech,Jim Breech,CIN,ATL,5,5,0,1,
1984-11-25,1984,13,REG,1984_13_ATL_CIN,nfl-mick-luckhurst,Mick Luckhurst,ATL,CIN,2,2,0,1,
1984-11-25,1984,13,REG,1984_13_BUF_WAS,nfl-chuck-nelson,Chuck Nelson,BUF,WAS,2,2,0,0,
1984-11-25,1984,13,REG,1984_13_CHI_MIN,nfl-jan-stenerud,Jan Stenerud,MIN,CHI,0,0,1,1,19
1984-11-25,1984,13,REG,1984_13_HOU_CLE,nfl-joe-cooper,Joe Cooper,HOU,CLE,1,1,1,1,39
1984-11-25,1984,13,REG,1984_13_IND_LA,nfl-chris-bahr,Chris Bahr,LA,IND,3,3,0,0,
1984-11-25,1984,13,REG,1984_13_IND_LA,nfl-raul-allegre,Raul Allegre,IND,LA,1,1,0,0,
1984-11-25,1984,13,REG,1984_13_KC_NYG,nfl-ali-haji-sheikh,Ali Haji-Sheikh,NYG,KC,4,4,0,1,
1984-11-25,1984,13,REG,1984_13_PHI_STL,nfl-neil-o-donoghue,Neil O'Donoghue,STL,PHI,2,2,1,1,44
1984-11-25,1984,13,REG,1984_13_SD_PIT,nfl-gary-anderson,Gary Anderson,PIT,SD,7,7,1,1,55
1984-11-25,1984,13,REG,1984_13_SD_PIT,nfl-rolf-benirschke,Rolf Benirschke,SD,PIT,3,3,1,2,29
1984-11-25,1984,13,REG,1984_13_SEA_DEN,nfl-rich-karlis,Rich Karlis,DEN,SEA,3,3,1,2,27
1984-11-25,1984,13,REG,1984_13_SF_NO,nfl-morten-andersen,Morten Andersen,NO,SF,0,0,1,2,27
1984-11-25,1984,13,REG,1984_13_SF_NO,nfl-ray-wersching,Ray Wersching,SF,NO,5,5,0,2,
1984-11-26,1984,13,REG,1984_13_NYJ_MIA,nfl-pat-leahy,Pat Leahy,NYJ,MIA,2,2,1,1,30
1984-11-26,1984,13,REG,1984_13_NYJ_MIA,nfl-uwe-von-schamann,Uwe von Schamann,MIA,NYJ,4,4,0,0,
1984-11-29,1984,14,REG,1984_14_WAS_MIN,nfl-jan-stenerud,Jan Stenerud,MIN,WAS,2,2,1,1,31
1984-11-29,1984,14,REG,1984_14_WAS_MIN,nfl-mark-moseley,Mark Moseley,WAS,MIN,4,4,1,2,30
1984-12-02,1984,14,REG,1984_14_CIN_CLE,nfl-matt-bahr,Matt Bahr,CLE,CIN,2,2,1,1,24
1984-12-02,1984,14,REG,1984_14_DAL_PHI,nfl-paul-mcfadden,Paul McFadden,PHI,DAL,1,1,1,1,23
1984-12-02,1984,14,REG,1984_14_DAL_PHI,nfl-rafael-septien,Rafael Septien,DAL,PHI,3,3,1,1,32
1984-12-02,1984,14,REG,1984_14_DET_SEA,nfl-eddie-murray,Eddie Murray,DET,SEA,2,2,1,1,45
1984-12-02,1984,14,REG,1984_14_DET_SEA,nfl-norm-johnson,Norm Johnson,SEA,DET,5,5,1,1,36
1984-12-02,1984,14,REG,1984_14_IND_BUF,nfl-chuck-nelson,Chuck Nelson,BUF,IND,3,3,0,0,
1984-12-02,1984,14,REG,1984_14_LA_MIA,nfl-chris-bahr,Chris Bahr,LA,MIA,6,6,1,1,44
1984-12-02,1984,14,REG,1984_14_LA_MIA,nfl-uwe-von-schamann,Uwe von Schamann,MIA,LA,4,5,0,0,
1984-12-02,1984,14,REG,1984_14_NO_LA,nfl-morten-andersen,Morten Andersen,NO,LA,3,3,0,0,
1984-12-02,1984,14,REG,1984_14_NYG_NYJ,nfl-pat-leahy,Pat Leahy,NYJ,NYG,1,1,1,3,43
1984-12-02,1984,14,REG,1984_14_SF_ATL,nfl-mick-luckhurst,Mick Luckhurst,ATL,SF,2,2,1,1,32
1984-12-02,1984,14,REG,1984_14_SF_ATL,nfl-ray-wersching,Ray Wersching,SF,ATL,5,5,0,2,
1984-12-02,1984,14,REG,1984_14_STL_NE,nfl-tony-franklin-2,Tony Franklin,NE,STL,1,1,1,1,19
1984-12-02,1984,14,REG,1984_14_TB_GB,nfl-al-del-greco,Al Del Greco,GB,TB,3,3,0,0,
1984-12-02,1984,14,REG,1984_14_TB_GB,nfl-obed-ariri,Obed Ariri,TB,GB,2,2,0,1,
1984-12-03,1984,14,REG,1984_14_CHI_SD,nfl-bob-thomas,Bob Thomas,CHI,SD,1,1,0,0,
1984-12-08,1984,15,REG,1984_15_BUF_NYJ,nfl-chuck-nelson,Chuck Nelson,BUF,NYJ,2,2,1,1,47
1984-12-08,1984,15,REG,1984_15_BUF_NYJ,nfl-pat-leahy,Pat Leahy,NYJ,BUF,3,3,0,0,
1984-12-08,1984,15,REG,1984_15_MIN_SF,nfl-jan-stenerud,Jan Stenerud,MIN,SF,1,1,0,0,
1984-12-09,1984,15,REG,1984_15_CIN_NO,nfl-jim-breech,Jim Breech,CIN,NO,3,3,1,2,35
1984-12-09,1984,15,REG,1984_15_CIN_NO,nfl-morten-andersen,Morten Andersen,NO,CIN,3,3,0,0,
1984-12-09,1984,15,REG,1984_15_GB_CHI,nfl-al-del-greco,Al Del Greco,GB,CHI,2,2,0,1,
1984-12-09,1984,15,REG,1984_15_GB_CHI,nfl-bob-thomas,Bob Thomas,CHI,GB,2,2,0,0,
1984-12-09,1984,15,REG,1984_15_MIA_IND,nfl-raul-allegre,Raul Allegre,IND,MIA,2,2,1,2,52
1984-12-09,1984,15,REG,1984_15_MIA_IND,nfl-uwe-von-schamann,Uwe von Schamann,MIA,IND,5,5,0,0,
1984-12-09,1984,15,REG,1984_15_NE_PHI,nfl-tony-franklin-2,Tony Franklin,NE,PHI,2,2,1,2,24
1984-12-09,1984,15,REG,1984_15_NYG_STL,nfl-ali-haji-sheikh,Ali Haji-Sheikh,NYG,STL,3,3,0,2,
1984-12-09,1984,15,REG,1984_15_NYG_STL,nfl-neil-o-donoghue,Neil O'Donoghue,STL,NYG,4,4,1,2,34
1984-12-09,1984,15,REG,1984_15_SEA_KC,nfl-norm-johnson,Norm Johnson,SEA,KC,1,1,0,0,
1984-12-09,1984,15,REG,1984_15_WAS_DAL,nfl-rafael-septien,Rafael Septien,DAL,WAS,4,4,0,0,
1984-12-10,1984,15,REG,1984_15_LA_DET,nfl-chris-bahr,Chris Bahr,LA,DET,3,3,1,2,37
1984-12-10,1984,15,REG,1984_15_LA_DET,nfl-eddie-murray,Eddie Murray,DET,LA,0,0,1,1,48
1984-12-14,1984,16,REG,1984_16_LA_SF,nfl-ray-wersching,Ray Wersching,SF,LA,2,2,1,2,38
1984-12-15,1984,16,REG,1984_16_DEN_SEA,nfl-norm-johnson,Norm Johnson,SEA,DEN,2,2,0,1,
1984-12-15,1984,16,REG,1984_16_DEN_SEA,nfl-rich-karlis,Rich Karlis,DEN,SEA,4,4,1,1,34
1984-12-15,1984,16,REG,1984_16_NO_NYG,nfl-ali-haji-sheikh,Ali Haji-Sheikh,NYG,NO,0,0,1,2,37
1984-12-15,1984,16,REG,1984_16_NO_NYG,nfl-morten-andersen,Morten Andersen,NO,NYG,1,1,1,2,37
1984-12-16,1984,16,REG,1984_16_BUF_CIN,nfl-chuck-nelson,Chuck Nelson,BUF,CIN,3,3,0,0,
1984-12-16,1984,16,REG,1984_16_BUF_CIN,nfl-jim-breech,Jim Breech,CIN,BUF,7,7,1,1,36
1984-12-16,1984,16,REG,1984_16_GB_MIN,nfl-al-del-greco,Al Del Greco,GB,MIN,5,5,1,1,30
1984-12-16,1984,16,REG,1984_16_GB_MIN,nfl-jan-stenerud,Jan Stenerud,MIN,GB,2,2,0,0,
1984-12-16,1984,16,REG,1984_16_IND_NE,nfl-raul-allegre,Raul Allegre,IND,NE,1,1,1,2,25
1984-12-16,1984,16,REG,1984_16_KC_SD,nfl-nick-lowery,Nick Lowery,KC,SD,6,6,0,0,
1984-12-16,1984,16,REG,1984_16_KC_SD,nfl-rolf-benirschke,Rolf Benirschke,SD,KC,3,3,0,1,
1984-12-16,1984,16,REG,1984_16_NYJ_TB,nfl-pat-leahy,Pat Leahy,NYJ,TB,3,3,0,1,
1984-12-16,1984,16,REG,1984_16_PHI_ATL,nfl-paul-mcfadden,Paul McFadden,PHI,ATL,1,1,1,2,20
1984-12-16,1984,16,REG,1984_16_PIT_LA,nfl-chris-bahr,Chris Bahr,LA,PIT,1,1,0,0,
1984-12-17,1984,16,REG,1984_16_DAL_MIA,nfl-rafael-septien,Rafael Septien,DAL,MIA,3,3,0,0,
1984-12-17,1984,16,REG,1984_16_DAL_MIA,nfl-uwe-von-schamann,Uwe von Schamann,MIA,DAL,4,4,0,0,
1985-09-08,1985,1,REG,1985_01_DEN_LA,nfl-rich-karlis,Rich Karlis,DEN,LA,1,2,1,1,24
1985-09-08,1985,1,REG,1985_01_DET_ATL,nfl-eddie-murray,Eddie Murray,DET,ATL,4,4,0,0,
1985-09-08,1985,1,REG,1985_01_GB_NE,nfl-al-del-greco,Al Del Greco,GB,NE,2,3,0,1,
1985-09-08,1985,1,REG,1985_01_GB_NE,nfl-tony-franklin-2,Tony Franklin,NE,GB,3,3,1,1,34
1985-09-08,1985,1,REG,1985_01_IND_PIT,nfl-gary-anderson,Gary Anderson,PIT,IND,6,6,1,2,30
1985-09-08,1985,1,REG,1985_01_IND_PIT,nfl-raul-allegre,Raul Allegre,IND,PIT,0,0,1,1,39
1985-09-08,1985,1,REG,1985_01_NYJ_LA,nfl-chris-bahr,Chris Bahr,LA,NYJ,4,4,1,2,30
1985-09-08,1985,1,REG,1985_01_NYJ_LA,nfl-pat-leahy,Pat Leahy,NYJ,LA,0,0,0,2,
1985-09-08,1985,1,REG,1985_01_PHI_NYG,nfl-ali-haji-sheikh,Ali Haji-Sheikh,NYG,PHI,3,3,0,2,
1985-09-08,1985,1,REG,1985_01_SD_BUF,nfl-rolf-benirschke,Rolf Benirschke,SD,BUF,2,2,0,0,
1985-09-08,1985,1,REG,1985_01_SEA_CIN,nfl-jim-breech,Jim Breech,CIN,SEA,3,3,1,1,22
1985-09-08,1985,1,REG,1985_01_SEA_CIN,nfl-norm-johnson,Norm Johnson,SEA,CIN,4,4,0,0,
1985-09-08,1985,1,REG,1985_01_SF_MIN,nfl-jan-stenerud,Jan Stenerud,MIN,SF,4,4,0,0,
1985-09-08,1985,1,REG,1985_01_SF_MIN,nfl-ray-wersching,Ray Wersching,SF,MIN,3,3,0,0,
1985-09-08,1985,1,REG,1985_01_STL_CLE,nfl-matt-bahr,Matt Bahr,CLE,STL,3,3,1,1,33
1985-09-08,1985,1,REG,1985_01_TB_CHI,nfl-donald-igwebuike,Donald Igwebuike,TB,CHI,4,4,0,1,
1985-09-08,1985,1,REG,1985_01_TB_CHI,nfl-kevin-butler,Kevin Butler,CHI,TB,5,5,1,3,38
1985-09-09,1985,1,REG,1985_01_WAS_DAL,nfl-mark-moseley,Mark Moseley,WAS,DAL,2,2,0,0,
1985-09-12,1985,2,REG,1985_02_LA_KC,nfl-chris-bahr,Chris Bahr,LA,KC,2,3,0,0,
1985-09-15,1985,2,REG,1985_02_ATL_SF,nfl-ray-wersching,Ray Wersching,SF,ATL,5,5,0,1,
1985-09-15,1985,2,REG,1985_02_BUF_NYJ,nfl-pat-leahy,Pat Leahy,NYJ,BUF,6,6,0,1,
1985-09-15,1985,2,REG,1985_02_BUF_NYJ,nfl-scott-norwood,Scott Norwood,BUF,NYJ,0,0,1,1,32
1985-09-15,1985,2,REG,1985_02_DAL_DET,nfl-rafael-septien,Rafael Septien,DAL,DET,3,3,0,2,
1985-09-15,1985,2,REG,1985_02_HOU_WAS,nfl-mark-moseley,Mark Moseley,WAS,HOU,1,2,1,1,34
1985-09-15,1985,2,REG,1985_02_IND_MIA,nfl-raul-allegre,Raul Allegre,IND,MIA,1,2,0,1,
1985-09-15,1985,2,REG,1985_02_LA_PHI,nfl-mike-lansford,Mike Lansford,LA,PHI,2,2,1,3,33
1985-09-15,1985,2,REG,1985_02_MIN_TB,nfl-donald-igwebuike,Donald Igwebuike,TB,MIN,1,2,1,2,25
1985-09-15,1985,2,REG,1985_02_MIN_TB,nfl-jan-stenerud,Jan Stenerud,MIN,TB,4,4,1,1,31
1985-09-15,1985,2,REG,1985_02_NE_CHI,nfl-tony-franklin-2,Tony Franklin,NE,CHI,1,1,0,0,
1985-09-15,1985,2,REG,1985_02_NO_DEN,nfl-morten-andersen,Morten Andersen,NO,DEN,2,3,1,2,55
1985-09-15,1985,2,REG,1985_02_NYG_GB,nfl-al-del-greco,Al Del Greco,GB,NYG,2,3,1,1,40
1985-09-15,1985,2,REG,1985_02_SEA_SD,nfl-bob-thomas,Bob Thomas,SD,SEA,2,5,1,1,21
1985-09-15,1985,2,REG,1985_02_SEA_SD,nfl-norm-johnson,Norm Johnson,SEA,SD,7,7,0,1,
1985-09-16,1985,2,REG,1985_02_PIT_CLE,nfl-gary-anderson,Gary Anderson,PIT,CLE,1,1,0,0,
1985-09-16,1985,2,REG,1985_02_PIT_CLE,nfl-matt-bahr,Matt Bahr,CLE,PIT,2,2,1,1,18
1985-09-19,1985,3,REG,1985_03_CHI_MIN,nfl-jan-stenerud,Jan Stenerud,MIN,CHI,3,3,1,1,25
1985-09-22,1985,3,REG,1985_03_CLE_DAL,nfl-matt-bahr,Matt Bahr,CLE,DAL,1,1,0,0,
1985-09-22,1985,3,REG,1985_03_DEN_ATL,nfl-mick-luckhurst,Mick Luckhurst,ATL,DEN,4,4,0,0,
1985-09-22,1985,3,REG,1985_03_DET_IND,nfl-raul-allegre,Raul Allegre,IND,DET,2,2,0,2,
1985-09-22,1985,3,REG,1985_03_KC_MIA,nfl-fuad-reveiz,Fuad Reveiz,MIA,KC,4,4,1,1,37
1985-09-22,1985,3,REG,1985_03_KC_MIA,nfl-nick-lowery,Nick Lowery,KC,MIA,0,0,0,1,
1985-09-22,1985,3,REG,1985_03_NE_BUF,nfl-scott-norwood,Scott Norwood,BUF,NE,2,2,0,0,
1985-09-22,1985,3,REG,1985_03_NE_BUF,nfl-tony-franklin-2,Tony Franklin,NE,BUF,2,2,1,1,32
1985-09-22,1985,3,REG,1985_03_NYJ_GB,nfl-al-del-greco,Al Del Greco,GB,NYJ,0,0,1,1,39
1985-09-22,1985,3,REG,1985_03_NYJ_GB,nfl-pat-leahy,Pat Leahy,NYJ,GB,3,3,1,2,25
1985-09-22,1985,3,REG,1985_03_SD_CIN,nfl-jim-breech,Jim Breech,CIN,SD,5,6,0,0,
1985-09-22,1985,3,REG,1985_03_SF_LA,nfl-chris-bahr,Chris Bahr,LA,SF,1,1,1,2,24
1985-09-22,1985,3,REG,1985_03_STL_NYG,nfl-neil-o-donoghue,Neil O'Donoghue,STL,NYG,2,2,1,2,21
1985-09-23,1985,3,REG,1985_03_LA_SEA,nfl-mike-lansford,Mike Lansford,LA,SEA,5,5,0,0,
1985-09-23,1985,3,REG,1985_03_LA_SEA,nfl-norm-johnson,Norm Johnson,SEA,LA,3,3,1,1,26
1985-09-29,1985,4,REG,1985_04_ATL_LA,nfl-mike-lansford,Mike Lansford,LA,ATL,2,2,1,1,52
1985-09-29,1985,4,REG,1985_04_CLE_SD,nfl-bob-thomas,Bob Thomas,SD,CLE,1,1,0,1,
1985-09-29,1985,4,REG,1985_04_CLE_SD,nfl-matt-bahr,Matt Bahr,CLE,SD,3,3,0,0,
1985-09-29,1985,4,REG,1985_04_DAL_HOU,nfl-rafael-septien,Rafael Septien,DAL,HOU,2,2,1,5,35
1985-09-29,1985,4,REG,1985_04_DAL_HOU,nfl-tony-zendejas,Tony Zendejas,HOU,DAL,1,1,1,2,33
1985-09-29,1985,4,REG,1985_04_GB_STL,nfl-al-del-greco,Al Del Greco,GB,STL,4,4,0,0,
1985-09-29,1985,4,REG,1985_04_LA_NE,nfl-chris-bahr,Chris Bahr,LA,NE,5,5,0,0,
1985-09-29,1985,4,REG,1985_04_MIN_BUF,nfl-jan-stenerud,Jan Stenerud,MIN,BUF,3,4,0,0,
1985-09-29,1985,4,REG,1985_04_NO_SF,nfl-ray-wersching,Ray Wersching,SF,NO,2,2,1,1,42
1985-09-29,1985,4,REG,1985_04_NYG_PHI,nfl-jess-atkinson,Jess Atkinson,NYG,PHI,1,1,1,3,49
1985-09-29,1985,4,REG,1985_04_NYG_PHI,nfl-paul-mcfadden,Paul McFadden,PHI,NYG,1,1,1,2,41
1985-09-29,1985,4,REG,1985_04_SEA_KC,nfl-nick-lowery,Nick Lowery,KC,SEA,4,4,0,0,
1985-09-29,1985,4,REG,1985_04_SEA_KC,nfl-norm-johnson,Norm Johnson,SEA,KC,1,1,0,1,
1985-09-29,1985,4,REG,1985_04_WAS_CHI,nfl-kevin-butler,Kevin Butler,CHI,WAS,6,6,1,1,28
1985-09-29,1985,4,REG,1985_04_WAS_CHI,nfl-mark-moseley,Mark Moseley,WAS,CHI,1,1,1,1,32
1985-09-30,1985,4,REG,1985_04_CIN_PIT,nfl-gary-anderson,Gary Anderson,PIT,CIN,3,3,1,2,29
1985-09-30,1985,4,REG,1985_04_CIN_PIT,nfl-jim-breech,Jim Breech,CIN,PIT,4,4,1,2,32
1985-10-06,1985,5,REG,1985_05_BUF_IND,nfl-raul-allegre,Raul Allegre,IND,BUF,7,7,0,0,
1985-10-06,1985,5,REG,1985_05_BUF_IND,nfl-scott-norwood,Scott Norwood,BUF,IND,2,2,1,1,45
1985-10-06,1985,5,REG,1985_05_DET_GB,nfl-eddie-murray,Eddie Murray,DET,GB,1,1,1,3,22
1985-10-06,1985,5,REG,1985_05_HOU_DEN,nfl-rich-karlis,Rich Karlis,DEN,HOU,4,4,1,3,37
1985-10-06,1985,5,REG,1985_05_KC_LA,nfl-nick-lowery,Nick Lowery,KC,LA,1,1,1,1,36
1985-10-06,1985,5,REG,1985_05_MIN_LA,nfl-jan-stenerud,Jan Stenerud,MIN,LA,1,1,1,2,24
1985-10-06,1985,5,REG,1985_05_NE_CLE,nfl-matt-bahr,Matt Bahr,CLE,NE,3,3,1,2,44
1985-10-06,1985,5,REG,1985_05_PHI_NO,nfl-paul-mcfadden,Paul McFadden,PHI,NO,3,3,0,0,
1985-10-06,1985,5,REG,1985_05_PIT_MIA,nfl-fuad-reveiz,Fuad Reveiz,MIA,PIT,3,3,1,2,35
1985-10-06,1985,5,REG,1985_05_SD_SEA,nfl-bob-thomas,Bob Thomas,SD,SEA,3,3,0,0,
1985-10-06,1985,5,REG,1985_05_SF_ATL,nfl-mick-luckhurst,Mick Luckhurst,ATL,SF,2,2,1,1,45
1985-10-06,1985,5,REG,1985_05_SF_ATL,nfl-ray-wersching,Ray Wersching,SF,ATL,5,5,1,2,37
1985-10-07,1985,5,REG,1985_05_STL_WAS,nfl-neil-o-donoghue,Neil O'Donoghue,STL,WAS,1,1,1,1,22
1985-10-13,1985,6,REG,1985_06_ATL_SEA,nfl-norm-johnson,Norm Johnson,SEA,ATL,3,3,0,0,
1985-10-13,1985,6,REG,1985_06_BUF_NE,nfl-scott-norwood,Scott Norwood,BUF,NE,0,0,1,1,47
1985-10-13,1985,6,REG,1985_06_BUF_NE,nfl-tony-franklin-2,Tony Franklin,NE,BUF,2,2,0,1,
1985-10-13,1985,6,REG,1985_06_CHI_SF,nfl-ray-wersching,Ray Wersching,SF,CHI,1,1,1,1,32
1985-10-13,1985,6,REG,1985_06_CLE_HOU,nfl-matt-bahr,Matt Bahr,CLE,HOU,3,3,0,0,
1985-10-13,1985,6,REG,1985_06_DEN_IND,nfl-raul-allegre,Raul Allegre,IND,DEN,1,1,1,2,28
1985-10-13,1985,6,REG,1985_06_DET_WAS,nfl-eddie-murray,Eddie Murray,DET,WAS,0,0,1,1,33
1985-10-13,1985,6,REG,1985_06_DET_WAS,nfl-mark-moseley,Mark Moseley,WAS,DET,3,3,1,1,24
1985-10-13,1985,6,REG,1985_06_KC_SD,nfl-bob-thomas,Bob Thomas,SD,KC,4,4,1,1,30
1985-10-13,1985,6,REG,1985_06_LA_TB,nfl-mike-lansford,Mike Lansford,LA,TB,4,4,1,1,27
1985-10-13,1985,6,REG,1985_06_MIN_GB,nfl-jan-stenerud,Jan Stenerud,MIN,GB,2,2,1,2,18
1985-10-13,1985,6,REG,1985_06_NO_LA,nfl-chris-bahr,Chris Bahr,LA,NO,3,3,0,1,
1985-10-13,1985,6,REG,1985_06_NYG_CIN,nfl-jim-breech,Jim Breech,CIN,NYG,5,5,0,0,
1985-10-13,1985,6,REG,1985_06_STL_PHI,nfl-neil-o-donoghue,Neil O'Donoghue,STL,PHI,1,1,0,2,
1985-10-14,1985,6,REG,1985_06_MIA_NYJ,nfl-fuad-reveiz,Fuad Reveiz,MIA,NYJ,1,1,0,0,
1985-10-20,1985,7,REG,1985_07_DAL_PHI,nfl-rafael-septien,Rafael Septien,DAL,PHI,2,2,0,0,
1985-10-20,1985,7,REG,1985_07_IND_BUF,nfl-scott-norwood,Scott Norwood,BUF,IND,3,3,0,0,
1985-10-20,1985,7,REG,1985_07_LA_CLE,nfl-chris-bahr,Chris Bahr,LA,CLE,3,3,0,1,
1985-10-20,1985,7,REG,1985_07_LA_KC,nfl-nick-lowery,Nick Lowery,KC,LA,0,0,0,1,
1985-10-20,1985,7,REG,1985_07_NO_ATL,nfl-mick-luckhurst,Mick Luckhurst,ATL,NO,4,4,1,1,31
1985-10-20,1985,7,REG,1985_07_NO_ATL,nfl-morten-andersen,Morten Andersen,NO,ATL,3,3,1,1,33
1985-10-20,1985,7,REG,1985_07_SD_MIN,nfl-bob-thomas,Bob Thomas,SD,MIN,2,2,1,1,42
1985-10-20,1985,7,REG,1985_07_SD_MIN,nfl-jan-stenerud,Jan Stenerud,MIN,SD,3,3,0,2,
1985-10-20,1985,7,REG,1985_07_SEA_DEN,nfl-norm-johnson,Norm Johnson,SEA,DEN,1,1,1,1,39
1985-10-20,1985,7,REG,1985_07_SF_DET,nfl-ray-wersching,Ray Wersching,SF,DET,3,3,0,0,
1985-10-20,1985,7,REG,1985_07_STL_PIT,nfl-neil-o-donoghue,Neil O'Donoghue,STL,PIT,1,1,1,1,19
1985-10-20,1985,7,REG,1985_07_TB_MIA,nfl-donald-igwebuike,Donald Igwebuike,TB,MIA,5,5,1,1,38
1985-10-20,1985,7,REG,1985_07_WAS_NYG,nfl-jess-atkinson,Jess Atkinson,NYG,WAS,2,2,1,1,47
1985-10-20,1985,7,REG,1985_07_WAS_NYG,nfl-mark-moseley,Mark Moseley,WAS,NYG,0,0,1,2,47
1985-10-21,1985,7,REG,1985_07_GB_CHI,nfl-al-del-greco,Al Del Greco,GB,CHI,1,1,0,1,
1985-10-21,1985,7,REG,1985_07_GB_CHI,nfl-kevin-butler,Kevin Butler,CHI,GB,3,3,0,0,
1985-10-27,1985,8,REG,1985_08_ATL_DAL,nfl-mick-luckhurst,Mick Luckhurst,ATL,DAL,1,1,1,3,38
1985-10-27,1985,8,REG,1985_08_ATL_DAL,nfl-rafael-septien,Rafael Septien,DAL,ATL,3,3,1,1,28
1985-10-27,1985,8,REG,1985_08_BUF_PHI,nfl-paul-mcfadden,Paul McFadden,PHI,BUF,3,3,0,0,
1985-10-27,1985,8,REG,1985_08_BUF_PHI,nfl-scott-norwood,Scott Norwood,BUF,PHI,2,2,1,1,26
1985-10-27,1985,8,REG,1985_08_DEN_KC,nfl-nick-lowery,Nick Lowery,KC,DEN,1,1,1,1,33
1985-10-27,1985,8,REG,1985_08_GB_IND,nfl-al-del-greco,Al Del Greco,GB,IND,1,1,1,1,29
1985-10-27,1985,8,REG,1985_08_HOU_STL,nfl-neil-o-donoghue,Neil O'Donoghue,STL,HOU,1,1,1,4,30
1985-10-27,1985,8,REG,1985_08_MIA_DET,nfl-eddie-murray,Eddie Murray,DET,MIA,4,4,1,1,50
1985-10-27,1985,8,REG,1985_08_MIA_DET,nfl-fuad-reveiz,Fuad Reveiz,MIA,DET,3,3,0,0,
1985-10-27,1985,8,REG,1985_08_MIN_CHI,nfl-jan-stenerud,Jan Stenerud,MIN,CHI,1,1,0,0,
1985-10-27,1985,8,REG,1985_08_NE_TB,nfl-donald-igwebuike,Donald Igwebuike,TB,NE,2,2,0,0,
1985-10-27,1985,8,REG,1985_08_NYG_NO,nfl-jess-atkinson,Jess Atkinson,NYG,NO,3,3,0,2,
1985-10-27,1985,8,REG,1985_08_PIT_CIN,nfl-gary-anderson,Gary Anderson,PIT,CIN,3,3,0,1,
1985-10-27,1985,8,REG,1985_08_SEA_NYJ,nfl-norm-johnson,Norm Johnson,SEA,NYJ,2,2,0,3,
1985-10-27,1985,8,REG,1985_08_SEA_NYJ,nfl-pat-leahy,Pat Leahy,NYJ,SEA,2,2,1,1,41
1985-10-27,1985,8,REG,1985_08_SF_LA,nfl-mike-lansford,Mike Lansford,LA,SF,2,2,0,1,
1985-10-27,1985,8,REG,1985_08_SF_LA,nfl-ray-wersching,Ray Wersching,SF,LA,4,4,0,2,
1985-10-27,1985,8,REG,1985_08_WAS_CLE,nfl-mark-moseley,Mark Moseley,WAS,CLE,2,2,0,1,
1985-10-27,1985,8,REG,1985_08_WAS_CLE,nfl-matt-bahr,Matt Bahr,CLE,WAS,1,1,0,1,
1985-10-28,1985,8,REG,1985_08_SD_LA,nfl-bob-thomas,Bob Thomas,SD,LA,3,3,0,1,
1985-11-03,1985,9,REG,1985_09_CHI_GB,nfl-al-del-greco,Al Del Greco,GB,CHI,1,1,1,1,40
1985-11-03,1985,9,REG,1985_09_CHI_GB,nfl-kevin-butler,Kevin Butler,CHI,GB,2,2,0,0,
1985-11-03,1985,9,REG,1985_09_CIN_BUF,nfl-jim-breech,Jim Breech,CIN,BUF,2,3,1,1,31
1985-11-03,1985,9,REG,1985_09_CIN_BUF,nfl-scott-norwood,Scott Norwood,BUF,CIN,2,2,1,2,43
1985-11-03,1985,9,REG,1985_09_CLE_PIT,nfl-gary-anderson,Gary Anderson,PIT,CLE,1,1,1,1,25
1985-11-03,1985,9,REG,1985_09_DEN_SD,nfl-rich-karlis,Rich Karlis,DEN,SD,1,1,1,3,36
1985-11-03,1985,9,REG,1985_09_KC_HOU,nfl-tony-zendejas,Tony Zendejas,HOU,KC,2,3,1,2,38
1985-11-03,1985,9,REG,1985_09_LA_SEA,nfl-chris-bahr,Chris Bahr,LA,SEA,0,0,1,2,30
1985-11-03,1985,9,REG,1985_09_MIA_NE,nfl-tony-franklin-2,Tony Franklin,NE,MIA,2,2,1,1,38
1985-11-03,1985,9,REG,1985_09_NO_LA,nfl-mike-lansford,Mike Lansford,LA,NO,4,4,0,0,
1985-11-03,1985,9,REG,1985_09_NO_LA,nfl-morten-andersen,Morten Andersen,NO,LA,1,1,1,1,51
1985-11-03,1985,9,REG,1985_09_NYJ_IND,nfl-pat-leahy,Pat Leahy,NYJ,IND,5,5,0,0,
1985-11-03,1985,9,REG,1985_09_NYJ_IND,nfl-raul-allegre,Raul Allegre,IND,NYJ,2,2,1,1,23
1985-11-03,1985,9,REG,1985_09_PHI_SF,nfl-ray-wersching,Ray Wersching,SF,PHI,3,3,1,2,36
1985-11-03,1985,9,REG,1985_09_WAS_ATL,nfl-mick-luckhurst,Mick Luckhurst,ATL,WAS,1,1,1,1,28
1985-11-04,1985,9,REG,1985_09_DAL_NYG,nfl-jess-atkinson,Jess Atkinson,NYG,DAL,3,3,0,1,
1985-11-04,1985,9,REG,1985_09_DAL_STL,nfl-rafael-septien,Rafael Septien,DAL,STL,1,1,1,1,19
1985-11-10,1985,10,REG,1985_10_ATL_PHI,nfl-mick-luckhurst,Mick Luckhurst,ATL,PHI,2,2,1,2,27
1985-11-10,1985,10,REG,1985_10_ATL_PHI,nfl-paul-mcfadden,Paul McFadden,PHI,ATL,2,2,1,1,30
1985-11-10,1985,10,REG,1985_10_CLE_CIN,nfl-matt-bahr,Matt Bahr,CLE,CIN,1,1,1,1,39
1985-11-10,1985,10,REG,1985_10_DAL_WAS,nfl-mark-moseley,Mark Moseley,WAS,DAL,1,1,0,1,
1985-11-10,1985,10,REG,1985_10_DET_CHI,nfl-eddie-murray,Eddie Murray,DET,CHI,0,0,1,1,34
1985-11-10,1985,10,REG,1985_10_DET_CHI,nfl-kevin-butler,Kevin Butler,CHI,DET,3,3,1,2,39
1985-11-10,1985,10,REG,1985_10_GB_MIN,nfl-jan-stenerud,Jan Stenerud,MIN,GB,2,2,1,2,24
1985-11-10,1985,10,REG,1985_10_IND_NE,nfl-raul-allegre,Raul Allegre,IND,NE,1,2,0,0,
1985-11-10,1985,10,REG,1985_10_LA_NYG,nfl-eric-schubert,Eric Schubert,NYG,LA,3,3,1,1,40
1985-11-10,1985,10,REG,1985_10_LA_SD,nfl-chris-bahr,Chris Bahr,LA,SD,4,5,0,1,
1985-11-10,1985,10,REG,1985_10_NYG_TB,nfl-jess-atkinson,Jess Atkinson,NYG,TB,0,0,0,2,
1985-11-10,1985,10,REG,1985_10_NYJ_MIA,nfl-fuad-reveiz,Fuad Reveiz,MIA,NYJ,3,3,0,0,
1985-11-10,1985,10,REG,1985_10_NYJ_MIA,nfl-pat-leahy,Pat Leahy,NYJ,MIA,2,2,1,4,21
1985-11-10,1985,10,REG,1985_10_PIT_KC,nfl-nick-lowery,Nick Lowery,KC,PIT,4,4,0,0,
1985-11-10,1985,10,REG,1985_10_SEA_NO,nfl-morten-andersen,Morten Andersen,NO,SEA,0,0,1,2,20
1985-11-11,1985,10,REG,1985_10_SF_DEN,nfl-rich-karlis,Rich Karlis,DEN,SF,2,2,1,2,24
1985-11-17,1985,11,REG,1985_11_BUF_CLE,nfl-matt-bahr,Matt Bahr,CLE,BUF,2,2,1,1,40
1985-11-17,1985,11,REG,1985_11_BUF_CLE,nfl-scott-norwood,Scott Norwood,BUF,CLE,1,1,0,0,
1985-11-17,1985,11,REG,1985_11_KC_SF,nfl-nick-lowery,Nick Lowery,KC,SF,0,0,1,1,46
1985-11-17,1985,11,REG,1985_11_KC_SF,nfl-ray-wersching,Ray Wersching,SF,KC,4,4,1,1,41
1985-11-17,1985,11,REG,1985_11_LA_ATL,nfl-mike-lansford,Mike Lansford,LA,ATL,2,2,0,0,
1985-11-17,1985,11,REG,1985_11_MIN_DET,nfl-jan-stenerud,Jan Stenerud,MIN,DET,3,3,0,0,
1985-11-17,1985,11,REG,1985_11_NE_SEA,nfl-tony-franklin-2,Tony Franklin,NE,SEA,2,3,0,0,
1985-11-17,1985,11,REG,1985_11_NO_GB,nfl-al-del-greco,Al Del Greco,GB,NO,5,5,1,1,27
1985-11-17,1985,11,REG,1985_11_NO_GB,nfl-morten-andersen,Morten Andersen,NO,GB,2,2,0,0,
1985-11-17,1985,11,REG,1985_11_PHI_STL,nfl-novo-bojovic,Novo Bojovic,STL,PHI,2,2,0,2,
1985-11-17,1985,11,REG,1985_11_PHI_STL,nfl-paul-mcfadden,Paul McFadden,PHI,STL,3,3,1,2,20
1985-11-17,1985,11,REG,1985_11_PIT_HOU,nfl-tony-zendejas,Tony Zendejas,HOU,PIT,1,1,0,0,
1985-11-17,1985,11,REG,1985_11_SD_DEN,nfl-bob-thomas,Bob Thomas,SD,DEN,3,3,1,4,36
1985-11-17,1985,11,REG,1985_11_SD_DEN,nfl-rich-karlis,Rich Karlis,DEN,SD,3,3,1,2,34
1985-11-17,1985,11,REG,1985_11_TB_NYJ,nfl-donald-igwebuike,Donald Igwebuike,TB,NYJ,4,4,0,0,
1985-11-18,1985,11,REG,1985_11_NYG_WAS,nfl-eric-schubert,Eric Schubert,NYG,WAS,3,3,0,0,
1985-11-18,1985,11,REG,1985_11_NYG_WAS,nfl-mark-moseley,Mark Moseley,WAS,NYG,2,3,1,1,28
1985-11-24,1985,12,REG,1985_12_CIN_CLE,nfl-matt-bahr,Matt Bahr,CLE,CIN,3,3,1,1,29
1985-11-24,1985,12,REG,1985_12_DEN_LA,nfl-chris-bahr,Chris Bahr,LA,DEN,4,4,1,2,32
1985-11-24,1985,12,REG,1985_12_DEN_LA,nfl-rich-karlis,Rich Karlis,DEN,LA,4,4,0,1,
1985-11-24,1985,12,REG,1985_12_GB_LA,nfl-al-del-greco,Al Del Greco,GB,LA,2,2,1,1,38
1985-11-24,1985,12,REG,1985_12_IND_KC,nfl-raul-allegre,Raul Allegre,IND,KC,1,1,0,1,
1985-11-24,1985,12,REG,1985_12_MIA_BUF,nfl-fuad-reveiz,Fuad Reveiz,MIA,BUF,2,3,1,1,22
1985-11-24,1985,12,REG,1985_12_MIA_BUF,nfl-scott-norwood,Scott Norwood,BUF,MIA,2,2,0,1,
1985-11-24,1985,12,REG,1985_12_NYG_STL,nfl-novo-bojovic,Novo Bojovic,STL,NYG,0,0,1,1,40
1985-11-24,1985,12,REG,1985_12_PHI_DAL,nfl-paul-mcfadden,Paul McFadden,PHI,DAL,2,2,1,1,26
1985-11-24,1985,12,REG,1985_12_PHI_DAL,nfl-rafael-septien,Rafael Septien,DAL,PHI,4,5,0,0,
1985-11-24,1985,12,REG,1985_12_SD_HOU,nfl-bob-thomas,Bob Thomas,SD,HOU,5,5,0,1,
1985-11-25,1985,12,REG,1985_12_SEA_SF,nfl-norm-johnson,Norm Johnson,SEA,SF,0,1,0,2,
1985-11-25,1985,12,REG,1985_12_SEA_SF,nfl-ray-wersching,Ray Wersching,SF,SEA,2,2,1,2,32
1985-11-28,1985,13,REG,1985_13_NYJ_DET,nfl-eddie-murray,Eddie Murray,DET,NYJ,4,4,1,1,19
1985-11-28,1985,13,REG,1985_13_STL_DAL,nfl-novo-bojovic,Novo Bojovic,STL,DAL,2,2,1,2,38
1985-11-28,1985,13,REG,1985_13_STL_DAL,nfl-rafael-septien,Rafael Septien,DAL,STL,5,5,0,0,
1985-12-01,1985,13,REG,1985_13_BUF_SD,nfl-scott-norwood,Scott Norwood,BUF,SD,1,1,0,1,
1985-12-01,1985,13,REG,1985_13_CLE_NYG,nfl-matt-bahr,Matt Bahr,CLE,NYG,5,5,0,0,
1985-12-01,1985,13,REG,1985_13_DEN_PIT,nfl-rich-karlis,Rich Karlis,DEN,PIT,4,4,1,2,42
1985-12-01,1985,13,REG,1985_13_HOU_CIN,nfl-jim-breech,Jim Breech,CIN,HOU,6,6,1,3,29
1985-12-01,1985,13,REG,1985_13_KC_SEA,nfl-norm-johnson,Norm Johnson,SEA,KC,3,3,1,1,23
1985-12-01,1985,13,REG,1985_13_LA_ATL,nfl-mick-luckhurst,Mick Luckhurst,ATL,LA,3,3,1,1,39
1985-12-01,1985,13,REG,1985_13_LA_NO,nfl-mike-lansford,Mike Lansford,LA,NO,0,0,1,1,41
1985-12-01,1985,13,REG,1985_13_MIN_PHI,nfl-jan-stenerud,Jan Stenerud,MIN,PHI,4,4,0,1,
1985-12-01,1985,13,REG,1985_13_NE_IND,nfl-raul-allegre,Raul Allegre,IND,NE,4,4,1,1,25
1985-12-01,1985,13,REG,1985_13_NE_IND,nfl-tony-franklin-2,Tony Franklin,NE,IND,5,5,1,1,35
1985-12-01,1985,13,REG,1985_13_SF_WAS,nfl-ray-wersching,Ray Wersching,SF,WAS,5,5,0,0,
1985-12-01,1985,13,REG,1985_13_TB_GB,nfl-al-del-greco,Al Del Greco,GB,TB,3,3,0,2,
1985-12-01,1985,13,REG,1985_13_TB_GB,nfl-donald-igwebuike,Donald Igwebuike,TB,GB,0,0,0,1,
1985-12-02,1985,13,REG,1985_13_CHI_MIA,nfl-fuad-reveiz,Fuad Reveiz,MIA,CHI,5,5,1,2,47
1985-12-02,1985,13,REG,1985_13_CHI_MIA,nfl-kevin-butler,Kevin Butler,CHI,MIA,3,3,1,1,30
1985-12-08,1985,14,REG,1985_14_ATL_KC,nfl-mick-luckhurst,Mick Luckhurst,ATL,KC,1,1,1,1,37
1985-12-08,1985,14,REG,1985_14_ATL_KC,nfl-nick-lowery,Nick Lowery,KC,ATL,5,5,1,1,49
1985-12-08,1985,14,REG,1985_14_CLE_SEA,nfl-norm-johnson,Norm Johnson,SEA,CLE,4,4,1,1,51
1985-12-08,1985,14,REG,1985_14_DAL_CIN,nfl-jim-breech,Jim Breech,CIN,DAL,6,6,0,1,
1985-12-08,1985,14,REG,1985_14_DAL_CIN,nfl-rafael-septien,Rafael Septien,DAL,CIN,3,3,1,1,21
1985-12-08,1985,14,REG,1985_14_IND_CHI,nfl-kevin-butler,Kevin Butler,CHI,IND,2,2,1,1,20
1985-12-08,1985,14,REG,1985_14_IND_CHI,nfl-raul-allegre,Raul Allegre,IND,CHI,1,1,1,3,30
1985-12-08,1985,14,REG,1985_14_LA_DEN,nfl-chris-bahr,Chris Bahr,LA,DEN,2,2,1,1,26
1985-12-08,1985,14,REG,1985_14_LA_DEN,nfl-rich-karlis,Rich Karlis,DEN,LA,2,2,0,1,
1985-12-08,1985,14,REG,1985_14_MIA_GB,nfl-al-del-greco,Al Del Greco,GB,MIA,3,3,1,2,22
1985-12-08,1985,14,REG,1985_14_MIA_GB,nfl-fuad-reveiz,Fuad Reveiz,MIA,GB,4,5,0,1,
1985-12-08,1985,14,REG,1985_14_NO_STL,nfl-novo-bojovic,Novo Bojovic,STL,NO,4,4,0,0,
1985-12-08,1985,14,REG,1985_14_NYG_HOU,nfl-eric-schubert,Eric Schubert,NYG,HOU,5,5,0,0,
1985-12-08,1985,14,REG,1985_14_NYG_HOU,nfl-tony-zendejas,Tony Zendejas,HOU,NYG,2,2,0,0,
1985-12-08,1985,14,REG,1985_14_NYJ_BUF,nfl-pat-leahy,Pat Leahy,NYJ,BUF,3,4,0,0,
1985-12-08,1985,14,REG,1985_14_NYJ_BUF,nfl-scott-norwood,Scott Norwood,BUF,NYJ,1,1,0,1,
1985-12-08,1985,14,REG,1985_14_PIT_SD,nfl-bob-thomas,Bob Thomas,SD,PIT,6,6,0,0,
1985-12-08,1985,14,REG,1985_14_TB_MIN,nfl-donald-igwebuike,Donald Igwebuike,TB,MIN,1,1,0,1,
1985-12-08,1985,14,REG,1985_14_WAS_PHI,nfl-mark-moseley,Mark Moseley,WAS,PHI,2,2,1,2,32
1985-12-08,1985,14,REG,1985_14_WAS_PHI,nfl-paul-mcfadden,Paul McFadden,PHI,WAS,1,1,1,1,44
1985-12-09,1985,14,REG,1985_14_LA_SF,nfl-ray-wersching,Ray Wersching,SF,LA,2,3,0,0,
1985-12-14,1985,15,REG,1985_15_KC_DEN,nfl-rich-karlis,Rich Karlis,DEN,KC,2,2,0,0,
1985-12-15,1985,15,REG,1985_15_BUF_PIT,nfl-scott-norwood,Scott Norwood,BUF,PIT,3,3,1,1,24
1985-12-15,1985,15,REG,1985_15_CIN_WAS,nfl-jim-breech,Jim Breech,CIN,WAS,3,3,1,2,38
1985-12-15,1985,15,REG,1985_15_GB_DET,nfl-eddie-murray,Eddie Murray,DET,GB,2,3,1,1,19
1985-12-15,1985,15,REG,1985_15_HOU_CLE,nfl-matt-bahr,Matt Bahr,CLE,HOU,4,4,0,1,
1985-12-15,1985,15,REG,1985_15_HOU_CLE,nfl-tony-zendejas,Tony Zendejas,HOU,CLE,3,3,0,1,
1985-12-15,1985,15,REG,1985_15_IND_TB,nfl-donald-igwebuike,Donald Igwebuike,TB,IND,2,3,1,2,48
1985-12-15,1985,15,REG,1985_15_IND_TB,nfl-raul-allegre,Raul Allegre,IND,TB,4,4,1,2,33
1985-12-15,1985,15,REG,1985_15_MIN_ATL,nfl-jan-stenerud,Jan Stenerud,MIN,ATL,1,2,0,3,
1985-12-15,1985,15,REG,1985_15_MIN_ATL,nfl-mick-luckhurst,Mick Luckhurst,ATL,MIN,2,2,0,2,
1985-12-15,1985,15,REG,1985_15_NYG_DAL,nfl-eric-schubert,Eric Schubert,NYG,DAL,3,3,0,0,
1985-12-15,1985,15,REG,1985_15_NYG_DAL,nfl-rafael-septien,Rafael Septien,DAL,NYG,4,4,0,0,
1985-12-15,1985,15,REG,1985_15_PHI_SD,nfl-paul-mcfadden,Paul McFadden,PHI,SD,2,2,0,2,
1985-12-15,1985,15,REG,1985_15_SEA_LA,nfl-norm-johnson,Norm Johnson,SEA,LA,0,0,1,1,37
1985-12-15,1985,15,REG,1985_15_SF_NO,nfl-ray-wersching,Ray Wersching,SF,NO,4,4,1,2,24
1985-12-15,1985,15,REG,1985_15_STL_LA,nfl-mike-lansford,Mike Lansford,LA,STL,5,6,1,2,46
1985-12-15,1985,15,REG,1985_15_STL_LA,nfl-novo-bojovic,Novo Bojovic,STL,LA,2,2,0,0,
1985-12-20,1985,16,REG,1985_16_DEN_SEA,nfl-norm-johnson,Norm Johnson,SEA,DEN,3,3,1,2,29
1985-12-21,1985,16,REG,1985_16_PIT_NYG,nfl-eric-schubert,Eric Schubert,NYG,PIT,4,4,0,1,
1985-12-21,1985,16,REG,1985_16_PIT_NYG,nfl-gary-anderson,Gary Anderson,PIT,NYG,1,1,1,1,26
1985-12-21,1985,16,REG,1985_16_WAS_STL,nfl-novo-bojovic,Novo Bojovic,STL,WAS,1,2,1,2,42
1985-12-22,1985,16,REG,1985_16_ATL_NO,nfl-morten-andersen,Morten Andersen,NO,ATL,1,1,1,1,28
1985-12-22,1985,16,REG,1985_16_BUF_MIA,nfl-fuad-reveiz,Fuad Reveiz,MIA,BUF,4,4,0,0,
1985-12-22,1985,16,REG,1985_16_CHI_DET,nfl-eddie-murray,Eddie Murray,DET,CHI,2,2,1,2,42
1985-12-22,1985,16,REG,1985_16_CLE_NYJ,nfl-matt-bahr,Matt Bahr,CLE,NYJ,1,1,1,1,32
1985-12-22,1985,16,REG,1985_16_DAL_SF,nfl-ray-wersching,Ray Wersching,SF,DAL,4,4,1,1,39
1985-12-22,1985,16,REG,1985_16_GB_TB,nfl-donald-igwebuike,Donald Igwebuike,TB,GB,2,2,1,3,33
1985-12-22,1985,16,REG,1985_16_HOU_IND,nfl-raul-allegre,Raul Allegre,IND,HOU,4,5,0,0,
1985-12-22,1985,16,REG,1985_16_HOU_IND,nfl-tony-zendejas,Tony Zendejas,HOU,IND,1,1,1,1,45
1985-12-22,1985,16,REG,1985_16_PHI_MIN,nfl-jan-stenerud,Jan Stenerud,MIN,PHI,5,5,0,0,
1985-12-22,1985,16,REG,1985_16_SD_KC,nfl-nick-lowery,Nick Lowery,KC,SD,5,5,1,1,34
1986-09-07,1986,1,REG,1986_01_ATL_NO,nfl-mick-luckhurst,Mick Luckhurst,ATL,NO,4,4,1,1,32
1986-09-07,1986,1,REG,1986_01_ATL_NO,nfl-morten-andersen,Morten Andersen,NO,ATL,1,1,1,1,47
1986-09-07,1986,1,REG,1986_01_CIN_KC,nfl-jim-breech,Jim Breech,CIN,KC,2,2,0,0,
1986-09-07,1986,1,REG,1986_01_CIN_KC,nfl-nick-lowery,Nick Lowery,KC,CIN,3,3,1,2,18
1986-09-07,1986,1,REG,1986_01_CLE_CHI,nfl-matt-bahr,Matt Bahr,CLE,CHI,4,4,1,1,22
1986-09-07,1986,1,REG,1986_01_DET_MIN,nfl-chuck-nelson,Chuck Nelson,MIN,DET,1,1,1,1,35
1986-09-07,1986,1,REG,1986_01_HOU_GB,nfl-al-del-greco,Al Del Greco,GB,HOU,0,0,1,2,26
1986-09-07,1986,1,REG,1986_01_HOU_GB,nfl-tony-zendejas,Tony Zendejas,HOU,GB,4,4,1,1,20
1986-09-07,1986,1,REG,1986_01_IND_NE,nfl-dean-biasucci,Dean Biasucci,IND,NE,0,0,1,2,25
1986-09-07,1986,1,REG,1986_01_LA_DEN,nfl-rich-karlis,Rich Karlis,DEN,LA,5,5,1,1,51
1986-09-07,1986,1,REG,1986_01_LA_STL,nfl-john-lee,John Lee,STL,LA,1,1,1,2,28
1986-09-07,1986,1,REG,1986_01_LA_STL,nfl-mike-lansford,Mike Lansford,LA,STL,1,1,1,1,26
1986-09-07,1986,1,REG,1986_01_MIA_SD,nfl-fuad-reveiz,Fuad Reveiz,MIA,SD,4,4,0,0,
1986-09-07,1986,1,REG,1986_01_NYJ_BUF,nfl-pat-leahy,Pat Leahy,NYJ,BUF,4,4,0,0,
1986-09-07,1986,1,REG,1986_01_NYJ_BUF,nfl-scott-norwood,Scott Norwood,BUF,NYJ,3,3,1,1,19
1986-09-07,1986,1,REG,1986_01_PHI_WAS,nfl-mark-moseley,Mark Moseley,WAS,PHI,5,5,1,1,19
1986-09-07,1986,1,REG,1986_01_PHI_WAS,nfl-paul-mcfadden,Paul McFadden,PHI,WAS,2,2,0,0,
1986-09-07,1986,1,REG,1986_01_PIT_SEA,nfl-norm-johnson,Norm Johnson,SEA,PIT,3,3,1,4,24
1986-09-07,1986,1,REG,1986_01_SF_TB,nfl-donald-igwebuike,Donald Igwebuike,TB,SF,1,1,0,1,
1986-09-07,1986,1,REG,1986_01_SF_TB,nfl-ray-wersching,Ray Wersching,SF,TB,4,4,1,1,30
1986-09-08,1986,1,REG,1986_01_NYG_DAL,nfl-bob-thomas,Bob Thomas,NYG,DAL,4,4,0,1,
1986-09-08,1986,1,REG,1986_01_NYG_DAL,nfl-rafael-septien,Rafael Septien,DAL,NYG,4,4,1,1,35
1986-09-14,1986,2,REG,1986_02_DAL_DET,nfl-eddie-murray,Eddie Murray,DET,DAL,1,1,0,0,
1986-09-14,1986,2,REG,1986_02_DAL_DET,nfl-rafael-septien,Rafael Septien,DAL,DET,4,4,1,1,27
1986-09-14,1986,2,REG,1986_02_GB_NO,nfl-al-del-greco,Al Del Greco,GB,NO,1,1,1,1,50
1986-09-14,1986,2,REG,1986_02_GB_NO,nfl-morten-andersen,Morten Andersen,NO,GB,3,3,1,1,20
1986-09-14,1986,2,REG,1986_02_IND_MIA,nfl-dean-biasucci,Dean Biasucci,IND,MIA,1,1,1,1,23
1986-09-14,1986,2,REG,1986_02_IND_MIA,nfl-fuad-reveiz,Fuad Reveiz,MIA,IND,3,4,1,2,27
1986-09-14,1986,2,REG,1986_02_KC_SEA,nfl-nick-lowery,Nick Lowery,KC,SEA,2,2,1,1,42
1986-09-14,1986,2,REG,1986_02_LA_WAS,nfl-mark-moseley,Mark Moseley,WAS,LA,1,1,1,1,45
1986-09-14,1986,2,REG,1986_02_MIN_TB,nfl-donald-igwebuike,Donald Igwebuike,TB,MIN,1,1,1,2,37
1986-09-14,1986,2,REG,1986_02_PHI_CHI,nfl-paul-mcfadden,Paul McFadden,PHI,CHI,1,1,1,1,49
1986-09-14,1986,2,REG,1986_02_SD_NYG,nfl-rolf-benirschke,Rolf Benirschke,SD,NYG,1,1,0,0,
1986-09-14,1986,2,REG,1986_02_STL_ATL,nfl-john-lee,John Lee,STL,ATL,1,2,0,0,
1986-09-14,1986,2,REG,1986_02_STL_ATL,nfl-mick-luckhurst,Mick Luckhurst,ATL,STL,4,4,1,1,42
1986-09-15,1986,2,REG,1986_02_DEN_PIT,nfl-gary-anderson,Gary Anderson,PIT,DEN,1,1,1,2,42
1986-09-15,1986,2,REG,1986_02_DEN_PIT,nfl-rich-karlis,Rich Karlis,DEN,PIT,3,3,0,1,
1986-09-21,1986,3,REG,1986_03_ATL_DAL,nfl-rafael-septien,Rafael Septien,DAL,ATL,5,5,0,0,
1986-09-21,1986,3,REG,1986_03_DEN_PHI,nfl-paul-mcfadden,Paul McFadden,PHI,DEN,1,1,0,0,
1986-09-21,1986,3,REG,1986_03_DEN_PHI,nfl-rich-karlis,Rich Karlis,DEN,PHI,4,4,1,1,30
1986-09-21,1986,3,REG,1986_03_HOU_KC,nfl-tony-zendejas,Tony Zendejas,HOU,KC,1,2,0,0,
1986-09-21,1986,3,REG,1986_03_LA_IND,nfl-dean-biasucci,Dean Biasucci,IND,LA,1,1,0,1,
1986-09-21,1986,3,REG,1986_03_LA_IND,nfl-mike-lansford,Mike Lansford,LA,IND,3,3,1,1,46
1986-09-21,1986,3,REG,1986_03_MIA_NYJ,nfl-fuad-reveiz,Fuad Reveiz,MIA,NYJ,6,6,1,1,44
1986-09-21,1986,3,REG,1986_03_MIA_NYJ,nfl-pat-leahy,Pat Leahy,NYJ,MIA,6,6,1,1,32
1986-09-21,1986,3,REG,1986_03_NO_SF,nfl-morten-andersen,Morten Andersen,NO,SF,2,2,1,1,44
1986-09-21,1986,3,REG,1986_03_NYG_LA,nfl-joe-cooper,Joe Cooper,NYG,LA,2,2,0,1,
1986-09-21,1986,3,REG,1986_03_PIT_MIN,nfl-chuck-nelson,Chuck Nelson,MIN,PIT,4,4,1,1,48
1986-09-21,1986,3,REG,1986_03_PIT_MIN,nfl-gary-anderson,Gary Anderson,PIT,MIN,1,1,0,0,
1986-09-21,1986,3,REG,1986_03_SEA_NE,nfl-norm-johnson,Norm Johnson,SEA,NE,5,5,1,1,33
1986-09-21,1986,3,REG,1986_03_SEA_NE,nfl-tony-franklin-2,Tony Franklin,NE,SEA,4,4,1,2,26
1986-09-21,1986,3,REG,1986_03_STL_BUF,nfl-john-lee,John Lee,STL,BUF,1,1,1,3,27
1986-09-21,1986,3,REG,1986_03_STL_BUF,nfl-scott-norwood,Scott Norwood,BUF,STL,2,2,1,1,35
1986-09-21,1986,3,REG,1986_03_TB_DET,nfl-donald-igwebuike,Donald Igwebuike,TB,DET,3,3,1,1,33
1986-09-28,1986,4,REG,1986_04_CHI_CIN,nfl-jim-breech,Jim Breech,CIN,CHI,1,1,0,0,
1986-09-28,1986,4,REG,1986_04_CHI_CIN,nfl-kevin-butler,Kevin Butler,CHI,CIN,5,6,1,1,41
1986-09-28,1986,4,REG,1986_04_DET_CLE,nfl-eddie-murray,Eddie Murray,DET,CLE,3,3,0,0,
1986-09-28,1986,4,REG,1986_04_DET_CLE,nfl-matt-bahr,Matt Bahr,CLE,DET,3,3,1,1,24
1986-09-28,1986,4,REG,1986_04_GB_MIN,nfl-al-del-greco,Al Del Greco,GB,MIN,1,1,0,0,
1986-09-28,1986,4,REG,1986_04_GB_MIN,nfl-chuck-nelson,Chuck Nelson,MIN,GB,6,6,0,1,
1986-09-28,1986,4,REG,1986_04_KC_BUF,nfl-scott-norwood,Scott Norwood,BUF,KC,2,2,1,2,32
1986-09-28,1986,4,REG,1986_04_LA_PHI,nfl-mike-lansford,Mike Lansford,LA,PHI,2,3,0,0,
1986-09-28,1986,4,REG,1986_04_NO_NYG,nfl-morten-andersen,Morten Andersen,NO,NYG,2,2,1,1,27
1986-09-28,1986,4,REG,1986_04_NYJ_IND,nfl-dean-biasucci,Dean Biasucci,IND,NYJ,1,1,0,1,
1986-09-28,1986,4,REG,1986_04_SD_LA,nfl-chris-bahr,Chris Bahr,LA,SD,2,2,1,1,18
1986-09-28,1986,4,REG,1986_04_SD_LA,nfl-rolf-benirschke,Rolf Benirschke,SD,LA,1,2,0,0,
1986-09-28,1986,4,REG,1986_04_SEA_WAS,nfl-mark-moseley,Mark Moseley,WAS,SEA,1,2,1,2,36
1986-09-28,1986,4,REG,1986_04_SEA_WAS,nfl-norm-johnson,Norm Johnson,SEA,WAS,2,2,0,0,
1986-09-28,1986,4,REG,1986_04_SF_MIA,nfl-fuad-reveiz,Fuad Reveiz,MIA,SF,1,2,1,3,34
1986-09-28,1986,4,REG,1986_04_SF_MIA,nfl-ray-wersching,Ray Wersching,SF,MIA,4,4,1,1,36
1986-09-29,1986,4,REG,1986_04_DAL_STL,nfl-john-lee,John Lee,STL,DAL,1,1,0,1,
1986-09-29,1986,4,REG,1986_04_DAL_STL,nfl-rafael-septien,Rafael Septien,DAL,STL,4,4,1,2,32
1986-10-05,1986,5,REG,1986_05_BUF_NYJ,nfl-pat-leahy,Pat Leahy,NYJ,BUF,2,2,0,0,
1986-10-05,1986,5,REG,1986_05_CIN_GB,nfl-al-del-greco,Al Del Greco,GB,CIN,4,4,0,0,
1986-10-05,1986,5,REG,1986_05_CIN_GB,nfl-jim-breech,Jim Breech,CIN,GB,4,5,0,1,
1986-10-05,1986,5,REG,1986_05_CLE_PIT,nfl-gary-anderson,Gary Anderson,PIT,CLE,3,3,1,2,45
1986-10-05,1986,5,REG,1986_05_DAL_DEN,nfl-rafael-septien,Rafael Septien,DAL,DEN,2,2,0,0,
1986-10-05,1986,5,REG,1986_05_DAL_DEN,nfl-rich-karlis,Rich Karlis,DEN,DAL,3,4,0,0,
1986-10-05,1986,5,REG,1986_05_HOU_DET,nfl-eddie-murray,Eddie Murray,DET,HOU,3,3,1,1,48
1986-10-05,1986,5,REG,1986_05_IND_SF,nfl-dean-biasucci,Dean Biasucci,IND,SF,2,2,0,0,
1986-10-05,1986,5,REG,1986_05_IND_SF,nfl-ray-wersching,Ray Wersching,SF,IND,5,5,0,0,
1986-10-05,1986,5,REG,1986_05_LA_KC,nfl-chris-bahr,Chris Bahr,LA,KC,3,3,1,1,19
1986-10-05,1986,5,REG,1986_05_LA_KC,nfl-nick-lowery,Nick Lowery,KC,LA,2,2,1,1,24
1986-10-05,1986,5,REG,1986_05_MIA_NE,nfl-fuad-reveiz,Fuad Reveiz,MIA,NE,1,1,0,1,
1986-10-05,1986,5,REG,1986_05_MIN_CHI,nfl-chuck-nelson,Chuck Nelson,MIN,CHI,0,0,0,1,
1986-10-05,1986,5,REG,1986_05_PHI_ATL,nfl-mick-luckhurst,Mick Luckhurst,ATL,PHI,0,0,0,2,
1986-10-05,1986,5,REG,1986_05_WAS_NO,nfl-mark-moseley,Mark Moseley,WAS,NO,2,2,0,2,
1986-10-06,1986,5,REG,1986_05_SD_SEA,nfl-rolf-benirschke,Rolf Benirschke,SD,SEA,1,1,0,1,
1986-10-12,1986,6,REG,1986_06_BUF_MIA,nfl-scott-norwood,Scott Norwood,BUF,MIA,2,2,0,1,
1986-10-12,1986,6,REG,1986_06_CHI_HOU,nfl-tony-zendejas,Tony Zendejas,HOU,CHI,1,1,0,1,
1986-10-12,1986,6,REG,1986_06_DEN_SD,nfl-rich-karlis,Rich Karlis,DEN,SD,4,4,1,1,21
1986-10-12,1986,6,REG,1986_06_DEN_SD,nfl-rolf-benirschke,Rolf Benirschke,SD,DEN,2,2,0,0,
1986-10-12,1986,6,REG,1986_06_DET_GB,nfl-al-del-greco,Al Del Greco,GB,DET,2,2,0,0,
1986-10-12,1986,6,REG,1986_06_DET_GB,nfl-eddie-murray,Eddie Murray,DET,GB,3,3,0,1,
1986-10-12,1986,6,REG,1986_06_KC_CLE,nfl-nick-lowery,Nick Lowery,KC,CLE,1,1,0,0,
1986-10-12,1986,6,REG,1986_06_LA_ATL,nfl-mike-lansford,Mike Lansford,LA,ATL,2,2,0,2,
1986-10-12,1986,6,REG,1986_06_MIN_SF,nfl-ray-wersching,Ray Wersching,SF,MIN,3,3,1,2,39
1986-10-12,1986,6,REG,1986_06_NO_IND,nfl-dean-biasucci,Dean Biasucci,IND,NO,2,2,0,2,
1986-10-12,1986,6,REG,1986_06_NO_IND,nfl-morten-andersen,Morten Andersen,NO,IND,2,2,1,2,46
1986-10-12,1986,6,REG,1986_06_NYJ_NE,nfl-pat-leahy,Pat Leahy,NYJ,NE,4,4,1,1,47
1986-10-12,1986,6,REG,1986_06_NYJ_NE,nfl-tony-franklin-2,Tony Franklin,NE,NYJ,3,3,1,2,26
1986-10-12,1986,6,REG,1986_06_PHI_NYG,nfl-paul-mcfadden,Paul McFadden,PHI,NYG,0,0,1,1,29
1986-10-12,1986,6,REG,1986_06_PHI_NYG,nfl-raul-allegre,Raul Allegre,NYG,PHI,5,5,0,1,
1986-10-12,1986,6,REG,1986_06_SEA_LA,nfl-chris-bahr,Chris Bahr,LA,SEA,2,2,0,1,
1986-10-12,1986,6,REG,1986_06_SEA_LA,nfl-norm-johnson,Norm Johnson,SEA,LA,1,1,1,1,30
1986-10-12,1986,6,REG,1986_06_STL_TB,nfl-john-lee,John Lee,STL,TB,3,4,1,2,38
1986-10-12,1986,6,REG,1986_06_WAS_DAL,nfl-mark-moseley,Mark Moseley,WAS,DAL,0,1,0,1,
1986-10-13,1986,6,REG,1986_06_PIT_CIN,nfl-jim-breech,Jim Breech,CIN,PIT,3,3,1,2,40
1986-10-19,1986,7,REG,1986_07_CHI_MIN,nfl-chuck-nelson,Chuck Nelson,MIN,CHI,2,3,1,1,29
1986-10-19,1986,7,REG,1986_07_CHI_MIN,nfl-kevin-butler,Kevin Butler,CHI,MIN,1,1,0,0,
1986-10-19,1986,7,REG,1986_07_DAL_PHI,nfl-paul-mcfadden,Paul McFadden,PHI,DAL,2,2,0,2,
1986-10-19,1986,7,REG,1986_07_DAL_PHI,nfl-rafael-septien,Rafael Septien,DAL,PHI,2,2,1,1,38
1986-10-19,1986,7,REG,1986_07_DET_LA,nfl-eddie-murray,Eddie Murray,DET,LA,1,1,1,2,47
1986-10-19,1986,7,REG,1986_07_DET_LA,nfl-mike-lansford,Mike Lansford,LA,DET,2,2,0,0,
1986-10-19,1986,7,REG,1986_07_GB_CLE,nfl-al-del-greco,Al Del Greco,GB,CLE,2,2,1,1,24
1986-10-19,1986,7,REG,1986_07_GB_CLE,nfl-matt-bahr,Matt Bahr,CLE,GB,2,2,0,0,
1986-10-19,1986,7,REG,1986_07_HOU_CIN,nfl-jim-breech,Jim Breech,CIN,HOU,4,4,1,3,51
1986-10-19,1986,7,REG,1986_07_HOU_CIN,nfl-tony-zendejas,Tony Zendejas,HOU,CIN,4,4,0,0,
1986-10-19,1986,7,REG,1986_07_IND_BUF,nfl-scott-norwood,Scott Norwood,BUF,IND,3,3,1,3,37
1986-10-19,1986,7,REG,1986_07_LA_MIA,nfl-fuad-reveiz,Fuad Reveiz,MIA,LA,4,4,0,0,
1986-10-19,1986,7,REG,1986_07_NYG_SEA,nfl-norm-johnson,Norm Johnson,SEA,NYG,2,2,1,1,25
1986-10-19,1986,7,REG,1986_07_SD_KC,nfl-nick-lowery,Nick Lowery,KC,SD,6,6,0,0,
1986-10-19,1986,7,REG,1986_07_SF_ATL,nfl-mick-luckhurst,Mick Luckhurst,ATL,SF,1,1,1,2,47
1986-10-19,1986,7,REG,1986_07_SF_ATL,nfl-ray-wersching,Ray Wersching,SF,ATL,1,1,1,3,24
1986-10-19,1986,7,REG,1986_07_STL_WAS,nfl-john-lee,John Lee,STL,WAS,3,3,0,0,
1986-10-19,1986,7,REG,1986_07_STL_WAS,nfl-max-zendejas,Max Zendejas,WAS,STL,4,4,0,1,
1986-10-19,1986,7,REG,1986_07_TB_NO,nfl-donald-igwebuike,Donald Igwebuike,TB,NO,1,1,0,1,
1986-10-19,1986,7,REG,1986_07_TB_NO,nfl-morten-andersen,Morten Andersen,NO,TB,5,5,1,2,31
1986-10-20,1986,7,REG,1986_07_DEN_NYJ,nfl-rich-karlis,Rich Karlis,DEN,NYJ,1,1,1,1,47
1986-10-26,1986,8,REG,1986_08_ATL_LA,nfl-mick-luckhurst,Mick Luckhurst,ATL,LA,1,1,0,1,
1986-10-26,1986,8,REG,1986_08_ATL_LA,nfl-mike-lansford,Mike Lansford,LA,ATL,2,2,0,0,
1986-10-26,1986,8,REG,1986_08_DET_CHI,nfl-eddie-murray,Eddie Murray,DET,CHI,1,1,0,1,
1986-10-26,1986,8,REG,1986_08_LA_HOU,nfl-chris-bahr,Chris Bahr,LA,HOU,4,4,0,1,
1986-10-26,1986,8,REG,1986_08_LA_HOU,nfl-tony-zendejas,Tony Zendejas,HOU,LA,2,2,1,1,48
1986-10-26,1986,8,REG,1986_08_MIA_IND,nfl-fuad-reveiz,Fuad Reveiz,MIA,IND,2,2,1,2,29
1986-10-26,1986,8,REG,1986_08_NE_BUF,nfl-scott-norwood,Scott Norwood,BUF,NE,0,0,1,2,26
1986-10-26,1986,8,REG,1986_08_NO_NYJ,nfl-pat-leahy,Pat Leahy,NYJ,NO,4,4,0,1,
1986-10-26,1986,8,REG,1986_08_SD_PHI,nfl-rolf-benirschke,Rolf Benirschke,SD,PHI,1,1,0,0,
1986-10-26,1986,8,REG,1986_08_SF_GB,nfl-al-del-greco,Al Del Greco,GB,SF,2,2,1,3,22
1986-10-26,1986,8,REG,1986_08_SF_GB,nfl-ray-wersching,Ray Wersching,SF,GB,4,4,1,2,27
1986-11-02,1986,9,REG,1986_09_ATL_NE,nfl-mick-luckhurst,Mick Luckhurst,ATL,NE,1,1,1,3,41
1986-11-02,1986,9,REG,1986_09_BUF_TB,nfl-scott-norwood,Scott Norwood,BUF,TB,4,4,0,0,
1986-11-02,1986,9,REG,1986_09_CIN_DET,nfl-eddie-murray,Eddie Murray,DET,CIN,2,2,1,2,18
1986-11-02,1986,9,REG,1986_09_CIN_DET,nfl-jim-breech,Jim Breech,CIN,DET,3,3,1,3,38
1986-11-02,1986,9,REG,1986_09_CLE_IND,nfl-dean-biasucci,Dean Biasucci,IND,CLE,0,1,1,1,40
1986-11-02,1986,9,REG,1986_09_CLE_IND,nfl-matt-bahr,Matt Bahr,CLE,IND,3,3,1,2,38
1986-11-02,1986,9,REG,1986_09_DAL_NYG,nfl-rafael-septien,Rafael Septien,DAL,NYG,2,2,0,3,
1986-11-02,1986,9,REG,1986_09_DAL_NYG,nfl-raul-allegre,Raul Allegre,NYG,DAL,2,2,1,2,25
1986-11-02,1986,9,REG,1986_09_DEN_LA,nfl-chris-bahr,Chris Bahr,LA,DEN,1,1,1,2,38
1986-11-02,1986,9,REG,1986_09_DEN_LA,nfl-rich-karlis,Rich Karlis,DEN,LA,3,3,0,0,
1986-11-02,1986,9,REG,1986_09_GB_PIT,nfl-al-del-greco,Al Del Greco,GB,PIT,0,0,1,2,34
1986-11-02,1986,9,REG,1986_09_HOU_MIA,nfl-fuad-reveiz,Fuad Reveiz,MIA,HOU,4,4,0,1,
1986-11-02,1986,9,REG,1986_09_HOU_MIA,nfl-tony-zendejas,Tony Zendejas,HOU,MIA,1,1,0,0,
1986-11-02,1986,9,REG,1986_09_KC_SD,nfl-nick-lowery,Nick Lowery,KC,SD,3,3,1,2,37
1986-11-02,1986,9,REG,1986_09_KC_SD,nfl-rolf-benirschke,Rolf Benirschke,SD,KC,3,3,0,1,
1986-11-02,1986,9,REG,1986_09_MIN_WAS,nfl-chuck-nelson,Chuck Nelson,MIN,WAS,5,5,1,1,39
1986-11-02,1986,9,REG,1986_09_NYJ_SEA,nfl-norm-johnson,Norm Johnson,SEA,NYJ,1,1,0,1,
1986-11-02,1986,9,REG,1986_09_NYJ_SEA,nfl-pat-leahy,Pat Leahy,NYJ,SEA,5,5,1,1,50
1986-11-02,1986,9,REG,1986_09_PHI_STL,nfl-john-lee,John Lee,STL,PHI,1,2,0,0,
1986-11-02,1986,9,REG,1986_09_PHI_STL,nfl-paul-mcfadden,Paul McFadden,PHI,STL,1,1,1,2,31
1986-11-02,1986,9,REG,1986_09_SF_NO,nfl-ray-wersching,Ray Wersching,SF,NO,1,1,1,2,50
1986-11-03,1986,9,REG,1986_09_LA_CHI,nfl-kevin-butler,Kevin Butler,CHI,LA,2,2,1,1,30
1986-11-09,1986,10,REG,1986_10_CHI_TB,nfl-donald-igwebuike,Donald Igwebuike,TB,CHI,0,0,1,1,42
1986-11-09,1986,10,REG,1986_10_CIN_HOU,nfl-jim-breech,Jim Breech,CIN,HOU,4,4,0,2,
1986-11-09,1986,10,REG,1986_10_LA_DAL,nfl-chris-bahr,Chris Bahr,LA,DAL,2,2,1,1,45
1986-11-09,1986,10,REG,1986_10_LA_NO,nfl-mike-lansford,Mike Lansford,LA,NO,0,0,0,1,
1986-11-09,1986,10,REG,1986_10_MIN_DET,nfl-chuck-nelson,Chuck Nelson,MIN,DET,3,3,1,2,24
1986-11-09,1986,10,REG,1986_10_MIN_DET,nfl-eddie-murray,Eddie Murray,DET,MIN,1,1,1,1,35
1986-11-09,1986,10,REG,1986_10_NE_IND,nfl-dean-biasucci,Dean Biasucci,IND,NE,3,3,0,0,
1986-11-09,1986,10,REG,1986_10_NYG_PHI,nfl-paul-mcfadden,Paul McFadden,PHI,NYG,2,2,0,1,
1986-11-09,1986,10,REG,1986_10_NYG_PHI,nfl-raul-allegre,Raul Allegre,NYG,PHI,2,2,1,2,22
1986-11-09,1986,10,REG,1986_10_NYJ_ATL,nfl-mick-luckhurst,Mick Luckhurst,ATL,NYJ,2,2,0,2,
1986-11-09,1986,10,REG,1986_10_NYJ_ATL,nfl-pat-leahy,Pat Leahy,NYJ,ATL,4,4,0,2,
1986-11-09,1986,10,REG,1986_10_PIT_BUF,nfl-scott-norwood,Scott Norwood,BUF,PIT,1,2,1,1,29
1986-11-09,1986,10,REG,1986_10_SD_DEN,nfl-rich-karlis,Rich Karlis,DEN,SD,0,0,1,1,44
1986-11-09,1986,10,REG,1986_10_SEA_KC,nfl-norm-johnson,Norm Johnson,SEA,KC,1,1,0,1,
1986-11-09,1986,10,REG,1986_10_STL_SF,nfl-john-lee,John Lee,STL,SF,2,2,1,1,37
1986-11-09,1986,10,REG,1986_10_WAS_GB,nfl-al-del-greco,Al Del Greco,GB,WAS,1,1,0,2,
1986-11-09,1986,10,REG,1986_10_WAS_GB,nfl-max-zendejas,Max Zendejas,WAS,GB,1,2,1,1,30
1986-11-10,1986,10,REG,1986_10_MIA_CLE,nfl-fuad-reveiz,Fuad Reveiz,MIA,CLE,1,2,1,1,20
1986-11-16,1986,11,REG,1986_11_CHI_ATL,nfl-ali-haji-sheikh,Ali Haji-Sheikh,ATL,CHI,1,1,1,1,37
1986-11-16,1986,11,REG,1986_11_CLE_LA,nfl-matt-bahr,Matt Bahr,CLE,LA,2,2,0,0,
1986-11-16,1986,11,REG,1986_11_DAL_SD,nfl-rafael-septien,Rafael Septien,DAL,SD,3,3,1,2,33
1986-11-16,1986,11,REG,1986_11_DAL_SD,nfl-rolf-benirschke,Rolf Benirschke,SD,DAL,3,3,0,2,
1986-11-16,1986,11,REG,1986_11_HOU_PIT,nfl-gary-anderson,Gary Anderson,PIT,HOU,3,3,0,0,
1986-11-16,1986,11,REG,1986_11_HOU_PIT,nfl-tony-zendejas,Tony Zendejas,HOU,PIT,1,1,1,2,44
1986-11-16,1986,11,REG,1986_11_IND_NYJ,nfl-dean-biasucci,Dean Biasucci,IND,NYJ,2,2,0,2,
1986-11-16,1986,11,REG,1986_11_IND_NYJ,nfl-pat-leahy,Pat Leahy,NYJ,IND,4,4,1,1,32
1986-11-16,1986,11,REG,1986_11_KC_DEN,nfl-nick-lowery,Nick Lowery,KC,DEN,2,2,1,1,37
1986-11-16,1986,11,REG,1986_11_KC_DEN,nfl-rich-karlis,Rich Karlis,DEN,KC,5,5,1,2,37
1986-11-16,1986,11,REG,1986_11_MIA_BUF,nfl-scott-norwood,Scott Norwood,BUF,MIA,3,3,1,1,39
1986-11-16,1986,11,REG,1986_11_NE_LA,nfl-mike-lansford,Mike Lansford,LA,NE,4,4,0,1,
1986-11-16,1986,11,REG,1986_11_NO_STL,nfl-john-lee,John Lee,STL,NO,1,1,0,0,
1986-11-16,1986,11,REG,1986_11_SEA_CIN,nfl-norm-johnson,Norm Johnson,SEA,CIN,1,1,0,3,
1986-11-16,1986,11,REG,1986_11_TB_GB,nfl-al-del-greco,Al Del Greco,GB,TB,4,4,1,2,27
1986-11-16,1986,11,REG,1986_11_TB_GB,nfl-donald-igwebuike,Donald Igwebuike,TB,GB,1,1,0,1,
1986-11-17,1986,11,REG,1986_11_SF_WAS,nfl-max-zendejas,Max Zendejas,WAS,SF,2,2,0,0,
1986-11-20,1986,12,REG,1986_12_LA_SD,nfl-chris-bahr,Chris Bahr,LA,SD,4,4,1,3,52
1986-11-20,1986,12,REG,1986_12_LA_SD,nfl-rolf-benirschke,Rolf Benirschke,SD,LA,4,4,1,1,47
1986-11-23,1986,12,REG,1986_12_ATL_SF,nfl-ali-haji-sheikh,Ali Haji-Sheikh,ATL,SF,0,0,0,1,
1986-11-23,1986,12,REG,1986_12_DAL_WAS,nfl-rafael-septien,Rafael Septien,DAL,WAS,2,2,0,0,
1986-11-23,1986,12,REG,1986_12_DET_TB,nfl-donald-igwebuike,Donald Igwebuike,TB,DET,2,2,1,2,31
1986-11-23,1986,12,REG,1986_12_DET_TB,nfl-eddie-murray,Eddie Murray,DET,TB,5,5,1,2,20
1986-11-23,1986,12,REG,1986_12_GB_CHI,nfl-al-del-greco,Al Del Greco,GB,CHI,1,1,1,2,22
1986-11-23,1986,12,REG,1986_12_GB_CHI,nfl-kevin-butler,Kevin Butler,CHI,GB,1,1,1,2,32
1986-11-23,1986,12,REG,1986_12_IND_HOU,nfl-dean-biasucci,Dean Biasucci,IND,HOU,2,2,1,1,37
1986-11-23,1986,12,REG,1986_12_IND_HOU,nfl-tony-zendejas,Tony Zendejas,HOU,IND,4,4,1,2,34
1986-11-23,1986,12,REG,1986_12_KC_STL,nfl-eric-schubert,Eric Schubert,STL,KC,2,2,1,2,20
1986-11-23,1986,12,REG,1986_12_KC_STL,nfl-nick-lowery,Nick Lowery,KC,STL,2,2,0,1,
1986-11-23,1986,12,REG,1986_12_MIN_CIN,nfl-jim-breech,Jim Breech,CIN,MIN,3,3,1,3,40
1986-11-23,1986,12,REG,1986_12_PHI_SEA,nfl-norm-johnson,Norm Johnson,SEA,PHI,3,3,1,2,35
1986-11-23,1986,12,REG,1986_12_PIT_CLE,nfl-gary-anderson,Gary Anderson,PIT,CLE,4,4,1,2,40
1986-11-23,1986,12,REG,1986_12_PIT_CLE,nfl-matt-bahr,Matt Bahr,CLE,PIT,4,4,1,3,25
1986-11-24,1986,12,REG,1986_12_NYJ_MIA,nfl-fuad-reveiz,Fuad Reveiz,MIA,NYJ,6,6,1,1,39
1986-11-24,1986,12,REG,1986_12_NYJ_MIA,nfl-pat-leahy,Pat Leahy,NYJ,MIA,0,0,1,1,45
1986-11-27,1986,13,REG,1986_13_SEA_DAL,nfl-norm-johnson,Norm Johnson,SEA,DAL,4,4,1,2,42
1986-11-27,1986,13,REG,1986_13_SEA_DAL,nfl-rafael-septien,Rafael Septien,DAL,SEA,2,2,0,0,
1986-11-30,1986,13,REG,1986_13_ATL_MIA,nfl-fuad-reveiz,Fuad Reveiz,MIA,ATL,2,2,0,0,
1986-11-30,1986,13,REG,1986_13_BUF_KC,nfl-nick-lowery,Nick Lowery,KC,BUF,2,2,0,2,
1986-11-30,1986,13,REG,1986_13_BUF_KC,nfl-scott-norwood,Scott Norwood,BUF,KC,2,2,1,2,47
1986-11-30,1986,13,REG,1986_13_CIN_DEN,nfl-jim-breech,Jim Breech,CIN,DEN,4,4,0,1,
1986-11-30,1986,13,REG,1986_13_HOU_CLE,nfl-tony-zendejas,Tony Zendejas,HOU,CLE,1,1,1,2,47
1986-11-30,1986,13,REG,1986_13_LA_NYJ,nfl-mike-lansford,Mike Lansford,LA,NYJ,2,2,1,3,38
1986-11-30,1986,13,REG,1986_13_LA_NYJ,nfl-pat-leahy,Pat Leahy,NYJ,LA,0,0,1,1,25
1986-11-30,1986,13,REG,1986_13_NE_NO,nfl-tony-franklin-2,Tony Franklin,NE,NO,3,3,0,1,
1986-11-30,1986,13,REG,1986_13_PHI_LA,nfl-paul-mcfadden,Paul McFadden,PHI,LA,3,4,0,1,
1986-11-30,1986,13,REG,1986_13_PIT_CHI,nfl-gary-anderson,Gary Anderson,PIT,CHI,1,1,1,2,30
1986-11-30,1986,13,REG,1986_13_SD_IND,nfl-dean-biasucci,Dean Biasucci,IND,SD,0,0,1,2,27
1986-11-30,1986,13,REG,1986_13_SD_IND,nfl-rolf-benirschke,Rolf Benirschke,SD,IND,2,2,1,3,19
1986-11-30,1986,13,REG,1986_13_TB_MIN,nfl-chuck-nelson,Chuck Nelson,MIN,TB,6,6,1,1,53
1986-11-30,1986,13,REG,1986_13_WAS_STL,nfl-eric-schubert,Eric Schubert,STL,WAS,2,2,1,1,46
1986-12-01,1986,13,REG,1986_13_NYG_SF,nfl-raul-allegre,Raul Allegre,NYG,SF,3,3,0,2,
1986-12-01,1986,13,REG,1986_13_NYG_SF,nfl-ray-wersching,Ray Wersching,SF,NYG,2,2,1,1,30
1986-12-07,1986,14,REG,1986_14_CIN_NE,nfl-jim-breech,Jim Breech,CIN,NE,4,4,1,2,24
1986-12-07,1986,14,REG,1986_14_CIN_NE,nfl-tony-franklin-2,Tony Franklin,NE,CIN,1,1,0,1,
1986-12-07,1986,14,REG,1986_14_CLE_BUF,nfl-scott-norwood,Scott Norwood,BUF,CLE,2,2,1,2,22
1986-12-07,1986,14,REG,1986_14_DAL_LA,nfl-rafael-septien,Rafael Septien,DAL,LA,1,1,1,1,48
1986-12-07,1986,14,REG,1986_14_DEN_KC,nfl-rich-karlis,Rich Karlis,DEN,KC,1,1,1,3,26
1986-12-07,1986,14,REG,1986_14_DET_PIT,nfl-eddie-murray,Eddie Murray,DET,PIT,2,2,1,1,30
1986-12-07,1986,14,REG,1986_14_IND_ATL,nfl-dean-biasucci,Dean Biasucci,IND,ATL,4,4,0,1,
1986-12-07,1986,14,REG,1986_14_MIA_NO,nfl-fuad-reveiz,Fuad Reveiz,MIA,NO,4,4,1,1,43
1986-12-07,1986,14,REG,1986_14_NYG_WAS,nfl-max-zendejas,Max Zendejas,WAS,NYG,2,2,0,0,
1986-12-07,1986,14,REG,1986_14_NYG_WAS,nfl-raul-allegre,Raul Allegre,NYG,WAS,3,3,1,1,21
1986-12-07,1986,14,REG,1986_14_NYJ_SF,nfl-pat-leahy,Pat Leahy,NYJ,SF,1,1,1,1,22
1986-12-07,1986,14,REG,1986_14_NYJ_SF,nfl-ray-wersching,Ray Wersching,SF,NYJ,3,3,1,2,33
1986-12-07,1986,14,REG,1986_14_STL_PHI,nfl-eric-schubert,Eric Schubert,STL,PHI,1,1,1,4,27
1986-12-07,1986,14,REG,1986_14_STL_PHI,nfl-paul-mcfadden,Paul McFadden,PHI,STL,1,1,1,3,33
1986-12-07,1986,14,REG,1986_14_TB_CHI,nfl-donald-igwebuike,Donald Igwebuike,TB,CHI,2,2,0,0,
1986-12-07,1986,14,REG,1986_14_TB_CHI,nfl-kevin-butler,Kevin Butler,CHI,TB,6,6,0,0,
1986-12-07,1986,14,REG,1986_14_WAS_BUF,nfl-mark-moseley,Mark Moseley,WAS,BUF,3,3,0,0,
1986-12-13,1986,15,REG,1986_15_PIT_NYJ,nfl-gary-anderson,Gary Anderson,PIT,NYJ,6,6,1,1,36
1986-12-13,1986,15,REG,1986_15_PIT_NYJ,nfl-pat-leahy,Pat Leahy,NYJ,PIT,3,3,1,1,18
1986-12-13,1986,15,REG,1986_15_WAS_DEN,nfl-max-zendejas,Max Zendejas,WAS,DEN,3,4,0,2,
1986-12-13,1986,15,REG,1986_15_WAS_DEN,nfl-rich-karlis,Rich Karlis,DEN,WAS,4,4,1,2,32
1986-12-14,1986,15,REG,1986_15_BUF_IND,nfl-dean-biasucci,Dean Biasucci,IND,BUF,3,3,1,3,52
1986-12-14,1986,15,REG,1986_15_BUF_IND,nfl-scott-norwood,Scott Norwood,BUF,IND,2,2,0,1,
1986-12-14,1986,15,REG,1986_15_CLE_CIN,nfl-jim-breech,Jim Breech,CIN,CLE,0,0,1,1,23
1986-12-14,1986,15,REG,1986_15_GB_TB,nfl-al-del-greco,Al Del Greco,GB,TB,3,3,0,0,
1986-12-14,1986,15,REG,1986_15_GB_TB,nfl-donald-igwebuike,Donald Igwebuike,TB,GB,1,1,0,0,
1986-12-14,1986,15,REG,1986_15_KC_LA,nfl-chris-bahr,Chris Bahr,LA,KC,2,2,1,1,19
1986-12-14,1986,15,REG,1986_15_MIA_LA,nfl-fuad-reveiz,Fuad Reveiz,MIA,LA,4,4,1,1,18
1986-12-14,1986,15,REG,1986_15_MIA_LA,nfl-mike-lansford,Mike Lansford,LA,MIA,4,4,1,1,32
1986-12-14,1986,15,REG,1986_15_MIN_HOU,nfl-chuck-nelson,Chuck Nelson,MIN,HOU,1,1,1,1,40
1986-12-14,1986,15,REG,1986_15_NO_ATL,nfl-ali-haji-sheikh,Ali Haji-Sheikh,ATL,NO,0,1,1,1,43
1986-12-14,1986,15,REG,1986_15_NO_ATL,nfl-morten-andersen,Morten Andersen,NO,ATL,2,2,0,0,
1986-12-14,1986,15,REG,1986_15_PHI_DAL,nfl-rafael-septien,Rafael Septien,DAL,PHI,3,3,0,0,
1986-12-14,1986,15,REG,1986_15_SEA_SD,nfl-rolf-benirschke,Rolf Benirschke,SD,SEA,3,3,1,1,23
1986-12-14,1986,15,REG,1986_15_SF_NE,nfl-tony-franklin-2,Tony Franklin,NE,SF,3,3,1,1,41
1986-12-14,1986,15,REG,1986_15_STL_NYG,nfl-eric-schubert,Eric Schubert,STL,NYG,1,1,0,1,
1986-12-19,1986,16,REG,1986_16_LA_SF,nfl-mike-lansford,Mike Lansford,LA,SF,2,2,0,0,
1986-12-19,1986,16,REG,1986_16_LA_SF,nfl-ray-wersching,Ray Wersching,SF,LA,3,3,1,2,30
1986-12-20,1986,16,REG,1986_16_GB_NYG,nfl-al-del-greco,Al Del Greco,GB,NYG,3,3,1,1,34
1986-12-21,1986,16,REG,1986_16_ATL_DET,nfl-eddie-murray,Eddie Murray,DET,ATL,0,1,0,0,
1986-12-21,1986,16,REG,1986_16_BUF_HOU,nfl-scott-norwood,Scott Norwood,BUF,HOU,1,1,0,2,
1986-12-21,1986,16,REG,1986_16_CHI_DAL,nfl-kevin-butler,Kevin Butler,CHI,DAL,3,3,1,1,31
1986-12-21,1986,16,REG,1986_16_CHI_DAL,nfl-rafael-septien,Rafael Septien,DAL,CHI,1,1,1,1,50
1986-12-21,1986,16,REG,1986_16_IND_LA,nfl-chris-bahr,Chris Bahr,LA,IND,3,3,1,2,20
1986-12-21,1986,16,REG,1986_16_KC_PIT,nfl-nick-lowery,Nick Lowery,KC,PIT,3,3,1,1,47
1986-12-21,1986,16,REG,1986_16_NO_MIN,nfl-morten-andersen,Morten Andersen,NO,MIN,2,2,1,1,39
1986-12-21,1986,16,REG,1986_16_NYJ_CIN,nfl-jim-breech,Jim Breech,CIN,NYJ,7,7,1,1,43
1986-12-21,1986,16,REG,1986_16_NYJ_CIN,nfl-pat-leahy,Pat Leahy,NYJ,CIN,3,3,0,0,
1986-12-21,1986,16,REG,1986_16_SD_CLE,nfl-rolf-benirschke,Rolf Benirschke,SD,CLE,2,2,1,2,40
1986-12-21,1986,16,REG,1986_16_TB_STL,nfl-donald-igwebuike,Donald Igwebuike,TB,STL,2,2,1,2,36
1986-12-21,1986,16,REG,1986_16_TB_STL,nfl-eric-schubert,Eric Schubert,STL,TB,3,3,0,3,
1986-12-21,1986,16,REG,1986_16_WAS_PHI,nfl-jess-atkinson,Jess Atkinson,WAS,PHI,3,3,0,0,
1986-12-21,1986,16,REG,1986_16_WAS_PHI,nfl-paul-mcfadden,Paul McFadden,PHI,WAS,2,2,0,1,
1987-09-13,1987,1,REG,1987_01_ATL_TB,nfl-donald-igwebuike,Donald Igwebuike,TB,ATL,6,7,0,0,
1987-09-13,1987,1,REG,1987_01_ATL_TB,nfl-mick-luckhurst,Mick Luckhurst,ATL,TB,1,1,1,1,50
1987-09-13,1987,1,REG,1987_01_CIN_IND,nfl-dean-biasucci,Dean Biasucci,IND,CIN,3,3,0,0,
1987-09-13,1987,1,REG,1987_01_CIN_IND,nfl-jim-breech,Jim Breech,CIN,IND,2,3,1,2,20
1987-09-13,1987,1,REG,1987_01_CLE_NO,nfl-jeff-jaeger,Jeff Jaeger,CLE,NO,3,3,0,1,
1987-09-13,1987,1,REG,1987_01_CLE_NO,nfl-morten-andersen,Morten Andersen,NO,CLE,3,3,1,1,39
1987-09-13,1987,1,REG,1987_01_DAL_STL,nfl-jim-gallery,Jim Gallery,STL,DAL,3,3,1,1,23
1987-09-13,1987,1,REG,1987_01_MIA_NE,nfl-fuad-reveiz,Fuad Reveiz,MIA,NE,3,3,0,0,
1987-09-13,1987,1,REG,1987_01_MIA_NE,nfl-tony-franklin-2,Tony Franklin,NE,MIA,4,4,0,2,
1987-09-13,1987,1,REG,1987_01_NYJ_BUF,nfl-pat-leahy,Pat Leahy,NYJ,BUF,4,4,1,1,29
1987-09-13,1987,1,REG,1987_01_NYJ_BUF,nfl-scott-norwood,Scott Norwood,BUF,NYJ,4,4,0,0,
1987-09-13,1987,1,REG,1987_01_PHI_WAS,nfl-jess-atkinson,Jess Atkinson,WAS,PHI,1,1,1,1,27
1987-09-13,1987,1,REG,1987_01_PHI_WAS,nfl-paul-mcfadden,Paul McFadden,PHI,WAS,3,3,1,2,43
1987-09-13,1987,1,REG,1987_01_SEA_DEN,nfl-norm-johnson,Norm Johnson,SEA,DEN,2,2,1,1,25
1987-09-13,1987,1,REG,1987_01_SF_PIT,nfl-ray-wersching,Ray Wersching,SF,PIT,2,2,1,1,43
1987-09-14,1987,1,REG,1987_01_NYG_CHI,nfl-raul-allegre,Raul Allegre,NYG,CHI,1,2,0,0,
1987-09-20,1987,2,REG,1987_02_DAL_NYG,nfl-raul-allegre,Raul Allegre,NYG,DAL,2,2,0,1,
1987-09-20,1987,2,REG,1987_02_DEN_GB,nfl-al-del-greco,Al Del Greco,GB,DEN,2,2,1,2,32
1987-09-20,1987,2,REG,1987_02_DEN_GB,nfl-rich-karlis,Rich Karlis,DEN,GB,2,2,1,2,38
1987-09-20,1987,2,REG,1987_02_DET_LA,nfl-eddie-murray,Eddie Murray,DET,LA,1,1,0,3,
1987-09-20,1987,2,REG,1987_02_KC_SEA,nfl-nick-lowery,Nick Lowery,KC,SEA,2,2,0,0,
1987-09-20,1987,2,REG,1987_02_MIA_IND,nfl-dean-biasucci,Dean Biasucci,IND,MIA,1,1,1,1,50
1987-09-20,1987,2,REG,1987_02_MIA_IND,nfl-fuad-reveiz,Fuad Reveiz,MIA,IND,2,2,1,1,27
1987-09-20,1987,2,REG,1987_02_MIN_LA,nfl-chuck-nelson,Chuck Nelson,MIN,LA,3,3,0,0,
1987-09-20,1987,2,REG,1987_02_MIN_LA,nfl-mike-lansford,Mike Lansford,LA,MIN,1,2,1,1,27
1987-09-20,1987,2,REG,1987_02_NO_PHI,nfl-morten-andersen,Morten Andersen,NO,PHI,2,2,1,1,45
1987-09-20,1987,2,REG,1987_02_PIT_CLE,nfl-gary-anderson,Gary Anderson,PIT,CLE,1,1,1,2,27
1987-09-20,1987,2,REG,1987_02_STL_SD,nfl-jim-gallery,Jim Gallery,STL,SD,3,3,1,3,38
1987-09-20,1987,2,REG,1987_02_STL_SD,nfl-vince-abbott,Vince Abbott,SD,STL,4,4,0,0,
1987-09-20,1987,2,REG,1987_02_TB_CHI,nfl-donald-igwebuike,Donald Igwebuike,TB,CHI,0,0,1,2,43
1987-09-20,1987,2,REG,1987_02_TB_CHI,nfl-kevin-butler,Kevin Butler,CHI,TB,2,2,0,2,
1987-09-20,1987,2,REG,1987_02_WAS_ATL,nfl-ali-haji-sheikh,Ali Haji-Sheikh,WAS,ATL,2,2,0,1,
1987-09-20,1987,2,REG,1987_02_WAS_ATL,nfl-mick-luckhurst,Mick Luckhurst,ATL,WAS,3,3,0,0,
1987-09-21,1987,2,REG,1987_02_NE_NYJ,nfl-tony-franklin-2,Tony Franklin,NE,NYJ,3,3,1,2,32
1987-10-04,1987,3,REG,1987_03_CHI_PHI,nfl-dave-jacobs,Dave Jacobs,PHI,CHI,0,0,1,2,27
1987-10-04,1987,3,REG,1987_03_CHI_PHI,nfl-tim-lashar,Tim Lashar,CHI,PHI,5,5,0,0,
1987-10-04,1987,3,REG,1987_03_CLE_NE,nfl-eric-schubert,Eric Schubert,NE,CLE,1,1,1,2,23
1987-10-04,1987,3,REG,1987_03_DAL_NYJ,nfl-luis-zendejas,Luis Zendejas,DAL,NYJ,5,5,1,1,33
1987-10-04,1987,3,REG,1987_03_DAL_NYJ,nfl-pat-ragusa,Pat Ragusa,NYJ,DAL,3,3,1,1,20
1987-10-04,1987,3,REG,1987_03_GB_MIN,nfl-dale-dawson,Dale Dawson,MIN,GB,2,2,0,1,
1987-10-04,1987,3,REG,1987_03_HOU_DEN,nfl-mike-clendenen,Mike Clendenen,DEN,HOU,1,1,1,1,28
1987-10-04,1987,3,REG,1987_03_IND_BUF,nfl-steve-jordan,Steve Jordan,IND,BUF,6,6,1,1,36
1987-10-04,1987,3,REG,1987_03_IND_BUF,nfl-todd-schlopy,Todd Schlopy,BUF,IND,0,1,0,0,
1987-10-04,1987,3,REG,1987_03_KC_LA,nfl-david-hardy,David Hardy,LA,KC,5,5,0,1,
1987-10-04,1987,3,REG,1987_03_KC_LA,nfl-james-hamrick,James Hamrick,KC,LA,2,2,1,1,40
1987-10-04,1987,3,REG,1987_03_LA_NO,nfl-mike-cofer,Mike Cofer,NO,LA,4,4,1,1,27
1987-10-04,1987,3,REG,1987_03_LA_NO,nfl-mike-lansford,Mike Lansford,LA,NO,1,1,1,1,37
1987-10-04,1987,3,REG,1987_03_MIA_SEA,nfl-scott-hagler,Scott Hagler,SEA,MIA,3,3,1,1,20
1987-10-04,1987,3,REG,1987_03_PIT_ATL,nfl-david-trout,David Trout,PIT,ATL,4,4,0,0,
1987-10-04,1987,3,REG,1987_03_PIT_ATL,nfl-greg-davis,Greg Davis,ATL,PIT,1,1,1,1,27
1987-10-04,1987,3,REG,1987_03_SD_CIN,nfl-jeff-gaffney,Jeff Gaffney,SD,CIN,0,0,1,2,24
1987-10-04,1987,3,REG,1987_03_SD_CIN,nfl-massimo-manca,Massimo Manca,CIN,SD,1,1,0,1,
1987-10-04,1987,3,REG,1987_03_STL_WAS,nfl-brendan-toibin,Brendan Toibin,WAS,STL,4,4,0,2,
1987-10-04,1987,3,REG,1987_03_STL_WAS,nfl-jason-staurovsky,Jason Staurovsky,STL,WAS,3,3,0,2,
1987-10-04,1987,3,REG,1987_03_TB_DET,nfl-van-tiffin,Van Tiffin,TB,DET,4,4,1,1,21
1987-10-05,1987,3,REG,1987_03_SF_NYG,nfl-george-benyola,George Benyola,NYG,SF,3,3,0,0,
1987-10-11,1987,4,REG,1987_04_BUF_NE,nfl-todd-schlopy,Todd Schlopy,BUF,NE,1,1,0,0,
1987-10-11,1987,4,REG,1987_04_BUF_NE,nfl-tony-franklin-2,Tony Franklin,NE,BUF,2,2,0,0,
1987-10-11,1987,4,REG,1987_04_CIN_SEA,nfl-massimo-manca,Massimo Manca,CIN,SEA,2,2,1,1,28
1987-10-11,1987,4,REG,1987_04_CIN_SEA,nfl-scott-hagler,Scott Hagler,SEA,CIN,1,1,1,1,24
1987-10-11,1987,4,REG,1987_04_HOU_CLE,nfl-brian-franco,Brian Franco,CLE,HOU,1,1,1,1,26
1987-10-11,1987,4,REG,1987_04_KC_MIA,nfl-willie-beecher,Willie Beecher,MIA,KC,6,6,0,1,
1987-10-11,1987,4,REG,1987_04_MIN_CHI,nfl-dale-dawson,Dale Dawson,MIN,CHI,1,1,0,1,
1987-10-11,1987,4,REG,1987_04_NO_STL,nfl-jason-staurovsky,Jason Staurovsky,STL,NO,3,3,1,1,24
1987-10-11,1987,4,REG,1987_04_NO_STL,nfl-mike-cofer,Mike Cofer,NO,STL,1,3,0,0,
1987-10-11,1987,4,REG,1987_04_NYJ_IND,nfl-pat-ragusa,Pat Ragusa,NYJ,IND,0,0,0,2,
1987-10-11,1987,4,REG,1987_04_PHI_DAL,nfl-dave-jacobs,Dave Jacobs,PHI,DAL,1,3,1,2,40
1987-10-11,1987,4,REG,1987_04_PIT_LA,nfl-david-trout,David Trout,PIT,LA,3,3,0,1,
1987-10-11,1987,4,REG,1987_04_PIT_LA,nfl-mike-lansford,Mike Lansford,LA,PIT,4,4,1,2,39
1987-10-11,1987,4,REG,1987_04_SD_TB,nfl-jeff-gaffney,Jeff Gaffney,SD,TB,2,2,1,2,27
1987-10-11,1987,4,REG,1987_04_SF_ATL,nfl-greg-davis,Greg Davis,ATL,SF,2,2,1,2,42
1987-10-11,1987,4,REG,1987_04_SF_ATL,nfl-jeff-brockhaus,Jeff Brockhaus,SF,ATL,2,3,1,3,20
1987-10-11,1987,4,REG,1987_04_WAS_NYG,nfl-obed-ariri,Obed Ariri,WAS,NYG,5,5,1,2,22
1987-10-12,1987,4,REG,1987_04_LA_DEN,nfl-david-hardy,David Hardy,LA,DEN,2,2,0,0,
1987-10-12,1987,4,REG,1987_04_LA_DEN,nfl-mike-clendenen,Mike Clendenen,DEN,LA,3,3,1,2,31
1987-10-18,1987,5,REG,1987_05_DEN_KC,nfl-james-hamrick,James Hamrick,KC,DEN,2,2,1,1,25
1987-10-18,1987,5,REG,1987_05_DEN_KC,nfl-mike-clendenen,Mike Clendenen,DEN,KC,3,3,1,1,35
1987-10-18,1987,5,REG,1987_05_IND_PIT,nfl-david-trout,David Trout,PIT,IND,3,3,0,1,
1987-10-18,1987,5,REG,1987_05_IND_PIT,nfl-steve-jordan,Steve Jordan,IND,PIT,1,1,0,0,
1987-10-18,1987,5,REG,1987_05_LA_ATL,nfl-greg-davis,Greg Davis,ATL,LA,3,3,1,1,35
1987-10-18,1987,5,REG,1987_05_MIA_NYJ,nfl-pat-ragusa,Pat Ragusa,NYJ,MIA,4,4,1,1,34
1987-10-18,1987,5,REG,1987_05_MIA_NYJ,nfl-willie-beecher,Willie Beecher,MIA,NYJ,4,4,1,1,19
1987-10-18,1987,5,REG,1987_05_MIN_TB,nfl-dale-dawson,Dale Dawson,MIN,TB,1,1,1,3,34
1987-10-18,1987,5,REG,1987_05_NE_HOU,nfl-tony-franklin-2,Tony Franklin,NE,HOU,3,3,0,1,
1987-10-18,1987,5,REG,1987_05_NE_HOU,nfl-tony-zendejas,Tony Zendejas,HOU,NE,1,1,0,2,
1987-10-18,1987,5,REG,1987_05_NO_CHI,nfl-tim-lashar,Tim Lashar,CHI,NO,2,2,1,1,22
1987-10-18,1987,5,REG,1987_05_NYG_BUF,nfl-george-benyola,George Benyola,NYG,BUF,0,0,1,3,22
1987-10-18,1987,5,REG,1987_05_PHI_GB,nfl-dave-jacobs,Dave Jacobs,PHI,GB,1,1,1,1,44
1987-10-18,1987,5,REG,1987_05_PHI_GB,nfl-max-zendejas,Max Zendejas,GB,PHI,1,1,1,1,42
1987-10-18,1987,5,REG,1987_05_SD_LA,nfl-chris-bahr,Chris Bahr,LA,SD,2,2,1,2,33
1987-10-18,1987,5,REG,1987_05_SD_LA,nfl-jeff-gaffney,Jeff Gaffney,SD,LA,2,3,1,2,21
1987-10-18,1987,5,REG,1987_05_SEA_DET,nfl-mike-prindle,Mike Prindle,DET,SEA,2,2,0,0,
1987-10-18,1987,5,REG,1987_05_SEA_DET,nfl-norm-johnson,Norm Johnson,SEA,DET,4,4,1,1,43
1987-10-18,1987,5,REG,1987_05_STL_SF,nfl-jeff-brockhaus,Jeff Brockhaus,SF,STL,4,5,0,0,
1987-10-18,1987,5,REG,1987_05_STL_SF,nfl-jim-gallery,Jim Gallery,STL,SF,4,4,0,2,
1987-10-19,1987,5,REG,1987_05_WAS_DAL,nfl-kerry-brady,Kerry Brady,DAL,WAS,1,1,0,0,
1987-10-25,1987,6,REG,1987_06_BUF_MIA,nfl-fuad-reveiz,Fuad Reveiz,MIA,BUF,4,4,1,1,46
1987-10-25,1987,6,REG,1987_06_CHI_TB,nfl-kevin-butler,Kevin Butler,CHI,TB,3,4,0,1,
1987-10-25,1987,6,REG,1987_06_CIN_PIT,nfl-jim-breech,Jim Breech,CIN,PIT,2,3,0,0,
1987-10-25,1987,6,REG,1987_06_GB_DET,nfl-eddie-murray,Eddie Murray,DET,GB,4,4,1,2,23
1987-10-25,1987,6,REG,1987_06_KC_SD,nfl-nick-lowery,Nick Lowery,KC,SD,3,3,0,0,
1987-10-25,1987,6,REG,1987_06_KC_SD,nfl-vince-abbott,Vince Abbott,SD,KC,6,6,0,0,
1987-10-25,1987,6,REG,1987_06_NYJ_WAS,nfl-ali-haji-sheikh,Ali Haji-Sheikh,WAS,NYJ,2,2,1,2,28
1987-10-25,1987,6,REG,1987_06_SEA_LA,nfl-chris-bahr,Chris Bahr,LA,SEA,1,2,0,1,
1987-10-25,1987,6,REG,1987_06_SEA_LA,nfl-norm-johnson,Norm Johnson,SEA,LA,5,5,0,0,
1987-10-25,1987,6,REG,1987_06_SF_NO,nfl-ray-wersching,Ray Wersching,SF,NO,3,3,1,1,31
1987-10-25,1987,6,REG,1987_06_STL_NYG,nfl-jim-gallery,Jim Gallery,STL,NYG,1,1,0,0,
1987-10-26,1987,6,REG,1987_06_DEN_MIN,nfl-chuck-nelson,Chuck Nelson,MIN,DEN,4,5,0,0,
1987-10-26,1987,6,REG,1987_06_LA_CLE,nfl-mike-lansford,Mike Lansford,LA,CLE,2,2,1,1,27
1987-11-01,1987,7,REG,1987_07_CLE_SD,nfl-jeff-jaeger,Jeff Jaeger,CLE,SD,3,3,1,1,41
1987-11-01,1987,7,REG,1987_07_DET_DEN,nfl-eddie-murray,Eddie Murray,DET,DEN,0,0,0,3,
1987-11-01,1987,7,REG,1987_07_HOU_CIN,nfl-tony-zendejas,Tony Zendejas,HOU,CIN,4,4,1,1,47
1987-11-01,1987,7,REG,1987_07_IND_NYJ,nfl-pat-leahy,Pat Leahy,NYJ,IND,2,2,0,0,
1987-11-01,1987,7,REG,1987_07_KC_CHI,nfl-kevin-butler,Kevin Butler,CHI,KC,4,4,1,2,27
1987-11-01,1987,7,REG,1987_07_KC_CHI,nfl-nick-lowery,Nick Lowery,KC,CHI,4,4,0,1,
1987-11-01,1987,7,REG,1987_07_MIN_SEA,nfl-chuck-nelson,Chuck Nelson,MIN,SEA,2,2,1,2,29
1987-11-01,1987,7,REG,1987_07_MIN_SEA,nfl-norm-johnson,Norm Johnson,SEA,MIN,4,4,0,1,
1987-11-01,1987,7,REG,1987_07_NO_ATL,nfl-mick-luckhurst,Mick Luckhurst,ATL,NO,0,0,0,1,
1987-11-01,1987,7,REG,1987_07_NO_ATL,nfl-morten-andersen,Morten Andersen,NO,ATL,5,5,1,2,49
1987-11-01,1987,7,REG,1987_07_PHI_STL,nfl-jim-gallery,Jim Gallery,STL,PHI,2,3,1,2,43
1987-11-01,1987,7,REG,1987_07_PHI_STL,nfl-paul-mcfadden,Paul McFadden,PHI,STL,4,4,0,2,
1987-11-01,1987,7,REG,1987_07_PIT_MIA,nfl-fuad-reveiz,Fuad Reveiz,MIA,PIT,5,5,0,0,
1987-11-01,1987,7,REG,1987_07_PIT_MIA,nfl-gary-anderson,Gary Anderson,PIT,MIA,3,3,1,1,43
1987-11-01,1987,7,REG,1987_07_SF_LA,nfl-mike-lansford,Mike Lansford,LA,SF,1,1,1,1,22
1987-11-01,1987,7,REG,1987_07_SF_LA,nfl-ray-wersching,Ray Wersching,SF,LA,4,4,1,1,22
1987-11-01,1987,7,REG,1987_07_TB_GB,nfl-al-del-greco,Al Del Greco,GB,TB,2,2,1,2,36
1987-11-01,1987,7,REG,1987_07_WAS_BUF,nfl-scott-norwood,Scott Norwood,BUF,WAS,1,1,0,0,
1987-11-02,1987,7,REG,1987_07_NYG_DAL,nfl-raul-allegre,Raul Allegre,NYG,DAL,3,3,1,1,35
1987-11-08,1987,8,REG,1987_08_ATL_CLE,nfl-jeff-jaeger,Jeff Jaeger,CLE,ATL,5,5,1,2,38
1987-11-08,1987,8,REG,1987_08_ATL_CLE,nfl-mick-luckhurst,Mick Luckhurst,ATL,CLE,0,0,1,1,42
1987-11-08,1987,8,REG,1987_08_CHI_GB,nfl-al-del-greco,Al Del Greco,GB,CHI,3,3,1,3,47
1987-11-08,1987,8,REG,1987_08_DAL_DET,nfl-roger-ruzek,Roger Ruzek,DAL,DET,2,2,1,2,38
1987-11-08,1987,8,REG,1987_08_DEN_BUF,nfl-rich-karlis,Rich Karlis,DEN,BUF,2,2,0,0,
1987-11-08,1987,8,REG,1987_08_DEN_BUF,nfl-scott-norwood,Scott Norwood,BUF,DEN,2,2,1,1,30
1987-11-08,1987,8,REG,1987_08_LA_MIN,nfl-chuck-nelson,Chuck Nelson,MIN,LA,4,4,1,1,27
1987-11-08,1987,8,REG,1987_08_MIA_CIN,nfl-jim-breech,Jim Breech,CIN,MIA,2,2,0,0,
1987-11-08,1987,8,REG,1987_08_NE_NYG,nfl-raul-allegre,Raul Allegre,NYG,NE,2,2,1,2,19
1987-11-08,1987,8,REG,1987_08_NE_NYG,nfl-tony-franklin-2,Tony Franklin,NE,NYG,1,1,1,2,46
1987-11-08,1987,8,REG,1987_08_NO_LA,nfl-mike-lansford,Mike Lansford,LA,NO,2,2,0,0,
1987-11-08,1987,8,REG,1987_08_NO_LA,nfl-morten-andersen,Morten Andersen,NO,LA,4,4,1,1,32
1987-11-08,1987,8,REG,1987_08_PIT_KC,nfl-gary-anderson,Gary Anderson,PIT,KC,2,2,1,2,44
1987-11-08,1987,8,REG,1987_08_TB_STL,nfl-donald-igwebuike,Donald Igwebuike,TB,STL,4,4,0,1,
1987-11-08,1987,8,REG,1987_08_TB_STL,nfl-jim-gallery,Jim Gallery,STL,TB,4,4,1,2,31
1987-11-08,1987,8,REG,1987_08_WAS_PHI,nfl-ali-haji-sheikh,Ali Haji-Sheikh,WAS,PHI,3,4,0,0,
1987-11-08,1987,8,REG,1987_08_WAS_PHI,nfl-paul-mcfadden,Paul McFadden,PHI,WAS,4,4,1,1,37
1987-11-09,1987,8,REG,1987_08_SEA_NYJ,nfl-norm-johnson,Norm Johnson,SEA,NYJ,2,2,0,0,
1987-11-15,1987,9,REG,1987_09_BUF_CLE,nfl-scott-norwood,Scott Norwood,BUF,CLE,3,3,0,2,
1987-11-15,1987,9,REG,1987_09_CIN_ATL,nfl-mick-luckhurst,Mick Luckhurst,ATL,CIN,1,1,1,1,44
1987-11-15,1987,9,REG,1987_09_DAL_NE,nfl-roger-ruzek,Roger Ruzek,DAL,NE,2,2,1,1,20
1987-11-15,1987,9,REG,1987_09_DAL_NE,nfl-tony-franklin-2,Tony Franklin,NE,DAL,2,2,1,2,41
1987-11-15,1987,9,REG,1987_09_GB_SEA,nfl-norm-johnson,Norm Johnson,SEA,GB,3,3,1,1,24
1987-11-15,1987,9,REG,1987_09_HOU_PIT,nfl-gary-anderson,Gary Anderson,PIT,HOU,0,0,1,1,22
1987-11-15,1987,9,REG,1987_09_IND_MIA,nfl-fuad-reveiz,Fuad Reveiz,MIA,IND,3,3,0,0,
1987-11-15,1987,9,REG,1987_09_LA_SD,nfl-chris-bahr,Chris Bahr,LA,SD,2,2,0,1,
1987-11-15,1987,9,REG,1987_09_LA_STL,nfl-jim-gallery,Jim Gallery,STL,LA,3,3,1,1,44
1987-11-15,1987,9,REG,1987_09_NO_SF,nfl-ray-wersching,Ray Wersching,SF,NO,3,3,1,3,35
1987-11-15,1987,9,REG,1987_09_NYG_PHI,nfl-paul-mcfadden,Paul McFadden,PHI,NYG,2,2,1,3,25
1987-11-15,1987,9,REG,1987_09_TB_MIN,nfl-donald-igwebuike,Donald Igwebuike,TB,MIN,2,2,1,1,26
1987-11-16,1987,9,REG,1987_09_CHI_DEN,nfl-kevin-butler,Kevin Butler,CHI,DEN,2,3,1,1,42
1987-11-16,1987,9,REG,1987_09_CHI_DEN,nfl-rich-karlis,Rich Karlis,DEN,CHI,4,4,1,1,27
1987-11-22,1987,10,REG,1987_10_ATL_MIN,nfl-chuck-nelson,Chuck Nelson,MIN,ATL,3,3,1,2,51
1987-11-22,1987,10,REG,1987_10_ATL_MIN,nfl-mick-luckhurst,Mick Luckhurst,ATL,MIN,1,1,0,1,
1987-11-22,1987,10,REG,1987_10_BUF_NYJ,nfl-pat-leahy,Pat Leahy,NYJ,BUF,2,2,0,1,
1987-11-22,1987,10,REG,1987_10_BUF_NYJ,nfl-scott-norwood,Scott Norwood,BUF,NYJ,2,2,1,1,42
1987-11-22,1987,10,REG,1987_10_CLE_HOU,nfl-tony-zendejas,Tony Zendejas,HOU,CLE,1,1,0,1,
1987-11-22,1987,10,REG,1987_10_DEN_LA,nfl-chris-bahr,Chris Bahr,LA,DEN,2,2,1,1,34
1987-11-22,1987,10,REG,1987_10_DET_CHI,nfl-eddie-murray,Eddie Murray,DET,CHI,1,1,1,1,36
1987-11-22,1987,10,REG,1987_10_GB_KC,nfl-max-zendejas,Max Zendejas,GB,KC,2,2,1,1,40
1987-11-22,1987,10,REG,1987_10_GB_KC,nfl-nick-lowery,Nick Lowery,KC,GB,0,0,1,2,34
1987-11-22,1987,10,REG,1987_10_IND_NE,nfl-dean-biasucci,Dean Biasucci,IND,NE,0,0,0,1,
1987-11-22,1987,10,REG,1987_10_IND_NE,nfl-tony-franklin-2,Tony Franklin,NE,IND,3,3,1,3,34
1987-11-22,1987,10,REG,1987_10_MIA_DAL,nfl-roger-ruzek,Roger Ruzek,DAL,MIA,2,2,0,0,
1987-11-22,1987,10,REG,1987_10_NYG_NO,nfl-raul-allegre,Raul Allegre,NYG,NO,2,2,0,1,
1987-11-22,1987,10,REG,1987_10_SD_SEA,nfl-vince-abbott,Vince Abbott,SD,SEA,0,0,1,1,33
1987-11-22,1987,10,REG,1987_10_SF_TB,nfl-donald-igwebuike,Donald Igwebuike,TB,SF,1,1,1,1,29
1987-11-22,1987,10,REG,1987_10_SF_TB,nfl-ray-wersching,Ray Wersching,SF,TB,3,3,1,2,43
1987-11-22,1987,10,REG,1987_10_STL_PHI,nfl-jim-gallery,Jim Gallery,STL,PHI,4,4,1,1,20
1987-11-22,1987,10,REG,1987_10_STL_PHI,nfl-paul-mcfadden,Paul McFadden,PHI,STL,2,2,1,1,44
1987-11-23,1987,10,REG,1987_10_LA_WAS,nfl-mike-lansford,Mike Lansford,LA,WAS,3,4,1,1,37
1987-11-26,1987,11,REG,1987_11_MIN_DAL,nfl-chuck-nelson,Chuck Nelson,MIN,DAL,5,5,1,4,33
1987-11-26,1987,11,REG,1987_11_MIN_DAL,nfl-roger-ruzek,Roger Ruzek,DAL,MIN,5,5,1,1,38
1987-11-29,1987,11,REG,1987_11_CLE_SF,nfl-jeff-jaeger,Jeff Jaeger,CLE,SF,3,3,1,3,28
1987-11-29,1987,11,REG,1987_11_CLE_SF,nfl-ray-wersching,Ray Wersching,SF,CLE,5,5,1,1,38
1987-11-29,1987,11,REG,1987_11_DEN_SD,nfl-rich-karlis,Rich Karlis,DEN,SD,4,4,1,2,27
1987-11-29,1987,11,REG,1987_11_DEN_SD,nfl-vince-abbott,Vince Abbott,SD,DEN,2,2,1,1,32
1987-11-29,1987,11,REG,1987_11_GB_CHI,nfl-max-zendejas,Max Zendejas,GB,CHI,1,1,1,4,32
1987-11-29,1987,11,REG,1987_11_NO_PIT,nfl-gary-anderson,Gary Anderson,PIT,NO,2,2,0,0,
1987-11-29,1987,11,REG,1987_11_NYG_WAS,nfl-ali-haji-sheikh,Ali Haji-Sheikh,WAS,NYG,2,3,1,2,39
1987-11-29,1987,11,REG,1987_11_PHI_NE,nfl-tony-franklin-2,Tony Franklin,NE,PHI,4,4,1,4,21
1987-11-29,1987,11,REG,1987_11_STL_ATL,nfl-mick-luckhurst,Mick Luckhurst,ATL,STL,3,3,0,0,
1987-11-29,1987,11,REG,1987_11_TB_LA,nfl-donald-igwebuike,Donald Igwebuike,TB,LA,0,0,1,1,33
1987-11-29,1987,11,REG,1987_11_TB_LA,nfl-mike-lansford,Mike Lansford,LA,TB,5,5,0,1,
1987-11-30,1987,11,REG,1987_11_LA_SEA,nfl-norm-johnson,Norm Johnson,SEA,LA,2,2,0,1,
1987-12-06,1987,12,REG,1987_12_ATL_DAL,nfl-mick-luckhurst,Mick Luckhurst,ATL,DAL,3,3,0,0,
1987-12-06,1987,12,REG,1987_12_ATL_DAL,nfl-roger-ruzek,Roger Ruzek,DAL,ATL,1,1,1,1,44
1987-12-06,1987,12,REG,1987_12_BUF_LA,nfl-scott-norwood,Scott Norwood,BUF,LA,3,3,0,0,
1987-12-06,1987,12,REG,1987_12_CHI_MIN,nfl-chuck-nelson,Chuck Nelson,MIN,CHI,3,3,1,2,27
1987-12-06,1987,12,REG,1987_12_IND_CLE,nfl-jeff-jaeger,Jeff Jaeger,CLE,IND,1,1,0,1,
1987-12-06,1987,12,REG,1987_12_NE_DEN,nfl-rich-karlis,Rich Karlis,DEN,NE,4,4,1,2,24
1987-12-06,1987,12,REG,1987_12_SD_HOU,nfl-vince-abbott,Vince Abbott,SD,HOU,1,2,1,1,27
1987-12-06,1987,12,REG,1987_12_SEA_PIT,nfl-norm-johnson,Norm Johnson,SEA,PIT,0,0,1,1,33
1987-12-06,1987,12,REG,1987_12_SF_GB,nfl-ray-wersching,Ray Wersching,SF,GB,2,3,1,1,25
1987-12-06,1987,12,REG,1987_12_WAS_STL,nfl-jim-gallery,Jim Gallery,STL,WAS,2,2,1,3,48
1987-12-07,1987,12,REG,1987_12_NYJ_MIA,nfl-fuad-reveiz,Fuad Reveiz,MIA,NYJ,4,5,1,1,18
1987-12-07,1987,12,REG,1987_12_NYJ_MIA,nfl-pat-leahy,Pat Leahy,NYJ,MIA,4,4,0,0,
1987-12-13,1987,13,REG,1987_13_ATL_LA,nfl-mike-lansford,Mike Lansford,LA,ATL,4,4,1,2,18
1987-12-13,1987,13,REG,1987_13_BUF_IND,nfl-dean-biasucci,Dean Biasucci,IND,BUF,0,0,1,1,30
1987-12-13,1987,13,REG,1987_13_CIN_CLE,nfl-jim-breech,Jim Breech,CIN,CLE,3,3,1,1,20
1987-12-13,1987,13,REG,1987_13_CIN_CLE,nfl-matt-bahr,Matt Bahr,CLE,CIN,5,5,1,1,27
1987-12-13,1987,13,REG,1987_13_DAL_WAS,nfl-ali-haji-sheikh,Ali Haji-Sheikh,WAS,DAL,3,3,1,1,31
1987-12-13,1987,13,REG,1987_13_DEN_SEA,nfl-norm-johnson,Norm Johnson,SEA,DEN,4,4,0,0,
1987-12-13,1987,13,REG,1987_13_DEN_SEA,nfl-rich-karlis,Rich Karlis,DEN,SEA,3,3,0,1,
1987-12-13,1987,13,REG,1987_13_DET_TB,nfl-donald-igwebuike,Donald Igwebuike,TB,DET,1,1,1,1,44
1987-12-13,1987,13,REG,1987_13_HOU_NO,nfl-morten-andersen,Morten Andersen,NO,HOU,3,3,1,3,28
1987-12-13,1987,13,REG,1987_13_HOU_NO,nfl-tony-zendejas,Tony Zendejas,HOU,NO,1,1,1,1,21
1987-12-13,1987,13,REG,1987_13_LA_KC,nfl-chris-bahr,Chris Bahr,LA,KC,1,1,1,2,23
1987-12-13,1987,13,REG,1987_13_MIA_PHI,nfl-paul-mcfadden,Paul McFadden,PHI,MIA,1,1,1,2,27
1987-12-13,1987,13,REG,1987_13_MIN_GB,nfl-chuck-nelson,Chuck Nelson,MIN,GB,1,1,1,2,34
1987-12-13,1987,13,REG,1987_13_MIN_GB,nfl-max-zendejas,Max Zendejas,GB,MIN,1,2,1,1,47
1987-12-13,1987,13,REG,1987_13_NYG_GB,nfl-al-del-greco,Al Del Greco,GB,NYG,3,4,0,1,
1987-12-13,1987,13,REG,1987_13_NYG_STL,nfl-raul-allegre,Raul Allegre,NYG,STL,3,3,1,2,29
1987-12-13,1987,13,REG,1987_13_NYJ_NE,nfl-tony-franklin-2,Tony Franklin,NE,NYJ,6,6,0,0,
1987-12-13,1987,13,REG,1987_13_PIT_SD,nfl-vince-abbott,Vince Abbott,SD,PIT,2,2,0,3,
1987-12-13,1987,13,REG,1987_13_TB_PHI,nfl-van-tiffin,Van Tiffin,TB,PHI,4,4,0,1,
1987-12-14,1987,13,REG,1987_13_CHI_SF,nfl-kevin-butler,Kevin Butler,CHI,SF,0,0,0,1,
1987-12-19,1987,14,REG,1987_14_GB_NYG,nfl-max-zendejas,Max Zendejas,GB,NYG,1,1,1,1,26
1987-12-19,1987,14,REG,1987_14_GB_NYG,nfl-raul-allegre,Raul Allegre,NYG,GB,2,2,0,0,
1987-12-19,1987,14,REG,1987_14_KC_DEN,nfl-nick-lowery,Nick Lowery,KC,DEN,2,2,1,3,33
1987-12-20,1987,14,REG,1987_14_ATL_SF,nfl-mick-luckhurst,Mick Luckhurst,ATL,SF,1,1,0,1,
1987-12-20,1987,14,REG,1987_14_ATL_SF,nfl-ray-wersching,Ray Wersching,SF,ATL,5,5,0,0,
1987-12-20,1987,14,REG,1987_14_CLE_LA,nfl-chris-bahr,Chris Bahr,LA,CLE,2,2,1,1,39
1987-12-20,1987,14,REG,1987_14_CLE_LA,nfl-matt-bahr,Matt Bahr,CLE,LA,3,3,1,2,20
1987-12-20,1987,14,REG,1987_14_GB_TB,nfl-al-del-greco,Al Del Greco,GB,TB,4,4,1,1,28
1987-12-20,1987,14,REG,1987_14_IND_SD,nfl-vince-abbott,Vince Abbott,SD,IND,1,1,0,1,
1987-12-20,1987,14,REG,1987_14_MIN_DET,nfl-chuck-nelson,Chuck Nelson,MIN,DET,2,2,1,2,22
1987-12-20,1987,14,REG,1987_14_MIN_DET,nfl-eddie-murray,Eddie Murray,DET,MIN,2,2,0,0,
1987-12-20,1987,14,REG,1987_14_NE_BUF,nfl-scott-norwood,Scott Norwood,BUF,NE,1,1,0,0,
1987-12-20,1987,14,REG,1987_14_NE_BUF,nfl-tony-franklin-2,Tony Franklin,NE,BUF,1,2,0,0,
1987-12-20,1987,14,REG,1987_14_NO_CIN,nfl-jim-breech,Jim Breech,CIN,NO,3,3,1,2,43
1987-12-20,1987,14,REG,1987_14_PHI_NYJ,nfl-paul-mcfadden,Paul McFadden,PHI,NYJ,5,5,1,2,38
1987-12-20,1987,14,REG,1987_14_PIT_HOU,nfl-tony-zendejas,Tony Zendejas,HOU,PIT,3,3,1,1,34
1987-12-20,1987,14,REG,1987_14_SEA_CHI,nfl-kevin-butler,Kevin Butler,CHI,SEA,3,3,0,2,
1987-12-20,1987,14,REG,1987_14_STL_TB,nfl-donald-igwebuike,Donald Igwebuike,TB,STL,2,2,0,1,
1987-12-20,1987,14,REG,1987_14_WAS_MIA,nfl-ali-haji-sheikh,Ali Haji-Sheikh,WAS,MIA,3,3,0,1,
1987-12-20,1987,14,REG,1987_14_WAS_MIA,nfl-fuad-reveiz,Fuad Reveiz,MIA,WAS,2,3,1,1,48
1987-12-21,1987,14,REG,1987_14_DAL_LA,nfl-mike-lansford,Mike Lansford,LA,DAL,3,3,0,1,
1987-12-26,1987,15,REG,1987_15_WAS_MIN,nfl-chuck-nelson,Chuck Nelson,MIN,WAS,3,3,1,2,20
1987-12-27,1987,15,REG,1987_15_BUF_PHI,nfl-paul-mcfadden,Paul McFadden,PHI,BUF,2,2,1,1,39
1987-12-27,1987,15,REG,1987_15_BUF_PHI,nfl-scott-norwood,Scott Norwood,BUF,PHI,1,1,0,0,
1987-12-27,1987,15,REG,1987_15_CHI_LA,nfl-chris-bahr,Chris Bahr,LA,CHI,0,0,1,3,48
1987-12-27,1987,15,REG,1987_15_CIN_HOU,nfl-jim-breech,Jim Breech,CIN,HOU,2,2,1,1,43
1987-12-27,1987,15,REG,1987_15_CIN_HOU,nfl-tony-zendejas,Tony Zendejas,HOU,CIN,3,3,0,1,
1987-12-27,1987,15,REG,1987_15_GB_NO,nfl-max-zendejas,Max Zendejas,GB,NO,3,3,1,1,24
1987-12-27,1987,15,REG,1987_15_LA_SF,nfl-ray-wersching,Ray Wersching,SF,LA,6,7,0,0,
1987-12-27,1987,15,REG,1987_15_NYJ_NYG,nfl-pat-leahy,Pat Leahy,NYJ,NYG,1,1,0,1,
1987-12-27,1987,15,REG,1987_15_SD_DEN,nfl-rich-karlis,Rich Karlis,DEN,SD,3,3,1,2,26
1987-12-27,1987,15,REG,1987_15_SD_DEN,nfl-vince-abbott,Vince Abbott,SD,DEN,0,0,0,1,
1987-12-27,1987,15,REG,1987_15_STL_DAL,nfl-roger-ruzek,Roger Ruzek,DAL,STL,3,3,0,0,
1987-12-27,1987,15,REG,1987_15_TB_IND,nfl-dean-biasucci,Dean Biasucci,IND,TB,3,3,1,1,30
1987-12-28,1987,15,REG,1987_15_NE_MIA,nfl-fuad-reveiz,Fuad Reveiz,MIA,NE,1,1,1,1,47
1987-12-28,1987,15,REG,1987_15_NE_MIA,nfl-tony-franklin-2,Tony Franklin,NE,MIA,3,3,1,1,31
1988-09-04,1988,1,REG,1988_01_ATL_DET,nfl-eddie-murray,Eddie Murray,DET,ATL,4,4,1,1,37
1988-09-04,1988,1,REG,1988_01_ATL_DET,nfl-greg-davis,Greg Davis,ATL,DET,2,2,1,1,19
1988-09-04,1988,1,REG,1988_01_CLE_KC,nfl-nick-lowery,Nick Lowery,KC,CLE,0,0,1,1,33
1988-09-04,1988,1,REG,1988_01_DAL_PIT,nfl-gary-anderson,Gary Anderson,PIT,DAL,3,3,1,2,32
1988-09-04,1988,1,REG,1988_01_DAL_PIT,nfl-luis-zendejas,Luis Zendejas,DAL,PIT,3,3,0,1,
1988-09-04,1988,1,REG,1988_01_HOU_IND,nfl-dean-biasucci,Dean Biasucci,IND,HOU,2,2,0,1,
1988-09-04,1988,1,REG,1988_01_HOU_IND,nfl-tony-zendejas,Tony Zendejas,HOU,IND,2,2,1,3,35
1988-09-04,1988,1,REG,1988_01_LA_GB,nfl-max-zendejas,Max Zendejas,GB,LA,1,1,0,0,
1988-09-04,1988,1,REG,1988_01_MIA_CHI,nfl-fuad-reveiz,Fuad Reveiz,MIA,CHI,1,1,0,0,
1988-09-04,1988,1,REG,1988_01_MIA_CHI,nfl-kevin-butler,Kevin Butler,CHI,MIA,4,5,0,2,
1988-09-04,1988,1,REG,1988_01_MIN_BUF,nfl-chuck-nelson,Chuck Nelson,MIN,BUF,1,1,1,2,30
1988-09-04,1988,1,REG,1988_01_NYJ_NE,nfl-pat-leahy,Pat Leahy,NYJ,NE,0,0,1,1,29
1988-09-04,1988,1,REG,1988_01_PHI_TB,nfl-donald-igwebuike,Donald Igwebuike,TB,PHI,2,2,0,0,
1988-09-04,1988,1,REG,1988_01_PHX_CIN,nfl-al-del-greco,Al Del Greco,PHX,CIN,2,2,0,1,
1988-09-04,1988,1,REG,1988_01_PHX_CIN,nfl-jim-breech,Jim Breech,CIN,PHX,3,3,0,1,
1988-09-04,1988,1,REG,1988_01_SD_LA,nfl-chris-bahr,Chris Bahr,LA,SD,3,3,1,2,25
1988-09-04,1988,1,REG,1988_01_SEA_DEN,nfl-norm-johnson,Norm Johnson,SEA,DEN,3,3,0,0,
1988-09-04,1988,1,REG,1988_01_SEA_DEN,nfl-rich-karlis,Rich Karlis,DEN,SEA,2,2,0,0,
1988-09-04,1988,1,REG,1988_01_SF_NO,nfl-morten-andersen,Morten Andersen,NO,SF,4,4,1,1,20
1988-09-11,1988,2,REG,1988_02_CHI_IND,nfl-kevin-butler,Kevin Butler,CHI,IND,2,2,1,2,40
1988-09-11,1988,2,REG,1988_02_CIN_PHI,nfl-dean-dorsey,Dean Dorsey,PHI,CIN,3,3,1,2,34
1988-09-11,1988,2,REG,1988_02_CIN_PHI,nfl-jim-breech,Jim Breech,CIN,PHI,4,4,0,0,
1988-09-11,1988,2,REG,1988_02_DET_LA,nfl-eddie-murray,Eddie Murray,DET,LA,1,1,1,1,30
1988-09-11,1988,2,REG,1988_02_DET_LA,nfl-mike-lansford,Mike Lansford,LA,DET,2,2,1,1,46
1988-09-11,1988,2,REG,1988_02_KC_SEA,nfl-nick-lowery,Nick Lowery,KC,SEA,1,1,1,1,27
1988-09-11,1988,2,REG,1988_02_KC_SEA,nfl-norm-johnson,Norm Johnson,SEA,KC,4,4,1,1,18
1988-09-11,1988,2,REG,1988_02_LA_HOU,nfl-chris-bahr,Chris Bahr,LA,HOU,5,5,0,1,
1988-09-11,1988,2,REG,1988_02_LA_HOU,nfl-tony-zendejas,Tony Zendejas,HOU,LA,5,5,1,1,19
1988-09-11,1988,2,REG,1988_02_NO_ATL,nfl-greg-davis,Greg Davis,ATL,NO,3,3,0,1,
1988-09-11,1988,2,REG,1988_02_NYJ_CLE,nfl-matt-bahr,Matt Bahr,CLE,NYJ,0,0,1,1,47
1988-09-11,1988,2,REG,1988_02_SD_DEN,nfl-vince-abbott,Vince Abbott,SD,DEN,0,0,1,1,20
1988-09-11,1988,2,REG,1988_02_SF_NYG,nfl-raul-allegre,Raul Allegre,NYG,SF,2,2,1,2,36
1988-09-11,1988,2,REG,1988_02_TB_GB,nfl-max-zendejas,Max Zendejas,GB,TB,1,1,1,3,50
1988-09-12,1988,2,REG,1988_02_DAL_PHX,nfl-al-del-greco,Al Del Greco,PHX,DAL,2,2,0,1,
1988-09-12,1988,2,REG,1988_02_DAL_PHX,nfl-luis-zendejas,Luis Zendejas,DAL,PHX,2,2,1,2,47
1988-09-18,1988,3,REG,1988_03_ATL_SF,nfl-mike-cofer,Mike Cofer,SF,ATL,2,2,1,1,38
1988-09-18,1988,3,REG,1988_03_BUF_NE,nfl-teddy-garcia,Teddy Garcia,NE,BUF,2,2,0,0,
1988-09-18,1988,3,REG,1988_03_CIN_PIT,nfl-gary-anderson,Gary Anderson,PIT,CIN,1,1,1,2,19
1988-09-18,1988,3,REG,1988_03_CIN_PIT,nfl-jim-breech,Jim Breech,CIN,PIT,2,2,1,1,32
1988-09-18,1988,3,REG,1988_03_GB_MIA,nfl-fuad-reveiz,Fuad Reveiz,MIA,GB,3,3,1,1,29
1988-09-18,1988,3,REG,1988_03_GB_MIA,nfl-max-zendejas,Max Zendejas,GB,MIA,2,2,1,1,36
1988-09-18,1988,3,REG,1988_03_HOU_NYJ,nfl-pat-leahy,Pat Leahy,NYJ,HOU,6,6,1,1,47
1988-09-18,1988,3,REG,1988_03_HOU_NYJ,nfl-tony-zendejas,Tony Zendejas,HOU,NYJ,0,0,1,3,30
1988-09-18,1988,3,REG,1988_03_LA_LA,nfl-chris-bahr,Chris Bahr,LA,LA,2,2,1,3,29
1988-09-18,1988,3,REG,1988_03_MIN_CHI,nfl-chuck-nelson,Chuck Nelson,MIN,CHI,4,4,1,1,37
1988-09-18,1988,3,REG,1988_03_MIN_CHI,nfl-kevin-butler,Kevin Butler,CHI,MIN,1,1,0,0,
1988-09-18,1988,3,REG,1988_03_NO_DET,nfl-eddie-murray,Eddie Murray,DET,NO,2,2,0,0,
1988-09-18,1988,3,REG,1988_03_NYG_DAL,nfl-raul-allegre,Raul Allegre,NYG,DAL,1,1,1,1,32
1988-09-18,1988,3,REG,1988_03_NYG_DAL,nfl-roger-ruzek,Roger Ruzek,DAL,NYG,1,1,1,2,41
1988-09-18,1988,3,REG,1988_03_PHI_WAS,nfl-chip-lohmiller,Chip Lohmiller,WAS,PHI,2,2,1,2,34
1988-09-18,1988,3,REG,1988_03_PHI_WAS,nfl-dean-dorsey,Dean Dorsey,PHI,WAS,1,1,1,3,23
1988-09-18,1988,3,REG,1988_03_PHX_TB,nfl-donald-igwebuike,Donald Igwebuike,TB,PHX,3,3,1,2,34
1988-09-18,1988,3,REG,1988_03_SEA_SD,nfl-vince-abbott,Vince Abbott,SD,SEA,2,2,1,2,48
1988-09-19,1988,3,REG,1988_03_IND_CLE,nfl-dean-biasucci,Dean Biasucci,IND,CLE,2,2,1,1,30
1988-09-25,1988,4,REG,1988_04_ATL_DAL,nfl-roger-ruzek,Roger Ruzek,DAL,ATL,3,3,1,2,25
1988-09-25,1988,4,REG,1988_04_CHI_GB,nfl-kevin-butler,Kevin Butler,CHI,GB,3,3,1,1,35
1988-09-25,1988,4,REG,1988_04_CHI_GB,nfl-max-zendejas,Max Zendejas,GB,CHI,0,1,0,0,
1988-09-25,1988,4,REG,1988_04_CLE_CIN,nfl-jim-breech,Jim Breech,CIN,CLE,3,3,1,1,34
1988-09-25,1988,4,REG,1988_04_CLE_CIN,nfl-matt-bahr,Matt Bahr,CLE,CIN,2,2,1,1,27
1988-09-25,1988,4,REG,1988_04_LA_NYG,nfl-mike-lansford,Mike Lansford,LA,NYG,6,6,1,2,41
1988-09-25,1988,4,REG,1988_04_LA_NYG,nfl-raul-allegre,Raul Allegre,NYG,LA,4,4,1,1,34
1988-09-25,1988,4,REG,1988_04_MIA_IND,nfl-fuad-reveiz,Fuad Reveiz,MIA,IND,1,1,0,0,
1988-09-25,1988,4,REG,1988_04_NE_HOU,nfl-teddy-garcia,Teddy Garcia,NE,HOU,0,1,0,0,
1988-09-25,1988,4,REG,1988_04_NE_HOU,nfl-tony-zendejas,Tony Zendejas,HOU,NE,4,4,1,3,49
1988-09-25,1988,4,REG,1988_04_NYJ_DET,nfl-eddie-murray,Eddie Murray,DET,NYJ,1,1,1,1,39
1988-09-25,1988,4,REG,1988_04_NYJ_DET,nfl-pat-leahy,Pat Leahy,NYJ,DET,2,2,1,2,39
1988-09-25,1988,4,REG,1988_04_PHI_MIN,nfl-dale-dawson,Dale Dawson,PHI,MIN,3,3,0,1,
1988-09-25,1988,4,REG,1988_04_PIT_BUF,nfl-gary-anderson,Gary Anderson,PIT,BUF,4,4,0,1,
1988-09-25,1988,4,REG,1988_04_SD_KC,nfl-nick-lowery,Nick Lowery,KC,SD,3,3,0,0,
1988-09-25,1988,4,REG,1988_04_SD_KC,nfl-vince-abbott,Vince Abbott,SD,KC,3,3,1,1,47
1988-09-25,1988,4,REG,1988_04_SF_SEA,nfl-mike-cofer,Mike Cofer,SF,SEA,5,5,1,4,21
1988-09-25,1988,4,REG,1988_04_SF_SEA,nfl-norm-johnson,Norm Johnson,SEA,SF,1,1,0,1,
1988-09-25,1988,4,REG,1988_04_WAS_PHX,nfl-al-del-greco,Al Del Greco,PHX,WAS,4,4,0,0,
1988-09-25,1988,4,REG,1988_04_WAS_PHX,nfl-chip-lohmiller,Chip Lohmiller,WAS,PHX,3,3,0,1,
1988-10-02,1988,5,REG,1988_05_BUF_CHI,nfl-kevin-butler,Kevin Butler,CHI,BUF,3,3,1,1,22
1988-10-02,1988,5,REG,1988_05_BUF_CHI,nfl-scott-norwood,Scott Norwood,BUF,CHI,0,0,1,2,28
1988-10-02,1988,5,REG,1988_05_CIN_LA,nfl-chris-bahr,Chris Bahr,LA,CIN,3,3,0,0,
1988-10-02,1988,5,REG,1988_05_CIN_LA,nfl-jim-breech,Jim Breech,CIN,LA,6,6,1,1,28
1988-10-02,1988,5,REG,1988_05_DEN_SD,nfl-vince-abbott,Vince Abbott,SD,DEN,0,0,0,1,
1988-10-02,1988,5,REG,1988_05_GB_TB,nfl-max-zendejas,Max Zendejas,GB,TB,3,3,1,3,44
1988-10-02,1988,5,REG,1988_05_HOU_PHI,nfl-tony-zendejas,Tony Zendejas,HOU,PHI,3,3,0,0,
1988-10-02,1988,5,REG,1988_05_IND_NE,nfl-dean-biasucci,Dean Biasucci,IND,NE,2,2,1,1,20
1988-10-02,1988,5,REG,1988_05_IND_NE,nfl-teddy-garcia,Teddy Garcia,NE,IND,3,3,0,1,
1988-10-02,1988,5,REG,1988_05_KC_NYJ,nfl-nick-lowery,Nick Lowery,KC,NYJ,2,2,1,1,34
1988-10-02,1988,5,REG,1988_05_KC_NYJ,nfl-pat-leahy,Pat Leahy,NYJ,KC,2,2,1,2,23
1988-10-02,1988,5,REG,1988_05_MIN_MIA,nfl-chuck-nelson,Chuck Nelson,MIN,MIA,1,1,0,1,
1988-10-02,1988,5,REG,1988_05_MIN_MIA,nfl-fuad-reveiz,Fuad Reveiz,MIA,MIN,3,3,1,1,38
1988-10-02,1988,5,REG,1988_05_NYG_WAS,nfl-chip-lohmiller,Chip Lohmiller,WAS,NYG,2,3,1,2,30
1988-10-02,1988,5,REG,1988_05_NYG_WAS,nfl-paul-mcfadden,Paul McFadden,NYG,WAS,3,3,1,1,32
1988-10-02,1988,5,REG,1988_05_PHX_LA,nfl-mike-lansford,Mike Lansford,LA,PHX,3,4,0,1,
1988-10-02,1988,5,REG,1988_05_SEA_ATL,nfl-norm-johnson,Norm Johnson,SEA,ATL,4,4,1,1,44
1988-10-03,1988,5,REG,1988_05_DAL_NO,nfl-roger-ruzek,Roger Ruzek,DAL,NO,2,2,1,2,39
1988-10-09,1988,6,REG,1988_06_CHI_DET,nfl-eddie-murray,Eddie Murray,DET,CHI,1,1,0,0,
1988-10-09,1988,6,REG,1988_06_CHI_DET,nfl-kevin-butler,Kevin Butler,CHI,DET,3,3,1,1,37
1988-10-09,1988,6,REG,1988_06_KC_HOU,nfl-tony-zendejas,Tony Zendejas,HOU,KC,1,1,0,2,
1988-10-09,1988,6,REG,1988_06_MIA_LA,nfl-chris-bahr,Chris Bahr,LA,MIA,2,2,0,1,
1988-10-09,1988,6,REG,1988_06_MIA_LA,nfl-fuad-reveiz,Fuad Reveiz,MIA,LA,3,3,1,1,45
1988-10-09,1988,6,REG,1988_06_NE_GB,nfl-max-zendejas,Max Zendejas,GB,NE,6,6,1,2,25
1988-10-09,1988,6,REG,1988_06_NE_GB,nfl-teddy-garcia,Teddy Garcia,NE,GB,0,0,1,2,43
1988-10-09,1988,6,REG,1988_06_NO_SD,nfl-vince-abbott,Vince Abbott,SD,NO,2,2,1,1,35
1988-10-09,1988,6,REG,1988_06_NYJ_CIN,nfl-jim-breech,Jim Breech,CIN,NYJ,3,5,1,2,25
1988-10-09,1988,6,REG,1988_06_NYJ_CIN,nfl-pat-leahy,Pat Leahy,NYJ,CIN,2,2,1,1,30
1988-10-09,1988,6,REG,1988_06_PIT_PHX,nfl-al-del-greco,Al Del Greco,PHX,PIT,4,4,1,1,19
1988-10-09,1988,6,REG,1988_06_PIT_PHX,nfl-gary-anderson,Gary Anderson,PIT,PHX,2,2,0,1,
1988-10-09,1988,6,REG,1988_06_SEA_CLE,nfl-matt-bahr,Matt Bahr,CLE,SEA,1,1,1,2,23
1988-10-09,1988,6,REG,1988_06_TB_MIN,nfl-chuck-nelson,Chuck Nelson,MIN,TB,2,2,0,0,
1988-10-09,1988,6,REG,1988_06_WAS_DAL,nfl-chip-lohmiller,Chip Lohmiller,WAS,DAL,5,5,0,1,
1988-10-09,1988,6,REG,1988_06_WAS_DAL,nfl-roger-ruzek,Roger Ruzek,DAL,WAS,2,2,1,2,45
1988-10-10,1988,6,REG,1988_06_NYG_DAL,nfl-luis-zendejas,Luis Zendejas,DAL,NYG,3,3,1,1,37
1988-10-16,1988,7,REG,1988_07_ATL_DEN,nfl-greg-davis,Greg Davis,ATL,DEN,2,2,0,0,
1988-10-16,1988,7,REG,1988_07_CIN_NE,nfl-jim-breech,Jim Breech,CIN,NE,3,3,0,0,
1988-10-16,1988,7,REG,1988_07_CIN_NE,nfl-teddy-garcia,Teddy Garcia,NE,CIN,3,4,0,1,
1988-10-16,1988,7,REG,1988_07_DAL_CHI,nfl-kevin-butler,Kevin Butler,CHI,DAL,2,2,1,2,21
1988-10-16,1988,7,REG,1988_07_DAL_CHI,nfl-roger-ruzek,Roger Ruzek,DAL,CHI,1,1,0,2,
1988-10-16,1988,7,REG,1988_07_DAL_CLE,nfl-luis-zendejas,Luis Zendejas,DAL,CLE,0,0,1,1,39
1988-10-16,1988,7,REG,1988_07_DET_NYG,nfl-eddie-murray,Eddie Murray,DET,NYG,1,1,1,1,32
1988-10-16,1988,7,REG,1988_07_GB_MIN,nfl-chuck-nelson,Chuck Nelson,MIN,GB,2,2,0,1,
1988-10-16,1988,7,REG,1988_07_HOU_PIT,nfl-gary-anderson,Gary Anderson,PIT,HOU,2,2,0,0,
1988-10-16,1988,7,REG,1988_07_LA_KC,nfl-chris-bahr,Chris Bahr,LA,KC,3,4,0,0,
1988-10-16,1988,7,REG,1988_07_LA_KC,nfl-nick-lowery,Nick Lowery,KC,LA,2,2,1,1,43
1988-10-16,1988,7,REG,1988_07_PHX_WAS,nfl-al-del-greco,Al Del Greco,PHX,WAS,2,2,1,3,38
1988-10-16,1988,7,REG,1988_07_PHX_WAS,nfl-chip-lohmiller,Chip Lohmiller,WAS,PHX,4,4,1,1,20
1988-10-16,1988,7,REG,1988_07_SD_MIA,nfl-fuad-reveiz,Fuad Reveiz,MIA,SD,4,4,1,2,22
1988-10-16,1988,7,REG,1988_07_SD_MIA,nfl-vince-abbott,Vince Abbott,SD,MIA,4,4,0,0,
1988-10-16,1988,7,REG,1988_07_SF_LA,nfl-mike-cofer,Mike Cofer,SF,LA,3,3,1,2,40
1988-10-16,1988,7,REG,1988_07_SF_LA,nfl-mike-lansford,Mike Lansford,LA,SF,3,3,0,0,
1988-10-16,1988,7,REG,1988_07_TB_IND,nfl-dean-biasucci,Dean Biasucci,IND,TB,5,5,0,0,
1988-10-16,1988,7,REG,1988_07_TB_IND,nfl-donald-igwebuike,Donald Igwebuike,TB,IND,4,4,1,1,39
1988-10-17,1988,7,REG,1988_07_BUF_NYJ,nfl-pat-leahy,Pat Leahy,NYJ,BUF,2,2,0,0,
1988-10-23,1988,8,REG,1988_08_CLE_PHX,nfl-al-del-greco,Al Del Greco,PHX,CLE,3,3,0,0,
1988-10-23,1988,8,REG,1988_08_DAL_DAL,nfl-luis-zendejas,Luis Zendejas,DAL,DAL,3,3,1,1,39
1988-10-23,1988,8,REG,1988_08_DEN_PIT,nfl-rich-karlis,Rich Karlis,DEN,PIT,3,3,0,1,
1988-10-23,1988,8,REG,1988_08_DET_KC,nfl-eddie-murray,Eddie Murray,DET,KC,1,1,0,0,
1988-10-23,1988,8,REG,1988_08_HOU_CIN,nfl-jim-breech,Jim Breech,CIN,HOU,6,6,0,0,
1988-10-23,1988,8,REG,1988_08_HOU_CIN,nfl-tony-zendejas,Tony Zendejas,HOU,CIN,3,3,0,1,
1988-10-23,1988,8,REG,1988_08_LA_NO,nfl-chris-bahr,Chris Bahr,LA,NO,0,1,0,1,
1988-10-23,1988,8,REG,1988_08_MIN_TB,nfl-chuck-nelson,Chuck Nelson,MIN,TB,7,7,0,0,
1988-10-23,1988,8,REG,1988_08_NE_BUF,nfl-teddy-garcia,Teddy Garcia,NE,BUF,2,3,0,3,
1988-10-23,1988,8,REG,1988_08_NYJ_MIA,nfl-tony-franklin-2,Tony Franklin,MIA,NYJ,3,4,1,2,36
1988-10-23,1988,8,REG,1988_08_SEA_LA,nfl-mike-lansford,Mike Lansford,LA,SEA,4,4,1,2,39
1988-10-23,1988,8,REG,1988_08_SEA_LA,nfl-norm-johnson,Norm Johnson,SEA,LA,1,1,1,2,33
1988-10-23,1988,8,REG,1988_08_WAS_GB,nfl-max-zendejas,Max Zendejas,GB,WAS,2,2,1,3,34
1988-10-24,1988,8,REG,1988_08_SF_CHI,nfl-kevin-butler,Kevin Butler,CHI,SF,1,1,1,1,18
1988-10-24,1988,8,REG,1988_08_SF_CHI,nfl-mike-cofer,Mike Cofer,SF,CHI,1,1,0,1,
1988-10-30,1988,9,REG,1988_09_ATL_DAL,nfl-luis-zendejas,Luis Zendejas,DAL,ATL,3,3,1,2,28
1988-10-30,1988,9,REG,1988_09_ATL_PHI,nfl-greg-davis,Greg Davis,ATL,PHI,3,4,0,1,
1988-10-30,1988,9,REG,1988_09_CHI_NE,nfl-jason-staurovsky,Jason Staurovsky,NE,CHI,3,4,1,1,35
1988-10-30,1988,9,REG,1988_09_CHI_NE,nfl-kevin-butler,Kevin Butler,CHI,NE,1,1,0,0,
1988-10-30,1988,9,REG,1988_09_GB_BUF,nfl-scott-norwood,Scott Norwood,BUF,GB,4,4,0,0,
1988-10-30,1988,9,REG,1988_09_KC_LA,nfl-chris-bahr,Chris Bahr,LA,KC,2,2,1,2,42
1988-10-30,1988,9,REG,1988_09_KC_LA,nfl-nick-lowery,Nick Lowery,KC,LA,1,1,1,2,45
1988-10-30,1988,9,REG,1988_09_LA_NO,nfl-morten-andersen,Morten Andersen,NO,LA,1,1,1,1,33
1988-10-30,1988,9,REG,1988_09_MIA_TB,nfl-donald-igwebuike,Donald Igwebuike,TB,MIA,2,2,0,0,
1988-10-30,1988,9,REG,1988_09_MIA_TB,nfl-tony-franklin-2,Tony Franklin,MIA,TB,2,2,1,4,31
1988-10-30,1988,9,REG,1988_09_MIN_SF,nfl-chuck-nelson,Chuck Nelson,MIN,SF,3,3,0,0,
1988-10-30,1988,9,REG,1988_09_MIN_SF,nfl-mike-cofer,Mike Cofer,SF,MIN,3,3,1,2,30
1988-10-30,1988,9,REG,1988_09_NYG_DET,nfl-eddie-murray,Eddie Murray,DET,NYG,1,1,1,1,37
1988-10-30,1988,9,REG,1988_09_PHX_DAL,nfl-al-del-greco,Al Del Greco,PHX,DAL,1,2,1,1,32
1988-10-30,1988,9,REG,1988_09_PHX_DAL,nfl-roger-ruzek,Roger Ruzek,DAL,PHX,1,1,1,1,39
1988-10-30,1988,9,REG,1988_09_PIT_NYJ,nfl-pat-leahy,Pat Leahy,NYJ,PIT,3,3,1,1,41
1988-10-30,1988,9,REG,1988_09_SD_SEA,nfl-norm-johnson,Norm Johnson,SEA,SD,2,2,1,1,26
1988-10-30,1988,9,REG,1988_09_SD_SEA,nfl-vince-abbott,Vince Abbott,SD,SEA,2,2,0,1,
1988-10-30,1988,9,REG,1988_09_WAS_HOU,nfl-chip-lohmiller,Chip Lohmiller,WAS,HOU,2,2,1,1,46
1988-10-31,1988,9,REG,1988_09_DEN_IND,nfl-rich-karlis,Rich Karlis,DEN,IND,2,3,1,1,27
1988-11-06,1988,10,REG,1988_10_BUF_SEA,nfl-norm-johnson,Norm Johnson,SEA,BUF,0,0,1,1,41
1988-11-06,1988,10,REG,1988_10_DAL_NYG,nfl-roger-ruzek,Roger Ruzek,DAL,NYG,3,3,0,0,
1988-11-06,1988,10,REG,1988_10_DET_MIN,nfl-chuck-nelson,Chuck Nelson,MIN,DET,5,6,1,1,18
1988-11-06,1988,10,REG,1988_10_DET_MIN,nfl-eddie-murray,Eddie Murray,DET,MIN,2,2,1,1,48
1988-11-06,1988,10,REG,1988_10_KC_DEN,nfl-rich-karlis,Rich Karlis,DEN,KC,2,2,1,1,42
1988-11-06,1988,10,REG,1988_10_LA_PHI,nfl-mike-lansford,Mike Lansford,LA,PHI,3,3,1,2,22
1988-11-06,1988,10,REG,1988_10_LA_SD,nfl-vince-abbott,Vince Abbott,SD,LA,0,0,1,1,40
1988-11-06,1988,10,REG,1988_10_MIA_NE,nfl-jason-staurovsky,Jason Staurovsky,NE,MIA,3,3,0,0,
1988-11-06,1988,10,REG,1988_10_MIA_NE,nfl-tony-franklin-2,Tony Franklin,MIA,NE,1,1,1,1,51
1988-11-06,1988,10,REG,1988_10_NO_WAS,nfl-morten-andersen,Morten Andersen,NO,WAS,3,3,1,3,19
1988-11-06,1988,10,REG,1988_10_NYJ_IND,nfl-dean-biasucci,Dean Biasucci,IND,NYJ,5,5,1,2,51
1988-11-06,1988,10,REG,1988_10_NYJ_IND,nfl-pat-leahy,Pat Leahy,NYJ,IND,2,2,0,1,
1988-11-06,1988,10,REG,1988_10_PHI_ATL,nfl-dale-dawson,Dale Dawson,PHI,ATL,0,0,0,1,
1988-11-06,1988,10,REG,1988_10_PIT_CIN,nfl-gary-anderson,Gary Anderson,PIT,CIN,1,1,0,0,
1988-11-06,1988,10,REG,1988_10_PIT_CIN,nfl-jim-breech,Jim Breech,CIN,PIT,6,6,0,0,
1988-11-06,1988,10,REG,1988_10_SF_PHX,nfl-al-del-greco,Al Del Greco,PHX,SF,3,3,1,1,24
1988-11-06,1988,10,REG,1988_10_TB_CHI,nfl-donald-igwebuike,Donald Igwebuike,TB,CHI,1,1,1,3,45
1988-11-06,1988,10,REG,1988_10_TB_CHI,nfl-kevin-butler,Kevin Butler,CHI,TB,4,4,0,0,
1988-11-07,1988,10,REG,1988_10_CLE_HOU,nfl-matt-bahr,Matt Bahr,CLE,HOU,2,2,1,1,40
1988-11-07,1988,10,REG,1988_10_CLE_HOU,nfl-tony-zendejas,Tony Zendejas,HOU,CLE,3,3,1,2,47
1988-11-13,1988,11,REG,1988_11_CHI_WAS,nfl-chip-lohmiller,Chip Lohmiller,WAS,CHI,2,2,0,0,
1988-11-13,1988,11,REG,1988_11_CIN_KC,nfl-jim-breech,Jim Breech,CIN,KC,4,4,0,0,
1988-11-13,1988,11,REG,1988_11_CLE_DEN,nfl-matt-bahr,Matt Bahr,CLE,DEN,1,1,0,0,
1988-11-13,1988,11,REG,1988_11_HOU_SEA,nfl-tony-zendejas,Tony Zendejas,HOU,SEA,3,3,1,1,52
1988-11-13,1988,11,REG,1988_11_LA_SF,nfl-mike-cofer,Mike Cofer,SF,LA,0,0,1,1,44
1988-11-13,1988,11,REG,1988_11_MIN_DAL,nfl-roger-ruzek,Roger Ruzek,DAL,MIN,0,0,1,1,50
1988-11-13,1988,11,REG,1988_11_NE_NYJ,nfl-jason-staurovsky,Jason Staurovsky,NE,NYJ,2,2,0,0,
1988-11-13,1988,11,REG,1988_11_NO_LA,nfl-mike-lansford,Mike Lansford,LA,NO,1,1,1,1,23
1988-11-13,1988,11,REG,1988_11_NO_LA,nfl-morten-andersen,Morten Andersen,NO,LA,2,2,0,1,
1988-11-13,1988,11,REG,1988_11_NYG_PHX,nfl-al-del-greco,Al Del Greco,PHX,NYG,3,3,1,1,28
1988-11-13,1988,11,REG,1988_11_NYG_PHX,nfl-paul-mcfadden,Paul McFadden,NYG,PHX,2,2,1,2,40
1988-11-13,1988,11,REG,1988_11_SD_ATL,nfl-greg-davis,Greg Davis,ATL,SD,1,1,0,2,
1988-11-13,1988,11,REG,1988_11_SD_ATL,nfl-vince-abbott,Vince Abbott,SD,ATL,1,1,1,2,23
1988-11-14,1988,11,REG,1988_11_BUF_MIA,nfl-scott-norwood,Scott Norwood,BUF,MIA,4,4,1,2,30
1988-11-20,1988,12,REG,1988_12_CIN_DAL,nfl-jim-breech,Jim Breech,CIN,DAL,5,5,1,1,41
1988-11-20,1988,12,REG,1988_12_CIN_DAL,nfl-roger-ruzek,Roger Ruzek,DAL,CIN,3,3,1,1,44
1988-11-20,1988,12,REG,1988_12_DAL_NYG,nfl-luis-zendejas,Luis Zendejas,DAL,NYG,2,2,1,2,37
1988-11-20,1988,12,REG,1988_12_DEN_NO,nfl-morten-andersen,Morten Andersen,NO,DEN,6,6,0,0,
1988-11-20,1988,12,REG,1988_12_DEN_NO,nfl-rich-karlis,Rich Karlis,DEN,NO,0,0,0,2,
1988-11-20,1988,12,REG,1988_12_DET_PHI,nfl-dale-dawson,Dale Dawson,PHI,DET,0,1,1,2,32
1988-11-20,1988,12,REG,1988_12_IND_MIN,nfl-dean-biasucci,Dean Biasucci,IND,MIN,0,0,1,2,42
1988-11-20,1988,12,REG,1988_12_NE_MIA,nfl-tony-franklin-2,Tony Franklin,MIA,NE,0,0,1,4,27
1988-11-20,1988,12,REG,1988_12_PHI_NYG,nfl-paul-mcfadden,Paul McFadden,NYG,PHI,2,2,1,1,21
1988-11-20,1988,12,REG,1988_12_PHX_HOU,nfl-al-del-greco,Al Del Greco,PHX,HOU,2,3,0,0,
1988-11-20,1988,12,REG,1988_12_PHX_HOU,nfl-tony-zendejas,Tony Zendejas,HOU,PHX,5,5,1,2,37
1988-11-20,1988,12,REG,1988_12_PIT_CLE,nfl-gary-anderson,Gary Anderson,PIT,CLE,1,1,0,0,
1988-11-20,1988,12,REG,1988_12_SD_LA,nfl-mike-lansford,Mike Lansford,LA,SD,3,3,1,1,20
1988-11-20,1988,12,REG,1988_12_SD_LA,nfl-steve-deline,Steve DeLine,SD,LA,5,5,1,1,38
1988-11-20,1988,12,REG,1988_12_SEA_KC,nfl-norm-johnson,Norm Johnson,SEA,KC,3,3,1,1,32
1988-11-21,1988,12,REG,1988_12_WAS_SF,nfl-chip-lohmiller,Chip Lohmiller,WAS,SF,3,3,0,0,
1988-11-21,1988,12,REG,1988_12_WAS_SF,nfl-mike-cofer,Mike Cofer,SF,WAS,4,5,1,1,52
1988-11-24,1988,13,REG,1988_13_HOU_DAL,nfl-roger-ruzek,Roger Ruzek,DAL,HOU,2,2,1,1,29
1988-11-27,1988,13,REG,1988_13_BUF_CIN,nfl-jim-breech,Jim Breech,CIN,BUF,5,5,0,1,
1988-11-27,1988,13,REG,1988_13_BUF_CIN,nfl-scott-norwood,Scott Norwood,BUF,CIN,3,3,0,0,
1988-11-27,1988,13,REG,1988_13_CLE_WAS,nfl-matt-bahr,Matt Bahr,CLE,WAS,2,2,1,2,37
1988-11-27,1988,13,REG,1988_13_GB_CHI,nfl-kevin-butler,Kevin Butler,CHI,GB,2,2,0,0,
1988-11-27,1988,13,REG,1988_13_KC_PIT,nfl-nick-lowery,Nick Lowery,KC,PIT,1,1,1,1,26
1988-11-27,1988,13,REG,1988_13_LA_DEN,nfl-mike-lansford,Mike Lansford,LA,DEN,3,3,1,3,23
1988-11-27,1988,13,REG,1988_13_LA_DEN,nfl-rich-karlis,Rich Karlis,DEN,LA,5,5,0,1,
1988-11-27,1988,13,REG,1988_13_MIA_NYJ,nfl-fuad-reveiz,Fuad Reveiz,MIA,NYJ,4,5,0,0,
1988-11-27,1988,13,REG,1988_13_MIA_NYJ,nfl-pat-leahy,Pat Leahy,NYJ,MIA,5,5,1,1,29
1988-11-27,1988,13,REG,1988_13_NE_IND,nfl-dean-biasucci,Dean Biasucci,IND,NE,3,3,1,1,28
1988-11-27,1988,13,REG,1988_13_NE_IND,nfl-jason-staurovsky,Jason Staurovsky,NE,IND,3,3,0,2,
1988-11-27,1988,13,REG,1988_13_PHI_CHI,nfl-dean-dorsey,Dean Dorsey,PHI,CHI,0,0,0,2,
1988-11-27,1988,13,REG,1988_13_PHX_DAL,nfl-luis-zendejas,Luis Zendejas,DAL,PHX,4,4,1,1,28
1988-11-27,1988,13,REG,1988_13_PHX_PHI,nfl-al-del-greco,Al Del Greco,PHX,PHI,3,3,0,2,
1988-11-27,1988,13,REG,1988_13_SF_SD,nfl-steve-deline,Steve DeLine,SD,SF,1,1,1,1,23
1988-11-27,1988,13,REG,1988_13_TB_ATL,nfl-greg-davis,Greg Davis,ATL,TB,2,2,1,2,40
1988-11-27,1988,13,REG,1988_13_TB_ATL,nfl-john-carney,John Carney,TB,ATL,1,1,1,2,24
1988-11-28,1988,13,REG,1988_13_LA_SEA,nfl-norm-johnson,Norm Johnson,SEA,LA,5,5,0,0,
1988-12-04,1988,14,REG,1988_14_BUF_TB,nfl-john-carney,John Carney,TB,BUF,1,1,1,2,29
1988-12-04,1988,14,REG,1988_14_BUF_TB,nfl-scott-norwood,Scott Norwood,BUF,TB,0,0,1,1,30
1988-12-04,1988,14,REG,1988_14_DAL_CLE,nfl-matt-bahr,Matt Bahr,CLE,DAL,3,3,1,1,25
1988-12-04,1988,14,REG,1988_14_DAL_CLE,nfl-roger-ruzek,Roger Ruzek,DAL,CLE,3,3,0,2,
1988-12-04,1988,14,REG,1988_14_DEN_LA,nfl-chris-bahr,Chris Bahr,LA,DEN,3,3,0,0,
1988-12-04,1988,14,REG,1988_14_IND_MIA,nfl-dean-biasucci,Dean Biasucci,IND,MIA,4,4,1,1,47
1988-12-04,1988,14,REG,1988_14_IND_MIA,nfl-fuad-reveiz,Fuad Reveiz,MIA,IND,4,4,0,0,
1988-12-04,1988,14,REG,1988_14_NO_MIN,nfl-chuck-nelson,Chuck Nelson,MIN,NO,6,6,1,1,37
1988-12-04,1988,14,REG,1988_14_NO_MIN,nfl-morten-andersen,Morten Andersen,NO,MIN,0,0,1,1,36
1988-12-04,1988,14,REG,1988_14_NYJ_KC,nfl-nick-lowery,Nick Lowery,KC,NYJ,5,5,1,2,21
1988-12-04,1988,14,REG,1988_14_PHI_DET,nfl-dean-dorsey,Dean Dorsey,PHI,DET,2,2,0,0,
1988-12-04,1988,14,REG,1988_14_PHX_NYG,nfl-al-del-greco,Al Del Greco,PHX,NYG,1,1,0,0,
1988-12-04,1988,14,REG,1988_14_PHX_NYG,nfl-paul-mcfadden,Paul McFadden,NYG,PHX,5,6,1,1,21
1988-12-04,1988,14,REG,1988_14_PIT_HOU,nfl-gary-anderson,Gary Anderson,PIT,HOU,4,5,1,3,45
1988-12-04,1988,14,REG,1988_14_SD_CIN,nfl-jim-breech,Jim Breech,CIN,SD,3,4,0,1,
1988-12-04,1988,14,REG,1988_14_SD_CIN,nfl-steve-deline,Steve DeLine,SD,CIN,1,1,1,2,26
1988-12-04,1988,14,REG,1988_14_SEA_NE,nfl-norm-johnson,Norm Johnson,SEA,NE,1,1,0,2,
1988-12-04,1988,14,REG,1988_14_SF_ATL,nfl-greg-davis,Greg Davis,ATL,SF,0,0,1,2,21
1988-12-05,1988,14,REG,1988_14_CHI_LA,nfl-kevin-butler,Kevin Butler,CHI,LA,0,0,1,1,39
1988-12-10,1988,15,REG,1988_15_DAL_PHX,nfl-luis-zendejas,Luis Zendejas,DAL,PHX,3,3,0,0,
1988-12-10,1988,15,REG,1988_15_IND_NYJ,nfl-dean-biasucci,Dean Biasucci,IND,NYJ,1,2,1,1,45
1988-12-10,1988,15,REG,1988_15_PHI_PHX,nfl-al-del-greco,Al Del Greco,PHX,PHI,2,2,1,2,40
1988-12-11,1988,15,REG,1988_15_ATL_LA,nfl-greg-davis,Greg Davis,ATL,LA,1,1,0,1,
1988-12-11,1988,15,REG,1988_15_DAL_WAS,nfl-chip-lohmiller,Chip Lohmiller,WAS,DAL,2,2,1,1,41
1988-12-11,1988,15,REG,1988_15_DAL_WAS,nfl-roger-ruzek,Roger Ruzek,DAL,WAS,3,3,1,3,22
1988-12-11,1988,15,REG,1988_15_DEN_SEA,nfl-norm-johnson,Norm Johnson,SEA,DEN,6,6,0,0,
1988-12-11,1988,15,REG,1988_15_DEN_SEA,nfl-rich-karlis,Rich Karlis,DEN,SEA,2,2,0,2,
1988-12-11,1988,15,REG,1988_15_KC_NYG,nfl-paul-mcfadden,Paul McFadden,NYG,KC,4,4,0,1,
1988-12-11,1988,15,REG,1988_15_LA_BUF,nfl-chris-bahr,Chris Bahr,LA,BUF,3,3,0,1,
1988-12-11,1988,15,REG,1988_15_MIN_PHI,nfl-dean-dorsey,Dean Dorsey,PHI,MIN,1,2,1,1,20
1988-12-11,1988,15,REG,1988_15_NO_SF,nfl-morten-andersen,Morten Andersen,NO,SF,2,2,1,3,38
1988-12-11,1988,15,REG,1988_15_PIT_SD,nfl-gary-anderson,Gary Anderson,PIT,SD,2,2,0,0,
1988-12-11,1988,15,REG,1988_15_TB_NE,nfl-jason-staurovsky,Jason Staurovsky,NE,TB,1,1,1,2,27
1988-12-11,1988,15,REG,1988_15_TB_NE,nfl-john-carney,John Carney,TB,NE,1,1,0,1,
1988-12-12,1988,15,REG,1988_15_CLE_MIA,nfl-fuad-reveiz,Fuad Reveiz,MIA,CLE,5,5,1,3,35
1988-12-12,1988,15,REG,1988_15_CLE_MIA,nfl-matt-bahr,Matt Bahr,CLE,MIA,4,4,1,1,33
1988-12-17,1988,16,REG,1988_16_NE_DEN,nfl-jason-staurovsky,Jason Staurovsky,NE,DEN,1,1,1,2,32
1988-12-17,1988,16,REG,1988_16_NE_DEN,nfl-rich-karlis,Rich Karlis,DEN,NE,3,3,0,0,
1988-12-17,1988,16,REG,1988_16_WAS_CIN,nfl-chip-lohmiller,Chip Lohmiller,WAS,CIN,2,2,1,2,43
1988-12-17,1988,16,REG,1988_16_WAS_CIN,nfl-jim-breech,Jim Breech,CIN,WAS,2,2,1,2,20
1988-12-18,1988,16,REG,1988_16_ATL_NO,nfl-morten-andersen,Morten Andersen,NO,ATL,1,1,1,2,30
1988-12-18,1988,16,REG,1988_16_BUF_IND,nfl-dean-biasucci,Dean Biasucci,IND,BUF,2,2,1,2,52
1988-12-18,1988,16,REG,1988_16_BUF_IND,nfl-scott-norwood,Scott Norwood,BUF,IND,2,2,0,0,
1988-12-18,1988,16,REG,1988_16_DET_TB,nfl-eddie-murray,Eddie Murray,DET,TB,1,1,1,1,27
1988-12-18,1988,16,REG,1988_16_DET_TB,nfl-john-carney,John Carney,TB,DET,3,3,0,0,
1988-12-18,1988,16,REG,1988_16_GB_PHX,nfl-al-del-greco,Al Del Greco,PHX,GB,2,2,1,2,20
1988-12-18,1988,16,REG,1988_16_GB_PHX,nfl-curtis-burrow,Curtis Burrow,GB,PHX,2,4,0,1,
1988-12-18,1988,16,REG,1988_16_HOU_CLE,nfl-matt-bahr,Matt Bahr,CLE,HOU,4,4,0,0,
1988-12-18,1988,16,REG,1988_16_KC_SD,nfl-nick-lowery,Nick Lowery,KC,SD,1,1,0,2,
1988-12-18,1988,16,REG,1988_16_KC_SD,nfl-steve-deline,Steve DeLine,SD,KC,3,3,1,2,45
1988-12-18,1988,16,REG,1988_16_LA_SF,nfl-mike-lansford,Mike Lansford,LA,SF,5,5,1,1,49
1988-12-18,1988,16,REG,1988_16_MIA_PIT,nfl-fuad-reveiz,Fuad Reveiz,MIA,PIT,3,3,1,1,20
1988-12-18,1988,16,REG,1988_16_NYG_NYJ,nfl-paul-mcfadden,Paul McFadden,NYG,NYJ,3,3,0,2,
1988-12-18,1988,16,REG,1988_16_PHI_DAL,nfl-roger-ruzek,Roger Ruzek,DAL,PHI,1,1,0,0,
1988-12-19,1988,16,REG,1988_16_CHI_MIN,nfl-chuck-nelson,Chuck Nelson,MIN,CHI,4,4,0,0,
1989-09-10,1989,1,REG,1989_01_BUF_MIA,nfl-pete-stoyanovich,Pete Stoyanovich,MIA,BUF,3,3,1,1,29
1989-09-10,1989,1,REG,1989_01_CIN_CHI,nfl-jim-gallery,Jim Gallery,CIN,CHI,2,2,0,1,
1989-09-10,1989,1,REG,1989_01_CIN_CHI,nfl-kevin-butler,Kevin Butler,CHI,CIN,2,2,1,1,29
1989-09-10,1989,1,REG,1989_01_DAL_NO,nfl-morten-andersen,Morten Andersen,NO,DAL,4,4,0,0,
1989-09-10,1989,1,REG,1989_01_HOU_MIN,nfl-teddy-garcia,Teddy Garcia,MIN,HOU,5,5,1,2,35
1989-09-10,1989,1,REG,1989_01_HOU_MIN,nfl-tony-zendejas,Tony Zendejas,HOU,MIN,1,1,0,0,
1989-09-10,1989,1,REG,1989_01_LA_ATL,nfl-mike-lansford,Mike Lansford,LA,ATL,4,4,1,2,23
1989-09-10,1989,1,REG,1989_01_LA_ATL,nfl-paul-mcfadden,Paul McFadden,ATL,LA,3,3,0,1,
1989-09-10,1989,1,REG,1989_01_NE_NYJ,nfl-greg-davis,Greg Davis,NE,NYJ,3,4,0,0,
1989-09-10,1989,1,REG,1989_01_NE_NYJ,nfl-pat-leahy,Pat Leahy,NYJ,NE,3,3,1,1,40
1989-09-10,1989,1,REG,1989_01_SD_LA,nfl-chris-bahr,Chris Bahr,SD,LA,2,2,0,0,
1989-09-10,1989,1,REG,1989_01_SD_LA,nfl-jeff-jaeger,Jeff Jaeger,LA,SD,5,5,1,2,22
1989-09-10,1989,1,REG,1989_01_SEA_PHI,nfl-luis-zendejas,Luis Zendejas,PHI,SEA,4,4,1,2,23
1989-09-10,1989,1,REG,1989_01_SEA_PHI,nfl-norm-johnson,Norm Johnson,SEA,PHI,1,1,0,0,
1989-09-10,1989,1,REG,1989_01_SF_IND,nfl-dean-biasucci,Dean Biasucci,IND,SF,3,3,1,3,31
1989-09-10,1989,1,REG,1989_01_TB_GB,nfl-chris-jacke,Chris Jacke,GB,TB,3,3,0,0,
1989-09-10,1989,1,REG,1989_01_TB_GB,nfl-donald-igwebuike,Donald Igwebuike,TB,GB,2,3,1,1,52
1989-09-11,1989,1,REG,1989_01_NYG_WAS,nfl-chip-lohmiller,Chip Lohmiller,WAS,NYG,3,3,1,2,24
1989-09-17,1989,2,REG,1989_02_DAL_ATL,nfl-roger-ruzek,Roger Ruzek,DAL,ATL,3,3,0,0,
1989-09-17,1989,2,REG,1989_02_DET_NYG,nfl-eddie-murray,Eddie Murray,DET,NYG,2,2,0,0,
1989-09-17,1989,2,REG,1989_02_DET_NYG,nfl-raul-allegre,Raul Allegre,NYG,DET,3,3,1,2,49
1989-09-17,1989,2,REG,1989_02_HOU_SD,nfl-chris-bahr,Chris Bahr,SD,HOU,3,3,0,0,
1989-09-17,1989,2,REG,1989_02_IND_LA,nfl-dean-biasucci,Dean Biasucci,IND,LA,2,2,1,1,19
1989-09-17,1989,2,REG,1989_02_IND_LA,nfl-mike-lansford,Mike Lansford,LA,IND,4,4,1,1,40
1989-09-17,1989,2,REG,1989_02_LA_KC,nfl-nick-lowery,Nick Lowery,KC,LA,3,3,1,2,47
1989-09-17,1989,2,REG,1989_02_MIA_NE,nfl-greg-davis,Greg Davis,NE,MIA,1,1,1,2,28
1989-09-17,1989,2,REG,1989_02_MIA_NE,nfl-pete-stoyanovich,Pete Stoyanovich,MIA,NE,3,3,1,1,31
1989-09-17,1989,2,REG,1989_02_MIN_CHI,nfl-kevin-butler,Kevin Butler,CHI,MIN,5,5,1,1,40
1989-09-17,1989,2,REG,1989_02_MIN_CHI,nfl-teddy-garcia,Teddy Garcia,MIN,CHI,1,1,0,2,
1989-09-17,1989,2,REG,1989_02_NO_GB,nfl-chris-jacke,Chris Jacke,GB,NO,5,5,0,0,
1989-09-17,1989,2,REG,1989_02_NYJ_CLE,nfl-matt-bahr,Matt Bahr,CLE,NYJ,5,5,1,1,21
1989-09-17,1989,2,REG,1989_02_NYJ_CLE,nfl-pat-leahy,Pat Leahy,NYJ,CLE,3,3,1,3,36
1989-09-17,1989,2,REG,1989_02_PHI_WAS,nfl-chip-lohmiller,Chip Lohmiller,WAS,PHI,4,4,1,1,25
1989-09-17,1989,2,REG,1989_02_PHI_WAS,nfl-luis-zendejas,Luis Zendejas,PHI,WAS,6,6,0,1,
1989-09-17,1989,2,REG,1989_02_PHX_SEA,nfl-al-del-greco,Al Del Greco,PHX,SEA,4,5,0,0,
1989-09-17,1989,2,REG,1989_02_PHX_SEA,nfl-norm-johnson,Norm Johnson,SEA,PHX,3,3,1,2,39
1989-09-17,1989,2,REG,1989_02_PIT_CIN,nfl-gary-anderson,Gary Anderson,PIT,CIN,1,1,1,1,38
1989-09-18,1989,2,REG,1989_02_DEN_BUF,nfl-scott-norwood,Scott Norwood,BUF,DEN,2,2,0,1,
1989-09-24,1989,3,REG,1989_03_GB_LA,nfl-chris-jacke,Chris Jacke,GB,LA,5,5,1,1,43
1989-09-24,1989,3,REG,1989_03_KC_SD,nfl-chris-bahr,Chris Bahr,SD,KC,3,3,0,0,
1989-09-24,1989,3,REG,1989_03_LA_DEN,nfl-david-treadwell,David Treadwell,DEN,LA,4,4,1,1,38
1989-09-24,1989,3,REG,1989_03_LA_DEN,nfl-jeff-jaeger,Jeff Jaeger,LA,DEN,3,3,0,0,
1989-09-24,1989,3,REG,1989_03_MIN_PIT,nfl-teddy-garcia,Teddy Garcia,MIN,PIT,2,2,0,1,
1989-09-24,1989,3,REG,1989_03_NO_TB,nfl-morten-andersen,Morten Andersen,NO,TB,1,1,1,3,33
1989-09-24,1989,3,REG,1989_03_NYJ_MIA,nfl-pat-leahy,Pat Leahy,NYJ,MIA,5,5,1,1,32
1989-09-24,1989,3,REG,1989_03_PHX_NYG,nfl-al-del-greco,Al Del Greco,PHX,NYG,1,1,0,1,
1989-09-24,1989,3,REG,1989_03_SEA_NE,nfl-greg-davis,Greg Davis,NE,SEA,0,0,1,1,35
1989-09-24,1989,3,REG,1989_03_SEA_NE,nfl-norm-johnson,Norm Johnson,SEA,NE,3,3,1,1,23
1989-09-24,1989,3,REG,1989_03_SF_PHI,nfl-mike-cofer,Mike Cofer,SF,PHI,5,5,1,1,32
1989-09-24,1989,3,REG,1989_03_WAS_DAL,nfl-roger-ruzek,Roger Ruzek,DAL,WAS,1,1,0,0,
1989-09-25,1989,3,REG,1989_03_CLE_CIN,nfl-jim-gallery,Jim Gallery,CIN,CLE,3,3,0,2,
1989-09-25,1989,3,REG,1989_03_CLE_CIN,nfl-matt-bahr,Matt Bahr,CLE,CIN,2,2,0,0,
1989-10-01,1989,4,REG,1989_04_ATL_GB,nfl-paul-mcfadden,Paul McFadden,ATL,GB,3,3,0,0,
1989-10-01,1989,4,REG,1989_04_CIN_KC,nfl-jim-gallery,Jim Gallery,CIN,KC,3,3,0,1,
1989-10-01,1989,4,REG,1989_04_CIN_KC,nfl-nick-lowery,Nick Lowery,KC,CIN,2,2,1,1,23
1989-10-01,1989,4,REG,1989_04_IND_NYJ,nfl-dean-biasucci,Dean Biasucci,IND,NYJ,2,2,1,1,38
1989-10-01,1989,4,REG,1989_04_IND_NYJ,nfl-pat-leahy,Pat Leahy,NYJ,IND,1,1,1,1,26
1989-10-01,1989,4,REG,1989_04_MIA_HOU,nfl-pete-stoyanovich,Pete Stoyanovich,MIA,HOU,1,1,0,0,
1989-10-01,1989,4,REG,1989_04_NE_BUF,nfl-greg-davis,Greg Davis,NE,BUF,1,1,1,2,35
1989-10-01,1989,4,REG,1989_04_NE_BUF,nfl-scott-norwood,Scott Norwood,BUF,NE,4,4,1,1,36
1989-10-01,1989,4,REG,1989_04_PIT_DET,nfl-eddie-murray,Eddie Murray,DET,PIT,0,0,1,1,37
1989-10-01,1989,4,REG,1989_04_PIT_DET,nfl-gary-anderson,Gary Anderson,PIT,DET,2,2,1,1,20
1989-10-01,1989,4,REG,1989_04_SD_PHX,nfl-chris-bahr,Chris Bahr,SD,PHX,3,3,1,1,37
1989-10-01,1989,4,REG,1989_04_SEA_LA,nfl-norm-johnson,Norm Johnson,SEA,LA,3,3,1,2,48
1989-10-01,1989,4,REG,1989_04_TB_MIN,nfl-donald-igwebuike,Donald Igwebuike,TB,MIN,0,0,1,2,44
1989-10-01,1989,4,REG,1989_04_TB_MIN,nfl-rich-karlis,Rich Karlis,MIN,TB,2,2,1,2,20
1989-10-01,1989,4,REG,1989_04_WAS_NO,nfl-morten-andersen,Morten Andersen,NO,WAS,2,2,0,2,
1989-10-02,1989,4,REG,1989_04_PHI_CHI,nfl-kevin-butler,Kevin Butler,CHI,PHI,3,4,0,0,
1989-10-08,1989,5,REG,1989_05_ATL_LA,nfl-paul-mcfadden,Paul McFadden,ATL,LA,2,2,0,0,
1989-10-08,1989,5,REG,1989_05_BUF_IND,nfl-scott-norwood,Scott Norwood,BUF,IND,2,2,0,1,
1989-10-08,1989,5,REG,1989_05_CHI_TB,nfl-donald-igwebuike,Donald Igwebuike,TB,CHI,5,5,0,0,
1989-10-08,1989,5,REG,1989_05_CHI_TB,nfl-kevin-butler,Kevin Butler,CHI,TB,5,5,0,0,
1989-10-08,1989,5,REG,1989_05_CLE_MIA,nfl-matt-bahr,Matt Bahr,CLE,MIA,1,1,1,2,50
1989-10-08,1989,5,REG,1989_05_DAL_GB,nfl-chris-jacke,Chris Jacke,GB,DAL,4,4,1,3,26
1989-10-08,1989,5,REG,1989_05_DAL_GB,nfl-roger-ruzek,Roger Ruzek,DAL,GB,1,2,0,1,
1989-10-08,1989,5,REG,1989_05_DET_MIN,nfl-eddie-murray,Eddie Murray,DET,MIN,2,2,1,1,50
1989-10-08,1989,5,REG,1989_05_DET_MIN,nfl-rich-karlis,Rich Karlis,MIN,DET,3,3,1,2,22
1989-10-08,1989,5,REG,1989_05_NYG_PHI,nfl-luis-zendejas,Luis Zendejas,PHI,NYG,3,3,0,0,
1989-10-08,1989,5,REG,1989_05_PHX_WAS,nfl-al-del-greco,Al Del Greco,PHX,WAS,4,4,0,0,
1989-10-08,1989,5,REG,1989_05_SD_DEN,nfl-chris-bahr,Chris Bahr,SD,DEN,1,1,1,1,39
1989-10-08,1989,5,REG,1989_05_SF_NO,nfl-mike-cofer,Mike Cofer,SF,NO,3,3,1,2,41
1989-10-09,1989,5,REG,1989_05_LA_NYJ,nfl-jeff-jaeger,Jeff Jaeger,LA,NYJ,2,2,0,1,
1989-10-09,1989,5,REG,1989_05_LA_NYJ,nfl-pat-leahy,Pat Leahy,NYJ,LA,1,1,0,0,
1989-10-15,1989,6,REG,1989_06_DET_TB,nfl-eddie-murray,Eddie Murray,DET,TB,2,2,1,1,28
1989-10-15,1989,6,REG,1989_06_GB_MIN,nfl-chris-jacke,Chris Jacke,GB,MIN,2,2,0,0,
1989-10-15,1989,6,REG,1989_06_GB_MIN,nfl-rich-karlis,Rich Karlis,MIN,GB,3,3,1,3,28
1989-10-15,1989,6,REG,1989_06_HOU_CHI,nfl-kevin-butler,Kevin Butler,CHI,HOU,4,4,0,0,
1989-10-15,1989,6,REG,1989_06_IND_DEN,nfl-david-treadwell,David Treadwell,DEN,IND,2,2,0,0,
1989-10-15,1989,6,REG,1989_06_IND_DEN,nfl-dean-biasucci,Dean Biasucci,IND,DEN,0,0,1,2,55
1989-10-15,1989,6,REG,1989_06_KC_LA,nfl-nick-lowery,Nick Lowery,KC,LA,2,2,0,1,
1989-10-15,1989,6,REG,1989_06_NYJ_NO,nfl-pat-leahy,Pat Leahy,NYJ,NO,2,2,0,0,
1989-10-15,1989,6,REG,1989_06_PHI_PHX,nfl-al-del-greco,Al Del Greco,PHX,PHI,0,0,1,1,41
1989-10-15,1989,6,REG,1989_06_PHI_PHX,nfl-luis-zendejas,Luis Zendejas,PHI,PHX,2,2,1,2,42
1989-10-15,1989,6,REG,1989_06_PIT_CLE,nfl-gary-anderson,Gary Anderson,PIT,CLE,2,2,1,2,49
1989-10-15,1989,6,REG,1989_06_PIT_CLE,nfl-matt-bahr,Matt Bahr,CLE,PIT,1,1,0,0,
1989-10-15,1989,6,REG,1989_06_SEA_SD,nfl-chris-bahr,Chris Bahr,SD,SEA,1,2,1,2,29
1989-10-15,1989,6,REG,1989_06_SEA_SD,nfl-norm-johnson,Norm Johnson,SEA,SD,2,2,1,1,50
1989-10-15,1989,6,REG,1989_06_SF_DAL,nfl-mike-cofer,Mike Cofer,SF,DAL,4,4,1,1,31
1989-10-15,1989,6,REG,1989_06_SF_DAL,nfl-roger-ruzek,Roger Ruzek,DAL,SF,2,2,0,2,
1989-10-15,1989,6,REG,1989_06_WAS_NYG,nfl-chip-lohmiller,Chip Lohmiller,WAS,NYG,2,2,1,1,37
1989-10-22,1989,7,REG,1989_07_DAL_KC,nfl-roger-ruzek,Roger Ruzek,DAL,KC,4,4,0,0,
1989-10-22,1989,7,REG,1989_07_DEN_SEA,nfl-david-treadwell,David Treadwell,DEN,SEA,3,3,1,4,27
1989-10-22,1989,7,REG,1989_07_DEN_SEA,nfl-norm-johnson,Norm Johnson,SEA,DEN,3,3,0,1,
1989-10-22,1989,7,REG,1989_07_IND_CIN,nfl-dean-biasucci,Dean Biasucci,IND,CIN,2,2,1,1,27
1989-10-22,1989,7,REG,1989_07_LA_PHI,nfl-jeff-jaeger,Jeff Jaeger,LA,PHI,1,1,0,2,
1989-10-22,1989,7,REG,1989_07_LA_PHI,nfl-luis-zendejas,Luis Zendejas,PHI,LA,1,1,1,2,34
1989-10-22,1989,7,REG,1989_07_MIN_DET,nfl-eddie-murray,Eddie Murray,DET,MIN,1,1,0,0,
1989-10-22,1989,7,REG,1989_07_NE_SF,nfl-mike-cofer,Mike Cofer,SF,NE,4,5,1,3,23
1989-10-22,1989,7,REG,1989_07_NO_LA,nfl-mike-lansford,Mike Lansford,LA,NO,3,3,0,0,
1989-10-22,1989,7,REG,1989_07_NYJ_BUF,nfl-pat-leahy,Pat Leahy,NYJ,BUF,0,0,1,2,41
1989-10-22,1989,7,REG,1989_07_TB_WAS,nfl-donald-igwebuike,Donald Igwebuike,TB,WAS,4,4,0,1,
1989-10-23,1989,7,REG,1989_07_CHI_CLE,nfl-kevin-butler,Kevin Butler,CHI,CLE,1,1,0,0,
1989-10-29,1989,8,REG,1989_08_HOU_CLE,nfl-matt-bahr,Matt Bahr,CLE,HOU,4,4,0,0,
1989-10-29,1989,8,REG,1989_08_HOU_CLE,nfl-tony-zendejas,Tony Zendejas,HOU,CLE,2,2,1,1,23
1989-10-29,1989,8,REG,1989_08_KC_PIT,nfl-nick-lowery,Nick Lowery,KC,PIT,2,2,1,1,50
1989-10-29,1989,8,REG,1989_08_LA_CHI,nfl-mike-lansford,Mike Lansford,LA,CHI,1,1,1,1,45
1989-10-29,1989,8,REG,1989_08_MIA_BUF,nfl-pete-stoyanovich,Pete Stoyanovich,MIA,BUF,2,2,1,1,45
1989-10-29,1989,8,REG,1989_08_MIA_BUF,nfl-scott-norwood,Scott Norwood,BUF,MIA,4,4,1,2,45
1989-10-29,1989,8,REG,1989_08_PHI_DEN,nfl-david-treadwell,David Treadwell,DEN,PHI,3,3,1,1,18
1989-10-29,1989,8,REG,1989_08_PHI_DEN,nfl-luis-zendejas,Luis Zendejas,PHI,DEN,4,4,0,1,
1989-10-29,1989,8,REG,1989_08_PHX_DAL,nfl-roger-ruzek,Roger Ruzek,DAL,PHX,1,1,1,2,37
1989-10-29,1989,8,REG,1989_08_SD_SEA,nfl-chris-bahr,Chris Bahr,SD,SEA,1,1,0,0,
1989-10-29,1989,8,REG,1989_08_SD_SEA,nfl-norm-johnson,Norm Johnson,SEA,SD,1,1,1,4,27
1989-10-29,1989,8,REG,1989_08_SF_NYJ,nfl-pat-leahy,Pat Leahy,NYJ,SF,1,1,1,1,24
1989-10-29,1989,8,REG,1989_08_TB_CIN,nfl-donald-igwebuike,Donald Igwebuike,TB,CIN,3,3,0,0,
1989-10-29,1989,8,REG,1989_08_TB_CIN,nfl-jim-breech,Jim Breech,CIN,TB,8,8,0,0,
1989-10-29,1989,8,REG,1989_08_WAS_LA,nfl-chip-lohmiller,Chip Lohmiller,WAS,LA,3,3,1,1,43
1989-10-30,1989,8,REG,1989_08_MIN_NYG,nfl-raul-allegre,Raul Allegre,NYG,MIN,3,3,1,1,39
1989-10-30,1989,8,REG,1989_08_MIN_NYG,nfl-rich-karlis,Rich Karlis,MIN,NYG,2,2,0,1,
1989-11-05,1989,9,REG,1989_09_BUF_ATL,nfl-scott-norwood,Scott Norwood,BUF,ATL,4,4,0,0,
1989-11-05,1989,9,REG,1989_09_CHI_GB,nfl-chris-jacke,Chris Jacke,GB,CHI,2,2,0,0,
1989-11-05,1989,9,REG,1989_09_CIN_LA,nfl-jeff-jaeger,Jeff Jaeger,LA,CIN,4,4,0,1,
1989-11-05,1989,9,REG,1989_09_CIN_LA,nfl-jim-breech,Jim Breech,CIN,LA,1,1,0,1,
1989-11-05,1989,9,REG,1989_09_CLE_TB,nfl-donald-igwebuike,Donald Igwebuike,TB,CLE,4,4,1,2,53
1989-11-05,1989,9,REG,1989_09_CLE_TB,nfl-matt-bahr,Matt Bahr,CLE,TB,6,6,0,0,
1989-11-05,1989,9,REG,1989_09_DAL_WAS,nfl-chip-lohmiller,Chip Lohmiller,WAS,DAL,0,0,1,2,35
1989-11-05,1989,9,REG,1989_09_DET_HOU,nfl-eddie-murray,Eddie Murray,DET,HOU,4,4,1,1,47
1989-11-05,1989,9,REG,1989_09_DET_HOU,nfl-tony-zendejas,Tony Zendejas,HOU,DET,5,5,0,0,
1989-11-05,1989,9,REG,1989_09_IND_MIA,nfl-pete-stoyanovich,Pete Stoyanovich,MIA,IND,2,2,1,1,18
1989-11-05,1989,9,REG,1989_09_LA_MIN,nfl-mike-lansford,Mike Lansford,LA,MIN,3,3,0,1,
1989-11-05,1989,9,REG,1989_09_NYG_PHX,nfl-raul-allegre,Raul Allegre,NYG,PHX,2,3,0,1,
1989-11-05,1989,9,REG,1989_09_PHI_SD,nfl-steve-deline,Steve DeLine,PHI,SD,2,2,1,2,43
1989-11-05,1989,9,REG,1989_09_PIT_DEN,nfl-gary-anderson,Gary Anderson,PIT,DEN,1,1,0,0,
1989-11-05,1989,9,REG,1989_09_SEA_KC,nfl-norm-johnson,Norm Johnson,SEA,KC,1,1,1,1,18
1989-11-06,1989,9,REG,1989_09_NO_SF,nfl-mike-cofer,Mike Cofer,SF,NO,4,4,1,1,44
1989-11-12,1989,10,REG,1989_10_ATL_SF,nfl-mike-cofer,Mike Cofer,SF,ATL,6,6,1,1,18
1989-11-12,1989,10,REG,1989_10_CHI_PIT,nfl-gary-anderson,Gary Anderson,PIT,CHI,0,0,0,2,
1989-11-12,1989,10,REG,1989_10_CLE_SEA,nfl-matt-bahr,Matt Bahr,CLE,SEA,2,2,1,1,29
1989-11-12,1989,10,REG,1989_10_CLE_SEA,nfl-norm-johnson,Norm Johnson,SEA,CLE,1,1,0,0,
1989-11-12,1989,10,REG,1989_10_DAL_PHX,nfl-al-del-greco,Al Del Greco,PHX,DAL,3,3,1,3,45
1989-11-12,1989,10,REG,1989_10_GB_DET,nfl-eddie-murray,Eddie Murray,DET,GB,4,4,1,1,45
1989-11-12,1989,10,REG,1989_10_IND_BUF,nfl-dean-biasucci,Dean Biasucci,IND,BUF,1,1,0,0,
1989-11-12,1989,10,REG,1989_10_LA_SD,nfl-chris-bahr,Chris Bahr,SD,LA,2,2,0,0,
1989-11-12,1989,10,REG,1989_10_MIA_NYJ,nfl-pete-stoyanovich,Pete Stoyanovich,MIA,NYJ,4,4,1,3,59
1989-11-12,1989,10,REG,1989_10_MIN_TB,nfl-donald-igwebuike,Donald Igwebuike,TB,MIN,1,1,1,1,22
1989-11-12,1989,10,REG,1989_10_MIN_TB,nfl-rich-karlis,Rich Karlis,MIN,TB,3,3,1,1,41
1989-11-12,1989,10,REG,1989_10_NO_NE,nfl-jason-staurovsky,Jason Staurovsky,NE,NO,3,3,1,1,44
1989-11-12,1989,10,REG,1989_10_NO_NE,nfl-morten-andersen,Morten Andersen,NO,NE,4,4,0,0,
1989-11-12,1989,10,REG,1989_10_NYG_LA,nfl-mike-lansford,Mike Lansford,LA,NYG,4,4,1,1,44
1989-11-12,1989,10,REG,1989_10_NYG_LA,nfl-raul-allegre,Raul Allegre,NYG,LA,1,1,1,1,22
1989-11-12,1989,10,REG,1989_10_WAS_PHI,nfl-chip-lohmiller,Chip Lohmiller,WAS,PHI,1,1,1,2,34
1989-11-12,1989,10,REG,1989_10_WAS_PHI,nfl-steve-deline,Steve DeLine,PHI,WAS,0,0,1,1,49
1989-11-13,1989,10,REG,1989_10_CIN_HOU,nfl-jim-breech,Jim Breech,CIN,HOU,3,3,1,1,38
1989-11-19,1989,11,REG,1989_11_BUF_NE,nfl-scott-norwood,Scott Norwood,BUF,NE,3,3,1,2,31
1989-11-19,1989,11,REG,1989_11_DET_CIN,nfl-eddie-murray,Eddie Murray,DET,CIN,1,1,0,0,
1989-11-19,1989,11,REG,1989_11_DET_CIN,nfl-jim-breech,Jim Breech,CIN,DET,6,6,0,1,
1989-11-19,1989,11,REG,1989_11_GB_SF,nfl-chris-jacke,Chris Jacke,GB,SF,3,3,0,1,
1989-11-19,1989,11,REG,1989_11_GB_SF,nfl-mike-cofer,Mike Cofer,SF,GB,2,2,1,2,44
1989-11-19,1989,11,REG,1989_11_KC_CLE,nfl-matt-bahr,Matt Bahr,CLE,KC,1,1,1,1,40
1989-11-19,1989,11,REG,1989_11_KC_CLE,nfl-nick-lowery,Nick Lowery,KC,CLE,1,1,1,3,41
1989-11-19,1989,11,REG,1989_11_LA_HOU,nfl-jeff-jaeger,Jeff Jaeger,LA,HOU,1,1,0,0,
1989-11-19,1989,11,REG,1989_11_MIA_DAL,nfl-pete-stoyanovich,Pete Stoyanovich,MIA,DAL,2,2,1,1,23
1989-11-19,1989,11,REG,1989_11_MIA_PHI,nfl-luis-zendejas,Luis Zendejas,PHI,MIA,2,2,0,2,
1989-11-19,1989,11,REG,1989_11_MIN_PHI,nfl-rich-karlis,Rich Karlis,MIN,PHI,0,1,1,2,49
1989-11-19,1989,11,REG,1989_11_MIN_PHI,nfl-steve-deline,Steve DeLine,PHI,MIN,1,1,1,4,34
1989-11-19,1989,11,REG,1989_11_NO_ATL,nfl-morten-andersen,Morten Andersen,NO,ATL,3,3,1,1,33
1989-11-19,1989,11,REG,1989_11_NO_NE,nfl-greg-davis,Greg Davis,NE,NO,2,2,1,2,45
1989-11-19,1989,11,REG,1989_11_NYJ_IND,nfl-pat-leahy,Pat Leahy,NYJ,IND,1,1,1,2,46
1989-11-19,1989,11,REG,1989_11_PHX_LA,nfl-al-del-greco,Al Del Greco,PHX,LA,2,2,0,0,
1989-11-19,1989,11,REG,1989_11_SD_PIT,nfl-chris-bahr,Chris Bahr,SD,PIT,2,2,1,2,27
1989-11-19,1989,11,REG,1989_11_SEA_NYG,nfl-norm-johnson,Norm Johnson,SEA,NYG,0,0,1,2,42
1989-11-19,1989,11,REG,1989_11_TB_CHI,nfl-kevin-butler,Kevin Butler,CHI,TB,4,4,1,1,40
1989-11-20,1989,11,REG,1989_11_DEN_WAS,nfl-chip-lohmiller,Chip Lohmiller,WAS,DEN,1,1,1,2,32
1989-11-20,1989,11,REG,1989_11_DEN_WAS,nfl-david-treadwell,David Treadwell,DEN,WAS,2,2,0,0,
1989-11-23,1989,12,REG,1989_12_CLE_DET,nfl-matt-bahr,Matt Bahr,CLE,DET,1,1,1,2,35
1989-11-23,1989,12,REG,1989_12_PHI_PHI,nfl-luis-zendejas,Luis Zendejas,PHI,PHI,0,0,0,1,
1989-11-26,1989,12,REG,1989_12_CHI_WAS,nfl-chip-lohmiller,Chip Lohmiller,WAS,CHI,5,5,1,3,28
1989-11-26,1989,12,REG,1989_12_CHI_WAS,nfl-kevin-butler,Kevin Butler,CHI,WAS,2,2,0,0,
1989-11-26,1989,12,REG,1989_12_CIN_BUF,nfl-jim-breech,Jim Breech,CIN,BUF,1,1,0,0,
1989-11-26,1989,12,REG,1989_12_CIN_BUF,nfl-scott-norwood,Scott Norwood,BUF,CIN,3,3,1,1,24
1989-11-26,1989,12,REG,1989_12_HOU_KC,nfl-tony-zendejas,Tony Zendejas,HOU,KC,0,0,0,1,
1989-11-26,1989,12,REG,1989_12_LA_NO,nfl-morten-andersen,Morten Andersen,NO,LA,2,2,1,1,36
1989-11-26,1989,12,REG,1989_12_NE_LA,nfl-jason-staurovsky,Jason Staurovsky,NE,LA,3,3,0,0,
1989-11-26,1989,12,REG,1989_12_NE_LA,nfl-jeff-jaeger,Jeff Jaeger,LA,NE,3,3,1,2,32
1989-11-26,1989,12,REG,1989_12_NE_NYJ,nfl-greg-davis,Greg Davis,NE,NYJ,1,1,0,0,
1989-11-26,1989,12,REG,1989_12_PIT_MIA,nfl-pete-stoyanovich,Pete Stoyanovich,MIA,PIT,2,2,0,0,
1989-11-26,1989,12,REG,1989_12_SD_IND,nfl-dean-biasucci,Dean Biasucci,IND,SD,1,1,1,1,22
1989-11-26,1989,12,REG,1989_12_SEA_DEN,nfl-norm-johnson,Norm Johnson,SEA,DEN,2,2,0,0,
1989-11-26,1989,12,REG,1989_12_TB_PHX,nfl-donald-igwebuike,Donald Igwebuike,TB,PHX,2,2,0,0,
1989-11-27,1989,12,REG,1989_12_NYG_SF,nfl-bjorn-nittmo,Bjorn Nittmo,NYG,SF,3,3,1,1,39
1989-12-03,1989,13,REG,1989_13_CHI_MIN,nfl-kevin-butler,Kevin Butler,CHI,MIN,1,2,1,2,33
1989-12-03,1989,13,REG,1989_13_CIN_CLE,nfl-jim-breech,Jim Breech,CIN,CLE,3,3,0,0,
1989-12-03,1989,13,REG,1989_13_CIN_CLE,nfl-matt-bahr,Matt Bahr,CLE,CIN,0,0,0,2,
1989-12-03,1989,13,REG,1989_13_DAL_NYG,nfl-roger-ruzek,Roger Ruzek,DAL,NYG,3,3,1,1,35
1989-12-03,1989,13,REG,1989_13_GB_TB,nfl-chris-jacke,Chris Jacke,GB,TB,2,2,1,1,47
1989-12-03,1989,13,REG,1989_13_HOU_PIT,nfl-tony-zendejas,Tony Zendejas,HOU,PIT,3,3,0,1,
1989-12-03,1989,13,REG,1989_13_IND_NE,nfl-dean-biasucci,Dean Biasucci,IND,NE,1,2,1,1,18
1989-12-03,1989,13,REG,1989_13_LA_DAL,nfl-mike-lansford,Mike Lansford,LA,DAL,5,5,0,0,
1989-12-03,1989,13,REG,1989_13_LA_PHI,nfl-luis-zendejas,Luis Zendejas,PHI,LA,4,4,1,1,47
1989-12-03,1989,13,REG,1989_13_MIA_KC,nfl-pete-stoyanovich,Pete Stoyanovich,MIA,KC,3,3,0,0,
1989-12-03,1989,13,REG,1989_13_NO_DET,nfl-eddie-murray,Eddie Murray,DET,NO,3,3,0,0,
1989-12-03,1989,13,REG,1989_13_NO_DET,nfl-morten-andersen,Morten Andersen,NO,DET,2,2,0,1,
1989-12-03,1989,13,REG,1989_13_NYJ_SD,nfl-chris-bahr,Chris Bahr,SD,NYJ,2,2,1,2,39
1989-12-03,1989,13,REG,1989_13_NYJ_SD,nfl-pat-leahy,Pat Leahy,NYJ,SD,2,3,0,0,
1989-12-03,1989,13,REG,1989_13_PHI_NYG,nfl-bjorn-nittmo,Bjorn Nittmo,NYG,PHI,2,2,1,2,38
1989-12-03,1989,13,REG,1989_13_SF_NE,nfl-greg-davis,Greg Davis,NE,SF,1,1,1,2,46
1989-12-03,1989,13,REG,1989_13_WAS_PHX,nfl-al-del-greco,Al Del Greco,PHX,WAS,1,1,1,2,27
1989-12-04,1989,13,REG,1989_13_BUF_SEA,nfl-norm-johnson,Norm Johnson,SEA,BUF,1,1,1,3,29
1989-12-10,1989,14,REG,1989_14_CLE_IND,nfl-dean-biasucci,Dean Biasucci,IND,CLE,2,2,1,2,35
1989-12-10,1989,14,REG,1989_14_CLE_IND,nfl-matt-bahr,Matt Bahr,CLE,IND,2,2,1,3,48
1989-12-10,1989,14,REG,1989_14_DET_CHI,nfl-kevin-butler,Kevin Butler,CHI,DET,2,2,1,3,22
1989-12-10,1989,14,REG,1989_14_KC_GB,nfl-chris-jacke,Chris Jacke,GB,KC,0,0,1,1,25
1989-12-10,1989,14,REG,1989_14_KC_GB,nfl-nick-lowery,Nick Lowery,KC,GB,3,3,0,1,
1989-12-10,1989,14,REG,1989_14_NE_MIA,nfl-jason-staurovsky,Jason Staurovsky,NE,MIA,1,1,1,1,36
1989-12-10,1989,14,REG,1989_14_NE_MIA,nfl-pete-stoyanovich,Pete Stoyanovich,MIA,NE,4,4,1,1,23
1989-12-10,1989,14,REG,1989_14_NE_MIN,nfl-greg-davis,Greg Davis,NE,MIN,2,2,1,1,26
1989-12-10,1989,14,REG,1989_14_NYG_DEN,nfl-bjorn-nittmo,Bjorn Nittmo,NYG,DEN,2,2,0,1,
1989-12-10,1989,14,REG,1989_14_NYG_DEN,nfl-david-treadwell,David Treadwell,DEN,NYG,1,1,0,0,
1989-12-10,1989,14,REG,1989_14_PHI_PHI,nfl-luis-zendejas,Luis Zendejas,PHI,PHI,1,1,1,2,47
1989-12-10,1989,14,REG,1989_14_PHX_LA,nfl-al-del-greco,Al Del Greco,PHX,LA,2,2,0,0,
1989-12-10,1989,14,REG,1989_14_PIT_NYJ,nfl-pat-leahy,Pat Leahy,NYJ,PIT,0,0,0,2,
1989-12-10,1989,14,REG,1989_14_SD_WAS,nfl-chris-bahr,Chris Bahr,SD,WAS,3,3,0,0,
1989-12-10,1989,14,REG,1989_14_SEA_CIN,nfl-jim-breech,Jim Breech,CIN,SEA,2,2,1,1,24
1989-12-10,1989,14,REG,1989_14_SEA_CIN,nfl-norm-johnson,Norm Johnson,SEA,CIN,3,3,1,2,48
1989-12-10,1989,14,REG,1989_14_TB_HOU,nfl-donald-igwebuike,Donald Igwebuike,TB,HOU,2,2,1,2,21
1989-12-11,1989,14,REG,1989_14_SF_LA,nfl-mike-cofer,Mike Cofer,SF,LA,3,4,1,2,19
1989-12-17,1989,15,REG,1989_15_BUF_SF,nfl-mike-cofer,Mike Cofer,SF,BUF,3,3,0,1,
1989-12-17,1989,15,REG,1989_15_BUF_SF,nfl-scott-norwood,Scott Norwood,BUF,SF,1,1,1,1,23
1989-12-17,1989,15,REG,1989_15_GB_CHI,nfl-kevin-butler,Kevin Butler,CHI,GB,4,4,0,0,
1989-12-17,1989,15,REG,1989_15_HOU_CIN,nfl-tony-zendejas,Tony Zendejas,HOU,CIN,1,1,0,1,
1989-12-17,1989,15,REG,1989_15_LA_SEA,nfl-jeff-jaeger,Jeff Jaeger,LA,SEA,2,2,1,1,19
1989-12-17,1989,15,REG,1989_15_MIA_IND,nfl-dean-biasucci,Dean Biasucci,IND,MIA,6,6,0,0,
1989-12-17,1989,15,REG,1989_15_MIN_CLE,nfl-matt-bahr,Matt Bahr,CLE,MIN,2,2,1,1,32
1989-12-17,1989,15,REG,1989_15_MIN_CLE,nfl-rich-karlis,Rich Karlis,MIN,CLE,2,2,1,2,44
1989-12-17,1989,15,REG,1989_15_NE_PIT,nfl-gary-anderson,Gary Anderson,PIT,NE,4,4,0,0,
1989-12-17,1989,15,REG,1989_15_NE_PIT,nfl-jason-staurovsky,Jason Staurovsky,NE,PIT,1,1,1,2,20
1989-12-17,1989,15,REG,1989_15_NYJ_LA,nfl-mike-lansford,Mike Lansford,LA,NYJ,5,5,1,1,37
1989-12-17,1989,15,REG,1989_15_NYJ_LA,nfl-pat-leahy,Pat Leahy,NYJ,LA,2,2,0,0,
1989-12-17,1989,15,REG,1989_15_TB_DET,nfl-donald-igwebuike,Donald Igwebuike,TB,DET,1,1,0,0,
1989-12-17,1989,15,REG,1989_15_WAS_ATL,nfl-chip-lohmiller,Chip Lohmiller,WAS,ATL,4,4,1,4,37
1989-12-18,1989,15,REG,1989_15_PHI_NO,nfl-morten-andersen,Morten Andersen,NO,PHI,4,4,0,1,
1989-12-23,1989,16,REG,1989_16_BUF_NYJ,nfl-pat-leahy,Pat Leahy,NYJ,BUF,0,0,0,1,
1989-12-23,1989,16,REG,1989_16_BUF_NYJ,nfl-scott-norwood,Scott Norwood,BUF,NYJ,4,4,1,1,26
1989-12-23,1989,16,REG,1989_16_CLE_HOU,nfl-matt-bahr,Matt Bahr,CLE,HOU,3,3,1,1,32
1989-12-24,1989,16,REG,1989_16_CHI_SF,nfl-kevin-butler,Kevin Butler,CHI,SF,0,0,0,1,
1989-12-24,1989,16,REG,1989_16_DEN_SD,nfl-david-treadwell,David Treadwell,DEN,SD,1,2,1,2,24
1989-12-24,1989,16,REG,1989_16_DET_ATL,nfl-eddie-murray,Eddie Murray,DET,ATL,4,4,1,1,39
1989-12-24,1989,16,REG,1989_16_DET_NE,nfl-greg-davis,Greg Davis,NE,DET,3,3,1,2,25
1989-12-24,1989,16,REG,1989_16_GB_PHI,nfl-luis-zendejas,Luis Zendejas,PHI,GB,1,1,1,1,41
1989-12-24,1989,16,REG,1989_16_KC_MIA,nfl-pete-stoyanovich,Pete Stoyanovich,MIA,KC,3,3,1,2,22
1989-12-24,1989,16,REG,1989_16_LA_NE,nfl-mike-lansford,Mike Lansford,LA,NE,3,3,1,3,19
1989-12-24,1989,16,REG,1989_16_LA_NYG,nfl-jeff-jaeger,Jeff Jaeger,LA,NYG,2,2,1,1,42
1989-12-24,1989,16,REG,1989_16_PHX_DAL,nfl-roger-ruzek,Roger Ruzek,DAL,PHX,4,4,1,2,39
1989-12-24,1989,16,REG,1989_16_PHX_PHI,nfl-al-del-greco,Al Del Greco,PHX,PHI,2,2,0,2,
1989-12-24,1989,16,REG,1989_16_PIT_TB,nfl-gary-anderson,Gary Anderson,PIT,TB,4,4,1,1,32
1989-12-25,1989,16,REG,1989_16_CIN_MIN,nfl-jim-breech,Jim Breech,CIN,MIN,3,3,0,0,
1990-09-09,1990,1,REG,1990_01_DEN_LA,nfl-jeff-jaeger,Jeff Jaeger,LA,DEN,2,2,0,0,
1990-09-09,1990,1,REG,1990_01_HOU_ATL,nfl-tony-zendejas,Tony Zendejas,HOU,ATL,3,4,0,0,
1990-09-09,1990,1,REG,1990_01_IND_BUF,nfl-dean-biasucci,Dean Biasucci,IND,BUF,1,1,1,2,24
1990-09-09,1990,1,REG,1990_01_LA_GB,nfl-mike-lansford,Mike Lansford,LA,GB,3,3,1,2,41
1990-09-09,1990,1,REG,1990_01_MIA_NE,nfl-jason-staurovsky,Jason Staurovsky,NE,MIA,3,3,1,2,42
1990-09-09,1990,1,REG,1990_01_MIN_KC,nfl-donald-igwebuike,Donald Igwebuike,MIN,KC,3,3,0,0,
1990-09-09,1990,1,REG,1990_01_MIN_KC,nfl-nick-lowery,Nick Lowery,KC,MIN,3,3,1,1,43
1990-09-09,1990,1,REG,1990_01_PHX_WAS,nfl-chip-lohmiller,Chip Lohmiller,WAS,PHX,4,4,1,1,29
1990-09-09,1990,1,REG,1990_01_PIT_CLE,nfl-gary-anderson,Gary Anderson,PIT,CLE,0,0,1,2,19
1990-09-09,1990,1,REG,1990_01_SD_DAL,nfl-fuad-reveiz,Fuad Reveiz,SD,DAL,2,2,0,1,
1990-09-09,1990,1,REG,1990_01_SD_DAL,nfl-ken-willis,Ken Willis,DAL,SD,2,2,1,1,31
1990-09-09,1990,1,REG,1990_01_SEA_CHI,nfl-kevin-butler,Kevin Butler,CHI,SEA,2,2,1,2,47
1990-09-09,1990,1,REG,1990_01_TB_DET,nfl-eddie-murray,Eddie Murray,DET,TB,3,3,0,0,
1990-09-09,1990,1,REG,1990_01_TB_DET,nfl-steve-christie,Steve Christie,TB,DET,5,5,1,1,22
1990-09-16,1990,2,REG,1990_02_ATL_DET,nfl-eddie-murray,Eddie Murray,DET,ATL,3,3,0,0,
1990-09-16,1990,2,REG,1990_02_ATL_DET,nfl-greg-davis,Greg Davis,ATL,DET,2,2,0,0,
1990-09-16,1990,2,REG,1990_02_BUF_MIA,nfl-scott-norwood,Scott Norwood,BUF,MIA,1,1,0,0,
1990-09-16,1990,2,REG,1990_02_CHI_GB,nfl-kevin-butler,Kevin Butler,CHI,GB,4,4,1,1,41
1990-09-16,1990,2,REG,1990_02_CIN_SD,nfl-fuad-reveiz,Fuad Reveiz,SD,CIN,1,2,1,2,19
1990-09-16,1990,2,REG,1990_02_CIN_SD,nfl-jim-breech,Jim Breech,CIN,SD,3,3,0,0,
1990-09-16,1990,2,REG,1990_02_CLE_NYJ,nfl-jerry-kauric,Jerry Kauric,CLE,NYJ,3,3,0,0,
1990-09-16,1990,2,REG,1990_02_CLE_NYJ,nfl-pat-leahy,Pat Leahy,NYJ,CLE,3,3,1,2,47
1990-09-16,1990,2,REG,1990_02_HOU_PIT,nfl-tony-zendejas,Tony Zendejas,HOU,PIT,1,1,0,2,
1990-09-16,1990,2,REG,1990_02_LA_SEA,nfl-jeff-jaeger,Jeff Jaeger,LA,SEA,2,2,1,1,49
1990-09-16,1990,2,REG,1990_02_LA_TB,nfl-mike-lansford,Mike Lansford,LA,TB,5,5,0,2,
1990-09-16,1990,2,REG,1990_02_LA_TB,nfl-steve-christie,Steve Christie,TB,LA,2,2,0,1,
1990-09-16,1990,2,REG,1990_02_NE_IND,nfl-dean-biasucci,Dean Biasucci,IND,NE,2,2,0,0,
1990-09-16,1990,2,REG,1990_02_NO_MIN,nfl-morten-andersen,Morten Andersen,NO,MIN,0,0,1,1,37
1990-09-16,1990,2,REG,1990_02_NYG_DAL,nfl-ken-willis,Ken Willis,DAL,NYG,1,1,0,0,
1990-09-16,1990,2,REG,1990_02_NYG_DAL,nfl-raul-allegre,Raul Allegre,NYG,DAL,4,4,0,0,
1990-09-16,1990,2,REG,1990_02_PHX_PHI,nfl-roger-ruzek,Roger Ruzek,PHI,PHX,3,3,0,0,
1990-09-17,1990,2,REG,1990_02_KC_DEN,nfl-david-treadwell,David Treadwell,DEN,KC,3,3,1,2,22
1990-09-23,1990,3,REG,1990_03_ATL_SF,nfl-mike-cofer,Mike Cofer,SF,ATL,2,2,1,3,47
1990-09-23,1990,3,REG,1990_03_IND_HOU,nfl-dean-biasucci,Dean Biasucci,IND,HOU,1,1,1,1,33
1990-09-23,1990,3,REG,1990_03_IND_HOU,nfl-tony-zendejas,Tony Zendejas,HOU,IND,3,3,1,2,30
1990-09-23,1990,3,REG,1990_03_KC_GB,nfl-chris-jacke,Chris Jacke,GB,KC,0,0,1,1,46
1990-09-23,1990,3,REG,1990_03_KC_GB,nfl-nick-lowery,Nick Lowery,KC,GB,2,2,1,1,20
1990-09-23,1990,3,REG,1990_03_MIA_NYG,nfl-pete-stoyanovich,Pete Stoyanovich,MIA,NYG,0,0,1,1,51
1990-09-23,1990,3,REG,1990_03_NE_CIN,nfl-jason-staurovsky,Jason Staurovsky,NE,CIN,1,1,0,0,
1990-09-23,1990,3,REG,1990_03_PHI_LA,nfl-mike-lansford,Mike Lansford,LA,PHI,3,3,0,1,
1990-09-23,1990,3,REG,1990_03_PHX_NO,nfl-al-del-greco,Al Del Greco,PHX,NO,1,1,0,2,
1990-09-23,1990,3,REG,1990_03_PHX_NO,nfl-morten-andersen,Morten Andersen,NO,PHX,4,4,0,0,
1990-09-23,1990,3,REG,1990_03_PIT_LA,nfl-gary-anderson,Gary Anderson,PIT,LA,0,0,1,1,31
1990-09-23,1990,3,REG,1990_03_SD_CLE,nfl-fuad-reveiz,Fuad Reveiz,SD,CLE,3,3,1,2,42
1990-09-23,1990,3,REG,1990_03_SD_CLE,nfl-jerry-kauric,Jerry Kauric,CLE,SD,2,2,0,0,
1990-09-23,1990,3,REG,1990_03_SEA_DEN,nfl-norm-johnson,Norm Johnson,SEA,DEN,4,4,1,3,39
1990-09-24,1990,3,REG,1990_03_BUF_NYJ,nfl-pat-leahy,Pat Leahy,NYJ,BUF,1,1,0,0,
1990-09-30,1990,4,REG,1990_04_CHI_LA,nfl-jeff-jaeger,Jeff Jaeger,LA,CHI,3,3,1,2,27
1990-09-30,1990,4,REG,1990_04_CHI_LA,nfl-kevin-butler,Kevin Butler,CHI,LA,1,1,1,1,22
1990-09-30,1990,4,REG,1990_04_DAL_NYG,nfl-ken-willis,Ken Willis,DAL,NYG,2,2,1,1,22
1990-09-30,1990,4,REG,1990_04_DAL_NYG,nfl-matt-bahr,Matt Bahr,NYG,DAL,4,4,1,2,34
1990-09-30,1990,4,REG,1990_04_DEN_BUF,nfl-david-treadwell,David Treadwell,DEN,BUF,4,4,0,2,
1990-09-30,1990,4,REG,1990_04_DEN_BUF,nfl-scott-norwood,Scott Norwood,BUF,DEN,2,3,1,3,37
1990-09-30,1990,4,REG,1990_04_GB_DET,nfl-chris-jacke,Chris Jacke,GB,DET,3,3,1,2,34
1990-09-30,1990,4,REG,1990_04_GB_DET,nfl-eddie-murray,Eddie Murray,DET,GB,3,3,0,4,
1990-09-30,1990,4,REG,1990_04_HOU_SD,nfl-fuad-reveiz,Fuad Reveiz,SD,HOU,1,1,0,2,
1990-09-30,1990,4,REG,1990_04_HOU_SD,nfl-tony-zendejas,Tony Zendejas,HOU,SD,2,2,1,3,34
1990-09-30,1990,4,REG,1990_04_IND_PHI,nfl-dean-biasucci,Dean Biasucci,IND,PHI,3,3,1,1,41
1990-09-30,1990,4,REG,1990_04_MIA_PIT,nfl-pete-stoyanovich,Pete Stoyanovich,MIA,PIT,4,4,0,0,
1990-09-30,1990,4,REG,1990_04_WAS_PHX,nfl-al-del-greco,Al Del Greco,PHX,WAS,1,1,1,1,32
1990-09-30,1990,4,REG,1990_04_WAS_PHX,nfl-chip-lohmiller,Chip Lohmiller,WAS,PHX,5,5,1,2,26
1990-10-01,1990,4,REG,1990_04_CIN_SEA,nfl-norm-johnson,Norm Johnson,SEA,CIN,4,4,1,1,51
1990-10-07,1990,5,REG,1990_05_CIN_LA,nfl-mike-lansford,Mike Lansford,LA,CIN,4,4,1,1,40
1990-10-07,1990,5,REG,1990_05_LA_BUF,nfl-jeff-jaeger,Jeff Jaeger,LA,BUF,3,3,1,2,19
1990-10-07,1990,5,REG,1990_05_LA_BUF,nfl-scott-norwood,Scott Norwood,BUF,LA,5,5,1,1,23
1990-10-07,1990,5,REG,1990_05_LA_PIT,nfl-john-carney,John Carney,LA,PIT,2,2,0,0,
1990-10-07,1990,5,REG,1990_05_NO_ATL,nfl-greg-davis,Greg Davis,ATL,NO,4,4,0,1,
1990-10-07,1990,5,REG,1990_05_NYJ_MIA,nfl-pete-stoyanovich,Pete Stoyanovich,MIA,NYJ,2,2,0,0,
1990-10-07,1990,5,REG,1990_05_SF_HOU,nfl-mike-cofer,Mike Cofer,SF,HOU,3,3,1,1,23
1990-10-07,1990,5,REG,1990_05_SF_HOU,nfl-tony-zendejas,Tony Zendejas,HOU,SF,3,3,0,0,
1990-10-07,1990,5,REG,1990_05_TB_DAL,nfl-ken-willis,Ken Willis,DAL,TB,2,2,0,0,
1990-10-07,1990,5,REG,1990_05_TB_DAL,nfl-steve-christie,Steve Christie,TB,DAL,1,1,1,1,33
1990-10-08,1990,5,REG,1990_05_CLE_DEN,nfl-jerry-kauric,Jerry Kauric,CLE,DEN,3,4,1,1,30
1990-10-14,1990,6,REG,1990_06_CIN_HOU,nfl-jim-breech,Jim Breech,CIN,HOU,2,2,1,1,29
1990-10-14,1990,6,REG,1990_06_CLE_NO,nfl-morten-andersen,Morten Andersen,NO,CLE,2,2,1,2,52
1990-10-14,1990,6,REG,1990_06_DAL_PHX,nfl-ken-willis,Ken Willis,DAL,PHX,0,0,1,1,37
1990-10-14,1990,6,REG,1990_06_DET_KC,nfl-rich-karlis,Rich Karlis,DET,KC,3,3,1,1,21
1990-10-14,1990,6,REG,1990_06_GB_TB,nfl-chris-jacke,Chris Jacke,GB,TB,2,2,0,1,
1990-10-14,1990,6,REG,1990_06_LA_CHI,nfl-kevin-butler,Kevin Butler,CHI,LA,5,5,1,1,27
1990-10-14,1990,6,REG,1990_06_LA_CHI,nfl-mike-lansford,Mike Lansford,LA,CHI,0,1,1,1,35
1990-10-14,1990,6,REG,1990_06_NYG_WAS,nfl-matt-bahr,Matt Bahr,NYG,WAS,3,3,1,1,19
1990-10-14,1990,6,REG,1990_06_PIT_DEN,nfl-david-treadwell,David Treadwell,DEN,PIT,2,2,1,1,24
1990-10-14,1990,6,REG,1990_06_PIT_DEN,nfl-gary-anderson,Gary Anderson,PIT,DEN,4,4,0,0,
1990-10-14,1990,6,REG,1990_06_SD_NYJ,nfl-pat-leahy,Pat Leahy,NYJ,SD,0,0,1,1,22
1990-10-14,1990,6,REG,1990_06_SEA_LA,nfl-jeff-jaeger,Jeff Jaeger,LA,SEA,3,3,1,1,22
1990-10-14,1990,6,REG,1990_06_SEA_LA,nfl-norm-johnson,Norm Johnson,SEA,LA,2,2,1,2,34
1990-10-14,1990,6,REG,1990_06_SF_ATL,nfl-greg-davis,Greg Davis,ATL,SF,5,5,0,0,
1990-10-14,1990,6,REG,1990_06_SF_ATL,nfl-mike-cofer,Mike Cofer,SF,ATL,6,6,1,1,56
1990-10-15,1990,6,REG,1990_06_MIN_PHI,nfl-donald-igwebuike,Donald Igwebuike,MIN,PHI,3,3,1,1,33
1990-10-18,1990,7,REG,1990_07_NE_MIA,nfl-jason-staurovsky,Jason Staurovsky,NE,MIA,1,1,1,2,41
1990-10-18,1990,7,REG,1990_07_NE_MIA,nfl-pete-stoyanovich,Pete Stoyanovich,MIA,NE,2,2,1,1,47
1990-10-21,1990,7,REG,1990_07_ATL_LA,nfl-greg-davis,Greg Davis,ATL,LA,3,3,1,1,41
1990-10-21,1990,7,REG,1990_07_DAL_TB,nfl-ken-willis,Ken Willis,DAL,TB,2,2,1,2,24
1990-10-21,1990,7,REG,1990_07_DEN_IND,nfl-dean-biasucci,Dean Biasucci,IND,DEN,2,2,1,2,32
1990-10-21,1990,7,REG,1990_07_KC_SEA,nfl-nick-lowery,Nick Lowery,KC,SEA,1,1,0,1,
1990-10-21,1990,7,REG,1990_07_LA_SD,nfl-jeff-jaeger,Jeff Jaeger,LA,SD,3,3,1,1,24
1990-10-21,1990,7,REG,1990_07_NO_HOU,nfl-morten-andersen,Morten Andersen,NO,HOU,1,1,1,2,20
1990-10-21,1990,7,REG,1990_07_NYJ_BUF,nfl-scott-norwood,Scott Norwood,BUF,NYJ,3,4,1,2,29
1990-10-21,1990,7,REG,1990_07_PHI_WAS,nfl-roger-ruzek,Roger Ruzek,PHI,WAS,1,1,0,2,
1990-10-21,1990,7,REG,1990_07_PIT_SF,nfl-gary-anderson,Gary Anderson,PIT,SF,1,1,0,1,
1990-10-28,1990,8,REG,1990_08_BUF_NE,nfl-jason-staurovsky,Jason Staurovsky,NE,BUF,1,1,1,1,32
1990-10-28,1990,8,REG,1990_08_CHI_PHX,nfl-al-del-greco,Al Del Greco,PHX,CHI,3,3,0,1,
1990-10-28,1990,8,REG,1990_08_CHI_PHX,nfl-kevin-butler,Kevin Butler,CHI,PHX,4,4,1,1,33
1990-10-28,1990,8,REG,1990_08_CIN_ATL,nfl-greg-davis,Greg Davis,ATL,CIN,5,5,1,2,27
1990-10-28,1990,8,REG,1990_08_CIN_ATL,nfl-jim-breech,Jim Breech,CIN,ATL,2,2,1,1,35
1990-10-28,1990,8,REG,1990_08_CLE_SF,nfl-jerry-kauric,Jerry Kauric,CLE,SF,2,2,1,1,45
1990-10-28,1990,8,REG,1990_08_DET_NO,nfl-morten-andersen,Morten Andersen,NO,DET,1,1,1,1,47
1990-10-28,1990,8,REG,1990_08_MIA_IND,nfl-dean-biasucci,Dean Biasucci,IND,MIA,1,1,0,0,
1990-10-28,1990,8,REG,1990_08_MIN_GB,nfl-chris-jacke,Chris Jacke,GB,MIN,3,3,1,1,35
1990-10-28,1990,8,REG,1990_08_MIN_GB,nfl-donald-igwebuike,Donald Igwebuike,MIN,GB,1,1,1,2,20
1990-10-28,1990,8,REG,1990_08_NYJ_HOU,nfl-pat-leahy,Pat Leahy,NYJ,HOU,2,2,1,1,32
1990-10-28,1990,8,REG,1990_08_PHI_DAL,nfl-roger-ruzek,Roger Ruzek,PHI,DAL,3,3,0,0,
1990-10-28,1990,8,REG,1990_08_TB_SD,nfl-steve-christie,Steve Christie,TB,SD,1,1,1,1,48
1990-10-28,1990,8,REG,1990_08_WAS_NYG,nfl-chip-lohmiller,Chip Lohmiller,WAS,NYG,1,1,1,1,45
1990-10-28,1990,8,REG,1990_08_WAS_NYG,nfl-matt-bahr,Matt Bahr,NYG,WAS,3,3,0,0,
1990-10-29,1990,8,REG,1990_08_LA_PIT,nfl-mike-lansford,Mike Lansford,LA,PIT,1,1,1,3,32
1990-11-04,1990,9,REG,1990_09_ATL_PIT,nfl-gary-anderson,Gary Anderson,PIT,ATL,3,3,0,0,
1990-11-04,1990,9,REG,1990_09_BUF_CLE,nfl-jerry-kauric,Jerry Kauric,CLE,BUF,0,0,0,1,
1990-11-04,1990,9,REG,1990_09_BUF_CLE,nfl-scott-norwood,Scott Norwood,BUF,CLE,6,6,0,1,
1990-11-04,1990,9,REG,1990_09_DAL_NYJ,nfl-pat-leahy,Pat Leahy,NYJ,DAL,3,3,1,1,24
1990-11-04,1990,9,REG,1990_09_HOU_LA,nfl-mike-lansford,Mike Lansford,LA,HOU,2,2,1,1,19
1990-11-04,1990,9,REG,1990_09_LA_KC,nfl-jeff-jaeger,Jeff Jaeger,LA,KC,1,1,0,0,
1990-11-04,1990,9,REG,1990_09_LA_SEA,nfl-john-carney,John Carney,LA,SEA,4,4,1,2,20
1990-11-04,1990,9,REG,1990_09_NO_CIN,nfl-jim-breech,Jim Breech,CIN,NO,1,1,0,1,
1990-11-04,1990,9,REG,1990_09_NO_CIN,nfl-morten-andersen,Morten Andersen,NO,CIN,3,3,0,1,
1990-11-04,1990,9,REG,1990_09_PHX_MIA,nfl-al-del-greco,Al Del Greco,PHX,MIA,0,0,1,2,44
1990-11-04,1990,9,REG,1990_09_SD_SEA,nfl-norm-johnson,Norm Johnson,SEA,SD,2,2,0,0,
1990-11-04,1990,9,REG,1990_09_SF_GB,nfl-mike-cofer,Mike Cofer,SF,GB,3,3,1,2,22
1990-11-04,1990,9,REG,1990_09_WAS_DET,nfl-rich-karlis,Rich Karlis,DET,WAS,5,5,1,1,26
1990-11-05,1990,9,REG,1990_09_NYG_IND,nfl-dean-biasucci,Dean Biasucci,IND,NYG,1,1,0,0,
1990-11-05,1990,9,REG,1990_09_NYG_IND,nfl-matt-bahr,Matt Bahr,NYG,IND,3,3,1,2,23
1990-11-11,1990,10,REG,1990_10_ATL_CHI,nfl-greg-davis,Greg Davis,ATL,CHI,3,3,1,2,36
1990-11-11,1990,10,REG,1990_10_ATL_CHI,nfl-kevin-butler,Kevin Butler,CHI,ATL,3,3,1,1,21
1990-11-11,1990,10,REG,1990_10_DEN_SD,nfl-david-treadwell,David Treadwell,DEN,SD,1,1,0,0,
1990-11-11,1990,10,REG,1990_10_GB_LA,nfl-jeff-jaeger,Jeff Jaeger,LA,GB,1,2,1,1,24
1990-11-11,1990,10,REG,1990_10_IND_NE,nfl-jason-staurovsky,Jason Staurovsky,NE,IND,1,1,1,1,29
1990-11-11,1990,10,REG,1990_10_MIA_NYJ,nfl-pat-leahy,Pat Leahy,NYJ,MIA,0,0,1,1,24
1990-11-11,1990,10,REG,1990_10_MIA_NYJ,nfl-pete-stoyanovich,Pete Stoyanovich,MIA,NYJ,2,2,1,2,23
1990-11-11,1990,10,REG,1990_10_MIN_DET,nfl-rich-karlis,Rich Karlis,DET,MIN,1,1,0,1,
1990-11-11,1990,10,REG,1990_10_NYG_LA,nfl-matt-bahr,Matt Bahr,NYG,LA,4,4,1,1,44
1990-11-11,1990,10,REG,1990_10_NYG_LA,nfl-mike-lansford,Mike Lansford,LA,NYG,1,1,0,1,
1990-11-11,1990,10,REG,1990_10_PHX_BUF,nfl-al-del-greco,Al Del Greco,PHX,BUF,2,2,0,0,
1990-11-11,1990,10,REG,1990_10_PHX_BUF,nfl-scott-norwood,Scott Norwood,BUF,PHX,6,6,1,1,25
1990-11-11,1990,10,REG,1990_10_SD_DET,nfl-fuad-reveiz,Fuad Reveiz,SD,DET,2,2,1,2,27
1990-11-11,1990,10,REG,1990_10_SEA_KC,nfl-norm-johnson,Norm Johnson,SEA,KC,2,2,1,1,43
1990-11-11,1990,10,REG,1990_10_SF_DAL,nfl-mike-cofer,Mike Cofer,SF,DAL,3,3,1,3,42
1990-11-11,1990,10,REG,1990_10_TB_NO,nfl-morten-andersen,Morten Andersen,NO,TB,5,5,0,0,
1990-11-11,1990,10,REG,1990_10_TB_NO,nfl-steve-christie,Steve Christie,TB,NO,1,1,0,0,
1990-11-12,1990,10,REG,1990_10_WAS_PHI,nfl-chip-lohmiller,Chip Lohmiller,WAS,PHI,2,2,0,0,
1990-11-12,1990,10,REG,1990_10_WAS_PHI,nfl-roger-ruzek,Roger Ruzek,PHI,WAS,4,4,0,0,
1990-11-18,1990,11,REG,1990_11_DAL_LA,nfl-ken-willis,Ken Willis,DAL,LA,3,3,1,2,23
1990-11-18,1990,11,REG,1990_11_DAL_LA,nfl-mike-lansford,Mike Lansford,LA,DAL,3,3,0,0,
1990-11-18,1990,11,REG,1990_11_GB_PHX,nfl-al-del-greco,Al Del Greco,PHX,GB,3,3,0,1,
1990-11-18,1990,11,REG,1990_11_GB_PHX,nfl-chris-jacke,Chris Jacke,GB,PHX,3,3,1,1,21
1990-11-18,1990,11,REG,1990_11_HOU_CLE,nfl-jerry-kauric,Jerry Kauric,CLE,HOU,2,3,1,1,22
1990-11-18,1990,11,REG,1990_11_HOU_CLE,nfl-teddy-garcia,Teddy Garcia,HOU,CLE,5,5,0,1,
1990-11-18,1990,11,REG,1990_11_LA_KC,nfl-john-carney,John Carney,LA,KC,1,1,1,1,42
1990-11-18,1990,11,REG,1990_11_MIN_SEA,nfl-norm-johnson,Norm Johnson,SEA,MIN,3,3,0,1,
1990-11-18,1990,11,REG,1990_11_NE_BUF,nfl-scott-norwood,Scott Norwood,BUF,NE,2,2,0,1,
1990-11-18,1990,11,REG,1990_11_NO_WAS,nfl-chip-lohmiller,Chip Lohmiller,WAS,NO,4,4,1,1,39
1990-11-18,1990,11,REG,1990_11_NO_WAS,nfl-morten-andersen,Morten Andersen,NO,WAS,2,2,1,1,38
1990-11-18,1990,11,REG,1990_11_NYJ_IND,nfl-dean-biasucci,Dean Biasucci,IND,NYJ,2,2,1,2,38
1990-11-18,1990,11,REG,1990_11_PHI_ATL,nfl-roger-ruzek,Roger Ruzek,PHI,ATL,3,3,1,1,46
1990-11-18,1990,11,REG,1990_11_PIT_CIN,nfl-gary-anderson,Gary Anderson,PIT,CIN,0,0,1,1,31
1990-11-18,1990,11,REG,1990_11_SD_SEA,nfl-fuad-reveiz,Fuad Reveiz,SD,SEA,3,3,1,1,24
1990-11-18,1990,11,REG,1990_11_TB_SF,nfl-mike-cofer,Mike Cofer,SF,TB,4,4,1,1,24
1990-11-18,1990,11,REG,1990_11_TB_SF,nfl-steve-christie,Steve Christie,TB,SF,1,1,0,1,
1990-11-19,1990,11,REG,1990_11_LA_MIA,nfl-pete-stoyanovich,Pete Stoyanovich,MIA,LA,1,1,1,1,26
1990-11-22,1990,12,REG,1990_12_WAS_DAL,nfl-chip-lohmiller,Chip Lohmiller,WAS,DAL,2,2,1,2,25
1990-11-25,1990,12,REG,1990_12_ATL_NO,nfl-greg-davis,Greg Davis,ATL,NO,1,1,0,2,
1990-11-25,1990,12,REG,1990_12_ATL_NO,nfl-morten-andersen,Morten Andersen,NO,ATL,1,1,1,2,20
1990-11-25,1990,12,REG,1990_12_IND_CIN,nfl-jim-breech,Jim Breech,CIN,IND,2,3,0,0,
1990-11-25,1990,12,REG,1990_12_KC_LA,nfl-jeff-jaeger,Jeff Jaeger,LA,KC,3,3,1,2,50
1990-11-25,1990,12,REG,1990_12_LA_SF,nfl-mike-cofer,Mike Cofer,SF,LA,2,2,1,1,42
1990-11-25,1990,12,REG,1990_12_LA_SF,nfl-mike-lansford,Mike Lansford,LA,SF,4,4,0,0,
1990-11-25,1990,12,REG,1990_12_MIA_CLE,nfl-pete-stoyanovich,Pete Stoyanovich,MIA,CLE,3,3,1,2,40
1990-11-25,1990,12,REG,1990_12_NE_PHX,nfl-jason-staurovsky,Jason Staurovsky,NE,PHX,2,2,0,0,
1990-11-25,1990,12,REG,1990_12_NYG_PHI,nfl-matt-bahr,Matt Bahr,NYG,PHI,1,2,0,0,
1990-11-25,1990,12,REG,1990_12_NYG_PHI,nfl-roger-ruzek,Roger Ruzek,PHI,NYG,4,4,1,1,39
1990-11-25,1990,12,REG,1990_12_PIT_NYJ,nfl-gary-anderson,Gary Anderson,PIT,NYJ,3,3,1,1,33
1990-11-25,1990,12,REG,1990_12_PIT_NYJ,nfl-pat-leahy,Pat Leahy,NYJ,PIT,1,1,0,0,
1990-11-25,1990,12,REG,1990_12_SEA_LA,nfl-john-carney,John Carney,LA,SEA,1,1,1,1,20
1990-11-25,1990,12,REG,1990_12_TB_GB,nfl-steve-christie,Steve Christie,TB,GB,1,1,1,1,33
1990-11-26,1990,12,REG,1990_12_BUF_HOU,nfl-scott-norwood,Scott Norwood,BUF,HOU,3,3,1,1,43
1990-12-02,1990,13,REG,1990_13_ATL_TB,nfl-greg-davis,Greg Davis,ATL,TB,2,2,1,1,46
1990-12-02,1990,13,REG,1990_13_CIN_PIT,nfl-jim-breech,Jim Breech,CIN,PIT,2,2,0,2,
1990-12-02,1990,13,REG,1990_13_DET_CHI,nfl-eddie-murray,Eddie Murray,DET,CHI,2,2,1,2,34
1990-12-02,1990,13,REG,1990_13_DET_CHI,nfl-kevin-butler,Kevin Butler,CHI,DET,2,2,1,2,19
1990-12-02,1990,13,REG,1990_13_GB_MIN,nfl-chris-jacke,Chris Jacke,GB,MIN,1,1,0,0,
1990-12-02,1990,13,REG,1990_13_HOU_SEA,nfl-teddy-garcia,Teddy Garcia,HOU,SEA,1,1,1,1,29
1990-12-02,1990,13,REG,1990_13_IND_PHX,nfl-dean-biasucci,Dean Biasucci,IND,PHX,2,2,1,2,49
1990-12-02,1990,13,REG,1990_13_KC_NE,nfl-jason-staurovsky,Jason Staurovsky,NE,KC,1,1,0,0,
1990-12-02,1990,13,REG,1990_13_LA_CLE,nfl-jerry-kauric,Jerry Kauric,CLE,LA,2,3,1,1,27
1990-12-02,1990,13,REG,1990_13_LA_CLE,nfl-mike-lansford,Mike Lansford,LA,CLE,5,5,1,1,30
1990-12-02,1990,13,REG,1990_13_LA_DEN,nfl-jeff-jaeger,Jeff Jaeger,LA,DEN,2,3,1,1,46
1990-12-02,1990,13,REG,1990_13_MIA_WAS,nfl-chip-lohmiller,Chip Lohmiller,WAS,MIA,6,6,0,0,
1990-12-02,1990,13,REG,1990_13_NO_DAL,nfl-ken-willis,Ken Willis,DAL,NO,2,2,1,1,47
1990-12-02,1990,13,REG,1990_13_NYJ_LA,nfl-john-carney,John Carney,LA,NYJ,5,5,1,1,22
1990-12-02,1990,13,REG,1990_13_NYJ_SD,nfl-pat-leahy,Pat Leahy,NYJ,SD,2,2,1,2,38
1990-12-02,1990,13,REG,1990_13_PHI_BUF,nfl-roger-ruzek,Roger Ruzek,PHI,BUF,2,3,1,1,32
1990-12-03,1990,13,REG,1990_13_NYG_SF,nfl-matt-bahr,Matt Bahr,NYG,SF,0,0,1,1,20
1990-12-03,1990,13,REG,1990_13_NYG_SF,nfl-mike-cofer,Mike Cofer,SF,NYG,1,1,0,1,
1990-12-09,1990,14,REG,1990_14_BUF_IND,nfl-dean-biasucci,Dean Biasucci,IND,BUF,1,1,0,0,
1990-12-09,1990,14,REG,1990_14_BUF_IND,nfl-scott-norwood,Scott Norwood,BUF,IND,4,4,1,1,25
1990-12-09,1990,14,REG,1990_14_CHI_WAS,nfl-chip-lohmiller,Chip Lohmiller,WAS,CHI,1,1,1,2,35
1990-12-09,1990,14,REG,1990_14_CLE_HOU,nfl-jerry-kauric,Jerry Kauric,CLE,HOU,2,2,0,0,
1990-12-09,1990,14,REG,1990_14_CLE_HOU,nfl-teddy-garcia,Teddy Garcia,HOU,CLE,7,8,1,1,45
1990-12-09,1990,14,REG,1990_14_DEN_KC,nfl-david-treadwell,David Treadwell,DEN,KC,2,3,0,0,
1990-12-09,1990,14,REG,1990_14_DEN_KC,nfl-nick-lowery,Nick Lowery,KC,DEN,4,4,1,1,33
1990-12-09,1990,14,REG,1990_14_NE_PIT,nfl-gary-anderson,Gary Anderson,PIT,NE,3,3,1,1,42
1990-12-09,1990,14,REG,1990_14_NE_PIT,nfl-jason-staurovsky,Jason Staurovsky,NE,PIT,0,0,1,1,49
1990-12-09,1990,14,REG,1990_14_NO_LA,nfl-morten-andersen,Morten Andersen,NO,LA,3,3,1,1,48
1990-12-09,1990,14,REG,1990_14_PHX_ATL,nfl-al-del-greco,Al Del Greco,PHX,ATL,3,3,1,3,37
1990-12-09,1990,14,REG,1990_14_SEA_GB,nfl-chris-jacke,Chris Jacke,GB,SEA,2,2,0,1,
1990-12-09,1990,14,REG,1990_14_SF_CIN,nfl-jim-breech,Jim Breech,CIN,SF,2,2,1,1,38
1990-12-10,1990,14,REG,1990_14_LA_DET,nfl-eddie-murray,Eddie Murray,DET,LA,4,4,1,1,47
1990-12-10,1990,14,REG,1990_14_LA_DET,nfl-jeff-jaeger,Jeff Jaeger,LA,DET,5,5,1,1,37
1990-12-15,1990,15,REG,1990_15_BUF_NYG,nfl-scott-norwood,Scott Norwood,BUF,NYG,2,2,1,1,29
1990-12-15,1990,15,REG,1990_15_WAS_NE,nfl-jason-staurovsky,Jason Staurovsky,NE,WAS,1,1,1,1,42
1990-12-16,1990,15,REG,1990_15_ATL_CLE,nfl-greg-davis,Greg Davis,ATL,CLE,1,1,1,3,30
1990-12-16,1990,15,REG,1990_15_CHI_DET,nfl-eddie-murray,Eddie Murray,DET,CHI,5,5,1,1,26
1990-12-16,1990,15,REG,1990_15_CHI_DET,nfl-kevin-butler,Kevin Butler,CHI,DET,3,3,0,1,
1990-12-16,1990,15,REG,1990_15_CIN_LA,nfl-jeff-jaeger,Jeff Jaeger,LA,CIN,3,3,1,1,39
1990-12-16,1990,15,REG,1990_15_CIN_LA,nfl-jim-breech,Jim Breech,CIN,LA,1,1,0,0,
1990-12-16,1990,15,REG,1990_15_GB_PHI,nfl-chris-jacke,Chris Jacke,GB,PHI,0,0,0,1,
1990-12-16,1990,15,REG,1990_15_GB_PHI,nfl-roger-ruzek,Roger Ruzek,PHI,GB,4,4,1,3,34
1990-12-16,1990,15,REG,1990_15_HOU_KC,nfl-nick-lowery,Nick Lowery,KC,HOU,1,1,1,1,35
1990-12-16,1990,15,REG,1990_15_IND_NYJ,nfl-pat-leahy,Pat Leahy,NYJ,IND,3,3,0,1,
1990-12-16,1990,15,REG,1990_15_LA_DEN,nfl-john-carney,John Carney,LA,DEN,1,1,1,1,30
1990-12-16,1990,15,REG,1990_15_PHX_DAL,nfl-al-del-greco,Al Del Greco,PHX,DAL,1,1,1,1,38
1990-12-16,1990,15,REG,1990_15_PHX_DAL,nfl-ken-willis,Ken Willis,DAL,PHX,5,5,0,0,
1990-12-16,1990,15,REG,1990_15_SD_TB,nfl-fuad-reveiz,Fuad Reveiz,SD,TB,1,1,0,0,
1990-12-16,1990,15,REG,1990_15_SEA_MIA,nfl-norm-johnson,Norm Johnson,SEA,MIA,2,2,1,3,24
1990-12-16,1990,15,REG,1990_15_SEA_MIA,nfl-pete-stoyanovich,Pete Stoyanovich,MIA,SEA,3,3,1,1,32
1990-12-17,1990,15,REG,1990_15_SF_LA,nfl-mike-lansford,Mike Lansford,LA,SF,1,1,1,1,21
1990-12-22,1990,16,REG,1990_16_DET_GB,nfl-chris-jacke,Chris Jacke,GB,DET,2,2,1,3,25
1990-12-22,1990,16,REG,1990_16_DET_GB,nfl-eddie-murray,Eddie Murray,DET,GB,3,3,1,2,22
1990-12-22,1990,16,REG,1990_16_LA_MIN,nfl-jeff-jaeger,Jeff Jaeger,LA,MIN,4,4,0,2,
1990-12-22,1990,16,REG,1990_16_LA_SD,nfl-fuad-reveiz,Fuad Reveiz,SD,LA,3,3,1,1,28
1990-12-22,1990,16,REG,1990_16_WAS_IND,nfl-dean-biasucci,Dean Biasucci,IND,WAS,5,5,0,0,
1990-12-23,1990,16,REG,1990_16_CLE_PIT,nfl-gary-anderson,Gary Anderson,PIT,CLE,5,5,0,1,
1990-12-23,1990,16,REG,1990_16_DAL_PHI,nfl-ken-willis,Ken Willis,DAL,PHI,0,0,1,1,46
1990-12-23,1990,16,REG,1990_16_DAL_PHI,nfl-roger-ruzek,Roger Ruzek,PHI,DAL,2,2,1,2,29
1990-12-23,1990,16,REG,1990_16_DEN_SEA,nfl-david-treadwell,David Treadwell,DEN,SEA,1,1,1,3,49
1990-12-23,1990,16,REG,1990_16_DEN_SEA,nfl-norm-johnson,Norm Johnson,SEA,DEN,2,2,1,1,21
1990-12-23,1990,16,REG,1990_16_HOU_CIN,nfl-jim-breech,Jim Breech,CIN,HOU,4,6,0,0,
1990-12-23,1990,16,REG,1990_16_KC_LA,nfl-john-carney,John Carney,LA,KC,3,3,0,0,
1990-12-23,1990,16,REG,1990_16_KC_SD,nfl-nick-lowery,Nick Lowery,KC,SD,3,3,1,1,32
1990-12-23,1990,16,REG,1990_16_MIA_BUF,nfl-pete-stoyanovich,Pete Stoyanovich,MIA,BUF,2,2,0,1,
1990-12-23,1990,16,REG,1990_16_MIA_BUF,nfl-scott-norwood,Scott Norwood,BUF,MIA,3,3,1,1,21
1990-12-23,1990,16,REG,1990_16_NE_NYJ,nfl-jason-staurovsky,Jason Staurovsky,NE,NYJ,1,1,0,1,
1990-12-23,1990,16,REG,1990_16_NE_NYJ,nfl-pat-leahy,Pat Leahy,NYJ,NE,6,6,0,0,
1990-12-23,1990,16,REG,1990_16_NO_SF,nfl-mike-cofer,Mike Cofer,SF,NO,1,1,1,2,30
1990-12-23,1990,16,REG,1990_16_NYG_PHX,nfl-al-del-greco,Al Del Greco,PHX,NYG,3,3,0,2,
1990-12-23,1990,16,REG,1990_16_NYG_PHX,nfl-matt-bahr,Matt Bahr,NYG,PHX,3,3,1,2,27
1990-12-23,1990,16,REG,1990_16_TB_CHI,nfl-steve-christie,Steve Christie,TB,CHI,2,2,0,1,
1990-12-29,1990,17,REG,1990_17_KC_CHI,nfl-kevin-butler,Kevin Butler,CHI,KC,1,1,1,1,24
1990-12-29,1990,17,REG,1990_17_PHI_PHX,nfl-al-del-greco,Al Del Greco,PHX,PHI,3,3,0,0,
1990-12-29,1990,17,REG,1990_17_PHI_PHX,nfl-roger-ruzek,Roger Ruzek,PHI,PHX,2,3,1,1,44
1990-12-30,1990,17,REG,1990_17_BUF_WAS,nfl-scott-norwood,Scott Norwood,BUF,WAS,2,2,0,0,
1990-12-30,1990,17,REG,1990_17_CLE_CIN,nfl-jerry-kauric,Jerry Kauric,CLE,CIN,2,2,0,1,
1990-12-30,1990,17,REG,1990_17_CLE_CIN,nfl-jim-breech,Jim Breech,CIN,CLE,3,3,0,0,
1990-12-30,1990,17,REG,1990_17_DAL_ATL,nfl-greg-davis,Greg Davis,ATL,DAL,3,3,1,2,23
1990-12-30,1990,17,REG,1990_17_DAL_ATL,nfl-ken-willis,Ken Willis,DAL,ATL,1,1,0,2,
1990-12-30,1990,17,REG,1990_17_DET_SEA,nfl-eddie-murray,Eddie Murray,DET,SEA,1,1,1,1,24
1990-12-30,1990,17,REG,1990_17_IND_MIA,nfl-dean-biasucci,Dean Biasucci,IND,MIA,2,2,1,2,55
1990-12-30,1990,17,REG,1990_17_IND_MIA,nfl-pete-stoyanovich,Pete Stoyanovich,MIA,IND,3,3,0,1,
1990-12-30,1990,17,REG,1990_17_NYG_NE,nfl-jason-staurovsky,Jason Staurovsky,NE,NYG,1,1,1,2,19
1990-12-30,1990,17,REG,1990_17_NYJ_TB,nfl-steve-christie,Steve Christie,TB,NYJ,2,2,0,0,
1990-12-30,1990,17,REG,1990_17_PIT_HOU,nfl-gary-anderson,Gary Anderson,PIT,HOU,2,2,0,1,
1990-12-30,1990,17,REG,1990_17_SD_LA,nfl-jeff-jaeger,Jeff Jaeger,LA,SD,2,2,1,1,45
1990-12-30,1990,17,REG,1990_17_SF_SD,nfl-fuad-reveiz,Fuad Reveiz,SD,SF,2,2,1,1,34
1990-12-31,1990,17,REG,1990_17_LA_NO,nfl-mike-lansford,Mike Lansford,LA,NO,2,2,1,2,24
1991-09-01,1991,1,REG,1991_01_ATL_KC,nfl-brad-daluiso,Brad Daluiso,ATL,KC,0,0,1,1,20
1991-09-01,1991,1,REG,1991_01_ATL_KC,nfl-nick-lowery,Nick Lowery,KC,ATL,2,2,0,1,
1991-09-01,1991,1,REG,1991_01_CIN_DEN,nfl-david-treadwell,David Treadwell,DEN,CIN,6,6,1,3,19
1991-09-01,1991,1,REG,1991_01_CIN_DEN,nfl-jim-breech,Jim Breech,CIN,DEN,2,2,0,0,
1991-09-01,1991,1,REG,1991_01_DAL_CLE,nfl-matt-stover,Matt Stover,CLE,DAL,2,2,0,1,
1991-09-01,1991,1,REG,1991_01_DET_WAS,nfl-chip-lohmiller,Chip Lohmiller,WAS,DET,6,6,1,1,26
1991-09-01,1991,1,REG,1991_01_LA_HOU,nfl-jeff-jaeger,Jeff Jaeger,LA,HOU,2,2,1,1,39
1991-09-01,1991,1,REG,1991_01_MIA_BUF,nfl-charlie-baumann,Charlie Baumann,MIA,BUF,4,4,1,1,21
1991-09-01,1991,1,REG,1991_01_MIA_BUF,nfl-scott-norwood,Scott Norwood,BUF,MIA,5,5,0,1,
1991-09-01,1991,1,REG,1991_01_MIN_CHI,nfl-kevin-butler,Kevin Butler,CHI,MIN,1,1,1,2,22
1991-09-01,1991,1,REG,1991_01_NE_IND,nfl-dean-biasucci,Dean Biasucci,IND,NE,1,1,0,4,
1991-09-01,1991,1,REG,1991_01_PHI_GB,nfl-chris-jacke,Chris Jacke,GB,PHI,0,0,1,1,21
1991-09-01,1991,1,REG,1991_01_PHX_LA,nfl-greg-davis,Greg Davis,PHX,LA,3,3,1,2,32
1991-09-01,1991,1,REG,1991_01_PHX_LA,nfl-tony-zendejas,Tony Zendejas,LA,PHX,2,2,0,0,
1991-09-01,1991,1,REG,1991_01_SEA_NO,nfl-john-kasay,John Kasay,SEA,NO,3,3,1,2,37
1991-09-02,1991,1,REG,1991_01_SF_NYG,nfl-mike-cofer,Mike Cofer,SF,NYG,2,2,0,0,
1991-09-08,1991,2,REG,1991_02_CHI_TB,nfl-kevin-butler,Kevin Butler,CHI,TB,3,3,0,0,
1991-09-08,1991,2,REG,1991_02_GB_DET,nfl-chris-jacke,Chris Jacke,GB,DET,2,2,0,1,
1991-09-08,1991,2,REG,1991_02_HOU_CIN,nfl-jim-breech,Jim Breech,CIN,HOU,1,1,0,1,
1991-09-08,1991,2,REG,1991_02_IND_MIA,nfl-charlie-baumann,Charlie Baumann,MIA,IND,2,2,1,1,48
1991-09-08,1991,2,REG,1991_02_MIN_ATL,nfl-brad-daluiso,Brad Daluiso,ATL,MIN,2,2,1,2,23
1991-09-08,1991,2,REG,1991_02_MIN_ATL,nfl-fuad-reveiz,Fuad Reveiz,MIN,ATL,2,3,0,0,
1991-09-08,1991,2,REG,1991_02_NO_KC,nfl-morten-andersen,Morten Andersen,NO,KC,2,2,1,1,40
1991-09-08,1991,2,REG,1991_02_NO_KC,nfl-nick-lowery,Nick Lowery,KC,NO,1,1,1,1,23
1991-09-08,1991,2,REG,1991_02_PHX_PHI,nfl-roger-ruzek,Roger Ruzek,PHI,PHX,1,1,1,2,47
1991-09-08,1991,2,REG,1991_02_PIT_BUF,nfl-scott-norwood,Scott Norwood,BUF,PIT,7,7,1,2,50
1991-09-08,1991,2,REG,1991_02_SD_SF,nfl-john-carney,John Carney,SD,SF,2,2,0,0,
1991-09-09,1991,2,REG,1991_02_WAS_DAL,nfl-ken-willis,Ken Willis,DAL,WAS,4,4,1,1,51
1991-09-15,1991,3,REG,1991_03_ATL_SD,nfl-john-carney,John Carney,SD,ATL,1,1,1,4,39
1991-09-15,1991,3,REG,1991_03_IND_LA,nfl-dean-biasucci,Dean Biasucci,IND,LA,0,0,0,2,
1991-09-15,1991,3,REG,1991_03_LA_NO,nfl-morten-andersen,Morten Andersen,NO,LA,3,3,1,1,42
1991-09-15,1991,3,REG,1991_03_LA_NO,nfl-tony-zendejas,Tony Zendejas,LA,NO,1,1,0,0,
1991-09-15,1991,3,REG,1991_03_MIA_DET,nfl-eddie-murray,Eddie Murray,DET,MIA,2,2,1,2,46
1991-09-15,1991,3,REG,1991_03_NYG_CHI,nfl-matt-bahr,Matt Bahr,NYG,CHI,2,2,1,3,35
1991-09-15,1991,3,REG,1991_03_PHI_DAL,nfl-roger-ruzek,Roger Ruzek,PHI,DAL,3,3,1,2,42
1991-09-15,1991,3,REG,1991_03_PHX_WAS,nfl-greg-davis,Greg Davis,PHX,WAS,0,0,0,1,
1991-09-15,1991,3,REG,1991_03_SEA_DEN,nfl-john-kasay,John Kasay,SEA,DEN,1,1,1,1,28
1991-09-15,1991,3,REG,1991_03_SF_MIN,nfl-fuad-reveiz,Fuad Reveiz,MIN,SF,2,2,1,1,31
1991-09-15,1991,3,REG,1991_03_SF_MIN,nfl-mike-cofer,Mike Cofer,SF,MIN,2,2,0,1,
1991-09-16,1991,3,REG,1991_03_KC_HOU,nfl-ian-howfield,Ian Howfield,HOU,KC,2,2,1,2,23
1991-09-16,1991,3,REG,1991_03_KC_HOU,nfl-nick-lowery,Nick Lowery,KC,HOU,1,1,0,0,
1991-09-22,1991,4,REG,1991_04_BUF_TB,nfl-scott-norwood,Scott Norwood,BUF,TB,2,2,1,2,33
1991-09-22,1991,4,REG,1991_04_BUF_TB,nfl-steve-christie,Steve Christie,TB,BUF,1,1,1,2,19
1991-09-22,1991,4,REG,1991_04_CLE_NYG,nfl-matt-stover,Matt Stover,CLE,NYG,1,1,1,1,30
1991-09-22,1991,4,REG,1991_04_DAL_PHX,nfl-ken-willis,Ken Willis,DAL,PHX,2,2,1,4,41
1991-09-22,1991,4,REG,1991_04_DET_IND,nfl-dean-biasucci,Dean Biasucci,IND,DET,3,3,1,1,20
1991-09-22,1991,4,REG,1991_04_DET_IND,nfl-eddie-murray,Eddie Murray,DET,IND,4,4,1,2,19
1991-09-22,1991,4,REG,1991_04_HOU_NE,nfl-jason-staurovsky,Jason Staurovsky,NE,HOU,3,3,1,1,33
1991-09-22,1991,4,REG,1991_04_LA_ATL,nfl-jeff-jaeger,Jeff Jaeger,LA,ATL,2,2,1,1,49
1991-09-22,1991,4,REG,1991_04_LA_ATL,nfl-norm-johnson,Norm Johnson,ATL,LA,3,3,0,1,
1991-09-22,1991,4,REG,1991_04_LA_SF,nfl-tony-zendejas,Tony Zendejas,LA,SF,1,1,1,1,22
1991-09-22,1991,4,REG,1991_04_PIT_PHI,nfl-gary-anderson,Gary Anderson,PIT,PHI,2,2,0,0,
1991-09-29,1991,5,REG,1991_05_CHI_BUF,nfl-scott-norwood,Scott Norwood,BUF,CHI,5,5,0,1,
1991-09-29,1991,5,REG,1991_05_GB_LA,nfl-chris-jacke,Chris Jacke,GB,LA,3,3,0,0,
1991-09-29,1991,5,REG,1991_05_IND_SEA,nfl-dean-biasucci,Dean Biasucci,IND,SEA,0,0,1,1,54
1991-09-29,1991,5,REG,1991_05_IND_SEA,nfl-john-kasay,John Kasay,SEA,IND,4,4,1,1,41
1991-09-29,1991,5,REG,1991_05_KC_SD,nfl-nick-lowery,Nick Lowery,KC,SD,2,2,0,1,
1991-09-29,1991,5,REG,1991_05_NE_PHX,nfl-greg-davis,Greg Davis,PHX,NE,3,3,1,2,47
1991-09-29,1991,5,REG,1991_05_NE_PHX,nfl-jason-staurovsky,Jason Staurovsky,NE,PHX,1,1,1,2,39
1991-09-29,1991,5,REG,1991_05_NO_ATL,nfl-norm-johnson,Norm Johnson,ATL,NO,0,1,0,0,
1991-09-29,1991,5,REG,1991_05_NYG_DAL,nfl-ken-willis,Ken Willis,DAL,NYG,3,3,0,0,
1991-09-29,1991,5,REG,1991_05_TB_DET,nfl-eddie-murray,Eddie Murray,DET,TB,4,4,1,2,38
1991-09-29,1991,5,REG,1991_05_TB_DET,nfl-steve-christie,Steve Christie,TB,DET,0,0,1,1,32
1991-10-06,1991,6,REG,1991_06_DAL_GB,nfl-chris-jacke,Chris Jacke,GB,DAL,2,2,1,1,42
1991-10-06,1991,6,REG,1991_06_DEN_HOU,nfl-david-treadwell,David Treadwell,DEN,HOU,2,2,0,1,
1991-10-06,1991,6,REG,1991_06_DEN_HOU,nfl-ian-howfield,Ian Howfield,HOU,DEN,6,6,0,1,
1991-10-06,1991,6,REG,1991_06_MIA_NE,nfl-jason-staurovsky,Jason Staurovsky,NE,MIA,1,1,1,1,37
1991-10-06,1991,6,REG,1991_06_MIN_DET,nfl-eddie-murray,Eddie Murray,DET,MIN,3,3,1,2,47
1991-10-06,1991,6,REG,1991_06_NYJ_CLE,nfl-matt-stover,Matt Stover,CLE,NYJ,2,2,0,0,
1991-10-06,1991,6,REG,1991_06_NYJ_CLE,nfl-pat-leahy,Pat Leahy,NYJ,CLE,2,2,1,1,28
1991-10-06,1991,6,REG,1991_06_PHI_TB,nfl-steve-christie,Steve Christie,TB,PHI,2,2,0,1,
1991-10-06,1991,6,REG,1991_06_PIT_IND,nfl-dean-biasucci,Dean Biasucci,IND,PIT,0,0,1,2,19
1991-10-06,1991,6,REG,1991_06_PIT_IND,nfl-gary-anderson,Gary Anderson,PIT,IND,3,3,0,0,
1991-10-06,1991,6,REG,1991_06_SD_LA,nfl-john-carney,John Carney,SD,LA,3,3,0,0,
1991-10-06,1991,6,REG,1991_06_SEA_CIN,nfl-jim-breech,Jim Breech,CIN,SEA,1,1,0,0,
1991-10-06,1991,6,REG,1991_06_WAS_CHI,nfl-kevin-butler,Kevin Butler,CHI,WAS,1,1,0,0,
1991-10-13,1991,7,REG,1991_07_ATL_SF,nfl-mike-cofer,Mike Cofer,SF,ATL,4,5,0,0,
1991-10-13,1991,7,REG,1991_07_CIN_DAL,nfl-ken-willis,Ken Willis,DAL,CIN,5,5,0,0,
1991-10-13,1991,7,REG,1991_07_CLE_WAS,nfl-chip-lohmiller,Chip Lohmiller,WAS,CLE,6,6,0,1,
1991-10-13,1991,7,REG,1991_07_CLE_WAS,nfl-matt-stover,Matt Stover,CLE,WAS,2,2,1,1,26
1991-10-13,1991,7,REG,1991_07_HOU_NYJ,nfl-ian-howfield,Ian Howfield,HOU,NYJ,2,3,1,1,23
1991-10-13,1991,7,REG,1991_07_IND_BUF,nfl-scott-norwood,Scott Norwood,BUF,IND,6,6,0,0,
1991-10-13,1991,7,REG,1991_07_MIA_KC,nfl-nick-lowery,Nick Lowery,KC,MIA,6,6,0,0,
1991-10-13,1991,7,REG,1991_07_MIA_KC,nfl-pete-stoyanovich,Pete Stoyanovich,MIA,KC,1,1,0,0,
1991-10-13,1991,7,REG,1991_07_PHX_MIN,nfl-fuad-reveiz,Fuad Reveiz,MIN,PHX,4,4,0,0,
1991-10-13,1991,7,REG,1991_07_PHX_MIN,nfl-greg-davis,Greg Davis,PHX,MIN,1,1,0,1,
1991-10-13,1991,7,REG,1991_07_SD_LA,nfl-john-carney,John Carney,SD,LA,3,3,1,1,27
1991-10-13,1991,7,REG,1991_07_SD_LA,nfl-tony-zendejas,Tony Zendejas,LA,SD,4,4,0,0,
1991-10-17,1991,8,REG,1991_08_CHI_GB,nfl-kevin-butler,Kevin Butler,CHI,GB,1,1,1,2,22
1991-10-20,1991,8,REG,1991_08_ATL_PHX,nfl-norm-johnson,Norm Johnson,ATL,PHX,1,1,1,1,29
1991-10-20,1991,8,REG,1991_08_CLE_SD,nfl-john-carney,John Carney,SD,CLE,3,3,1,2,27
1991-10-20,1991,8,REG,1991_08_CLE_SD,nfl-matt-stover,Matt Stover,CLE,SD,3,3,1,1,30
1991-10-20,1991,8,REG,1991_08_DET_SF,nfl-eddie-murray,Eddie Murray,DET,SF,0,0,1,1,37
1991-10-20,1991,8,REG,1991_08_DET_SF,nfl-mike-cofer,Mike Cofer,SF,DET,5,5,0,1,
1991-10-20,1991,8,REG,1991_08_HOU_MIA,nfl-ian-howfield,Ian Howfield,HOU,MIA,2,2,1,2,26
1991-10-20,1991,8,REG,1991_08_LA_LA,nfl-tony-zendejas,Tony Zendejas,LA,LA,2,2,1,1,37
1991-10-20,1991,8,REG,1991_08_NYJ_IND,nfl-pat-leahy,Pat Leahy,NYJ,IND,2,2,1,1,19
1991-10-20,1991,8,REG,1991_08_SEA_PIT,nfl-gary-anderson,Gary Anderson,PIT,SEA,1,1,0,0,
1991-10-20,1991,8,REG,1991_08_TB_NO,nfl-steve-christie,Steve Christie,TB,NO,1,1,0,0,
1991-10-21,1991,8,REG,1991_08_CIN_BUF,nfl-scott-norwood,Scott Norwood,BUF,CIN,5,5,0,0,
1991-10-27,1991,9,REG,1991_09_CHI_NO,nfl-morten-andersen,Morten Andersen,NO,CHI,2,2,1,1,60
1991-10-27,1991,9,REG,1991_09_CIN_HOU,nfl-ian-howfield,Ian Howfield,HOU,CIN,2,4,1,2,33
1991-10-27,1991,9,REG,1991_09_CIN_HOU,nfl-jim-breech,Jim Breech,CIN,HOU,0,0,1,2,20
1991-10-27,1991,9,REG,1991_09_DAL_DET,nfl-ken-willis,Ken Willis,DAL,DET,1,1,1,2,35
1991-10-27,1991,9,REG,1991_09_LA_ATL,nfl-norm-johnson,Norm Johnson,ATL,LA,4,4,1,1,44
1991-10-27,1991,9,REG,1991_09_LA_ATL,nfl-tony-zendejas,Tony Zendejas,LA,ATL,2,2,0,0,
1991-10-27,1991,9,REG,1991_09_MIN_PHX,nfl-fuad-reveiz,Fuad Reveiz,MIN,PHX,4,4,0,0,
1991-10-27,1991,9,REG,1991_09_PIT_CLE,nfl-gary-anderson,Gary Anderson,PIT,CLE,2,2,0,2,
1991-10-27,1991,9,REG,1991_09_PIT_CLE,nfl-matt-stover,Matt Stover,CLE,PIT,2,2,1,1,34
1991-10-27,1991,9,REG,1991_09_SF_PHI,nfl-roger-ruzek,Roger Ruzek,PHI,SF,1,1,0,1,
1991-10-27,1991,9,REG,1991_09_WAS_NYG,nfl-chip-lohmiller,Chip Lohmiller,WAS,NYG,2,2,1,1,35
1991-10-28,1991,9,REG,1991_09_LA_KC,nfl-nick-lowery,Nick Lowery,KC,LA,3,3,1,1,33
1991-11-03,1991,10,REG,1991_10_CLE_CIN,nfl-matt-stover,Matt Stover,CLE,CIN,3,3,0,2,
1991-11-03,1991,10,REG,1991_10_DET_CHI,nfl-eddie-murray,Eddie Murray,DET,CHI,1,1,1,1,31
1991-11-03,1991,10,REG,1991_10_MIA_IND,nfl-pete-stoyanovich,Pete Stoyanovich,MIA,IND,1,1,1,3,35
1991-11-03,1991,10,REG,1991_10_NE_BUF,nfl-jason-staurovsky,Jason Staurovsky,NE,BUF,2,2,1,3,36
1991-11-03,1991,10,REG,1991_10_NO_LA,nfl-morten-andersen,Morten Andersen,NO,LA,3,3,1,2,45
1991-11-03,1991,10,REG,1991_10_NO_LA,nfl-tony-zendejas,Tony Zendejas,LA,NO,2,2,1,1,31
1991-11-03,1991,10,REG,1991_10_PHX_DAL,nfl-greg-davis,Greg Davis,PHX,DAL,1,1,0,0,
1991-11-03,1991,10,REG,1991_10_SF_ATL,nfl-mike-cofer,Mike Cofer,SF,ATL,2,2,0,4,
1991-11-03,1991,10,REG,1991_10_SF_ATL,nfl-norm-johnson,Norm Johnson,ATL,SF,2,2,1,1,29
1991-11-03,1991,10,REG,1991_10_TB_MIN,nfl-fuad-reveiz,Fuad Reveiz,MIN,TB,4,4,0,2,
1991-11-04,1991,10,REG,1991_10_NYG_PHI,nfl-raul-allegre,Raul Allegre,NYG,PHI,1,1,0,0,
1991-11-10,1991,11,REG,1991_11_ATL_WAS,nfl-chip-lohmiller,Chip Lohmiller,WAS,ATL,8,8,0,1,
1991-11-10,1991,11,REG,1991_11_ATL_WAS,nfl-norm-johnson,Norm Johnson,ATL,WAS,2,2,1,1,31
1991-11-10,1991,11,REG,1991_11_BUF_GB,nfl-chris-jacke,Chris Jacke,GB,BUF,3,3,1,1,25
1991-11-10,1991,11,REG,1991_11_DET_TB,nfl-eddie-murray,Eddie Murray,DET,TB,3,3,0,0,
1991-11-10,1991,11,REG,1991_11_IND_NYJ,nfl-dean-biasucci,Dean Biasucci,IND,NYJ,4,4,0,0,
1991-11-10,1991,11,REG,1991_11_KC_LA,nfl-tony-zendejas,Tony Zendejas,LA,KC,2,3,0,0,
1991-11-10,1991,11,REG,1991_11_LA_DEN,nfl-david-treadwell,David Treadwell,DEN,LA,1,2,1,2,19
1991-11-10,1991,11,REG,1991_11_LA_DEN,nfl-jeff-jaeger,Jeff Jaeger,LA,DEN,2,2,1,2,20
1991-11-10,1991,11,REG,1991_11_NYG_PHX,nfl-greg-davis,Greg Davis,PHX,NYG,2,2,0,0,
1991-11-10,1991,11,REG,1991_11_NYG_PHX,nfl-raul-allegre,Raul Allegre,NYG,PHX,3,3,0,0,
1991-11-10,1991,11,REG,1991_11_PHI_CLE,nfl-matt-stover,Matt Stover,CLE,PHI,3,4,1,1,50
1991-11-10,1991,11,REG,1991_11_SEA_SD,nfl-john-carney,John Carney,SD,SEA,2,2,1,1,54
1991-11-10,1991,11,REG,1991_11_SEA_SD,nfl-john-kasay,John Kasay,SEA,SD,2,2,0,0,
1991-11-10,1991,11,REG,1991_11_SF_NO,nfl-mike-cofer,Mike Cofer,SF,NO,0,0,1,2,32
1991-11-10,1991,11,REG,1991_11_SF_NO,nfl-morten-andersen,Morten Andersen,NO,SF,1,1,1,1,21
1991-11-11,1991,11,REG,1991_11_CHI_MIN,nfl-fuad-reveiz,Fuad Reveiz,MIN,CHI,2,2,1,1,20
1991-11-17,1991,12,REG,1991_12_CHI_IND,nfl-dean-biasucci,Dean Biasucci,IND,CHI,2,2,1,1,47
1991-11-17,1991,12,REG,1991_12_CHI_IND,nfl-kevin-butler,Kevin Butler,CHI,IND,4,4,1,1,21
1991-11-17,1991,12,REG,1991_12_CIN_PHI,nfl-jim-breech,Jim Breech,CIN,PHI,1,1,1,1,38
1991-11-17,1991,12,REG,1991_12_CIN_PHI,nfl-roger-ruzek,Roger Ruzek,PHI,CIN,2,2,1,2,37
1991-11-17,1991,12,REG,1991_12_CLE_HOU,nfl-al-del-greco,Al Del Greco,HOU,CLE,4,4,0,1,
1991-11-17,1991,12,REG,1991_12_CLE_HOU,nfl-matt-stover,Matt Stover,CLE,HOU,3,3,1,1,55
1991-11-17,1991,12,REG,1991_12_DEN_KC,nfl-david-treadwell,David Treadwell,DEN,KC,3,3,1,2,37
1991-11-17,1991,12,REG,1991_12_LA_DET,nfl-eddie-murray,Eddie Murray,DET,LA,3,3,0,0,
1991-11-17,1991,12,REG,1991_12_LA_DET,nfl-tony-zendejas,Tony Zendejas,LA,DET,1,1,1,1,27
1991-11-17,1991,12,REG,1991_12_MIN_GB,nfl-chris-jacke,Chris Jacke,GB,MIN,3,3,0,0,
1991-11-17,1991,12,REG,1991_12_MIN_GB,nfl-fuad-reveiz,Fuad Reveiz,MIN,GB,5,5,0,1,
1991-11-17,1991,12,REG,1991_12_NO_SD,nfl-john-carney,John Carney,SD,NO,3,3,1,1,19
1991-11-17,1991,12,REG,1991_12_NO_SD,nfl-morten-andersen,Morten Andersen,NO,SD,3,3,0,1,
1991-11-17,1991,12,REG,1991_12_NYJ_MIA,nfl-charlie-baumann,Charlie Baumann,MIA,NYJ,3,3,0,1,
1991-11-17,1991,12,REG,1991_12_NYJ_NE,nfl-pat-leahy,Pat Leahy,NYJ,NE,4,4,0,0,
1991-11-17,1991,12,REG,1991_12_PHX_SF,nfl-greg-davis,Greg Davis,PHX,SF,1,1,1,1,35
1991-11-17,1991,12,REG,1991_12_PHX_SF,nfl-mike-cofer,Mike Cofer,SF,PHX,2,2,0,1,
1991-11-17,1991,12,REG,1991_12_SEA_LA,nfl-jeff-jaeger,Jeff Jaeger,LA,SEA,4,4,1,1,51
1991-11-17,1991,12,REG,1991_12_SEA_LA,nfl-john-kasay,John Kasay,SEA,LA,1,1,0,0,
1991-11-17,1991,12,REG,1991_12_TB_ATL,nfl-steve-christie,Steve Christie,TB,ATL,1,1,0,0,
1991-11-17,1991,12,REG,1991_12_WAS_PIT,nfl-gary-anderson,Gary Anderson,PIT,WAS,2,2,0,0,
1991-11-24,1991,13,REG,1991_13_BUF_MIA,nfl-charlie-baumann,Charlie Baumann,MIA,BUF,1,2,1,3,46
1991-11-24,1991,13,REG,1991_13_DAL_WAS,nfl-chip-lohmiller,Chip Lohmiller,WAS,DAL,3,3,0,0,
1991-11-24,1991,13,REG,1991_13_DAL_WAS,nfl-ken-willis,Ken Willis,DAL,WAS,3,3,1,3,42
1991-11-24,1991,13,REG,1991_13_DEN_SEA,nfl-david-treadwell,David Treadwell,DEN,SEA,1,1,1,2,23
1991-11-24,1991,13,REG,1991_13_DET_MIN,nfl-fuad-reveiz,Fuad Reveiz,MIN,DET,2,2,0,0,
1991-11-24,1991,13,REG,1991_13_HOU_PIT,nfl-al-del-greco,Al Del Greco,HOU,PIT,2,2,0,0,
1991-11-24,1991,13,REG,1991_13_IND_GB,nfl-chris-jacke,Chris Jacke,GB,IND,2,2,0,0,
1991-11-24,1991,13,REG,1991_13_IND_GB,nfl-dean-biasucci,Dean Biasucci,IND,GB,1,1,1,2,35
1991-11-24,1991,13,REG,1991_13_LA_CIN,nfl-jeff-jaeger,Jeff Jaeger,LA,CIN,5,5,1,1,29
1991-11-24,1991,13,REG,1991_13_LA_CIN,nfl-jim-breech,Jim Breech,CIN,LA,2,2,0,0,
1991-11-24,1991,13,REG,1991_13_NYG_TB,nfl-matt-bahr,Matt Bahr,NYG,TB,3,3,0,0,
1991-11-24,1991,13,REG,1991_13_NYG_TB,nfl-steve-christie,Steve Christie,TB,NYG,2,2,0,0,
1991-11-24,1991,13,REG,1991_13_PHI_PHX,nfl-greg-davis,Greg Davis,PHX,PHI,2,2,0,1,
1991-11-24,1991,13,REG,1991_13_PHI_PHX,nfl-roger-ruzek,Roger Ruzek,PHI,PHX,4,5,0,0,
1991-11-24,1991,13,REG,1991_13_SD_NYJ,nfl-john-carney,John Carney,SD,NYJ,0,0,1,2,53
1991-11-24,1991,13,REG,1991_13_SD_NYJ,nfl-pat-leahy,Pat Leahy,NYJ,SD,3,3,1,1,28
1991-11-25,1991,13,REG,1991_13_SF_LA,nfl-mike-cofer,Mike Cofer,SF,LA,4,4,1,2,39
1991-11-25,1991,13,REG,1991_13_SF_LA,nfl-tony-zendejas,Tony Zendejas,LA,SF,1,1,1,1,37
1991-11-28,1991,14,REG,1991_14_PIT_DAL,nfl-gary-anderson,Gary Anderson,PIT,DAL,1,1,1,2,42
1991-12-01,1991,14,REG,1991_14_CLE_IND,nfl-matt-stover,Matt Stover,CLE,IND,4,4,1,2,41
1991-12-01,1991,14,REG,1991_14_GB_ATL,nfl-chris-jacke,Chris Jacke,GB,ATL,4,4,1,1,27
1991-12-01,1991,14,REG,1991_14_GB_ATL,nfl-norm-johnson,Norm Johnson,ATL,GB,5,5,0,0,
1991-12-01,1991,14,REG,1991_14_LA_SD,nfl-john-carney,John Carney,SD,LA,1,1,0,1,
1991-12-01,1991,14,REG,1991_14_MIA_DEN,nfl-charlie-baumann,Charlie Baumann,MIA,DEN,0,0,1,1,23
1991-12-01,1991,14,REG,1991_14_NO_SF,nfl-mike-cofer,Mike Cofer,SF,NO,5,5,1,1,42
1991-12-01,1991,14,REG,1991_14_NO_SF,nfl-morten-andersen,Morten Andersen,NO,SF,3,3,1,1,52
1991-12-01,1991,14,REG,1991_14_NYG_CIN,nfl-matt-bahr,Matt Bahr,NYG,CIN,3,3,1,1,37
1991-12-01,1991,14,REG,1991_14_NYJ_BUF,nfl-scott-norwood,Scott Norwood,BUF,NYJ,3,3,1,1,31
1991-12-01,1991,14,REG,1991_14_TB_MIA,nfl-steve-christie,Steve Christie,TB,MIA,2,2,0,0,
1991-12-08,1991,15,REG,1991_15_ATL_LA,nfl-norm-johnson,Norm Johnson,ATL,LA,4,4,1,1,21
1991-12-08,1991,15,REG,1991_15_ATL_LA,nfl-tony-zendejas,Tony Zendejas,LA,ATL,2,2,0,0,
1991-12-08,1991,15,REG,1991_15_BUF_LA,nfl-scott-norwood,Scott Norwood,BUF,LA,3,4,1,4,42
1991-12-08,1991,15,REG,1991_15_DEN_CLE,nfl-david-treadwell,David Treadwell,DEN,CLE,2,2,1,1,37
1991-12-08,1991,15,REG,1991_15_DEN_CLE,nfl-matt-stover,Matt Stover,CLE,DEN,1,1,0,0,
1991-12-08,1991,15,REG,1991_15_GB_CHI,nfl-kevin-butler,Kevin Butler,CHI,GB,3,4,0,0,
1991-12-08,1991,15,REG,1991_15_IND_MIA,nfl-charlie-baumann,Charlie Baumann,MIA,IND,2,2,1,1,24
1991-12-08,1991,15,REG,1991_15_IND_NE,nfl-dean-biasucci,Dean Biasucci,IND,NE,2,2,1,2,40
1991-12-08,1991,15,REG,1991_15_MIN_TB,nfl-steve-christie,Steve Christie,TB,MIN,3,3,1,1,40
1991-12-08,1991,15,REG,1991_15_NO_DAL,nfl-morten-andersen,Morten Andersen,NO,DAL,2,2,0,1,
1991-12-08,1991,15,REG,1991_15_PHI_NYG,nfl-matt-bahr,Matt Bahr,NYG,PHI,2,2,0,2,
1991-12-08,1991,15,REG,1991_15_PIT_HOU,nfl-al-del-greco,Al Del Greco,HOU,PIT,4,4,1,2,24
1991-12-08,1991,15,REG,1991_15_SD_KC,nfl-john-carney,John Carney,SD,KC,2,2,1,2,27
1991-12-08,1991,15,REG,1991_15_SF_SEA,nfl-mike-cofer,Mike Cofer,SF,SEA,3,3,1,1,50
1991-12-08,1991,15,REG,1991_15_WAS_PHX,nfl-greg-davis,Greg Davis,PHX,WAS,2,2,0,0,
1991-12-14,1991,16,REG,1991_16_KC_SF,nfl-mike-cofer,Mike Cofer,SF,KC,4,4,0,2,
1991-12-14,1991,16,REG,1991_16_KC_SF,nfl-nick-lowery,Nick Lowery,KC,SF,2,2,0,0,
1991-12-14,1991,16,REG,1991_16_TB_CHI,nfl-kevin-butler,Kevin Butler,CHI,TB,3,4,0,1,
1991-12-15,1991,16,REG,1991_16_BUF_IND,nfl-dean-biasucci,Dean Biasucci,IND,BUF,1,1,0,0,
1991-12-15,1991,16,REG,1991_16_BUF_IND,nfl-scott-norwood,Scott Norwood,BUF,IND,5,5,0,0,
1991-12-15,1991,16,REG,1991_16_CIN_PIT,nfl-gary-anderson,Gary Anderson,PIT,CIN,2,2,1,2,47
1991-12-15,1991,16,REG,1991_16_CIN_PIT,nfl-jim-breech,Jim Breech,CIN,PIT,1,1,1,4,39
1991-12-15,1991,16,REG,1991_16_DET_GB,nfl-chris-jacke,Chris Jacke,GB,DET,2,2,1,1,23
1991-12-15,1991,16,REG,1991_16_DET_GB,nfl-eddie-murray,Eddie Murray,DET,GB,3,3,0,0,
1991-12-15,1991,16,REG,1991_16_HOU_CLE,nfl-al-del-greco,Al Del Greco,HOU,CLE,2,2,1,1,27
1991-12-15,1991,16,REG,1991_16_HOU_CLE,nfl-matt-stover,Matt Stover,CLE,HOU,2,2,0,1,
1991-12-15,1991,16,REG,1991_16_LA_MIN,nfl-tony-zendejas,Tony Zendejas,LA,MIN,2,2,0,0,
1991-12-15,1991,16,REG,1991_16_MIA_SD,nfl-john-carney,John Carney,SD,MIA,5,5,1,1,35
1991-12-15,1991,16,REG,1991_16_MIA_SD,nfl-pete-stoyanovich,Pete Stoyanovich,MIA,SD,3,4,1,1,34
1991-12-15,1991,16,REG,1991_16_NE_NYJ,nfl-pat-leahy,Pat Leahy,NYJ,NE,0,0,0,1,
1991-12-15,1991,16,REG,1991_16_NYG_WAS,nfl-matt-bahr,Matt Bahr,NYG,WAS,2,2,1,1,36
1991-12-15,1991,16,REG,1991_16_PHX_DEN,nfl-david-treadwell,David Treadwell,DEN,PHX,3,3,1,1,18
1991-12-15,1991,16,REG,1991_16_SEA_ATL,nfl-norm-johnson,Norm Johnson,ATL,SEA,3,3,1,1,42
1991-12-16,1991,16,REG,1991_16_LA_NO,nfl-jeff-jaeger,Jeff Jaeger,LA,NO,0,0,0,1,
1991-12-21,1991,17,REG,1991_17_GB_MIN,nfl-fuad-reveiz,Fuad Reveiz,MIN,GB,1,1,0,2,
1991-12-21,1991,17,REG,1991_17_HOU_NYG,nfl-matt-bahr,Matt Bahr,NYG,HOU,3,3,1,2,54
1991-12-22,1991,17,REG,1991_17_ATL_DAL,nfl-ken-willis,Ken Willis,DAL,ATL,4,4,1,2,20
1991-12-22,1991,17,REG,1991_17_CLE_PIT,nfl-gary-anderson,Gary Anderson,PIT,CLE,2,2,1,4,34
1991-12-22,1991,17,REG,1991_17_CLE_PIT,nfl-matt-stover,Matt Stover,CLE,PIT,1,1,1,2,19
1991-12-22,1991,17,REG,1991_17_DEN_SD,nfl-david-treadwell,David Treadwell,DEN,SD,2,2,1,2,42
1991-12-22,1991,17,REG,1991_17_DEN_SD,nfl-john-carney,John Carney,SD,DEN,2,2,0,0,
1991-12-22,1991,17,REG,1991_17_DET_BUF,nfl-eddie-murray,Eddie Murray,DET,BUF,2,2,1,2,21
1991-12-22,1991,17,REG,1991_17_DET_BUF,nfl-scott-norwood,Scott Norwood,BUF,DET,2,2,0,2,
1991-12-22,1991,17,REG,1991_17_IND_TB,nfl-dean-biasucci,Dean Biasucci,IND,TB,0,0,1,1,39
1991-12-22,1991,17,REG,1991_17_IND_TB,nfl-steve-christie,Steve Christie,TB,IND,2,2,1,1,28
1991-12-22,1991,17,REG,1991_17_KC_LA,nfl-jeff-jaeger,Jeff Jaeger,LA,KC,3,3,0,0,
1991-12-22,1991,17,REG,1991_17_LA_SEA,nfl-john-kasay,John Kasay,SEA,LA,2,3,1,1,35
1991-12-22,1991,17,REG,1991_17_MIA_CIN,nfl-charlie-baumann,Charlie Baumann,MIA,CIN,1,1,0,0,
1991-12-22,1991,17,REG,1991_17_NO_PHX,nfl-greg-davis,Greg Davis,PHX,NO,0,0,1,1,38
1991-12-22,1991,17,REG,1991_17_WAS_PHI,nfl-roger-ruzek,Roger Ruzek,PHI,WAS,3,3,1,1,38
1991-12-23,1991,17,REG,1991_17_CHI_SF,nfl-kevin-butler,Kevin Butler,CHI,SF,2,2,0,0,
1991-12-23,1991,17,REG,1991_17_CHI_SF,nfl-mike-cofer,Mike Cofer,SF,CHI,7,7,1,1,41
1992-09-06,1992,1,REG,1992_01_CIN_SEA,nfl-jim-breech,Jim Breech,CIN,SEA,3,3,0,2,
1992-09-06,1992,1,REG,1992_01_CIN_SEA,nfl-john-kasay,John Kasay,SEA,CIN,0,0,1,1,40
1992-09-06,1992,1,REG,1992_01_CLE_IND,nfl-dean-biasucci,Dean Biasucci,IND,CLE,2,2,0,0,
1992-09-06,1992,1,REG,1992_01_CLE_IND,nfl-matt-stover,Matt Stover,CLE,IND,0,0,1,2,20
1992-09-06,1992,1,REG,1992_01_DET_CHI,nfl-jason-hanson-2,Jason Hanson,DET,CHI,3,3,1,1,38
1992-09-06,1992,1,REG,1992_01_KC_SD,nfl-john-carney,John Carney,SD,KC,1,1,1,1,45
1992-09-06,1992,1,REG,1992_01_KC_SD,nfl-nick-lowery,Nick Lowery,KC,SD,3,3,1,1,21
1992-09-06,1992,1,REG,1992_01_LA_BUF,nfl-tony-zendejas,Tony Zendejas,LA,BUF,1,1,0,0,
1992-09-06,1992,1,REG,1992_01_LA_DEN,nfl-brad-daluiso,Brad Daluiso,DEN,LA,0,0,0,1,
1992-09-06,1992,1,REG,1992_01_LA_DEN,nfl-david-treadwell,David Treadwell,DEN,LA,2,2,1,1,39
1992-09-06,1992,1,REG,1992_01_NO_PHI,nfl-roger-ruzek,Roger Ruzek,PHI,NO,0,2,1,1,18
1992-09-06,1992,1,REG,1992_01_NYJ_ATL,nfl-jason-staurovsky,Jason Staurovsky,NYJ,ATL,2,2,1,3,43
1992-09-06,1992,1,REG,1992_01_PHX_TB,nfl-greg-davis,Greg Davis,PHX,TB,1,1,0,0,
1992-09-06,1992,1,REG,1992_01_PIT_HOU,nfl-al-del-greco,Al Del Greco,HOU,PIT,3,3,1,1,36
1992-09-06,1992,1,REG,1992_01_SF_NYG,nfl-matt-bahr,Matt Bahr,NYG,SF,2,2,0,0,
1992-09-06,1992,1,REG,1992_01_SF_NYG,nfl-mike-cofer,Mike Cofer,SF,NYG,4,4,1,2,36
1992-09-07,1992,1,REG,1992_01_WAS_DAL,nfl-chip-lohmiller,Chip Lohmiller,WAS,DAL,1,1,1,1,49
1992-09-07,1992,1,REG,1992_01_WAS_DAL,nfl-lin-elliott,Lin Elliott,DAL,WAS,3,3,0,1,
1992-09-13,1992,2,REG,1992_02_ATL_WAS,nfl-chip-lohmiller,Chip Lohmiller,WAS,ATL,3,3,1,3,41
1992-09-13,1992,2,REG,1992_02_ATL_WAS,nfl-norm-johnson,Norm Johnson,ATL,WAS,2,2,1,1,24
1992-09-13,1992,2,REG,1992_02_BUF_SF,nfl-mike-cofer,Mike Cofer,SF,BUF,4,4,1,3,24
1992-09-13,1992,2,REG,1992_02_CHI_NO,nfl-morten-andersen,Morten Andersen,NO,CHI,4,4,0,1,
1992-09-13,1992,2,REG,1992_02_DAL_NYG,nfl-matt-bahr,Matt Bahr,NYG,DAL,4,4,0,0,
1992-09-13,1992,2,REG,1992_02_GB_TB,nfl-chris-jacke,Chris Jacke,GB,TB,0,0,1,1,33
1992-09-13,1992,2,REG,1992_02_GB_TB,nfl-ken-willis,Ken Willis,TB,GB,4,4,1,1,22
1992-09-13,1992,2,REG,1992_02_HOU_IND,nfl-dean-biasucci,Dean Biasucci,IND,HOU,1,1,1,1,37
1992-09-13,1992,2,REG,1992_02_LA_CIN,nfl-jeff-jaeger,Jeff Jaeger,LA,CIN,3,3,0,3,
1992-09-13,1992,2,REG,1992_02_LA_CIN,nfl-jim-breech,Jim Breech,CIN,LA,3,3,1,1,34
1992-09-13,1992,2,REG,1992_02_MIN_DET,nfl-fuad-reveiz,Fuad Reveiz,MIN,DET,2,2,1,3,52
1992-09-13,1992,2,REG,1992_02_MIN_DET,nfl-jason-hanson-2,Jason Hanson,DET,MIN,4,4,1,2,35
1992-09-13,1992,2,REG,1992_02_NE_LA,nfl-charlie-baumann,Charlie Baumann,NE,LA,0,0,0,1,
1992-09-13,1992,2,REG,1992_02_NE_LA,nfl-tony-zendejas,Tony Zendejas,LA,NE,2,2,0,3,
1992-09-13,1992,2,REG,1992_02_NYJ_PIT,nfl-jason-staurovsky,Jason Staurovsky,NYJ,PIT,1,1,1,3,32
1992-09-13,1992,2,REG,1992_02_PHI_PHX,nfl-greg-davis,Greg Davis,PHX,PHI,2,2,0,1,
1992-09-13,1992,2,REG,1992_02_PHI_PHX,nfl-roger-ruzek,Roger Ruzek,PHI,PHX,4,4,1,1,33
1992-09-13,1992,2,REG,1992_02_SD_DEN,nfl-david-treadwell,David Treadwell,DEN,SD,3,3,0,0,
1992-09-13,1992,2,REG,1992_02_SEA_KC,nfl-john-kasay,John Kasay,SEA,KC,1,1,0,0,
1992-09-14,1992,2,REG,1992_02_MIA_CLE,nfl-matt-stover,Matt Stover,CLE,MIA,2,3,1,1,28
1992-09-20,1992,3,REG,1992_03_CIN_GB,nfl-chris-jacke,Chris Jacke,GB,CIN,3,3,1,3,37
1992-09-20,1992,3,REG,1992_03_CLE_LA,nfl-matt-stover,Matt Stover,CLE,LA,4,4,0,1,
1992-09-20,1992,3,REG,1992_03_DEN_PHI,nfl-david-treadwell,David Treadwell,DEN,PHI,0,0,0,2,
1992-09-20,1992,3,REG,1992_03_DET_WAS,nfl-jason-hanson-2,Jason Hanson,DET,WAS,1,1,1,3,52
1992-09-20,1992,3,REG,1992_03_IND_BUF,nfl-dean-biasucci,Dean Biasucci,IND,BUF,0,0,0,1,
1992-09-20,1992,3,REG,1992_03_IND_BUF,nfl-steve-christie,Steve Christie,BUF,IND,5,5,1,2,52
1992-09-20,1992,3,REG,1992_03_LA_MIA,nfl-tony-zendejas,Tony Zendejas,LA,MIA,1,1,1,1,31
1992-09-20,1992,3,REG,1992_03_NO_ATL,nfl-morten-andersen,Morten Andersen,NO,ATL,1,1,1,1,47
1992-09-20,1992,3,REG,1992_03_NO_ATL,nfl-norm-johnson,Norm Johnson,ATL,NO,1,1,0,1,
1992-09-20,1992,3,REG,1992_03_PHX_DAL,nfl-lin-elliott,Lin Elliott,DAL,PHX,4,4,1,2,29
1992-09-20,1992,3,REG,1992_03_PIT_SD,nfl-gary-anderson,Gary Anderson,PIT,SD,2,3,1,1,42
1992-09-20,1992,3,REG,1992_03_SEA_NE,nfl-charlie-baumann,Charlie Baumann,NE,SEA,0,1,0,0,
1992-09-20,1992,3,REG,1992_03_SEA_NE,nfl-john-kasay,John Kasay,SEA,NE,1,1,1,2,25
1992-09-20,1992,3,REG,1992_03_SF_NYJ,nfl-jason-staurovsky,Jason Staurovsky,NYJ,SF,2,2,0,0,
1992-09-20,1992,3,REG,1992_03_SF_NYJ,nfl-mike-cofer,Mike Cofer,SF,NYJ,4,4,1,2,45
1992-09-20,1992,3,REG,1992_03_TB_MIN,nfl-fuad-reveiz,Fuad Reveiz,MIN,TB,3,3,1,1,36
1992-09-21,1992,3,REG,1992_03_NYG_CHI,nfl-kevin-butler,Kevin Butler,CHI,NYG,2,2,0,0,
1992-09-27,1992,4,REG,1992_04_ATL_CHI,nfl-norm-johnson,Norm Johnson,ATL,CHI,4,4,1,1,46
1992-09-27,1992,4,REG,1992_04_BUF_NE,nfl-charlie-baumann,Charlie Baumann,NE,BUF,1,1,0,0,
1992-09-27,1992,4,REG,1992_04_MIA_SEA,nfl-john-kasay,John Kasay,SEA,MIA,2,2,1,1,35
1992-09-27,1992,4,REG,1992_04_MIN_CIN,nfl-fuad-reveiz,Fuad Reveiz,MIN,CIN,6,6,0,0,
1992-09-27,1992,4,REG,1992_04_MIN_CIN,nfl-jim-breech,Jim Breech,CIN,MIN,1,1,0,0,
1992-09-27,1992,4,REG,1992_04_NYJ_LA,nfl-jason-staurovsky,Jason Staurovsky,NYJ,LA,1,1,1,2,19
1992-09-27,1992,4,REG,1992_04_PIT_GB,nfl-chris-jacke,Chris Jacke,GB,PIT,2,2,1,2,47
1992-09-27,1992,4,REG,1992_04_PIT_GB,nfl-gary-anderson,Gary Anderson,PIT,GB,0,0,1,2,35
1992-09-27,1992,4,REG,1992_04_SF_NO,nfl-morten-andersen,Morten Andersen,NO,SF,1,1,1,2,42
1992-09-28,1992,4,REG,1992_04_LA_KC,nfl-jeff-jaeger,Jeff Jaeger,LA,KC,1,1,0,1,
1992-10-04,1992,5,REG,1992_05_CHI_MIN,nfl-fuad-reveiz,Fuad Reveiz,MIN,CHI,3,3,0,0,
1992-10-04,1992,5,REG,1992_05_GB_ATL,nfl-chris-jacke,Chris Jacke,GB,ATL,1,1,1,2,41
1992-10-04,1992,5,REG,1992_05_GB_ATL,nfl-norm-johnson,Norm Johnson,ATL,GB,3,3,1,1,49
1992-10-04,1992,5,REG,1992_05_IND_TB,nfl-dean-biasucci,Dean Biasucci,IND,TB,3,3,1,1,45
1992-10-04,1992,5,REG,1992_05_IND_TB,nfl-ken-willis,Ken Willis,TB,IND,2,2,0,1,
1992-10-04,1992,5,REG,1992_05_LA_SF,nfl-tony-zendejas,Tony Zendejas,LA,SF,3,3,1,1,33
1992-10-04,1992,5,REG,1992_05_MIA_BUF,nfl-steve-christie,Steve Christie,BUF,MIA,1,1,1,1,40
1992-10-04,1992,5,REG,1992_05_NE_NYJ,nfl-charlie-baumann,Charlie Baumann,NE,NYJ,3,3,0,1,
1992-10-04,1992,5,REG,1992_05_NO_DET,nfl-jason-hanson-2,Jason Hanson,DET,NO,1,1,0,0,
1992-10-04,1992,5,REG,1992_05_NYG_LA,nfl-matt-bahr,Matt Bahr,NYG,LA,1,1,1,1,18
1992-10-04,1992,5,REG,1992_05_SEA_SD,nfl-john-carney,John Carney,SD,SEA,2,2,1,3,49
1992-10-04,1992,5,REG,1992_05_WAS_PHX,nfl-chip-lohmiller,Chip Lohmiller,WAS,PHX,3,3,1,2,33
1992-10-04,1992,5,REG,1992_05_WAS_PHX,nfl-greg-davis,Greg Davis,PHX,WAS,3,3,0,0,
1992-10-05,1992,5,REG,1992_05_DAL_PHI,nfl-lin-elliott,Lin Elliott,DAL,PHI,1,1,0,1,
1992-10-05,1992,5,REG,1992_05_DAL_PHI,nfl-roger-ruzek,Roger Ruzek,PHI,DAL,4,4,1,1,40
1992-10-11,1992,6,REG,1992_06_ATL_MIA,nfl-norm-johnson,Norm Johnson,ATL,MIA,2,2,1,1,52
1992-10-11,1992,6,REG,1992_06_ATL_MIA,nfl-pete-stoyanovich,Pete Stoyanovich,MIA,ATL,3,3,0,2,
1992-10-11,1992,6,REG,1992_06_BUF_LA,nfl-steve-christie,Steve Christie,BUF,LA,0,0,1,3,25
1992-10-11,1992,6,REG,1992_06_HOU_CIN,nfl-al-del-greco,Al Del Greco,HOU,CIN,5,5,1,1,39
1992-10-11,1992,6,REG,1992_06_HOU_CIN,nfl-jim-breech,Jim Breech,CIN,HOU,3,3,1,2,29
1992-10-11,1992,6,REG,1992_06_LA_NO,nfl-tony-zendejas,Tony Zendejas,LA,NO,1,1,1,1,30
1992-10-11,1992,6,REG,1992_06_NYJ_IND,nfl-cary-blanchard,Cary Blanchard,NYJ,IND,0,0,1,1,35
1992-10-11,1992,6,REG,1992_06_PHI_KC,nfl-nick-lowery,Nick Lowery,KC,PHI,3,3,1,1,20
1992-10-11,1992,6,REG,1992_06_PHI_KC,nfl-roger-ruzek,Roger Ruzek,PHI,KC,2,2,1,3,49
1992-10-11,1992,6,REG,1992_06_PHX_NYG,nfl-greg-davis,Greg Davis,PHX,NYG,3,3,0,0,
1992-10-11,1992,6,REG,1992_06_PHX_NYG,nfl-matt-bahr,Matt Bahr,NYG,PHX,4,4,1,2,32
1992-10-11,1992,6,REG,1992_06_PIT_CLE,nfl-matt-stover,Matt Stover,CLE,PIT,2,2,1,1,51
1992-10-11,1992,6,REG,1992_06_SEA_DAL,nfl-john-kasay,John Kasay,SEA,DAL,0,0,0,1,
1992-10-11,1992,6,REG,1992_06_SF_NE,nfl-mike-cofer,Mike Cofer,SF,NE,3,3,1,2,36
1992-10-12,1992,6,REG,1992_06_DEN_WAS,nfl-david-treadwell,David Treadwell,DEN,WAS,0,0,1,1,38
1992-10-15,1992,7,REG,1992_07_DET_MIN,nfl-fuad-reveiz,Fuad Reveiz,MIN,DET,4,4,1,2,20
1992-10-15,1992,7,REG,1992_07_DET_MIN,nfl-jason-hanson-2,Jason Hanson,DET,MIN,2,2,0,0,
1992-10-18,1992,7,REG,1992_07_ATL_SF,nfl-mike-cofer,Mike Cofer,SF,ATL,8,8,0,0,
1992-10-18,1992,7,REG,1992_07_ATL_SF,nfl-norm-johnson,Norm Johnson,ATL,SF,2,2,1,2,51
1992-10-18,1992,7,REG,1992_07_GB_CLE,nfl-matt-stover,Matt Stover,CLE,GB,2,2,1,1,26
1992-10-18,1992,7,REG,1992_07_HOU_DEN,nfl-al-del-greco,Al Del Greco,HOU,DEN,3,3,0,1,
1992-10-18,1992,7,REG,1992_07_KC_DAL,nfl-lin-elliott,Lin Elliott,DAL,KC,2,2,1,2,39
1992-10-18,1992,7,REG,1992_07_KC_DAL,nfl-nick-lowery,Nick Lowery,KC,DAL,1,1,1,1,32
1992-10-18,1992,7,REG,1992_07_LA_SEA,nfl-jeff-jaeger,Jeff Jaeger,LA,SEA,2,2,1,1,53
1992-10-18,1992,7,REG,1992_07_NE_MIA,nfl-charlie-baumann,Charlie Baumann,NE,MIA,2,2,1,2,19
1992-10-18,1992,7,REG,1992_07_NE_MIA,nfl-pete-stoyanovich,Pete Stoyanovich,MIA,NE,5,5,1,1,34
1992-10-18,1992,7,REG,1992_07_NO_PHX,nfl-greg-davis,Greg Davis,PHX,NO,3,3,0,0,
1992-10-18,1992,7,REG,1992_07_NO_PHX,nfl-morten-andersen,Morten Andersen,NO,PHX,3,3,1,1,52
1992-10-18,1992,7,REG,1992_07_NYG_LA,nfl-matt-bahr,Matt Bahr,NYG,LA,2,2,1,2,31
1992-10-18,1992,7,REG,1992_07_NYG_LA,nfl-tony-zendejas,Tony Zendejas,LA,NYG,5,5,1,1,46
1992-10-18,1992,7,REG,1992_07_PHI_WAS,nfl-roger-ruzek,Roger Ruzek,PHI,WAS,1,1,1,1,39
1992-10-18,1992,7,REG,1992_07_SD_IND,nfl-dean-biasucci,Dean Biasucci,IND,SD,2,2,0,1,
1992-10-18,1992,7,REG,1992_07_TB_CHI,nfl-ken-willis,Ken Willis,TB,CHI,2,2,0,0,
1992-10-18,1992,7,REG,1992_07_TB_CHI,nfl-kevin-butler,Kevin Butler,CHI,TB,4,4,1,2,26
1992-10-19,1992,7,REG,1992_07_CIN_PIT,nfl-jim-breech,Jim Breech,CIN,PIT,0,0,0,1,
1992-10-25,1992,8,REG,1992_08_CHI_GB,nfl-chris-jacke,Chris Jacke,GB,CHI,1,1,1,2,51
1992-10-25,1992,8,REG,1992_08_CIN_HOU,nfl-al-del-greco,Al Del Greco,HOU,CIN,3,3,1,2,27
1992-10-25,1992,8,REG,1992_08_CIN_HOU,nfl-jim-breech,Jim Breech,CIN,HOU,1,1,1,1,24
1992-10-25,1992,8,REG,1992_08_CLE_NE,nfl-charlie-baumann,Charlie Baumann,NE,CLE,2,2,1,1,30
1992-10-25,1992,8,REG,1992_08_DAL_LA,nfl-jeff-jaeger,Jeff Jaeger,LA,DAL,1,1,0,0,
1992-10-25,1992,8,REG,1992_08_DAL_LA,nfl-lin-elliott,Lin Elliott,DAL,LA,4,4,0,1,
1992-10-25,1992,8,REG,1992_08_DEN_SD,nfl-david-treadwell,David Treadwell,DEN,SD,3,3,0,0,
1992-10-25,1992,8,REG,1992_08_DEN_SD,nfl-john-carney,John Carney,SD,DEN,3,3,1,2,37
1992-10-25,1992,8,REG,1992_08_DET_TB,nfl-jason-hanson-2,Jason Hanson,DET,TB,5,5,1,1,27
1992-10-25,1992,8,REG,1992_08_DET_TB,nfl-ken-willis,Ken Willis,TB,DET,1,1,0,1,
1992-10-25,1992,8,REG,1992_08_IND_MIA,nfl-dean-biasucci,Dean Biasucci,IND,MIA,4,4,1,3,32
1992-10-25,1992,8,REG,1992_08_IND_MIA,nfl-pete-stoyanovich,Pete Stoyanovich,MIA,IND,2,3,0,0,
1992-10-25,1992,8,REG,1992_08_PHX_PHI,nfl-greg-davis,Greg Davis,PHX,PHI,0,0,1,2,34
1992-10-25,1992,8,REG,1992_08_PHX_PHI,nfl-roger-ruzek,Roger Ruzek,PHI,PHX,1,1,0,2,
1992-10-25,1992,8,REG,1992_08_PIT_KC,nfl-eddie-murray,Eddie Murray,KC,PIT,0,0,1,1,52
1992-10-25,1992,8,REG,1992_08_SEA_NYG,nfl-john-kasay,John Kasay,SEA,NYG,1,1,1,1,33
1992-10-26,1992,8,REG,1992_08_BUF_NYJ,nfl-steve-christie,Steve Christie,BUF,NYJ,3,3,1,1,33
1992-11-01,1992,9,REG,1992_09_CLE_CIN,nfl-matt-stover,Matt Stover,CLE,CIN,1,1,1,1,39
1992-11-01,1992,9,REG,1992_09_HOU_PIT,nfl-gary-anderson,Gary Anderson,PIT,HOU,3,3,0,0,
1992-11-01,1992,9,REG,1992_09_IND_SD,nfl-john-carney,John Carney,SD,IND,3,3,1,1,33
1992-11-01,1992,9,REG,1992_09_LA_ATL,nfl-tony-zendejas,Tony Zendejas,LA,ATL,4,4,0,0,
1992-11-01,1992,9,REG,1992_09_MIA_NYJ,nfl-cary-blanchard,Cary Blanchard,NYJ,MIA,3,3,1,1,47
1992-11-01,1992,9,REG,1992_09_MIA_NYJ,nfl-pete-stoyanovich,Pete Stoyanovich,MIA,NYJ,2,2,0,0,
1992-11-01,1992,9,REG,1992_09_NE_BUF,nfl-charlie-baumann,Charlie Baumann,NE,BUF,1,1,0,0,
1992-11-01,1992,9,REG,1992_09_NE_BUF,nfl-steve-christie,Steve Christie,BUF,NE,2,2,0,0,
1992-11-01,1992,9,REG,1992_09_NYG_WAS,nfl-chip-lohmiller,Chip Lohmiller,WAS,NYG,1,1,0,1,
1992-11-01,1992,9,REG,1992_09_NYG_WAS,nfl-matt-bahr,Matt Bahr,NYG,WAS,3,3,1,1,18
1992-11-01,1992,9,REG,1992_09_PHI_DAL,nfl-roger-ruzek,Roger Ruzek,PHI,DAL,1,1,1,1,18
1992-11-01,1992,9,REG,1992_09_SF_PHX,nfl-greg-davis,Greg Davis,PHX,SF,3,3,1,2,33
1992-11-01,1992,9,REG,1992_09_SF_PHX,nfl-mike-cofer,Mike Cofer,SF,PHX,2,2,0,0,
1992-11-01,1992,9,REG,1992_09_TB_NO,nfl-ken-willis,Ken Willis,TB,NO,3,3,0,0,
1992-11-02,1992,9,REG,1992_09_MIN_CHI,nfl-fuad-reveiz,Fuad Reveiz,MIN,CHI,5,5,1,1,28
1992-11-02,1992,9,REG,1992_09_MIN_CHI,nfl-kevin-butler,Kevin Butler,CHI,MIN,1,1,1,1,28
1992-11-08,1992,10,REG,1992_10_CIN_CHI,nfl-jim-breech,Jim Breech,CIN,CHI,4,4,1,1,36
1992-11-08,1992,10,REG,1992_10_CIN_CHI,nfl-kevin-butler,Kevin Butler,CHI,CIN,4,4,0,2,
1992-11-08,1992,10,REG,1992_10_CLE_HOU,nfl-al-del-greco,Al Del Greco,HOU,CLE,2,2,0,0,
1992-11-08,1992,10,REG,1992_10_CLE_HOU,nfl-matt-stover,Matt Stover,CLE,HOU,3,3,1,2,44
1992-11-08,1992,10,REG,1992_10_DAL_DET,nfl-jason-hanson-2,Jason Hanson,DET,DAL,0,0,1,1,36
1992-11-08,1992,10,REG,1992_10_GB_NYG,nfl-chris-jacke,Chris Jacke,GB,NYG,1,1,0,1,
1992-11-08,1992,10,REG,1992_10_LA_PHI,nfl-jeff-jaeger,Jeff Jaeger,LA,PHI,1,1,1,1,22
1992-11-08,1992,10,REG,1992_10_LA_PHI,nfl-roger-ruzek,Roger Ruzek,PHI,LA,4,4,1,1,24
1992-11-08,1992,10,REG,1992_10_MIA_IND,nfl-pete-stoyanovich,Pete Stoyanovich,MIA,IND,4,4,0,1,
1992-11-08,1992,10,REG,1992_10_MIN_TB,nfl-fuad-reveiz,Fuad Reveiz,MIN,TB,5,5,0,0,
1992-11-08,1992,10,REG,1992_10_MIN_TB,nfl-ken-willis,Ken Willis,TB,MIN,1,1,0,2,
1992-11-08,1992,10,REG,1992_10_NO_NE,nfl-charlie-baumann,Charlie Baumann,NE,NO,2,2,0,0,
1992-11-08,1992,10,REG,1992_10_NO_NE,nfl-morten-andersen,Morten Andersen,NO,NE,4,4,1,1,46
1992-11-08,1992,10,REG,1992_10_PHX_LA,nfl-tony-zendejas,Tony Zendejas,LA,PHX,2,2,0,0,
1992-11-08,1992,10,REG,1992_10_PIT_BUF,nfl-steve-christie,Steve Christie,BUF,PIT,4,4,0,0,
1992-11-08,1992,10,REG,1992_10_SD_KC,nfl-john-carney,John Carney,SD,KC,2,2,0,0,
1992-11-08,1992,10,REG,1992_10_WAS_SEA,nfl-john-kasay,John Kasay,SEA,WAS,0,0,1,2,22
1992-11-09,1992,10,REG,1992_10_SF_ATL,nfl-norm-johnson,Norm Johnson,ATL,SF,0,0,1,1,33
1992-11-15,1992,11,REG,1992_11_CHI_TB,nfl-kevin-butler,Kevin Butler,CHI,TB,2,2,1,3,27
1992-11-15,1992,11,REG,1992_11_CIN_NYJ,nfl-cary-blanchard,Cary Blanchard,NYJ,CIN,2,2,1,3,42
1992-11-15,1992,11,REG,1992_11_CIN_NYJ,nfl-jim-breech,Jim Breech,CIN,NYJ,2,2,0,1,
1992-11-15,1992,11,REG,1992_11_DET_PIT,nfl-gary-anderson,Gary Anderson,PIT,DET,2,2,1,3,20
1992-11-15,1992,11,REG,1992_11_DET_PIT,nfl-jason-hanson-2,Jason Hanson,DET,PIT,2,2,0,0,
1992-11-15,1992,11,REG,1992_11_HOU_MIN,nfl-al-del-greco,Al Del Greco,HOU,MIN,2,2,1,1,30
1992-11-15,1992,11,REG,1992_11_NO_SF,nfl-mike-cofer,Mike Cofer,SF,NO,3,3,0,1,
1992-11-15,1992,11,REG,1992_11_PHI_GB,nfl-roger-ruzek,Roger Ruzek,PHI,GB,3,3,1,1,34
1992-11-15,1992,11,REG,1992_11_PHX_ATL,nfl-greg-davis,Greg Davis,PHX,ATL,2,2,1,4,49
1992-11-15,1992,11,REG,1992_11_SD_CLE,nfl-john-carney,John Carney,SD,CLE,2,2,0,1,
1992-11-15,1992,11,REG,1992_11_SEA_LA,nfl-john-kasay,John Kasay,SEA,LA,0,0,1,2,43
1992-11-15,1992,11,REG,1992_11_WAS_KC,nfl-nick-lowery,Nick Lowery,KC,WAS,5,5,0,0,
1992-11-22,1992,12,REG,1992_12_ATL_BUF,nfl-norm-johnson,Norm Johnson,ATL,BUF,2,2,0,1,
1992-11-22,1992,12,REG,1992_12_CLE_MIN,nfl-fuad-reveiz,Fuad Reveiz,MIN,CLE,2,2,1,1,40
1992-11-22,1992,12,REG,1992_12_DAL_PHX,nfl-greg-davis,Greg Davis,PHX,DAL,1,1,1,1,20
1992-11-22,1992,12,REG,1992_12_DAL_PHX,nfl-lin-elliott,Lin Elliott,DAL,PHX,1,2,1,1,28
1992-11-22,1992,12,REG,1992_12_DEN_LA,nfl-david-treadwell,David Treadwell,DEN,LA,0,0,0,1,
1992-11-22,1992,12,REG,1992_12_DEN_LA,nfl-jeff-jaeger,Jeff Jaeger,LA,DEN,3,3,1,2,51
1992-11-22,1992,12,REG,1992_12_GB_CHI,nfl-chris-jacke,Chris Jacke,GB,CHI,2,2,1,1,39
1992-11-22,1992,12,REG,1992_12_GB_CHI,nfl-kevin-butler,Kevin Butler,CHI,GB,0,0,1,1,36
1992-11-22,1992,12,REG,1992_12_IND_PIT,nfl-dean-biasucci,Dean Biasucci,IND,PIT,2,2,0,0,
1992-11-22,1992,12,REG,1992_12_KC_SD,nfl-eddie-murray,Eddie Murray,KC,SD,2,2,0,0,
1992-11-22,1992,12,REG,1992_12_KC_SEA,nfl-john-kasay,John Kasay,SEA,KC,2,2,0,0,
1992-11-22,1992,12,REG,1992_12_KC_SEA,nfl-nick-lowery,Nick Lowery,KC,SEA,3,3,1,1,20
1992-11-22,1992,12,REG,1992_12_NYJ_NE,nfl-cary-blanchard,Cary Blanchard,NYJ,NE,0,0,1,1,27
1992-11-22,1992,12,REG,1992_12_NYJ_NE,nfl-charlie-baumann,Charlie Baumann,NE,NYJ,3,3,1,1,32
1992-11-22,1992,12,REG,1992_12_PHI_NYG,nfl-roger-ruzek,Roger Ruzek,PHI,NYG,5,7,0,0,
1992-11-22,1992,12,REG,1992_12_SF_LA,nfl-tony-zendejas,Tony Zendejas,LA,SF,1,1,1,1,35
1992-11-23,1992,12,REG,1992_12_WAS_NO,nfl-chip-lohmiller,Chip Lohmiller,WAS,NO,0,0,1,1,34
1992-11-26,1992,13,REG,1992_13_HOU_DET,nfl-al-del-greco,Al Del Greco,HOU,DET,3,3,1,2,30
1992-11-26,1992,13,REG,1992_13_HOU_DET,nfl-jason-hanson-2,Jason Hanson,DET,HOU,3,3,0,0,
1992-11-26,1992,13,REG,1992_13_NYG_DAL,nfl-matt-bahr,Matt Bahr,NYG,DAL,0,0,1,3,42
1992-11-29,1992,13,REG,1992_13_CHI_CLE,nfl-kevin-butler,Kevin Butler,CHI,CLE,2,2,0,0,
1992-11-29,1992,13,REG,1992_13_KC_GB,nfl-eddie-murray,Eddie Murray,KC,GB,2,2,0,1,
1992-11-29,1992,13,REG,1992_13_KC_NYJ,nfl-cary-blanchard,Cary Blanchard,NYJ,KC,1,1,0,0,
1992-11-29,1992,13,REG,1992_13_LA_SD,nfl-jeff-jaeger,Jeff Jaeger,LA,SD,0,0,1,2,36
1992-11-29,1992,13,REG,1992_13_MIA_NO,nfl-morten-andersen,Morten Andersen,NO,MIA,3,3,1,1,26
1992-11-29,1992,13,REG,1992_13_MIN_LA,nfl-fuad-reveiz,Fuad Reveiz,MIN,LA,4,4,1,1,38
1992-11-29,1992,13,REG,1992_13_MIN_LA,nfl-tony-zendejas,Tony Zendejas,LA,MIN,2,2,1,1,30
1992-11-29,1992,13,REG,1992_13_NE_ATL,nfl-charlie-baumann,Charlie Baumann,NE,ATL,0,0,0,1,
1992-11-29,1992,13,REG,1992_13_PHI_SF,nfl-roger-ruzek,Roger Ruzek,PHI,SF,2,2,0,0,
1992-11-29,1992,13,REG,1992_13_PHX_WAS,nfl-greg-davis,Greg Davis,PHX,WAS,0,0,1,2,42
1992-11-29,1992,13,REG,1992_13_PIT_CIN,nfl-gary-anderson,Gary Anderson,PIT,CIN,3,3,0,1,
1992-12-03,1992,14,REG,1992_14_ATL_NO,nfl-norm-johnson,Norm Johnson,ATL,NO,2,2,0,0,
1992-12-06,1992,14,REG,1992_14_CIN_CLE,nfl-jim-breech,Jim Breech,CIN,CLE,3,3,0,0,
1992-12-06,1992,14,REG,1992_14_DAL_DEN,nfl-david-treadwell,David Treadwell,DEN,DAL,3,3,0,0,
1992-12-06,1992,14,REG,1992_14_DAL_DEN,nfl-lin-elliott,Lin Elliott,DAL,DEN,4,4,1,2,53
1992-12-06,1992,14,REG,1992_14_DET_GB,nfl-chris-jacke,Chris Jacke,GB,DET,5,5,1,1,46
1992-12-06,1992,14,REG,1992_14_DET_GB,nfl-jason-hanson-2,Jason Hanson,DET,GB,1,1,1,1,44
1992-12-06,1992,14,REG,1992_14_IND_NE,nfl-charlie-baumann,Charlie Baumann,NE,IND,0,0,0,1,
1992-12-06,1992,14,REG,1992_14_KC_LA,nfl-jeff-jaeger,Jeff Jaeger,LA,KC,4,4,0,0,
1992-12-06,1992,14,REG,1992_14_KC_LA,nfl-nick-lowery,Nick Lowery,KC,LA,1,1,0,0,
1992-12-06,1992,14,REG,1992_14_LA_TB,nfl-tony-zendejas,Tony Zendejas,LA,TB,4,4,1,2,18
1992-12-06,1992,14,REG,1992_14_MIA_SF,nfl-mike-cofer,Mike Cofer,SF,MIA,3,4,0,1,
1992-12-06,1992,14,REG,1992_14_MIA_SF,nfl-pete-stoyanovich,Pete Stoyanovich,MIA,SF,0,0,1,1,32
1992-12-06,1992,14,REG,1992_14_MIN_PHI,nfl-fuad-reveiz,Fuad Reveiz,MIN,PHI,2,2,1,2,32
1992-12-06,1992,14,REG,1992_14_MIN_PHI,nfl-roger-ruzek,Roger Ruzek,PHI,MIN,4,4,0,1,
1992-12-06,1992,14,REG,1992_14_NYJ_BUF,nfl-cary-blanchard,Cary Blanchard,NYJ,BUF,3,3,1,2,41
1992-12-06,1992,14,REG,1992_14_NYJ_BUF,nfl-steve-christie,Steve Christie,BUF,NYJ,2,2,1,1,26
1992-12-06,1992,14,REG,1992_14_SD_PHX,nfl-greg-davis,Greg Davis,PHX,SD,3,3,0,1,
1992-12-06,1992,14,REG,1992_14_SEA_PIT,nfl-john-kasay,John Kasay,SEA,PIT,2,2,0,3,
1992-12-06,1992,14,REG,1992_14_WAS_NYG,nfl-chip-lohmiller,Chip Lohmiller,WAS,NYG,4,4,0,0,
1992-12-06,1992,14,REG,1992_14_WAS_TB,nfl-ken-willis,Ken Willis,TB,WAS,1,1,1,1,43
1992-12-07,1992,14,REG,1992_14_CHI_HOU,nfl-al-del-greco,Al Del Greco,HOU,CHI,3,3,1,1,19
1992-12-07,1992,14,REG,1992_14_CHI_HOU,nfl-kevin-butler,Kevin Butler,CHI,HOU,1,1,0,0,
1992-12-12,1992,15,REG,1992_15_DEN_BUF,nfl-david-treadwell,David Treadwell,DEN,BUF,2,2,1,1,26
1992-12-12,1992,15,REG,1992_15_NYG_PHX,nfl-greg-davis,Greg Davis,PHX,NYG,2,2,1,1,26
1992-12-13,1992,15,REG,1992_15_ATL_KC,nfl-eddie-murray,Eddie Murray,KC,ATL,1,1,0,0,
1992-12-13,1992,15,REG,1992_15_ATL_TB,nfl-norm-johnson,Norm Johnson,ATL,TB,5,5,0,0,
1992-12-13,1992,15,REG,1992_15_CIN_SD,nfl-jim-breech,Jim Breech,CIN,SD,1,1,1,1,48
1992-12-13,1992,15,REG,1992_15_CLE_DET,nfl-jason-hanson-2,Jason Hanson,DET,CLE,3,3,1,2,46
1992-12-13,1992,15,REG,1992_15_CLE_DET,nfl-matt-stover,Matt Stover,CLE,DET,2,2,0,0,
1992-12-13,1992,15,REG,1992_15_DAL_WAS,nfl-lin-elliott,Lin Elliott,DAL,WAS,2,2,1,1,23
1992-12-13,1992,15,REG,1992_15_GB_HOU,nfl-al-del-greco,Al Del Greco,HOU,GB,2,2,0,0,
1992-12-13,1992,15,REG,1992_15_IND_NYJ,nfl-dean-biasucci,Dean Biasucci,IND,NYJ,1,1,1,1,31
1992-12-13,1992,15,REG,1992_15_NE_KC,nfl-charlie-baumann,Charlie Baumann,NE,KC,2,2,0,1,
1992-12-13,1992,15,REG,1992_15_NO_LA,nfl-morten-andersen,Morten Andersen,NO,LA,4,5,1,1,21
1992-12-13,1992,15,REG,1992_15_NO_LA,nfl-tony-zendejas,Tony Zendejas,LA,NO,2,2,0,0,
1992-12-13,1992,15,REG,1992_15_PHI_SEA,nfl-john-kasay,John Kasay,SEA,PHI,2,2,1,1,39
1992-12-13,1992,15,REG,1992_15_SF_MIN,nfl-fuad-reveiz,Fuad Reveiz,MIN,SF,2,2,1,2,44
1992-12-14,1992,15,REG,1992_15_LA_MIA,nfl-jeff-jaeger,Jeff Jaeger,LA,MIA,1,1,0,1,
1992-12-19,1992,16,REG,1992_16_KC_NYG,nfl-nick-lowery,Nick Lowery,KC,NYG,3,3,0,0,
1992-12-19,1992,16,REG,1992_16_KC_SF,nfl-eddie-murray,Eddie Murray,KC,SF,2,2,0,0,
1992-12-19,1992,16,REG,1992_16_KC_TB,nfl-ken-willis,Ken Willis,TB,KC,5,5,0,0,
1992-12-19,1992,16,REG,1992_16_TB_SF,nfl-mike-cofer,Mike Cofer,SF,TB,3,3,0,0,
1992-12-20,1992,16,REG,1992_16_CHI_DET,nfl-kevin-butler,Kevin Butler,CHI,DET,0,0,1,1,24
1992-12-20,1992,16,REG,1992_16_HOU_CLE,nfl-al-del-greco,Al Del Greco,HOU,CLE,2,2,1,1,47
1992-12-20,1992,16,REG,1992_16_HOU_CLE,nfl-matt-stover,Matt Stover,CLE,HOU,2,2,0,1,
1992-12-20,1992,16,REG,1992_16_LA_GB,nfl-chris-jacke,Chris Jacke,GB,LA,4,4,0,0,
1992-12-20,1992,16,REG,1992_16_MIN_PIT,nfl-gary-anderson,Gary Anderson,PIT,MIN,0,0,1,2,23
1992-12-20,1992,16,REG,1992_16_NE_CIN,nfl-charlie-baumann,Charlie Baumann,NE,CIN,1,1,1,1,27
1992-12-20,1992,16,REG,1992_16_NYJ_MIA,nfl-cary-blanchard,Cary Blanchard,NYJ,MIA,2,2,1,1,35
1992-12-20,1992,16,REG,1992_16_SD_LA,nfl-jeff-jaeger,Jeff Jaeger,LA,SD,2,2,0,0,
1992-12-20,1992,16,REG,1992_16_SEA_DEN,nfl-david-treadwell,David Treadwell,DEN,SEA,1,1,1,1,30
1992-12-20,1992,16,REG,1992_16_WAS_PHI,nfl-roger-ruzek,Roger Ruzek,PHI,WAS,2,2,1,3,23
1992-12-21,1992,16,REG,1992_16_DAL_ATL,nfl-norm-johnson,Norm Johnson,ATL,DAL,2,2,1,1,27
1992-12-26,1992,17,REG,1992_17_LA_WAS,nfl-jeff-jaeger,Jeff Jaeger,LA,WAS,3,3,0,0,
1992-12-27,1992,17,REG,1992_17_ATL_LA,nfl-tony-zendejas,Tony Zendejas,LA,ATL,5,5,1,1,24
1992-12-27,1992,17,REG,1992_17_BUF_HOU,nfl-steve-christie,Steve Christie,BUF,HOU,0,0,1,2,40
1992-12-27,1992,17,REG,1992_17_CHI_DAL,nfl-kevin-butler,Kevin Butler,CHI,DAL,2,2,0,0,
1992-12-27,1992,17,REG,1992_17_DEN_KC,nfl-nick-lowery,Nick Lowery,KC,DEN,6,6,0,0,
1992-12-27,1992,17,REG,1992_17_GB_MIN,nfl-chris-jacke,Chris Jacke,GB,MIN,1,1,0,0,
1992-12-27,1992,17,REG,1992_17_IND_CIN,nfl-dean-biasucci,Dean Biasucci,IND,CIN,3,3,0,0,
1992-12-27,1992,17,REG,1992_17_IND_CIN,nfl-jim-breech,Jim Breech,CIN,IND,2,2,1,1,25
1992-12-27,1992,17,REG,1992_17_KC_PHX,nfl-eddie-murray,Eddie Murray,KC,PHX,1,1,0,3,
1992-12-27,1992,17,REG,1992_17_SD_SEA,nfl-john-kasay,John Kasay,SEA,SD,2,2,0,0,
1992-12-27,1992,17,REG,1992_17_TB_PHI,nfl-ken-willis,Ken Willis,TB,PHI,1,1,1,1,20
1992-12-27,1992,17,REG,1992_17_TB_PHX,nfl-greg-davis,Greg Davis,PHX,TB,0,0,1,4,21
1992-12-28,1992,17,REG,1992_17_DET_SF,nfl-mike-cofer,Mike Cofer,SF,DET,3,3,1,2,37
1993-09-05,1993,1,REG,1993_01_CIN_CLE,nfl-doug-pelfrey,Doug Pelfrey,CIN,CLE,2,2,0,0,
1993-09-05,1993,1,REG,1993_01_HOU_NO,nfl-al-del-greco,Al Del Greco,HOU,NO,3,3,0,1,
1993-09-05,1993,1,REG,1993_01_KC_TB,nfl-michael-husted,Michael Husted,TB,KC,0,0,1,2,35
1993-09-05,1993,1,REG,1993_01_MIA_IND,nfl-pete-stoyanovich,Pete Stoyanovich,MIA,IND,3,3,1,1,20
1993-09-05,1993,1,REG,1993_01_MIN_LA,nfl-fuad-reveiz,Fuad Reveiz,MIN,LA,1,1,0,1,
1993-09-05,1993,1,REG,1993_01_MIN_LA,nfl-jeff-jaeger,Jeff Jaeger,LA,MIN,3,3,1,2,21
1993-09-05,1993,1,REG,1993_01_NE_BUF,nfl-scott-sisson,Scott Sisson,NE,BUF,2,2,0,0,
1993-09-05,1993,1,REG,1993_01_NE_BUF,nfl-steve-christie,Steve Christie,BUF,NE,5,5,1,1,28
1993-09-05,1993,1,REG,1993_01_PHX_PHI,nfl-greg-davis,Greg Davis,PHX,PHI,2,2,1,1,24
1993-09-05,1993,1,REG,1993_01_PHX_PHI,nfl-roger-ruzek,Roger Ruzek,PHI,PHX,3,3,0,1,
1993-09-05,1993,1,REG,1993_01_SEA_SD,nfl-john-kasay,John Kasay,SEA,SD,1,1,1,2,27
1993-09-05,1993,1,REG,1993_01_SF_PIT,nfl-mike-cofer,Mike Cofer,SF,PIT,3,3,1,3,37
1993-09-06,1993,1,REG,1993_01_DAL_WAS,nfl-chip-lohmiller,Chip Lohmiller,WAS,DAL,5,5,0,1,
1993-09-06,1993,1,REG,1993_01_DAL_WAS,nfl-lin-elliott,Lin Elliott,DAL,WAS,1,2,1,1,22
1993-09-12,1993,2,REG,1993_02_BUF_DAL,nfl-lin-elliott,Lin Elliott,DAL,BUF,1,1,1,3,43
1993-09-12,1993,2,REG,1993_02_CHI_MIN,nfl-fuad-reveiz,Fuad Reveiz,MIN,CHI,1,1,1,2,22
1993-09-12,1993,2,REG,1993_02_CHI_MIN,nfl-kevin-butler,Kevin Butler,CHI,MIN,1,1,0,1,
1993-09-12,1993,2,REG,1993_02_KC_HOU,nfl-nick-lowery,Nick Lowery,KC,HOU,0,0,0,1,
1993-09-12,1993,2,REG,1993_02_LA_SEA,nfl-jeff-jaeger,Jeff Jaeger,LA,SEA,2,2,1,1,36
1993-09-12,1993,2,REG,1993_02_NO_ATL,nfl-norm-johnson,Norm Johnson,ATL,NO,4,4,1,1,20
1993-09-12,1993,2,REG,1993_02_NYJ_MIA,nfl-cary-blanchard,Cary Blanchard,NYJ,MIA,3,3,1,1,39
1993-09-12,1993,2,REG,1993_02_NYJ_MIA,nfl-pete-stoyanovich,Pete Stoyanovich,MIA,NYJ,2,2,0,1,
1993-09-12,1993,2,REG,1993_02_PHI_GB,nfl-chris-jacke,Chris Jacke,GB,PHI,2,2,1,1,23
1993-09-12,1993,2,REG,1993_02_PHX_WAS,nfl-chip-lohmiller,Chip Lohmiller,WAS,PHX,1,1,1,1,23
1993-09-12,1993,2,REG,1993_02_PHX_WAS,nfl-greg-davis,Greg Davis,PHX,WAS,2,2,1,2,53
1993-09-12,1993,2,REG,1993_02_SD_DEN,nfl-john-carney,John Carney,SD,DEN,2,2,1,1,30
1993-09-12,1993,2,REG,1993_02_TB_NYG,nfl-michael-husted,Michael Husted,TB,NYG,1,1,0,0,
1993-09-19,1993,3,REG,1993_03_ATL_SF,nfl-mike-cofer,Mike Cofer,SF,ATL,4,5,1,1,46
1993-09-19,1993,3,REG,1993_03_CIN_PIT,nfl-doug-pelfrey,Doug Pelfrey,CIN,PIT,1,1,0,1,
1993-09-19,1993,3,REG,1993_03_CLE_LA,nfl-matt-stover,Matt Stover,CLE,LA,2,2,1,1,32
1993-09-19,1993,3,REG,1993_03_DAL_PHX,nfl-eddie-murray,Eddie Murray,DAL,PHX,2,2,1,2,23
1993-09-19,1993,3,REG,1993_03_DAL_PHX,nfl-greg-davis,Greg Davis,PHX,DAL,1,1,1,1,20
1993-09-19,1993,3,REG,1993_03_DET_NO,nfl-jason-hanson-2,Jason Hanson,DET,NO,0,0,1,1,41
1993-09-19,1993,3,REG,1993_03_DET_NO,nfl-morten-andersen,Morten Andersen,NO,DET,2,2,0,0,
1993-09-19,1993,3,REG,1993_03_HOU_SD,nfl-al-del-greco,Al Del Greco,HOU,SD,2,2,1,1,27
1993-09-19,1993,3,REG,1993_03_LA_NYG,nfl-brad-daluiso,Brad Daluiso,NYG,LA,0,0,0,1,
1993-09-19,1993,3,REG,1993_03_LA_NYG,nfl-tony-zendejas,Tony Zendejas,LA,NYG,1,1,1,1,52
1993-09-19,1993,3,REG,1993_03_SEA_NE,nfl-john-kasay,John Kasay,SEA,NE,2,2,1,2,24
1993-09-19,1993,3,REG,1993_03_SEA_NE,nfl-scott-sisson,Scott Sisson,NE,SEA,2,2,0,1,
1993-09-19,1993,3,REG,1993_03_WAS_PHI,nfl-chip-lohmiller,Chip Lohmiller,WAS,PHI,4,4,1,1,38
1993-09-20,1993,3,REG,1993_03_DEN_KC,nfl-jason-elam,Jason Elam,DEN,KC,1,1,0,0,
1993-09-26,1993,4,REG,1993_04_CLE_IND,nfl-matt-stover,Matt Stover,CLE,IND,1,1,1,2,32
1993-09-26,1993,4,REG,1993_04_LA_HOU,nfl-tony-zendejas,Tony Zendejas,LA,HOU,4,4,0,1,
1993-09-26,1993,4,REG,1993_04_NE_NYJ,nfl-cary-blanchard,Cary Blanchard,NYJ,NE,6,6,1,2,42
1993-09-26,1993,4,REG,1993_04_NE_NYJ,nfl-scott-sisson,Scott Sisson,NE,NYJ,1,1,0,0,
1993-09-26,1993,4,REG,1993_04_SEA_CIN,nfl-doug-pelfrey,Doug Pelfrey,CIN,SEA,1,1,1,3,23
1993-09-26,1993,4,REG,1993_04_TB_CHI,nfl-michael-husted,Michael Husted,TB,CHI,2,2,1,1,20
1993-09-27,1993,4,REG,1993_04_PIT_ATL,nfl-gary-anderson,Gary Anderson,PIT,ATL,6,6,1,1,21
1993-09-27,1993,4,REG,1993_04_PIT_ATL,nfl-norm-johnson,Norm Johnson,ATL,PIT,2,2,1,1,49
1993-10-03,1993,5,REG,1993_05_DET_TB,nfl-jason-hanson-2,Jason Hanson,DET,TB,1,1,1,2,30
1993-10-03,1993,5,REG,1993_05_GB_DAL,nfl-chris-jacke,Chris Jacke,GB,DAL,2,2,0,1,
1993-10-03,1993,5,REG,1993_05_IND_DEN,nfl-jason-elam,Jason Elam,DEN,IND,5,5,0,1,
1993-10-03,1993,5,REG,1993_05_LA_KC,nfl-jeff-jaeger,Jeff Jaeger,LA,KC,0,1,1,1,27
1993-10-03,1993,5,REG,1993_05_LA_KC,nfl-nick-lowery,Nick Lowery,KC,LA,3,3,1,2,29
1993-10-03,1993,5,REG,1993_05_MIN_SF,nfl-fuad-reveiz,Fuad Reveiz,MIN,SF,2,2,1,1,21
1993-10-03,1993,5,REG,1993_05_MIN_SF,nfl-mike-cofer,Mike Cofer,SF,MIN,5,5,1,1,22
1993-10-03,1993,5,REG,1993_05_NYG_BUF,nfl-david-treadwell,David Treadwell,NYG,BUF,2,2,0,0,
1993-10-03,1993,5,REG,1993_05_NYG_BUF,nfl-steve-christie,Steve Christie,BUF,NYG,2,2,1,1,24
1993-10-03,1993,5,REG,1993_05_PHI_NYJ,nfl-cary-blanchard,Cary Blanchard,NYJ,PHI,4,4,0,0,
1993-10-03,1993,5,REG,1993_05_PHI_NYJ,nfl-matt-bahr,Matt Bahr,PHI,NYJ,5,5,0,0,
1993-10-03,1993,5,REG,1993_05_SD_SEA,nfl-john-carney,John Carney,SD,SEA,2,2,0,1,
1993-10-03,1993,5,REG,1993_05_SD_SEA,nfl-john-kasay,John Kasay,SEA,SD,4,4,1,1,33
1993-10-04,1993,5,REG,1993_05_WAS_MIA,nfl-chip-lohmiller,Chip Lohmiller,WAS,MIA,1,1,1,2,28
1993-10-04,1993,5,REG,1993_05_WAS_MIA,nfl-pete-stoyanovich,Pete Stoyanovich,MIA,WAS,2,2,1,1,37
1993-10-10,1993,6,REG,1993_06_CHI_PHI,nfl-kevin-butler,Kevin Butler,CHI,PHI,2,2,1,1,37
1993-10-10,1993,6,REG,1993_06_CHI_PHI,nfl-matt-bahr,Matt Bahr,PHI,CHI,0,1,0,0,
1993-10-10,1993,6,REG,1993_06_CIN_KC,nfl-nick-lowery,Nick Lowery,KC,CIN,2,2,1,1,37
1993-10-10,1993,6,REG,1993_06_DAL_IND,nfl-dean-biasucci,Dean Biasucci,IND,DAL,0,0,1,1,27
1993-10-10,1993,6,REG,1993_06_MIA_CLE,nfl-matt-stover,Matt Stover,CLE,MIA,2,2,0,1,
1993-10-10,1993,6,REG,1993_06_MIA_CLE,nfl-pete-stoyanovich,Pete Stoyanovich,MIA,CLE,3,3,1,2,52
1993-10-10,1993,6,REG,1993_06_NE_PHX,nfl-greg-davis,Greg Davis,PHX,NE,3,3,0,0,
1993-10-10,1993,6,REG,1993_06_NYG_WAS,nfl-chip-lohmiller,Chip Lohmiller,WAS,NYG,1,1,0,1,
1993-10-10,1993,6,REG,1993_06_NYG_WAS,nfl-david-treadwell,David Treadwell,NYG,WAS,5,6,0,1,
1993-10-10,1993,6,REG,1993_06_NYJ_LA,nfl-jeff-jaeger,Jeff Jaeger,LA,NYJ,3,3,1,1,42
1993-10-10,1993,6,REG,1993_06_SD_PIT,nfl-john-carney,John Carney,SD,PIT,0,0,1,1,33
1993-10-11,1993,6,REG,1993_06_HOU_BUF,nfl-al-del-greco,Al Del Greco,HOU,BUF,1,1,0,0,
1993-10-11,1993,6,REG,1993_06_HOU_BUF,nfl-steve-christie,Steve Christie,BUF,HOU,5,5,0,1,
1993-10-14,1993,7,REG,1993_07_LA_ATL,nfl-tony-zendejas,Tony Zendejas,LA,ATL,3,3,1,2,52
1993-10-17,1993,7,REG,1993_07_CLE_CIN,nfl-doug-pelfrey,Doug Pelfrey,CIN,CLE,2,2,1,1,49
1993-10-17,1993,7,REG,1993_07_CLE_CIN,nfl-matt-stover,Matt Stover,CLE,CIN,4,4,0,0,
1993-10-17,1993,7,REG,1993_07_HOU_NE,nfl-al-del-greco,Al Del Greco,HOU,NE,4,4,0,0,
1993-10-17,1993,7,REG,1993_07_HOU_NE,nfl-scott-sisson,Scott Sisson,NE,HOU,2,2,0,1,
1993-10-17,1993,7,REG,1993_07_KC_SD,nfl-john-carney,John Carney,SD,KC,2,2,0,2,
1993-10-17,1993,7,REG,1993_07_KC_SD,nfl-nick-lowery,Nick Lowery,KC,SD,2,2,1,2,37
1993-10-17,1993,7,REG,1993_07_NO_PIT,nfl-morten-andersen,Morten Andersen,NO,PIT,2,2,0,0,
1993-10-17,1993,7,REG,1993_07_PHI_NYG,nfl-david-treadwell,David Treadwell,NYG,PHI,3,3,0,0,
1993-10-17,1993,7,REG,1993_07_PHI_NYG,nfl-matt-bahr,Matt Bahr,PHI,NYG,1,1,1,1,48
1993-10-17,1993,7,REG,1993_07_SEA_DET,nfl-john-kasay,John Kasay,SEA,DET,1,1,1,1,19
1993-10-17,1993,7,REG,1993_07_SF_DAL,nfl-mike-cofer,Mike Cofer,SF,DAL,2,2,1,1,25
1993-10-24,1993,8,REG,1993_08_BUF_NYJ,nfl-cary-blanchard,Cary Blanchard,NYJ,BUF,1,1,1,1,33
1993-10-24,1993,8,REG,1993_08_CIN_HOU,nfl-al-del-greco,Al Del Greco,HOU,CIN,4,4,0,0,
1993-10-24,1993,8,REG,1993_08_DET_LA,nfl-tony-zendejas,Tony Zendejas,LA,DET,1,2,0,0,
1993-10-24,1993,8,REG,1993_08_GB_TB,nfl-michael-husted,Michael Husted,TB,GB,2,2,0,0,
1993-10-24,1993,8,REG,1993_08_IND_MIA,nfl-dean-biasucci,Dean Biasucci,IND,MIA,3,4,0,1,
1993-10-24,1993,8,REG,1993_08_NE_SEA,nfl-john-kasay,John Kasay,SEA,NE,1,1,1,1,30
1993-10-24,1993,8,REG,1993_08_PHX_SF,nfl-greg-davis,Greg Davis,PHX,SF,2,2,0,0,
1993-10-24,1993,8,REG,1993_08_PHX_SF,nfl-mike-cofer,Mike Cofer,SF,PHX,4,4,0,0,
1993-10-24,1993,8,REG,1993_08_PIT_CLE,nfl-matt-stover,Matt Stover,CLE,PIT,4,4,0,0,
1993-10-31,1993,9,REG,1993_09_CHI_GB,nfl-chris-jacke,Chris Jacke,GB,CHI,2,2,1,1,40
1993-10-31,1993,9,REG,1993_09_CHI_GB,nfl-kevin-butler,Kevin Butler,CHI,GB,0,0,1,1,33
1993-10-31,1993,9,REG,1993_09_DAL_PHI,nfl-matt-bahr,Matt Bahr,PHI,DAL,1,1,1,1,33
1993-10-31,1993,9,REG,1993_09_KC_MIA,nfl-nick-lowery,Nick Lowery,KC,MIA,1,1,1,1,47
1993-10-31,1993,9,REG,1993_09_KC_MIA,nfl-pete-stoyanovich,Pete Stoyanovich,MIA,KC,3,3,1,1,34
1993-10-31,1993,9,REG,1993_09_LA_SF,nfl-tony-zendejas,Tony Zendejas,LA,SF,2,2,1,1,50
1993-10-31,1993,9,REG,1993_09_NO_PHX,nfl-greg-davis,Greg Davis,PHX,NO,2,2,1,2,28
1993-10-31,1993,9,REG,1993_09_NYJ_NYG,nfl-cary-blanchard,Cary Blanchard,NYJ,NYG,1,1,1,2,21
1993-10-31,1993,9,REG,1993_09_SEA_DEN,nfl-jason-elam,Jason Elam,DEN,SEA,4,4,0,1,
1993-10-31,1993,9,REG,1993_09_SEA_DEN,nfl-john-kasay,John Kasay,SEA,DEN,2,2,1,1,53
1993-10-31,1993,9,REG,1993_09_TB_ATL,nfl-michael-husted,Michael Husted,TB,ATL,4,4,1,3,24
1993-10-31,1993,9,REG,1993_09_TB_ATL,nfl-norm-johnson,Norm Johnson,ATL,TB,3,3,1,1,34
1993-11-01,1993,9,REG,1993_09_WAS_BUF,nfl-chip-lohmiller,Chip Lohmiller,WAS,BUF,1,1,1,2,19
1993-11-01,1993,9,REG,1993_09_WAS_BUF,nfl-steve-christie,Steve Christie,BUF,WAS,3,3,1,2,45
1993-11-07,1993,10,REG,1993_10_BUF_NE,nfl-scott-sisson,Scott Sisson,NE,BUF,1,1,1,2,27
1993-11-07,1993,10,REG,1993_10_DEN_CLE,nfl-matt-stover,Matt Stover,CLE,DEN,2,2,0,1,
1993-11-07,1993,10,REG,1993_10_IND_WAS,nfl-chip-lohmiller,Chip Lohmiller,WAS,IND,3,4,1,1,24
1993-11-07,1993,10,REG,1993_10_IND_WAS,nfl-dean-biasucci,Dean Biasucci,IND,WAS,3,3,1,1,22
1993-11-07,1993,10,REG,1993_10_LA_CHI,nfl-kevin-butler,Kevin Butler,CHI,LA,2,2,0,2,
1993-11-07,1993,10,REG,1993_10_MIA_NYJ,nfl-pete-stoyanovich,Pete Stoyanovich,MIA,NYJ,1,1,1,1,48
1993-11-07,1993,10,REG,1993_10_NYG_DAL,nfl-eddie-murray,Eddie Murray,DAL,NYG,4,4,1,2,34
1993-11-07,1993,10,REG,1993_10_PHI_PHX,nfl-matt-bahr,Matt Bahr,PHI,PHX,0,0,1,2,27
1993-11-07,1993,10,REG,1993_10_PIT_CIN,nfl-doug-pelfrey,Doug Pelfrey,CIN,PIT,1,2,1,1,32
1993-11-07,1993,10,REG,1993_10_PIT_CIN,nfl-gary-anderson,Gary Anderson,PIT,CIN,3,3,1,1,23
1993-11-07,1993,10,REG,1993_10_SD_MIN,nfl-fuad-reveiz,Fuad Reveiz,MIN,SD,2,2,1,1,20
1993-11-07,1993,10,REG,1993_10_SD_MIN,nfl-john-carney,John Carney,SD,MIN,3,4,1,2,36
1993-11-07,1993,10,REG,1993_10_SEA_HOU,nfl-john-kasay,John Kasay,SEA,HOU,2,2,0,0,
1993-11-14,1993,11,REG,1993_11_ATL_LA,nfl-tony-zendejas,Tony Zendejas,LA,ATL,0,0,0,1,
1993-11-14,1993,11,REG,1993_11_CLE_SEA,nfl-matt-stover,Matt Stover,CLE,SEA,0,0,1,1,25
1993-11-14,1993,11,REG,1993_11_GB_NO,nfl-morten-andersen,Morten Andersen,NO,GB,2,2,1,2,27
1993-11-14,1993,11,REG,1993_11_HOU_CIN,nfl-al-del-greco,Al Del Greco,HOU,CIN,5,5,1,1,39
1993-11-14,1993,11,REG,1993_11_HOU_CIN,nfl-doug-pelfrey,Doug Pelfrey,CIN,HOU,0,0,1,1,46
1993-11-14,1993,11,REG,1993_11_KC_LA,nfl-nick-lowery,Nick Lowery,KC,LA,4,4,1,2,30
1993-11-14,1993,11,REG,1993_11_MIA_PHI,nfl-matt-bahr,Matt Bahr,PHI,MIA,2,2,0,1,
1993-11-14,1993,11,REG,1993_11_MIN_DEN,nfl-jason-elam,Jason Elam,DEN,MIN,2,3,1,2,53
1993-11-14,1993,11,REG,1993_11_NYJ_IND,nfl-cary-blanchard,Cary Blanchard,NYJ,IND,4,4,1,1,22
1993-11-14,1993,11,REG,1993_11_NYJ_IND,nfl-dean-biasucci,Dean Biasucci,IND,NYJ,2,2,1,1,41
1993-11-14,1993,11,REG,1993_11_SF_TB,nfl-michael-husted,Michael Husted,TB,SF,3,3,0,0,
1993-11-14,1993,11,REG,1993_11_SF_TB,nfl-mike-cofer,Mike Cofer,SF,TB,6,6,1,1,44
1993-11-21,1993,12,REG,1993_12_CHI_KC,nfl-nick-lowery,Nick Lowery,KC,CHI,2,2,1,1,20
1993-11-21,1993,12,REG,1993_12_CIN_NYJ,nfl-cary-blanchard,Cary Blanchard,NYJ,CIN,2,2,1,1,42
1993-11-21,1993,12,REG,1993_12_CIN_NYJ,nfl-doug-pelfrey,Doug Pelfrey,CIN,NYJ,1,1,1,1,28
1993-11-21,1993,12,REG,1993_12_DAL_ATL,nfl-eddie-murray,Eddie Murray,DAL,ATL,2,2,0,0,
1993-11-21,1993,12,REG,1993_12_DET_GB,nfl-jason-hanson-2,Jason Hanson,DET,GB,2,2,1,2,50
1993-11-21,1993,12,REG,1993_12_IND_BUF,nfl-steve-christie,Steve Christie,BUF,IND,3,3,0,1,
1993-11-21,1993,12,REG,1993_12_LA_SD,nfl-john-carney,John Carney,SD,LA,1,1,0,0,
1993-11-21,1993,12,REG,1993_12_MIN_TB,nfl-fuad-reveiz,Fuad Reveiz,MIN,TB,1,1,1,1,43
1993-11-21,1993,12,REG,1993_12_NE_MIA,nfl-pete-stoyanovich,Pete Stoyanovich,MIA,NE,2,2,1,1,23
1993-11-21,1993,12,REG,1993_12_NYG_PHI,nfl-brad-daluiso,Brad Daluiso,NYG,PHI,0,0,0,1,
1993-11-21,1993,12,REG,1993_12_NYG_PHI,nfl-david-treadwell,David Treadwell,NYG,PHI,1,1,0,2,
1993-11-21,1993,12,REG,1993_12_NYG_PHI,nfl-matt-bahr,Matt Bahr,PHI,NYG,0,0,1,1,35
1993-11-21,1993,12,REG,1993_12_WAS_LA,nfl-tony-zendejas,Tony Zendejas,LA,WAS,1,1,1,2,23
1993-11-22,1993,12,REG,1993_12_NO_SF,nfl-mike-cofer,Mike Cofer,SF,NO,6,6,0,2,
1993-11-22,1993,12,REG,1993_12_NO_SF,nfl-morten-andersen,Morten Andersen,NO,SF,1,1,0,0,
1993-11-25,1993,13,REG,1993_13_CHI_DET,nfl-kevin-butler,Kevin Butler,CHI,DET,1,1,1,3,27
1993-11-25,1993,13,REG,1993_13_MIA_DAL,nfl-eddie-murray,Eddie Murray,DAL,MIA,2,2,0,1,
1993-11-28,1993,13,REG,1993_13_BUF_KC,nfl-steve-christie,Steve Christie,BUF,KC,1,1,0,1,
1993-11-28,1993,13,REG,1993_13_CLE_ATL,nfl-matt-stover,Matt Stover,CLE,ATL,2,2,0,1,
1993-11-28,1993,13,REG,1993_13_CLE_ATL,nfl-norm-johnson,Norm Johnson,ATL,CLE,2,2,1,1,51
1993-11-28,1993,13,REG,1993_13_DEN_SEA,nfl-jason-elam,Jason Elam,DEN,SEA,2,2,1,2,25
1993-11-28,1993,13,REG,1993_13_DEN_SEA,nfl-john-kasay,John Kasay,SEA,DEN,1,1,0,0,
1993-11-28,1993,13,REG,1993_13_LA_CIN,nfl-jeff-jaeger,Jeff Jaeger,LA,CIN,1,1,1,5,34
1993-11-28,1993,13,REG,1993_13_NO_MIN,nfl-fuad-reveiz,Fuad Reveiz,MIN,NO,2,2,0,2,
1993-11-28,1993,13,REG,1993_13_NO_MIN,nfl-morten-andersen,Morten Andersen,NO,MIN,2,2,1,2,24
1993-11-28,1993,13,REG,1993_13_NYJ_NE,nfl-scott-sisson,Scott Sisson,NE,NYJ,0,0,0,2,
1993-11-28,1993,13,REG,1993_13_PHI_WAS,nfl-chip-lohmiller,Chip Lohmiller,WAS,PHI,2,2,0,1,
1993-11-28,1993,13,REG,1993_13_PHI_WAS,nfl-matt-bahr,Matt Bahr,PHI,WAS,2,2,1,1,22
1993-11-28,1993,13,REG,1993_13_PHX_NYG,nfl-brad-daluiso,Brad Daluiso,NYG,PHX,0,0,1,1,54
1993-11-28,1993,13,REG,1993_13_PHX_NYG,nfl-greg-davis,Greg Davis,PHX,NYG,2,2,1,1,47
1993-11-28,1993,13,REG,1993_13_PIT_HOU,nfl-gary-anderson,Gary Anderson,PIT,HOU,0,0,1,1,42
1993-11-28,1993,13,REG,1993_13_SF_LA,nfl-mike-cofer,Mike Cofer,SF,LA,5,5,0,1,
1993-11-28,1993,13,REG,1993_13_SF_LA,nfl-tony-zendejas,Tony Zendejas,LA,SF,1,1,1,1,25
1993-11-28,1993,13,REG,1993_13_TB_GB,nfl-michael-husted,Michael Husted,TB,GB,1,1,1,1,30
1993-11-29,1993,13,REG,1993_13_SD_IND,nfl-dean-biasucci,Dean Biasucci,IND,SD,0,0,0,1,
1993-11-29,1993,13,REG,1993_13_SD_IND,nfl-john-carney,John Carney,SD,IND,4,4,1,1,36
1993-12-05,1993,14,REG,1993_14_ATL_HOU,nfl-norm-johnson,Norm Johnson,ATL,HOU,2,2,1,1,30
1993-12-05,1993,14,REG,1993_14_CIN_SF,nfl-mike-cofer,Mike Cofer,SF,CIN,3,3,0,0,
1993-12-05,1993,14,REG,1993_14_DEN_SD,nfl-jason-elam,Jason Elam,DEN,SD,1,1,1,2,30
1993-12-05,1993,14,REG,1993_14_GB_CHI,nfl-chris-jacke,Chris Jacke,GB,CHI,2,2,1,2,26
1993-12-05,1993,14,REG,1993_14_KC_SEA,nfl-nick-lowery,Nick Lowery,KC,SEA,4,4,1,1,47
1993-12-05,1993,14,REG,1993_14_LA_BUF,nfl-steve-christie,Steve Christie,BUF,LA,3,3,1,1,36
1993-12-05,1993,14,REG,1993_14_LA_PHX,nfl-greg-davis,Greg Davis,PHX,LA,5,5,1,1,27
1993-12-05,1993,14,REG,1993_14_LA_PHX,nfl-tony-zendejas,Tony Zendejas,LA,PHX,1,1,1,2,22
1993-12-05,1993,14,REG,1993_14_MIN_DET,nfl-jason-hanson-2,Jason Hanson,DET,MIN,0,0,0,1,
1993-12-05,1993,14,REG,1993_14_NE_PIT,nfl-gary-anderson,Gary Anderson,PIT,NE,2,2,1,1,35
1993-12-05,1993,14,REG,1993_14_NE_PIT,nfl-scott-sisson,Scott Sisson,NE,PIT,2,2,0,0,
1993-12-05,1993,14,REG,1993_14_NO_CLE,nfl-matt-stover,Matt Stover,CLE,NO,2,2,1,1,43
1993-12-05,1993,14,REG,1993_14_NYG_MIA,nfl-david-treadwell,David Treadwell,NYG,MIA,2,2,1,2,42
1993-12-05,1993,14,REG,1993_14_NYG_MIA,nfl-pete-stoyanovich,Pete Stoyanovich,MIA,NYG,2,2,0,1,
1993-12-05,1993,14,REG,1993_14_WAS_TB,nfl-chip-lohmiller,Chip Lohmiller,WAS,TB,2,3,1,2,51
1993-12-05,1993,14,REG,1993_14_WAS_TB,nfl-michael-husted,Michael Husted,TB,WAS,2,2,1,1,31
1993-12-06,1993,14,REG,1993_14_PHI_DAL,nfl-matt-bahr,Matt Bahr,PHI,DAL,2,2,1,2,25
1993-12-11,1993,15,REG,1993_15_NYJ_WAS,nfl-cary-blanchard,Cary Blanchard,NYJ,WAS,0,0,1,1,45
1993-12-11,1993,15,REG,1993_15_NYJ_WAS,nfl-chip-lohmiller,Chip Lohmiller,WAS,NYJ,0,0,0,1,
1993-12-11,1993,15,REG,1993_15_SF_ATL,nfl-mike-cofer,Mike Cofer,SF,ATL,3,3,1,1,32
1993-12-12,1993,15,REG,1993_15_BUF_PHI,nfl-matt-bahr,Matt Bahr,PHI,BUF,1,1,0,2,
1993-12-12,1993,15,REG,1993_15_BUF_PHI,nfl-steve-christie,Steve Christie,BUF,PHI,1,1,1,4,34
1993-12-12,1993,15,REG,1993_15_CHI_TB,nfl-kevin-butler,Kevin Butler,CHI,TB,1,1,1,1,55
1993-12-12,1993,15,REG,1993_15_CIN_NE,nfl-scott-sisson,Scott Sisson,NE,CIN,1,1,0,1,
1993-12-12,1993,15,REG,1993_15_CLE_HOU,nfl-matt-stover,Matt Stover,CLE,HOU,2,2,1,3,53
1993-12-12,1993,15,REG,1993_15_DET_PHX,nfl-greg-davis,Greg Davis,PHX,DET,2,2,0,1,
1993-12-12,1993,15,REG,1993_15_DET_PHX,nfl-jason-hanson-2,Jason Hanson,DET,PHX,3,3,0,0,
1993-12-12,1993,15,REG,1993_15_IND_NYG,nfl-david-treadwell,David Treadwell,NYG,IND,2,2,0,0,
1993-12-12,1993,15,REG,1993_15_KC_DEN,nfl-nick-lowery,Nick Lowery,KC,DEN,3,3,0,1,
1993-12-12,1993,15,REG,1993_15_LA_NO,nfl-tony-zendejas,Tony Zendejas,LA,NO,2,3,1,1,22
1993-12-12,1993,15,REG,1993_15_SEA_LA,nfl-john-kasay,John Kasay,SEA,LA,3,3,0,0,
1993-12-13,1993,15,REG,1993_15_PIT_MIA,nfl-gary-anderson,Gary Anderson,PIT,MIA,3,3,0,1,
1993-12-18,1993,16,REG,1993_16_DAL_NYJ,nfl-cary-blanchard,Cary Blanchard,NYJ,DAL,1,1,0,0,
1993-12-18,1993,16,REG,1993_16_DAL_NYJ,nfl-eddie-murray,Eddie Murray,DAL,NYJ,4,4,0,0,
1993-12-18,1993,16,REG,1993_16_DEN_CHI,nfl-kevin-butler,Kevin Butler,CHI,DEN,0,0,1,1,31
1993-12-19,1993,16,REG,1993_16_ATL_WAS,nfl-chip-lohmiller,Chip Lohmiller,WAS,ATL,4,4,0,1,
1993-12-19,1993,16,REG,1993_16_ATL_WAS,nfl-norm-johnson,Norm Johnson,ATL,WAS,2,2,1,1,41
1993-12-19,1993,16,REG,1993_16_HOU_PIT,nfl-gary-anderson,Gary Anderson,PIT,HOU,2,2,1,1,26
1993-12-19,1993,16,REG,1993_16_LA_CIN,nfl-tony-zendejas,Tony Zendejas,LA,CIN,0,0,1,2,32
1993-12-19,1993,16,REG,1993_16_MIN_GB,nfl-chris-jacke,Chris Jacke,GB,MIN,2,2,1,1,20
1993-12-19,1993,16,REG,1993_16_MIN_GB,nfl-fuad-reveiz,Fuad Reveiz,MIN,GB,3,3,0,2,
1993-12-19,1993,16,REG,1993_16_NE_CLE,nfl-matt-stover,Matt Stover,CLE,NE,2,2,1,1,23
1993-12-19,1993,16,REG,1993_16_PHI_IND,nfl-dean-biasucci,Dean Biasucci,IND,PHI,1,1,1,1,39
1993-12-19,1993,16,REG,1993_16_SD_KC,nfl-john-carney,John Carney,SD,KC,3,3,1,1,38
1993-12-19,1993,16,REG,1993_16_SD_KC,nfl-nick-lowery,Nick Lowery,KC,SD,4,4,0,0,
1993-12-19,1993,16,REG,1993_16_SF_DET,nfl-jason-hanson-2,Jason Hanson,DET,SF,2,2,1,1,51
1993-12-20,1993,16,REG,1993_16_NYG_NO,nfl-david-treadwell,David Treadwell,NYG,NO,3,3,1,1,22
1993-12-20,1993,16,REG,1993_16_NYG_NO,nfl-morten-andersen,Morten Andersen,NO,NYG,2,2,0,0,
1993-12-25,1993,17,REG,1993_17_HOU_SF,nfl-al-del-greco,Al Del Greco,HOU,SF,1,1,1,1,24
1993-12-25,1993,17,REG,1993_17_HOU_SF,nfl-mike-cofer,Mike Cofer,SF,HOU,1,1,0,2,
1993-12-26,1993,17,REG,1993_17_ATL_CIN,nfl-doug-pelfrey,Doug Pelfrey,CIN,ATL,3,3,0,0,
1993-12-26,1993,17,REG,1993_17_ATL_CIN,nfl-norm-johnson,Norm Johnson,ATL,CIN,2,2,1,1,49
1993-12-26,1993,17,REG,1993_17_CLE_LA,nfl-matt-stover,Matt Stover,CLE,LA,6,6,0,0,
1993-12-26,1993,17,REG,1993_17_CLE_LA,nfl-tony-zendejas,Tony Zendejas,LA,CLE,2,2,0,1,
1993-12-26,1993,17,REG,1993_17_DET_CHI,nfl-kevin-butler,Kevin Butler,CHI,DET,2,2,0,1,
1993-12-26,1993,17,REG,1993_17_IND_PHI,nfl-matt-bahr,Matt Bahr,PHI,IND,5,5,1,1,19
1993-12-26,1993,17,REG,1993_17_KC_MIN,nfl-nick-lowery,Nick Lowery,KC,MIN,1,1,1,1,42
1993-12-26,1993,17,REG,1993_17_LA_GB,nfl-chris-jacke,Chris Jacke,GB,LA,4,4,0,2,
1993-12-26,1993,17,REG,1993_17_NO_PHI,nfl-roger-ruzek,Roger Ruzek,PHI,NO,2,5,1,1,46
1993-12-26,1993,17,REG,1993_17_NYG_PHX,nfl-greg-davis,Greg Davis,PHX,NYG,2,2,1,2,20
1993-12-26,1993,17,REG,1993_17_NYJ_BUF,nfl-cary-blanchard,Cary Blanchard,NYJ,BUF,2,2,0,3,
1993-12-26,1993,17,REG,1993_17_TB_DEN,nfl-jason-elam,Jason Elam,DEN,TB,1,1,1,2,24
1993-12-26,1993,17,REG,1993_17_TB_DEN,nfl-michael-husted,Michael Husted,TB,DEN,2,2,1,2,48
1993-12-26,1993,17,REG,1993_17_WAS_DAL,nfl-chip-lohmiller,Chip Lohmiller,WAS,DAL,0,0,1,1,32
1993-12-26,1993,17,REG,1993_17_WAS_DAL,nfl-eddie-murray,Eddie Murray,DAL,WAS,5,5,1,2,38
1993-12-27,1993,17,REG,1993_17_MIA_SD,nfl-john-carney,John Carney,SD,MIA,6,6,1,2,32
1993-12-31,1993,18,REG,1993_18_MIN_WAS,nfl-fuad-reveiz,Fuad Reveiz,MIN,WAS,2,2,0,0,
1994-01-02,1993,18,REG,1993_18_BUF_IND,nfl-dean-biasucci,Dean Biasucci,IND,BUF,1,1,1,2,22
1994-01-02,1993,18,REG,1993_18_NYJ_HOU,nfl-al-del-greco,Al Del Greco,HOU,NYJ,3,3,1,1,38
1994-01-02,1993,18,REG,1993_18_NYJ_HOU,nfl-cary-blanchard,Cary Blanchard,NYJ,HOU,0,0,0,1,
1994-01-02,1993,18,REG,1993_18_PHX_ATL,nfl-norm-johnson,Norm Johnson,ATL,PHX,1,1,1,1,24
1994-01-02,1993,18,REG,1993_18_SD_TB,nfl-michael-husted,Michael Husted,TB,SD,2,2,1,1,21
1994-01-02,1993,18,REG,1993_18_SEA_KC,nfl-john-kasay,John Kasay,SEA,KC,3,3,1,1,55
1994-09-04,1994,1,REG,1994_01_ARI_LA,nfl-tony-zendejas,Tony Zendejas,LA,ARI,2,2,0,1,
1994-09-04,1994,1,REG,1994_01_ATL_DET,nfl-jason-hanson-2,Jason Hanson,DET,ATL,4,4,1,1,37
1994-09-04,1994,1,REG,1994_01_ATL_DET,nfl-norm-johnson,Norm Johnson,ATL,DET,4,4,0,1,
1994-09-04,1994,1,REG,1994_01_DAL_PIT,nfl-gary-anderson,Gary Anderson,PIT,DAL,0,0,1,1,41
1994-09-04,1994,1,REG,1994_01_HOU_IND,nfl-al-del-greco,Al Del Greco,HOU,IND,1,1,0,1,
1994-09-04,1994,1,REG,1994_01_HOU_IND,nfl-dean-biasucci,Dean Biasucci,IND,HOU,6,6,1,1,42
1994-09-04,1994,1,REG,1994_01_KC_NO,nfl-morten-andersen,Morten Andersen,NO,KC,2,2,1,2,48
1994-09-04,1994,1,REG,1994_01_MIN_GB,nfl-fuad-reveiz,Fuad Reveiz,MIN,GB,1,1,1,1,28
1994-09-04,1994,1,REG,1994_01_NE_MIA,nfl-matt-bahr,Matt Bahr,NE,MIA,5,5,0,0,
1994-09-04,1994,1,REG,1994_01_NE_MIA,nfl-pete-stoyanovich,Pete Stoyanovich,MIA,NE,4,4,1,1,42
1994-09-04,1994,1,REG,1994_01_NYJ_BUF,nfl-steve-christie,Steve Christie,BUF,NYJ,0,0,1,1,27
1994-09-04,1994,1,REG,1994_01_PHI_NYG,nfl-david-treadwell,David Treadwell,NYG,PHI,4,4,0,0,
1994-09-04,1994,1,REG,1994_01_SD_DEN,nfl-john-carney,John Carney,SD,DEN,2,2,1,1,27
1994-09-04,1994,1,REG,1994_01_SEA_WAS,nfl-chip-lohmiller,Chip Lohmiller,WAS,SEA,1,1,0,1,
1994-09-04,1994,1,REG,1994_01_SEA_WAS,nfl-john-kasay,John Kasay,SEA,WAS,4,4,0,0,
1994-09-04,1994,1,REG,1994_01_TB_CHI,nfl-kevin-butler,Kevin Butler,CHI,TB,3,3,0,0,
1994-09-05,1994,1,REG,1994_01_LA_SF,nfl-doug-brien,Doug Brien,SF,LA,5,6,1,2,33
1994-09-05,1994,1,REG,1994_01_LA_SF,nfl-jeff-jaeger,Jeff Jaeger,LA,SF,2,2,0,1,
1994-09-11,1994,2,REG,1994_02_BUF_NE,nfl-matt-bahr,Matt Bahr,NE,BUF,5,5,0,0,
1994-09-11,1994,2,REG,1994_02_BUF_NE,nfl-steve-christie,Steve Christie,BUF,NE,5,5,1,1,32
1994-09-11,1994,2,REG,1994_02_CIN_SD,nfl-doug-pelfrey,Doug Pelfrey,CIN,SD,1,1,1,1,19
1994-09-11,1994,2,REG,1994_02_DEN_NYJ,nfl-nick-lowery,Nick Lowery,NYJ,DEN,2,2,1,1,39
1994-09-11,1994,2,REG,1994_02_DET_MIN,nfl-fuad-reveiz,Fuad Reveiz,MIN,DET,1,1,1,2,36
1994-09-11,1994,2,REG,1994_02_DET_MIN,nfl-jason-hanson-2,Jason Hanson,DET,MIN,0,0,1,3,24
1994-09-11,1994,2,REG,1994_02_HOU_DAL,nfl-al-del-greco,Al Del Greco,HOU,DAL,2,2,1,1,41
1994-09-11,1994,2,REG,1994_02_IND_TB,nfl-dean-biasucci,Dean Biasucci,IND,TB,1,1,1,1,26
1994-09-11,1994,2,REG,1994_02_IND_TB,nfl-michael-husted,Michael Husted,TB,IND,3,3,1,1,47
1994-09-11,1994,2,REG,1994_02_LA_ATL,nfl-norm-johnson,Norm Johnson,ATL,LA,4,4,1,1,48
1994-09-11,1994,2,REG,1994_02_LA_ATL,nfl-tony-zendejas,Tony Zendejas,LA,ATL,1,1,0,0,
1994-09-11,1994,2,REG,1994_02_MIA_GB,nfl-chris-jacke,Chris Jacke,GB,MIA,0,0,0,1,
1994-09-11,1994,2,REG,1994_02_MIA_GB,nfl-pete-stoyanovich,Pete Stoyanovich,MIA,GB,3,3,1,1,48
1994-09-11,1994,2,REG,1994_02_NYG_ARI,nfl-david-treadwell,David Treadwell,NYG,ARI,2,3,0,0,
1994-09-11,1994,2,REG,1994_02_NYG_ARI,nfl-greg-davis,Greg Davis,ARI,NYG,2,2,1,1,21
1994-09-11,1994,2,REG,1994_02_PIT_CLE,nfl-gary-anderson,Gary Anderson,PIT,CLE,2,2,1,2,25
1994-09-11,1994,2,REG,1994_02_PIT_CLE,nfl-matt-stover,Matt Stover,CLE,PIT,1,1,1,2,23
1994-09-11,1994,2,REG,1994_02_SEA_LA,nfl-jeff-jaeger,Jeff Jaeger,LA,SEA,0,0,1,2,26
1994-09-11,1994,2,REG,1994_02_SEA_LA,nfl-john-kasay,John Kasay,SEA,LA,5,5,1,1,33
1994-09-11,1994,2,REG,1994_02_SF_KC,nfl-doug-brien,Doug Brien,SF,KC,2,2,1,2,19
1994-09-11,1994,2,REG,1994_02_SF_KC,nfl-lin-elliott,Lin Elliott,KC,SF,2,2,0,0,
1994-09-11,1994,2,REG,1994_02_WAS_NO,nfl-chip-lohmiller,Chip Lohmiller,WAS,NO,5,5,1,1,31
1994-09-11,1994,2,REG,1994_02_WAS_NO,nfl-morten-andersen,Morten Andersen,NO,WAS,1,1,1,2,29
1994-09-12,1994,2,REG,1994_02_CHI_PHI,nfl-kevin-butler,Kevin Butler,CHI,PHI,2,2,0,0,
1994-09-18,1994,3,REG,1994_03_ARI_CLE,nfl-greg-davis,Greg Davis,ARI,CLE,0,0,0,2,
1994-09-18,1994,3,REG,1994_03_ARI_CLE,nfl-matt-stover,Matt Stover,CLE,ARI,3,3,1,1,32
1994-09-18,1994,3,REG,1994_03_BUF_HOU,nfl-al-del-greco,Al Del Greco,HOU,BUF,1,1,0,0,
1994-09-18,1994,3,REG,1994_03_GB_PHI,nfl-chris-jacke,Chris Jacke,GB,PHI,1,1,0,0,
1994-09-18,1994,3,REG,1994_03_IND_PIT,nfl-dean-biasucci,Dean Biasucci,IND,PIT,3,3,0,0,
1994-09-18,1994,3,REG,1994_03_IND_PIT,nfl-gary-anderson,Gary Anderson,PIT,IND,4,4,1,1,46
1994-09-18,1994,3,REG,1994_03_KC_ATL,nfl-norm-johnson,Norm Johnson,ATL,KC,1,1,1,2,33
1994-09-18,1994,3,REG,1994_03_LA_DEN,nfl-jason-elam,Jason Elam,DEN,LA,1,1,1,1,43
1994-09-18,1994,3,REG,1994_03_MIN_CHI,nfl-kevin-butler,Kevin Butler,CHI,MIN,0,0,0,1,
1994-09-18,1994,3,REG,1994_03_NE_CIN,nfl-doug-pelfrey,Doug Pelfrey,CIN,NE,2,3,0,0,
1994-09-18,1994,3,REG,1994_03_NO_TB,nfl-michael-husted,Michael Husted,TB,NO,1,1,0,1,
1994-09-18,1994,3,REG,1994_03_NYJ_MIA,nfl-nick-lowery,Nick Lowery,NYJ,MIA,2,2,0,0,
1994-09-18,1994,3,REG,1994_03_NYJ_MIA,nfl-pete-stoyanovich,Pete Stoyanovich,MIA,NYJ,4,4,0,2,
1994-09-18,1994,3,REG,1994_03_SD_SEA,nfl-john-carney,John Carney,SD,SEA,3,3,1,2,36
1994-09-18,1994,3,REG,1994_03_SD_SEA,nfl-john-kasay,John Kasay,SEA,SD,1,1,1,1,39
1994-09-18,1994,3,REG,1994_03_WAS_NYG,nfl-david-treadwell,David Treadwell,NYG,WAS,4,4,1,1,34
1994-09-19,1994,3,REG,1994_03_DET_DAL,nfl-chris-boniol,Chris Boniol,DAL,DET,2,2,1,1,19
1994-09-25,1994,4,REG,1994_04_ATL_WAS,nfl-chip-lohmiller,Chip Lohmiller,WAS,ATL,2,3,0,1,
1994-09-25,1994,4,REG,1994_04_CHI_NYJ,nfl-nick-lowery,Nick Lowery,NYJ,CHI,1,1,0,2,
1994-09-25,1994,4,REG,1994_04_CLE_IND,nfl-dean-biasucci,Dean Biasucci,IND,CLE,2,2,0,1,
1994-09-25,1994,4,REG,1994_04_CLE_IND,nfl-matt-stover,Matt Stover,CLE,IND,3,3,0,0,
1994-09-25,1994,4,REG,1994_04_MIA_MIN,nfl-fuad-reveiz,Fuad Reveiz,MIN,MIA,5,5,1,2,38
1994-09-25,1994,4,REG,1994_04_MIA_MIN,nfl-pete-stoyanovich,Pete Stoyanovich,MIA,MIN,3,3,0,1,
1994-09-25,1994,4,REG,1994_04_NE_DET,nfl-jason-hanson-2,Jason Hanson,DET,NE,2,2,1,1,27
1994-09-25,1994,4,REG,1994_04_NO_SF,nfl-doug-brien,Doug Brien,SF,NO,3,3,1,2,43
1994-09-25,1994,4,REG,1994_04_SD_LA,nfl-jeff-jaeger,Jeff Jaeger,LA,SD,3,3,1,1,43
1994-09-25,1994,4,REG,1994_04_TB_GB,nfl-michael-husted,Michael Husted,TB,GB,0,0,1,1,24
1994-10-02,1994,5,REG,1994_05_ATL_LA,nfl-norm-johnson,Norm Johnson,ATL,LA,0,0,0,1,
1994-10-02,1994,5,REG,1994_05_ATL_LA,nfl-tony-zendejas,Tony Zendejas,LA,ATL,0,0,1,1,28
1994-10-02,1994,5,REG,1994_05_DAL_WAS,nfl-chip-lohmiller,Chip Lohmiller,WAS,DAL,1,1,0,0,
1994-10-02,1994,5,REG,1994_05_DET_TB,nfl-jason-hanson-2,Jason Hanson,DET,TB,2,2,0,1,
1994-10-02,1994,5,REG,1994_05_DET_TB,nfl-michael-husted,Michael Husted,TB,DET,3,3,1,2,23
1994-10-02,1994,5,REG,1994_05_GB_NE,nfl-chris-jacke,Chris Jacke,GB,NE,1,1,1,1,27
1994-10-02,1994,5,REG,1994_05_GB_NE,nfl-matt-bahr,Matt Bahr,NE,GB,2,2,1,3,33
1994-10-02,1994,5,REG,1994_05_MIA_CIN,nfl-doug-pelfrey,Doug Pelfrey,CIN,MIA,1,1,0,1,
1994-10-02,1994,5,REG,1994_05_MIN_ARI,nfl-fuad-reveiz,Fuad Reveiz,MIN,ARI,1,1,0,2,
1994-10-02,1994,5,REG,1994_05_MIN_ARI,nfl-greg-davis,Greg Davis,ARI,MIN,2,2,1,2,46
1994-10-02,1994,5,REG,1994_05_NYJ_CLE,nfl-nick-lowery,Nick Lowery,NYJ,CLE,1,1,0,0,
1994-10-02,1994,5,REG,1994_05_PHI_SF,nfl-eddie-murray,Eddie Murray,PHI,SF,5,5,1,1,36
1994-10-02,1994,5,REG,1994_05_SEA_IND,nfl-dean-biasucci,Dean Biasucci,IND,SEA,2,2,1,1,45
1994-10-03,1994,5,REG,1994_05_HOU_PIT,nfl-al-del-greco,Al Del Greco,HOU,PIT,2,2,0,1,
1994-10-09,1994,6,REG,1994_06_ARI_DAL,nfl-chris-boniol,Chris Boniol,DAL,ARI,5,5,1,2,19
1994-10-09,1994,6,REG,1994_06_ARI_DAL,nfl-greg-davis,Greg Davis,ARI,DAL,0,0,1,1,42
1994-10-09,1994,6,REG,1994_06_LA_GB,nfl-chris-jacke,Chris Jacke,GB,LA,3,3,1,2,25
1994-10-09,1994,6,REG,1994_06_LA_GB,nfl-tony-zendejas,Tony Zendejas,LA,GB,2,2,1,1,37
1994-10-09,1994,6,REG,1994_06_LA_NE,nfl-jeff-jaeger,Jeff Jaeger,LA,NE,3,3,0,0,
1994-10-09,1994,6,REG,1994_06_LA_NE,nfl-matt-bahr,Matt Bahr,NE,LA,2,2,1,1,24
1994-10-09,1994,6,REG,1994_06_MIA_BUF,nfl-pete-stoyanovich,Pete Stoyanovich,MIA,BUF,0,0,1,2,40
1994-10-09,1994,6,REG,1994_06_MIA_BUF,nfl-steve-christie,Steve Christie,BUF,MIA,3,3,0,0,
1994-10-09,1994,6,REG,1994_06_NO_CHI,nfl-kevin-butler,Kevin Butler,CHI,NO,2,2,1,2,46
1994-10-09,1994,6,REG,1994_06_NO_CHI,nfl-morten-andersen,Morten Andersen,NO,CHI,1,1,0,2,
1994-10-09,1994,6,REG,1994_06_SF_DET,nfl-doug-brien,Doug Brien,SF,DET,3,4,0,0,
1994-10-09,1994,6,REG,1994_06_SF_DET,nfl-jason-hanson-2,Jason Hanson,DET,SF,3,3,0,1,
1994-10-09,1994,6,REG,1994_06_WAS_PHI,nfl-chip-lohmiller,Chip Lohmiller,WAS,PHI,0,1,1,1,47
1994-10-09,1994,6,REG,1994_06_WAS_PHI,nfl-eddie-murray,Eddie Murray,PHI,WAS,3,3,0,0,
1994-10-10,1994,6,REG,1994_06_MIN_NYG,nfl-david-treadwell,David Treadwell,NYG,MIN,1,1,1,1,22
1994-10-13,1994,7,REG,1994_07_CLE_HOU,nfl-al-del-greco,Al Del Greco,HOU,CLE,0,0,0,1,
1994-10-13,1994,7,REG,1994_07_CLE_HOU,nfl-matt-stover,Matt Stover,CLE,HOU,0,0,1,2,35
1994-10-16,1994,7,REG,1994_07_ARI_WAS,nfl-chip-lohmiller,Chip Lohmiller,WAS,ARI,2,2,0,1,
1994-10-16,1994,7,REG,1994_07_CIN_PIT,nfl-doug-pelfrey,Doug Pelfrey,CIN,PIT,1,1,1,1,47
1994-10-16,1994,7,REG,1994_07_CIN_PIT,nfl-gary-anderson,Gary Anderson,PIT,CIN,2,2,0,0,
1994-10-16,1994,7,REG,1994_07_IND_BUF,nfl-steve-christie,Steve Christie,BUF,IND,2,2,1,1,23
1994-10-16,1994,7,REG,1994_07_LA_MIA,nfl-jeff-jaeger,Jeff Jaeger,LA,MIA,2,2,1,1,19
1994-10-16,1994,7,REG,1994_07_NE_NYJ,nfl-matt-bahr,Matt Bahr,NE,NYJ,2,2,1,1,40
1994-10-16,1994,7,REG,1994_07_NE_NYJ,nfl-nick-lowery,Nick Lowery,NYJ,NE,3,3,1,2,37
1994-10-16,1994,7,REG,1994_07_NYG_LA,nfl-david-treadwell,David Treadwell,NYG,LA,1,1,1,1,24
1994-10-16,1994,7,REG,1994_07_NYG_LA,nfl-tony-zendejas,Tony Zendejas,LA,NYG,2,2,1,1,22
1994-10-16,1994,7,REG,1994_07_PHI_DAL,nfl-chris-boniol,Chris Boniol,DAL,PHI,3,3,1,1,37
1994-10-16,1994,7,REG,1994_07_PHI_DAL,nfl-eddie-murray,Eddie Murray,PHI,DAL,1,1,0,0,
1994-10-16,1994,7,REG,1994_07_SD_NO,nfl-morten-andersen,Morten Andersen,NO,SD,2,2,0,2,
1994-10-16,1994,7,REG,1994_07_SF_ATL,nfl-doug-brien,Doug Brien,SF,ATL,6,6,0,0,
1994-10-16,1994,7,REG,1994_07_SF_ATL,nfl-norm-johnson,Norm Johnson,ATL,SF,0,0,1,2,34
1994-10-17,1994,7,REG,1994_07_KC_DEN,nfl-jason-elam,Jason Elam,DEN,KC,4,4,0,0,
1994-10-17,1994,7,REG,1994_07_KC_DEN,nfl-lin-elliott,Lin Elliott,KC,DEN,4,4,1,2,19
1994-10-20,1994,8,REG,1994_08_GB_MIN,nfl-chris-jacke,Chris Jacke,GB,MIN,1,1,1,1,50
1994-10-23,1994,8,REG,1994_08_ATL_LA,nfl-norm-johnson,Norm Johnson,ATL,LA,2,2,1,1,23
1994-10-23,1994,8,REG,1994_08_CHI_DET,nfl-jason-hanson-2,Jason Hanson,DET,CHI,3,3,0,0,
1994-10-23,1994,8,REG,1994_08_CHI_DET,nfl-kevin-butler,Kevin Butler,CHI,DET,1,1,1,2,22
1994-10-23,1994,8,REG,1994_08_DAL_ARI,nfl-chris-boniol,Chris Boniol,DAL,ARI,4,4,0,1,
1994-10-23,1994,8,REG,1994_08_DAL_ARI,nfl-todd-peterson-2,Todd Peterson,ARI,DAL,3,3,0,0,
1994-10-23,1994,8,REG,1994_08_PIT_NYG,nfl-brad-daluiso,Brad Daluiso,NYG,PIT,0,0,1,1,49
1994-10-23,1994,8,REG,1994_08_PIT_NYG,nfl-david-treadwell,David Treadwell,NYG,PIT,0,0,1,1,19
1994-10-23,1994,8,REG,1994_08_PIT_NYG,nfl-gary-anderson,Gary Anderson,PIT,NYG,1,1,1,1,29
1994-10-23,1994,8,REG,1994_08_SEA_KC,nfl-john-kasay,John Kasay,SEA,KC,1,1,0,0,
1994-10-24,1994,8,REG,1994_08_HOU_PHI,nfl-eddie-murray,Eddie Murray,PHI,HOU,3,3,0,0,
1994-10-30,1994,9,REG,1994_09_DET_NYG,nfl-david-treadwell,David Treadwell,NYG,DET,2,2,1,2,25
1994-10-30,1994,9,REG,1994_09_HOU_LA,nfl-al-del-greco,Al Del Greco,HOU,LA,2,2,0,1,
1994-10-30,1994,9,REG,1994_09_HOU_LA,nfl-jeff-jaeger,Jeff Jaeger,LA,HOU,2,2,1,1,35
1994-10-30,1994,9,REG,1994_09_KC_BUF,nfl-lin-elliott,Lin Elliott,KC,BUF,1,1,1,1,22
1994-10-30,1994,9,REG,1994_09_MIA_NE,nfl-matt-bahr,Matt Bahr,NE,MIA,0,0,1,1,48
1994-10-30,1994,9,REG,1994_09_MIN_TB,nfl-michael-husted,Michael Husted,TB,MIN,1,1,0,2,
1994-10-30,1994,9,REG,1994_09_NYJ_IND,nfl-dean-biasucci,Dean Biasucci,IND,NYJ,4,4,0,0,
1994-10-30,1994,9,REG,1994_09_NYJ_IND,nfl-nick-lowery,Nick Lowery,NYJ,IND,2,2,1,1,26
1994-10-30,1994,9,REG,1994_09_PHI_WAS,nfl-eddie-murray,Eddie Murray,PHI,WAS,4,4,1,3,30
1994-10-30,1994,9,REG,1994_09_PIT_ARI,nfl-gary-anderson,Gary Anderson,PIT,ARI,2,2,1,1,23
1994-10-30,1994,9,REG,1994_09_SEA_SD,nfl-john-kasay,John Kasay,SEA,SD,1,1,0,0,
1994-10-31,1994,9,REG,1994_09_GB_CHI,nfl-chris-jacke,Chris Jacke,GB,CHI,3,4,0,1,
1994-11-06,1994,10,REG,1994_10_ARI_PHI,nfl-eddie-murray,Eddie Murray,PHI,ARI,2,2,1,2,36
1994-11-06,1994,10,REG,1994_10_ARI_PHI,nfl-greg-davis,Greg Davis,ARI,PHI,1,1,0,1,
1994-11-06,1994,10,REG,1994_10_BUF_NYJ,nfl-steve-christie,Steve Christie,BUF,NYJ,2,2,1,1,39
1994-11-06,1994,10,REG,1994_10_CIN_SEA,nfl-john-kasay,John Kasay,SEA,CIN,2,2,1,1,23
1994-11-06,1994,10,REG,1994_10_DET_GB,nfl-chris-jacke,Chris Jacke,GB,DET,5,5,1,1,30
1994-11-06,1994,10,REG,1994_10_DET_GB,nfl-jason-hanson-2,Jason Hanson,DET,GB,2,2,0,1,
1994-11-06,1994,10,REG,1994_10_IND_MIA,nfl-dean-biasucci,Dean Biasucci,IND,MIA,3,3,0,1,
1994-11-06,1994,10,REG,1994_10_LA_KC,nfl-jeff-jaeger,Jeff Jaeger,LA,KC,0,0,1,3,50
1994-11-06,1994,10,REG,1994_10_NO_MIN,nfl-fuad-reveiz,Fuad Reveiz,MIN,NO,3,3,0,0,
1994-11-06,1994,10,REG,1994_10_SD_ATL,nfl-norm-johnson,Norm Johnson,ATL,SD,1,1,1,1,23
1994-11-06,1994,10,REG,1994_10_SF_WAS,nfl-doug-brien,Doug Brien,SF,WAS,4,4,1,1,32
1994-11-07,1994,10,REG,1994_10_NYG_DAL,nfl-chris-boniol,Chris Boniol,DAL,NYG,5,5,1,1,45
1994-11-07,1994,10,REG,1994_10_NYG_DAL,nfl-david-treadwell,David Treadwell,NYG,DAL,1,1,1,1,23
1994-11-13,1994,11,REG,1994_11_ARI_NYG,nfl-david-treadwell,David Treadwell,NYG,ARI,1,1,0,1,
1994-11-13,1994,11,REG,1994_11_ARI_NYG,nfl-greg-davis,Greg Davis,ARI,NYG,1,1,1,1,45
1994-11-13,1994,11,REG,1994_11_CHI_MIA,nfl-kevin-butler,Kevin Butler,CHI,MIA,2,2,1,2,40
1994-11-13,1994,11,REG,1994_11_CLE_PHI,nfl-eddie-murray,Eddie Murray,PHI,CLE,1,1,0,0,
1994-11-13,1994,11,REG,1994_11_DAL_SF,nfl-chris-boniol,Chris Boniol,DAL,SF,2,2,0,1,
1994-11-13,1994,11,REG,1994_11_DAL_SF,nfl-doug-brien,Doug Brien,SF,DAL,3,3,0,0,
1994-11-13,1994,11,REG,1994_11_HOU_CIN,nfl-al-del-greco,Al Del Greco,HOU,CIN,4,4,1,1,34
1994-11-13,1994,11,REG,1994_11_LA_LA,nfl-tony-zendejas,Tony Zendejas,LA,LA,2,2,1,2,22
1994-11-13,1994,11,REG,1994_11_NYJ_GB,nfl-chris-jacke,Chris Jacke,GB,NYJ,2,2,1,2,46
1994-11-13,1994,11,REG,1994_11_NYJ_GB,nfl-nick-lowery,Nick Lowery,NYJ,GB,1,1,1,1,20
1994-11-13,1994,11,REG,1994_11_SD_KC,nfl-john-carney,John Carney,SD,KC,2,2,0,0,
1994-11-13,1994,11,REG,1994_11_SEA_DEN,nfl-jason-elam,Jason Elam,DEN,SEA,2,2,1,1,42
1994-11-13,1994,11,REG,1994_11_SEA_DEN,nfl-john-kasay,John Kasay,SEA,DEN,1,1,1,2,19
1994-11-13,1994,11,REG,1994_11_TB_DET,nfl-jason-hanson-2,Jason Hanson,DET,TB,2,2,0,0,
1994-11-14,1994,11,REG,1994_11_BUF_PIT,nfl-steve-christie,Steve Christie,BUF,PIT,1,1,1,2,52
1994-11-20,1994,12,REG,1994_12_ATL_DEN,nfl-jason-elam,Jason Elam,DEN,ATL,3,3,1,2,35
1994-11-20,1994,12,REG,1994_12_ATL_DEN,nfl-norm-johnson,Norm Johnson,ATL,DEN,4,4,0,0,
1994-11-20,1994,12,REG,1994_12_CLE_KC,nfl-matt-stover,Matt Stover,CLE,KC,1,1,0,0,
1994-11-20,1994,12,REG,1994_12_DET_CHI,nfl-jason-hanson-2,Jason Hanson,DET,CHI,1,1,1,2,29
1994-11-20,1994,12,REG,1994_12_GB_BUF,nfl-chris-jacke,Chris Jacke,GB,BUF,2,3,0,0,
1994-11-20,1994,12,REG,1994_12_IND_CIN,nfl-dean-biasucci,Dean Biasucci,IND,CIN,2,2,1,1,35
1994-11-20,1994,12,REG,1994_12_LA_SF,nfl-doug-brien,Doug Brien,SF,LA,4,4,1,2,28
1994-11-20,1994,12,REG,1994_12_NO_LA,nfl-jeff-jaeger,Jeff Jaeger,LA,NO,3,3,1,2,51
1994-11-20,1994,12,REG,1994_12_NO_LA,nfl-morten-andersen,Morten Andersen,NO,LA,1,1,0,1,
1994-11-20,1994,12,REG,1994_12_NYJ_MIN,nfl-fuad-reveiz,Fuad Reveiz,MIN,NYJ,3,3,0,0,
1994-11-20,1994,12,REG,1994_12_NYJ_MIN,nfl-nick-lowery,Nick Lowery,NYJ,MIN,4,4,1,1,38
1994-11-20,1994,12,REG,1994_12_SD_NE,nfl-john-carney,John Carney,SD,NE,2,2,1,2,34
1994-11-20,1994,12,REG,1994_12_TB_SEA,nfl-john-kasay,John Kasay,SEA,TB,2,2,0,0,
1994-11-20,1994,12,REG,1994_12_WAS_DAL,nfl-chip-lohmiller,Chip Lohmiller,WAS,DAL,1,1,0,1,
1994-11-20,1994,12,REG,1994_12_WAS_DAL,nfl-chris-boniol,Chris Boniol,DAL,WAS,4,4,1,2,32
1994-11-21,1994,12,REG,1994_12_NYG_HOU,nfl-al-del-greco,Al Del Greco,HOU,NYG,1,1,1,1,43
1994-11-24,1994,13,REG,1994_13_BUF_DET,nfl-jason-hanson-2,Jason Hanson,DET,BUF,5,5,0,0,
1994-11-24,1994,13,REG,1994_13_BUF_DET,nfl-steve-christie,Steve Christie,BUF,DET,3,3,0,0,
1994-11-24,1994,13,REG,1994_13_GB_DAL,nfl-chris-jacke,Chris Jacke,GB,DAL,4,4,1,1,28
1994-11-27,1994,13,REG,1994_13_HOU_CLE,nfl-al-del-greco,Al Del Greco,HOU,CLE,1,1,1,1,42
1994-11-27,1994,13,REG,1994_13_KC_SEA,nfl-john-kasay,John Kasay,SEA,KC,1,1,1,1,32
1994-11-27,1994,13,REG,1994_13_LA_SD,nfl-tony-zendejas,Tony Zendejas,LA,SD,2,2,1,1,33
1994-11-27,1994,13,REG,1994_13_MIA_NYJ,nfl-nick-lowery,Nick Lowery,NYJ,MIA,3,3,1,1,24
1994-11-27,1994,13,REG,1994_13_MIA_NYJ,nfl-pete-stoyanovich,Pete Stoyanovich,MIA,NYJ,2,2,0,0,
1994-11-27,1994,13,REG,1994_13_NE_IND,nfl-dean-biasucci,Dean Biasucci,IND,NE,1,1,1,2,50
1994-11-27,1994,13,REG,1994_13_NYG_WAS,nfl-david-treadwell,David Treadwell,NYG,WAS,3,3,0,2,
1994-11-27,1994,13,REG,1994_13_PHI_ATL,nfl-eddie-murray,Eddie Murray,PHI,ATL,3,3,0,0,
1994-11-27,1994,13,REG,1994_13_PIT_LA,nfl-gary-anderson,Gary Anderson,PIT,LA,3,3,0,3,
1994-11-27,1994,13,REG,1994_13_PIT_LA,nfl-jeff-jaeger,Jeff Jaeger,LA,PIT,0,0,1,1,32
1994-11-28,1994,13,REG,1994_13_SF_NO,nfl-morten-andersen,Morten Andersen,NO,SF,2,2,0,0,
1994-12-04,1994,14,REG,1994_14_ARI_HOU,nfl-al-del-greco,Al Del Greco,HOU,ARI,1,1,1,1,38
1994-12-04,1994,14,REG,1994_14_ATL_SF,nfl-norm-johnson,Norm Johnson,ATL,SF,2,2,0,0,
1994-12-04,1994,14,REG,1994_14_BUF_MIA,nfl-pete-stoyanovich,Pete Stoyanovich,MIA,BUF,2,2,1,1,23
1994-12-04,1994,14,REG,1994_14_BUF_MIA,nfl-steve-christie,Steve Christie,BUF,MIA,6,6,0,0,
1994-12-04,1994,14,REG,1994_14_DAL_PHI,nfl-chris-boniol,Chris Boniol,DAL,PHI,4,4,1,1,19
1994-12-04,1994,14,REG,1994_14_DEN_KC,nfl-lin-elliott,Lin Elliott,KC,DEN,0,0,1,2,22
1994-12-04,1994,14,REG,1994_14_GB_DET,nfl-chris-jacke,Chris Jacke,GB,DET,4,4,1,2,24
1994-12-04,1994,14,REG,1994_14_IND_SEA,nfl-dean-biasucci,Dean Biasucci,IND,SEA,4,4,1,1,21
1994-12-04,1994,14,REG,1994_14_NO_LA,nfl-morten-andersen,Morten Andersen,NO,LA,4,4,1,1,46
1994-12-04,1994,14,REG,1994_14_NO_LA,nfl-tony-zendejas,Tony Zendejas,LA,NO,1,1,0,0,
1994-12-04,1994,14,REG,1994_14_NYG_CLE,nfl-david-treadwell,David Treadwell,NYG,CLE,1,1,0,1,
1994-12-04,1994,14,REG,1994_14_NYJ_NE,nfl-matt-bahr,Matt Bahr,NE,NYJ,3,3,1,1,33
1994-12-04,1994,14,REG,1994_14_PIT_CIN,nfl-doug-pelfrey,Doug Pelfrey,CIN,PIT,1,1,0,0,
1994-12-04,1994,14,REG,1994_14_PIT_CIN,nfl-gary-anderson,Gary Anderson,PIT,CIN,5,5,1,1,41
1994-12-04,1994,14,REG,1994_14_WAS_TB,nfl-chip-lohmiller,Chip Lohmiller,WAS,TB,3,3,0,0,
1994-12-05,1994,14,REG,1994_14_LA_SD,nfl-jeff-jaeger,Jeff Jaeger,LA,SD,3,3,1,1,43
1994-12-05,1994,14,REG,1994_14_LA_SD,nfl-john-carney,John Carney,SD,LA,2,2,1,1,24
1994-12-10,1994,15,REG,1994_15_CLE_DAL,nfl-chris-boniol,Chris Boniol,DAL,CLE,2,2,0,0,
1994-12-10,1994,15,REG,1994_15_DET_NYJ,nfl-nick-lowery,Nick Lowery,NYJ,DET,1,1,0,0,
1994-12-11,1994,15,REG,1994_15_CHI_GB,nfl-kevin-butler,Kevin Butler,CHI,GB,0,0,1,1,25
1994-12-11,1994,15,REG,1994_15_IND_NE,nfl-matt-bahr,Matt Bahr,NE,IND,4,4,0,1,
1994-12-11,1994,15,REG,1994_15_LA_TB,nfl-michael-husted,Michael Husted,TB,LA,3,3,1,2,20
1994-12-11,1994,15,REG,1994_15_LA_TB,nfl-tony-zendejas,Tony Zendejas,LA,TB,2,2,0,1,
1994-12-11,1994,15,REG,1994_15_MIN_BUF,nfl-steve-christie,Steve Christie,BUF,MIN,2,2,1,1,41
1994-12-11,1994,15,REG,1994_15_PHI_PIT,nfl-eddie-murray,Eddie Murray,PHI,PIT,0,0,1,1,21
1994-12-11,1994,15,REG,1994_15_PHI_PIT,nfl-gary-anderson,Gary Anderson,PIT,PHI,2,2,0,0,
1994-12-11,1994,15,REG,1994_15_SEA_HOU,nfl-john-kasay,John Kasay,SEA,HOU,1,2,1,1,40
1994-12-11,1994,15,REG,1994_15_SF_SD,nfl-doug-brien,Doug Brien,SF,SD,5,5,1,1,22
1994-12-11,1994,15,REG,1994_15_SF_SD,nfl-john-carney,John Carney,SD,SF,0,0,1,2,50
1994-12-11,1994,15,REG,1994_15_WAS_ARI,nfl-greg-davis,Greg Davis,ARI,WAS,2,2,1,1,27
1994-12-12,1994,15,REG,1994_15_KC_MIA,nfl-lin-elliott,Lin Elliott,KC,MIA,4,4,0,0,
1994-12-12,1994,15,REG,1994_15_KC_MIA,nfl-pete-stoyanovich,Pete Stoyanovich,MIA,KC,6,6,1,1,21
1994-12-17,1994,16,REG,1994_16_DEN_SF,nfl-doug-brien,Doug Brien,SF,DEN,6,6,0,0,
1994-12-18,1994,16,REG,1994_16_ATL_GB,nfl-chris-jacke,Chris Jacke,GB,ATL,3,3,0,2,
1994-12-18,1994,16,REG,1994_16_ATL_GB,nfl-norm-johnson,Norm Johnson,ATL,GB,0,0,1,1,20
1994-12-18,1994,16,REG,1994_16_CIN_ARI,nfl-doug-pelfrey,Doug Pelfrey,CIN,ARI,1,1,0,0,
1994-12-18,1994,16,REG,1994_16_CIN_ARI,nfl-greg-davis,Greg Davis,ARI,CIN,4,4,0,1,
1994-12-18,1994,16,REG,1994_16_CLE_PIT,nfl-gary-anderson,Gary Anderson,PIT,CLE,2,2,1,2,49
1994-12-18,1994,16,REG,1994_16_CLE_PIT,nfl-matt-stover,Matt Stover,CLE,PIT,1,1,0,0,
1994-12-18,1994,16,REG,1994_16_HOU_KC,nfl-al-del-greco,Al Del Greco,HOU,KC,0,0,1,1,48
1994-12-18,1994,16,REG,1994_16_HOU_KC,nfl-lin-elliott,Lin Elliott,KC,HOU,4,4,1,1,21
1994-12-18,1994,16,REG,1994_16_LA_SEA,nfl-jeff-jaeger,Jeff Jaeger,LA,SEA,2,2,1,1,24
1994-12-18,1994,16,REG,1994_16_MIA_IND,nfl-dean-biasucci,Dean Biasucci,IND,MIA,1,1,1,3,19
1994-12-18,1994,16,REG,1994_16_NE_BUF,nfl-steve-christie,Steve Christie,BUF,NE,2,2,1,1,24
1994-12-18,1994,16,REG,1994_16_SD_NYJ,nfl-john-carney,John Carney,SD,NYJ,3,3,0,0,
1994-12-18,1994,16,REG,1994_16_TB_WAS,nfl-chip-lohmiller,Chip Lohmiller,WAS,TB,2,2,0,1,
1994-12-18,1994,16,REG,1994_16_TB_WAS,nfl-michael-husted,Michael Husted,TB,WAS,2,2,1,3,42
1994-12-19,1994,16,REG,1994_16_DAL_NO,nfl-chris-boniol,Chris Boniol,DAL,NO,3,3,1,2,30
1994-12-24,1994,17,REG,1994_17_ARI_ATL,nfl-norm-johnson,Norm Johnson,ATL,ARI,1,1,1,1,24
1994-12-24,1994,17,REG,1994_17_BUF_IND,nfl-dean-biasucci,Dean Biasucci,IND,BUF,1,1,1,3,22
1994-12-24,1994,17,REG,1994_17_DAL_NYG,nfl-chris-boniol,Chris Boniol,DAL,NYG,1,1,1,2,37
1994-12-24,1994,17,REG,1994_17_KC_LA,nfl-jeff-jaeger,Jeff Jaeger,LA,KC,0,0,1,1,30
1994-12-24,1994,17,REG,1994_17_KC_LA,nfl-lin-elliott,Lin Elliott,KC,LA,2,2,1,1,22
1994-12-24,1994,17,REG,1994_17_NE_CHI,nfl-kevin-butler,Kevin Butler,CHI,NE,0,0,1,3,44
1994-12-24,1994,17,REG,1994_17_NYJ_HOU,nfl-nick-lowery,Nick Lowery,NYJ,HOU,1,1,1,1,49
1994-12-24,1994,17,REG,1994_17_SEA_CLE,nfl-john-kasay,John Kasay,SEA,CLE,0,0,1,2,30
1994-12-24,1994,17,REG,1994_17_SEA_CLE,nfl-matt-stover,Matt Stover,CLE,SEA,5,5,0,0,
1994-12-24,1994,17,REG,1994_17_WAS_LA,nfl-chip-lohmiller,Chip Lohmiller,WAS,LA,3,3,1,2,37
1994-12-24,1994,17,REG,1994_17_WAS_LA,nfl-tony-zendejas,Tony Zendejas,LA,WAS,3,3,0,1,
1994-12-26,1994,17,REG,1994_17_SF_MIN,nfl-doug-brien,Doug Brien,SF,MIN,2,2,0,0,
1995-09-03,1995,1,REG,1995_01_ARI_WAS,nfl-greg-davis,Greg Davis,ARI,WAS,1,1,0,1,
1995-09-03,1995,1,REG,1995_01_BUF_DEN,nfl-steve-christie,Steve Christie,BUF,DEN,1,1,0,0,
1995-09-03,1995,1,REG,1995_01_CLE_NE,nfl-matt-stover,Matt Stover,CLE,NE,2,2,0,0,
1995-09-03,1995,1,REG,1995_01_HOU_JAX,nfl-al-del-greco,Al Del Greco,HOU,JAX,1,1,1,1,19
1995-09-03,1995,1,REG,1995_01_HOU_JAX,nfl-mike-hollis,Mike Hollis,JAX,HOU,0,0,1,2,26
1995-09-03,1995,1,REG,1995_01_KC_SEA,nfl-todd-peterson-2,Todd Peterson,SEA,KC,1,1,1,1,49
1995-09-03,1995,1,REG,1995_01_MIN_CHI,nfl-fuad-reveiz,Fuad Reveiz,MIN,CHI,2,2,0,0,
1995-09-03,1995,1,REG,1995_01_MIN_CHI,nfl-kevin-butler,Kevin Butler,CHI,MIN,4,4,1,1,21
1995-09-03,1995,1,REG,1995_01_NYJ_MIA,nfl-nick-lowery,Nick Lowery,NYJ,MIA,2,2,0,1,
1995-09-03,1995,1,REG,1995_01_NYJ_MIA,nfl-pete-stoyanovich,Pete Stoyanovich,MIA,NYJ,7,7,1,1,25
1995-09-03,1995,1,REG,1995_01_SD_OAK,nfl-cole-ford,Cole Ford,OAK,SD,2,2,1,1,46
1995-09-03,1995,1,REG,1995_01_SD_OAK,nfl-john-carney,John Carney,SD,OAK,1,1,0,1,
1995-09-03,1995,1,REG,1995_01_SF_NO,nfl-chip-lohmiller,Chip Lohmiller,NO,SF,1,1,1,1,51
1995-09-03,1995,1,REG,1995_01_SF_NO,nfl-doug-brien,Doug Brien,SF,NO,3,3,1,2,28
1995-09-03,1995,1,REG,1995_01_STL_GB,nfl-chris-jacke,Chris Jacke,GB,STL,2,2,0,0,
1995-09-03,1995,1,REG,1995_01_STL_GB,nfl-steve-mclaughlin,Steve McLaughlin,STL,GB,2,2,1,1,19
1995-09-03,1995,1,REG,1995_01_TB_PHI,nfl-michael-husted,Michael Husted,TB,PHI,3,3,0,0,
1995-09-04,1995,1,REG,1995_01_DAL_NYG,nfl-brad-daluiso,Brad Daluiso,NYG,DAL,0,0,0,1,
1995-09-04,1995,1,REG,1995_01_DAL_NYG,nfl-chris-boniol,Chris Boniol,DAL,NYG,5,5,0,0,
1995-09-10,1995,2,REG,1995_02_ATL_SF,nfl-morten-andersen,Morten Andersen,ATL,SF,1,1,1,1,26
1995-09-10,1995,2,REG,1995_02_CAR_BUF,nfl-steve-christie,Steve Christie,BUF,CAR,4,4,1,1,39
1995-09-10,1995,2,REG,1995_02_DEN_DAL,nfl-chris-boniol,Chris Boniol,DAL,DEN,4,4,1,1,45
1995-09-10,1995,2,REG,1995_02_DEN_DAL,nfl-jason-elam,Jason Elam,DEN,DAL,3,3,0,0,
1995-09-10,1995,2,REG,1995_02_DET_MIN,nfl-jason-hanson-2,Jason Hanson,DET,MIN,1,1,1,3,33
1995-09-10,1995,2,REG,1995_02_IND_NYJ,nfl-nick-lowery,Nick Lowery,NYJ,IND,3,3,1,1,28
1995-09-10,1995,2,REG,1995_02_JAX_CIN,nfl-doug-pelfrey,Doug Pelfrey,CIN,JAX,3,3,1,2,42
1995-09-10,1995,2,REG,1995_02_JAX_CIN,nfl-mike-hollis,Mike Hollis,JAX,CIN,2,2,1,1,29
1995-09-10,1995,2,REG,1995_02_MIA_NE,nfl-matt-bahr,Matt Bahr,NE,MIA,0,0,1,1,29
1995-09-10,1995,2,REG,1995_02_NO_STL,nfl-steve-mclaughlin,Steve McLaughlin,STL,NO,2,2,1,2,31
1995-09-10,1995,2,REG,1995_02_NYG_KC,nfl-brad-daluiso,Brad Daluiso,NYG,KC,2,2,1,1,23
1995-09-10,1995,2,REG,1995_02_PHI_ARI,nfl-gary-anderson,Gary Anderson,PHI,ARI,4,4,1,2,43
1995-09-10,1995,2,REG,1995_02_PIT_HOU,nfl-al-del-greco,Al Del Greco,HOU,PIT,2,2,1,1,43
1995-09-10,1995,2,REG,1995_02_SEA_SD,nfl-john-carney,John Carney,SD,SEA,2,2,0,0,
1995-09-10,1995,2,REG,1995_02_SEA_SD,nfl-todd-peterson-2,Todd Peterson,SEA,SD,1,1,1,1,23
1995-09-10,1995,2,REG,1995_02_TB_CLE,nfl-michael-husted,Michael Husted,TB,CLE,0,0,0,1,
1995-09-11,1995,2,REG,1995_02_GB_CHI,nfl-chris-jacke,Chris Jacke,GB,CHI,3,3,0,0,
1995-09-11,1995,2,REG,1995_02_GB_CHI,nfl-kevin-butler,Kevin Butler,CHI,GB,3,3,1,1,20
1995-09-17,1995,3,REG,1995_03_ARI_DET,nfl-jason-hanson-2,Jason Hanson,DET,ARI,2,2,1,1,21
1995-09-17,1995,3,REG,1995_03_ATL_NO,nfl-chip-lohmiller,Chip Lohmiller,NO,ATL,3,3,1,1,21
1995-09-17,1995,3,REG,1995_03_CIN_SEA,nfl-doug-pelfrey,Doug Pelfrey,CIN,SEA,3,3,0,2,
1995-09-17,1995,3,REG,1995_03_CIN_SEA,nfl-todd-peterson-2,Todd Peterson,SEA,CIN,3,3,1,2,38
1995-09-17,1995,3,REG,1995_03_CLE_HOU,nfl-al-del-greco,Al Del Greco,HOU,CLE,1,1,0,1,
1995-09-17,1995,3,REG,1995_03_CLE_HOU,nfl-matt-stover,Matt Stover,CLE,HOU,2,2,0,0,
1995-09-17,1995,3,REG,1995_03_DAL_MIN,nfl-chris-boniol,Chris Boniol,DAL,MIN,0,1,1,2,39
1995-09-17,1995,3,REG,1995_03_DAL_MIN,nfl-fuad-reveiz,Fuad Reveiz,MIN,DAL,2,2,1,2,42
1995-09-17,1995,3,REG,1995_03_IND_BUF,nfl-mike-cofer,Mike Cofer,IND,BUF,2,2,0,1,
1995-09-17,1995,3,REG,1995_03_JAX_NYJ,nfl-mike-hollis,Mike Hollis,JAX,NYJ,1,1,1,1,34
1995-09-17,1995,3,REG,1995_03_NE_SF,nfl-doug-brien,Doug Brien,SF,NE,4,4,0,0,
1995-09-17,1995,3,REG,1995_03_NE_SF,nfl-matt-bahr,Matt Bahr,NE,SF,0,0,1,2,43
1995-09-17,1995,3,REG,1995_03_OAK_KC,nfl-cole-ford,Cole Ford,OAK,KC,2,2,1,1,33
1995-09-17,1995,3,REG,1995_03_OAK_KC,nfl-lin-elliott,Lin Elliott,KC,OAK,2,2,1,2,35
1995-09-17,1995,3,REG,1995_03_SD_PHI,nfl-gary-anderson,Gary Anderson,PHI,SD,3,3,0,1,
1995-09-17,1995,3,REG,1995_03_STL_CAR,nfl-john-kasay,John Kasay,CAR,STL,1,1,1,1,45
1995-09-17,1995,3,REG,1995_03_STL_CAR,nfl-steve-mclaughlin,Steve McLaughlin,STL,CAR,4,4,1,4,34
1995-09-17,1995,3,REG,1995_03_WAS_DEN,nfl-eddie-murray,Eddie Murray,WAS,DEN,4,4,1,2,21
1995-09-17,1995,3,REG,1995_03_WAS_DEN,nfl-jason-elam,Jason Elam,DEN,WAS,5,5,1,1,20
1995-09-18,1995,3,REG,1995_03_PIT_MIA,nfl-norm-johnson,Norm Johnson,PIT,MIA,1,1,1,1,40
1995-09-24,1995,4,REG,1995_04_CHI_STL,nfl-kevin-butler,Kevin Butler,CHI,STL,4,4,0,0,
1995-09-24,1995,4,REG,1995_04_DEN_SD,nfl-john-carney,John Carney,SD,DEN,2,2,1,1,45
1995-09-24,1995,4,REG,1995_04_GB_JAX,nfl-mike-hollis,Mike Hollis,JAX,GB,2,2,0,0,
1995-09-24,1995,4,REG,1995_04_HOU_CIN,nfl-al-del-greco,Al Del Greco,HOU,CIN,5,5,1,1,41
1995-09-24,1995,4,REG,1995_04_HOU_CIN,nfl-doug-pelfrey,Doug Pelfrey,CIN,HOU,4,4,0,0,
1995-09-24,1995,4,REG,1995_04_KC_CLE,nfl-lin-elliott,Lin Elliott,KC,CLE,2,2,1,2,25
1995-09-24,1995,4,REG,1995_04_KC_CLE,nfl-matt-stover,Matt Stover,CLE,KC,5,5,0,1,
1995-09-24,1995,4,REG,1995_04_NO_NYG,nfl-brad-daluiso,Brad Daluiso,NYG,NO,6,6,1,1,51
1995-09-24,1995,4,REG,1995_04_NO_NYG,nfl-chip-lohmiller,Chip Lohmiller,NO,NYG,2,3,1,1,20
1995-09-24,1995,4,REG,1995_04_NYJ_ATL,nfl-nick-lowery,Nick Lowery,NYJ,ATL,0,0,1,1,37
1995-09-24,1995,4,REG,1995_04_PHI_OAK,nfl-gary-anderson,Gary Anderson,PHI,OAK,2,2,1,2,30
1995-09-24,1995,4,REG,1995_04_WAS_TB,nfl-michael-husted,Michael Husted,TB,WAS,2,2,0,0,
1995-09-25,1995,4,REG,1995_04_SF_DET,nfl-doug-brien,Doug Brien,SF,DET,3,3,1,3,23
1995-10-01,1995,5,REG,1995_05_DEN_SEA,nfl-jason-elam,Jason Elam,DEN,SEA,1,1,1,3,30
1995-10-01,1995,5,REG,1995_05_JAX_HOU,nfl-mike-hollis,Mike Hollis,JAX,HOU,2,2,1,1,22
1995-10-01,1995,5,REG,1995_05_KC_ARI,nfl-greg-davis,Greg Davis,ARI,KC,0,0,1,1,48
1995-10-01,1995,5,REG,1995_05_KC_ARI,nfl-lin-elliott,Lin Elliott,KC,ARI,3,3,1,1,28
1995-10-01,1995,5,REG,1995_05_MIA_CIN,nfl-doug-pelfrey,Doug Pelfrey,CIN,MIA,2,2,1,2,28
1995-10-01,1995,5,REG,1995_05_NE_ATL,nfl-matt-bahr,Matt Bahr,NE,ATL,2,2,1,1,27
1995-10-01,1995,5,REG,1995_05_OAK_NYJ,nfl-nick-lowery,Nick Lowery,NYJ,OAK,1,1,1,1,33
1995-10-01,1995,5,REG,1995_05_PHI_NO,nfl-chip-lohmiller,Chip Lohmiller,NO,PHI,1,1,1,1,34
1995-10-01,1995,5,REG,1995_05_SD_PIT,nfl-john-carney,John Carney,SD,PIT,1,1,1,1,28
1995-10-01,1995,5,REG,1995_05_SD_PIT,nfl-norm-johnson,Norm Johnson,PIT,SD,4,4,1,1,25
1995-10-01,1995,5,REG,1995_05_STL_IND,nfl-mike-cofer,Mike Cofer,IND,STL,3,3,0,1,
1995-10-01,1995,5,REG,1995_05_STL_IND,nfl-steve-mclaughlin,Steve McLaughlin,STL,IND,1,1,1,1,29
1995-10-01,1995,5,REG,1995_05_TB_CAR,nfl-john-kasay,John Kasay,CAR,TB,1,2,0,0,
1995-10-08,1995,6,REG,1995_06_ARI_NYG,nfl-brad-daluiso,Brad Daluiso,NYG,ARI,3,3,0,0,
1995-10-08,1995,6,REG,1995_06_CAR_CHI,nfl-kevin-butler,Kevin Butler,CHI,CAR,4,4,1,1,23
1995-10-08,1995,6,REG,1995_06_CLE_DET,nfl-jason-hanson-2,Jason Hanson,DET,CLE,5,5,1,1,56
1995-10-08,1995,6,REG,1995_06_DEN_NE,nfl-matt-bahr,Matt Bahr,NE,DEN,0,0,1,1,51
1995-10-08,1995,6,REG,1995_06_GB_DAL,nfl-chris-jacke,Chris Jacke,GB,DAL,3,3,1,1,42
1995-10-08,1995,6,REG,1995_06_HOU_MIN,nfl-fuad-reveiz,Fuad Reveiz,MIN,HOU,2,2,1,1,38
1995-10-08,1995,6,REG,1995_06_IND_MIA,nfl-pete-stoyanovich,Pete Stoyanovich,MIA,IND,3,3,1,3,51
1995-10-08,1995,6,REG,1995_06_NYJ_BUF,nfl-nick-lowery,Nick Lowery,NYJ,BUF,1,1,1,2,26
1995-10-08,1995,6,REG,1995_06_SEA_OAK,nfl-todd-peterson-2,Todd Peterson,SEA,OAK,2,2,0,1,
1995-10-12,1995,7,REG,1995_07_ATL_STL,nfl-morten-andersen,Morten Andersen,ATL,STL,1,1,0,0,
1995-10-12,1995,7,REG,1995_07_ATL_STL,nfl-steve-mclaughlin,Steve McLaughlin,STL,ATL,3,3,0,1,
1995-10-15,1995,7,REG,1995_07_DAL_SD,nfl-chris-boniol,Chris Boniol,DAL,SD,2,3,1,1,30
1995-10-15,1995,7,REG,1995_07_DAL_SD,nfl-john-carney,John Carney,SD,DAL,1,1,0,0,
1995-10-15,1995,7,REG,1995_07_DET_GB,nfl-jason-hanson-2,Jason Hanson,DET,GB,3,3,0,0,
1995-10-15,1995,7,REG,1995_07_MIA_NO,nfl-chip-lohmiller,Chip Lohmiller,NO,MIA,3,4,0,3,
1995-10-15,1995,7,REG,1995_07_MIA_NO,nfl-pete-stoyanovich,Pete Stoyanovich,MIA,NO,3,3,1,2,20
1995-10-15,1995,7,REG,1995_07_NE_KC,nfl-lin-elliott,Lin Elliott,KC,NE,4,4,1,1,27
1995-10-15,1995,7,REG,1995_07_PHI_NYG,nfl-gary-anderson,Gary Anderson,PHI,NYG,2,2,1,2,40
1995-10-15,1995,7,REG,1995_07_SEA_BUF,nfl-todd-peterson-2,Todd Peterson,SEA,BUF,3,3,0,0,
1995-10-15,1995,7,REG,1995_07_SF_IND,nfl-doug-brien,Doug Brien,SF,IND,2,2,1,2,51
1995-10-15,1995,7,REG,1995_07_WAS_ARI,nfl-greg-davis,Greg Davis,ARI,WAS,3,3,1,1,24
1995-10-22,1995,8,REG,1995_08_ATL_STL,nfl-tony-zendejas,Tony Zendejas,ATL,STL,3,4,1,1,38
1995-10-22,1995,8,REG,1995_08_ATL_TB,nfl-michael-husted,Michael Husted,TB,ATL,3,3,0,1,
1995-10-22,1995,8,REG,1995_08_ATL_TB,nfl-morten-andersen,Morten Andersen,ATL,TB,3,3,1,1,30
1995-10-22,1995,8,REG,1995_08_HOU_CHI,nfl-al-del-greco,Al Del Greco,HOU,CHI,3,3,1,2,39
1995-10-22,1995,8,REG,1995_08_IND_OAK,nfl-cary-blanchard,Cary Blanchard,IND,OAK,2,2,1,1,25
1995-10-22,1995,8,REG,1995_08_JAX_CLE,nfl-mike-hollis,Mike Hollis,JAX,CLE,2,3,1,1,31
1995-10-22,1995,8,REG,1995_08_KC_DEN,nfl-jason-elam,Jason Elam,DEN,KC,1,1,0,0,
1995-10-22,1995,8,REG,1995_08_KC_DEN,nfl-lin-elliott,Lin Elliott,KC,DEN,3,3,0,1,
1995-10-22,1995,8,REG,1995_08_MIA_NYJ,nfl-nick-lowery,Nick Lowery,NYJ,MIA,2,2,1,1,50
1995-10-22,1995,8,REG,1995_08_MIN_GB,nfl-chris-jacke,Chris Jacke,GB,MIN,5,5,1,3,26
1995-10-22,1995,8,REG,1995_08_MIN_GB,nfl-fuad-reveiz,Fuad Reveiz,MIN,GB,3,3,0,0,
1995-10-22,1995,8,REG,1995_08_NO_CAR,nfl-chip-lohmiller,Chip Lohmiller,NO,CAR,0,0,1,1,29
1995-10-22,1995,8,REG,1995_08_SD_SEA,nfl-john-carney,John Carney,SD,SEA,2,3,1,1,25
1995-10-22,1995,8,REG,1995_08_SF_STL,nfl-steve-mclaughlin,Steve McLaughlin,STL,SF,1,1,1,2,25
1995-10-29,1995,9,REG,1995_09_CAR_NE,nfl-matt-bahr,Matt Bahr,NE,CAR,2,2,1,1,19
1995-10-29,1995,9,REG,1995_09_DAL_ATL,nfl-chris-boniol,Chris Boniol,DAL,ATL,4,4,0,0,
1995-10-29,1995,9,REG,1995_09_GB_DET,nfl-jason-hanson-2,Jason Hanson,DET,GB,3,3,1,1,38
1995-10-29,1995,9,REG,1995_09_JAX_PIT,nfl-mike-hollis,Mike Hollis,JAX,PIT,1,1,0,0,
1995-10-29,1995,9,REG,1995_09_JAX_PIT,nfl-norm-johnson,Norm Johnson,PIT,JAX,3,3,1,1,36
1995-10-29,1995,9,REG,1995_09_NO_ATL,nfl-tony-zendejas,Tony Zendejas,ATL,NO,1,1,0,1,
1995-10-29,1995,9,REG,1995_09_NO_SF,nfl-chip-lohmiller,Chip Lohmiller,NO,SF,0,0,1,3,20
1995-10-29,1995,9,REG,1995_09_NYG_WAS,nfl-brad-daluiso,Brad Daluiso,NYG,WAS,3,3,1,1,31
1995-10-29,1995,9,REG,1995_09_NYJ_IND,nfl-cary-blanchard,Cary Blanchard,IND,NYJ,2,2,1,1,46
1995-10-29,1995,9,REG,1995_09_NYJ_IND,nfl-nick-lowery,Nick Lowery,NYJ,IND,1,1,1,1,42
1995-10-29,1995,9,REG,1995_09_SEA_ARI,nfl-greg-davis,Greg Davis,ARI,SEA,2,2,0,1,
1995-10-29,1995,9,REG,1995_09_SEA_ARI,nfl-todd-peterson-2,Todd Peterson,SEA,ARI,2,2,0,1,
1995-10-29,1995,9,REG,1995_09_STL_PHI,nfl-steve-mclaughlin,Steve McLaughlin,STL,PHI,0,0,1,3,29
1995-10-29,1995,9,REG,1995_09_TB_HOU,nfl-michael-husted,Michael Husted,TB,HOU,1,1,0,1,
1995-10-30,1995,9,REG,1995_09_CHI_MIN,nfl-kevin-butler,Kevin Butler,CHI,MIN,2,2,0,0,
1995-11-05,1995,10,REG,1995_10_ARI_DEN,nfl-jason-elam,Jason Elam,DEN,ARI,5,5,1,1,53
1995-11-05,1995,10,REG,1995_10_BUF_IND,nfl-cary-blanchard,Cary Blanchard,IND,BUF,1,1,1,1,37
1995-11-05,1995,10,REG,1995_10_CAR_ATL,nfl-tony-zendejas,Tony Zendejas,ATL,CAR,1,1,0,1,
1995-11-05,1995,10,REG,1995_10_DET_ATL,nfl-jason-hanson-2,Jason Hanson,DET,ATL,2,2,0,0,
1995-11-05,1995,10,REG,1995_10_HOU_CLE,nfl-matt-stover,Matt Stover,CLE,HOU,1,1,1,2,20
1995-11-05,1995,10,REG,1995_10_MIA_SD,nfl-pete-stoyanovich,Pete Stoyanovich,MIA,SD,3,3,1,1,36
1995-11-05,1995,10,REG,1995_10_NE_NYJ,nfl-nick-lowery,Nick Lowery,NYJ,NE,1,1,0,0,
1995-11-05,1995,10,REG,1995_10_NYG_SEA,nfl-brad-daluiso,Brad Daluiso,NYG,SEA,1,1,1,2,23
1995-11-05,1995,10,REG,1995_10_STL_NO,nfl-dean-biasucci,Dean Biasucci,STL,NO,1,1,1,2,32
1995-11-05,1995,10,REG,1995_10_WAS_KC,nfl-eddie-murray,Eddie Murray,WAS,KC,0,0,1,1,29
1995-11-05,1995,10,REG,1995_10_WAS_KC,nfl-lin-elliott,Lin Elliott,KC,WAS,3,3,1,1,38
1995-11-12,1995,11,REG,1995_11_ATL_BUF,nfl-morten-andersen,Morten Andersen,ATL,BUF,2,2,1,3,50
1995-11-12,1995,11,REG,1995_11_CAR_STL,nfl-dean-biasucci,Dean Biasucci,STL,CAR,4,4,0,0,
1995-11-12,1995,11,REG,1995_11_CAR_STL,nfl-john-kasay,John Kasay,CAR,STL,2,2,1,2,23
1995-11-12,1995,11,REG,1995_11_CHI_GB,nfl-chris-jacke,Chris Jacke,GB,CHI,5,5,0,0,
1995-11-12,1995,11,REG,1995_11_CHI_GB,nfl-kevin-butler,Kevin Butler,CHI,GB,4,4,0,0,
1995-11-12,1995,11,REG,1995_11_DEN_PHI,nfl-gary-anderson,Gary Anderson,PHI,DEN,4,4,1,2,39
1995-11-12,1995,11,REG,1995_11_IND_NO,nfl-cary-blanchard,Cary Blanchard,IND,NO,2,2,0,2,
1995-11-12,1995,11,REG,1995_11_IND_SF,nfl-doug-brien,Doug Brien,SF,IND,2,2,1,1,25
1995-11-12,1995,11,REG,1995_11_KC_SD,nfl-john-carney,John Carney,SD,KC,1,1,0,1,
1995-11-12,1995,11,REG,1995_11_MIN_ARI,nfl-fuad-reveiz,Fuad Reveiz,MIN,ARI,3,3,1,2,43
1995-11-12,1995,11,REG,1995_11_NE_MIA,nfl-pete-stoyanovich,Pete Stoyanovich,MIA,NE,2,2,1,2,36
1995-11-12,1995,11,REG,1995_11_OAK_NYG,nfl-jeff-jaeger,Jeff Jaeger,OAK,NYG,2,2,1,1,30
1995-11-12,1995,11,REG,1995_11_SEA_JAX,nfl-todd-peterson-2,Todd Peterson,SEA,JAX,6,6,1,1,25
1995-11-12,1995,11,REG,1995_11_SF_DAL,nfl-jeff-wilkins,Jeff Wilkins,SF,DAL,5,5,1,1,26
1995-11-12,1995,11,REG,1995_11_TB_DET,nfl-michael-husted,Michael Husted,TB,DET,3,3,1,2,34
1995-11-13,1995,11,REG,1995_11_CLE_PIT,nfl-matt-stover,Matt Stover,CLE,PIT,0,0,1,1,29
1995-11-19,1995,12,REG,1995_12_ARI_CAR,nfl-greg-davis,Greg Davis,ARI,CAR,1,1,0,0,
1995-11-19,1995,12,REG,1995_12_BUF_NYJ,nfl-steve-christie,Steve Christie,BUF,NYJ,4,4,0,2,
1995-11-19,1995,12,REG,1995_12_DAL_OAK,nfl-jeff-jaeger,Jeff Jaeger,OAK,DAL,3,3,0,1,
1995-11-19,1995,12,REG,1995_12_DET_CHI,nfl-jason-hanson-2,Jason Hanson,DET,CHI,3,3,1,2,25
1995-11-19,1995,12,REG,1995_12_DET_CHI,nfl-kevin-butler,Kevin Butler,CHI,DET,2,2,1,3,39
1995-11-19,1995,12,REG,1995_12_GB_CLE,nfl-chris-jacke,Chris Jacke,GB,CLE,4,4,1,1,28
1995-11-19,1995,12,REG,1995_12_HOU_KC,nfl-al-del-greco,Al Del Greco,HOU,KC,1,1,0,0,
1995-11-19,1995,12,REG,1995_12_IND_NE,nfl-cary-blanchard,Cary Blanchard,IND,NE,3,3,1,1,36
1995-11-19,1995,12,REG,1995_12_IND_NE,nfl-matt-bahr,Matt Bahr,NE,IND,1,1,1,1,41
1995-11-19,1995,12,REG,1995_12_JAX_TB,nfl-michael-husted,Michael Husted,TB,JAX,2,2,1,1,33
1995-11-19,1995,12,REG,1995_12_JAX_TB,nfl-mike-hollis,Mike Hollis,JAX,TB,1,1,1,1,22
1995-11-19,1995,12,REG,1995_12_NYG_PHI,nfl-brad-daluiso,Brad Daluiso,NYG,PHI,2,2,1,2,44
1995-11-19,1995,12,REG,1995_12_NYG_PHI,nfl-gary-anderson,Gary Anderson,PHI,NYG,4,4,0,0,
1995-11-19,1995,12,REG,1995_12_PIT_CIN,nfl-doug-pelfrey,Doug Pelfrey,CIN,PIT,4,4,1,1,27
1995-11-19,1995,12,REG,1995_12_SF_MIN,nfl-doug-brien,Doug Brien,SF,MIN,1,1,1,2,30
1995-11-19,1995,12,REG,1995_12_STL_ATL,nfl-morten-andersen,Morten Andersen,ATL,STL,4,4,1,2,23
1995-11-20,1995,12,REG,1995_12_SF_MIA,nfl-pete-stoyanovich,Pete Stoyanovich,MIA,SF,2,2,0,0,
1995-11-23,1995,13,REG,1995_13_KC_DAL,nfl-chris-boniol,Chris Boniol,DAL,KC,3,3,1,1,20
1995-11-23,1995,13,REG,1995_13_MIN_DET,nfl-fuad-reveiz,Fuad Reveiz,MIN,DET,5,5,1,2,49
1995-11-26,1995,13,REG,1995_13_ATL_ARI,nfl-morten-andersen,Morten Andersen,ATL,ARI,4,5,1,1,21
1995-11-26,1995,13,REG,1995_13_CAR_NO,nfl-john-kasay,John Kasay,CAR,NO,1,1,1,1,22
1995-11-26,1995,13,REG,1995_13_CHI_NYG,nfl-brad-daluiso,Brad Daluiso,NYG,CHI,3,3,1,1,22
1995-11-26,1995,13,REG,1995_13_CIN_JAX,nfl-doug-pelfrey,Doug Pelfrey,CIN,JAX,2,2,1,1,31
1995-11-26,1995,13,REG,1995_13_DEN_HOU,nfl-al-del-greco,Al Del Greco,HOU,DEN,6,6,0,0,
1995-11-26,1995,13,REG,1995_13_NYJ_SEA,nfl-todd-peterson-2,Todd Peterson,SEA,NYJ,1,1,1,1,42
1995-11-26,1995,13,REG,1995_13_PHI_WAS,nfl-eddie-murray,Eddie Murray,WAS,PHI,1,1,0,2,
1995-11-26,1995,13,REG,1995_13_PHI_WAS,nfl-gary-anderson,Gary Anderson,PHI,WAS,0,1,0,1,
1995-11-26,1995,13,REG,1995_13_PIT_CLE,nfl-matt-stover,Matt Stover,CLE,PIT,2,2,1,1,44
1995-11-26,1995,13,REG,1995_13_STL_SF,nfl-dean-biasucci,Dean Biasucci,STL,SF,1,2,0,0,
1995-11-26,1995,13,REG,1995_13_TB_GB,nfl-chris-jacke,Chris Jacke,GB,TB,5,5,0,0,
1995-11-30,1995,14,REG,1995_14_NYG_ARI,nfl-brad-daluiso,Brad Daluiso,NYG,ARI,1,1,1,3,51
1995-12-03,1995,14,REG,1995_14_ATL_MIA,nfl-morten-andersen,Morten Andersen,ATL,MIA,2,2,0,0,
1995-12-03,1995,14,REG,1995_14_ATL_MIA,nfl-pete-stoyanovich,Pete Stoyanovich,MIA,ATL,0,0,1,2,42
1995-12-03,1995,14,REG,1995_14_BUF_SF,nfl-steve-christie,Steve Christie,BUF,SF,2,2,1,1,23
1995-12-03,1995,14,REG,1995_14_CIN_GB,nfl-chris-jacke,Chris Jacke,GB,CIN,3,3,1,1,41
1995-12-03,1995,14,REG,1995_14_CIN_GB,nfl-doug-pelfrey,Doug Pelfrey,CIN,GB,1,1,1,1,28
1995-12-03,1995,14,REG,1995_14_CLE_SD,nfl-john-carney,John Carney,SD,CLE,4,4,1,1,31
1995-12-03,1995,14,REG,1995_14_HOU_PIT,nfl-al-del-greco,Al Del Greco,HOU,PIT,1,1,0,0,
1995-12-03,1995,14,REG,1995_14_HOU_PIT,nfl-norm-johnson,Norm Johnson,PIT,HOU,3,3,0,0,
1995-12-03,1995,14,REG,1995_14_IND_CAR,nfl-cary-blanchard,Cary Blanchard,IND,CAR,1,1,1,1,47
1995-12-03,1995,14,REG,1995_14_JAX_DEN,nfl-jason-elam,Jason Elam,DEN,JAX,4,4,1,1,38
1995-12-03,1995,14,REG,1995_14_JAX_DEN,nfl-mike-hollis,Mike Hollis,JAX,DEN,2,2,1,1,47
1995-12-03,1995,14,REG,1995_14_KC_OAK,nfl-jeff-jaeger,Jeff Jaeger,OAK,KC,2,2,1,2,46
1995-12-03,1995,14,REG,1995_14_KC_OAK,nfl-lin-elliott,Lin Elliott,KC,OAK,2,4,1,2,35
1995-12-03,1995,14,REG,1995_14_NO_NE,nfl-matt-bahr,Matt Bahr,NE,NO,2,2,1,2,39
1995-12-03,1995,14,REG,1995_14_PHI_SEA,nfl-gary-anderson,Gary Anderson,PHI,SEA,2,2,0,1,
1995-12-03,1995,14,REG,1995_14_SF_NE,nfl-doug-brien,Doug Brien,SF,NE,4,4,1,1,24
1995-12-03,1995,14,REG,1995_14_STL_NYJ,nfl-dean-biasucci,Dean Biasucci,STL,NYJ,3,3,0,0,
1995-12-03,1995,14,REG,1995_14_TB_MIN,nfl-fuad-reveiz,Fuad Reveiz,MIN,TB,4,4,1,3,42
1995-12-03,1995,14,REG,1995_14_TB_MIN,nfl-michael-husted,Michael Husted,TB,MIN,2,2,1,1,47
1995-12-03,1995,14,REG,1995_14_WAS_DAL,nfl-chris-boniol,Chris Boniol,DAL,WAS,2,2,1,1,37
1995-12-03,1995,14,REG,1995_14_WAS_DAL,nfl-eddie-murray,Eddie Murray,WAS,DAL,3,3,1,1,47
1995-12-04,1995,14,REG,1995_14_CHI_DET,nfl-kevin-butler,Kevin Butler,CHI,DET,1,1,0,1,
1995-12-09,1995,15,REG,1995_15_ARI_SD,nfl-greg-davis,Greg Davis,ARI,SD,2,2,1,2,36
1995-12-09,1995,15,REG,1995_15_ARI_SD,nfl-john-carney,John Carney,SD,ARI,4,4,0,0,
1995-12-09,1995,15,REG,1995_15_CLE_MIN,nfl-matt-stover,Matt Stover,CLE,MIN,0,0,1,1,26
1995-12-10,1995,15,REG,1995_15_BUF_STL,nfl-steve-christie,Steve Christie,BUF,STL,6,6,1,2,28
1995-12-10,1995,15,REG,1995_15_CHI_CIN,nfl-kevin-butler,Kevin Butler,CHI,CIN,1,1,1,1,27
1995-12-10,1995,15,REG,1995_15_DAL_PHI,nfl-chris-boniol,Chris Boniol,DAL,PHI,2,2,1,1,21
1995-12-10,1995,15,REG,1995_15_DET_HOU,nfl-al-del-greco,Al Del Greco,HOU,DET,2,2,1,1,47
1995-12-10,1995,15,REG,1995_15_DET_HOU,nfl-jason-hanson-2,Jason Hanson,DET,HOU,3,3,1,2,36
1995-12-10,1995,15,REG,1995_15_GB_TB,nfl-chris-jacke,Chris Jacke,GB,TB,1,1,1,3,51
1995-12-10,1995,15,REG,1995_15_IND_JAX,nfl-mike-hollis,Mike Hollis,JAX,IND,4,4,1,2,37
1995-12-10,1995,15,REG,1995_15_NYJ_NE,nfl-matt-bahr,Matt Bahr,NE,NYJ,4,4,1,4,31
1995-12-10,1995,15,REG,1995_15_NYJ_NE,nfl-nick-lowery,Nick Lowery,NYJ,NE,4,4,0,1,
1995-12-10,1995,15,REG,1995_15_PIT_OAK,nfl-jeff-jaeger,Jeff Jaeger,OAK,PIT,1,1,1,1,39
1995-12-10,1995,15,REG,1995_15_SEA_DEN,nfl-todd-peterson-2,Todd Peterson,SEA,DEN,4,4,1,1,36
1995-12-10,1995,15,REG,1995_15_SF_ATL,nfl-doug-brien,Doug Brien,SF,ATL,2,2,0,0,
1995-12-10,1995,15,REG,1995_15_SF_CAR,nfl-jeff-wilkins,Jeff Wilkins,SF,CAR,4,4,1,1,20
1995-12-10,1995,15,REG,1995_15_SF_CAR,nfl-john-kasay,John Kasay,CAR,SF,1,1,1,1,43
1995-12-11,1995,15,REG,1995_15_KC_MIA,nfl-lin-elliott,Lin Elliott,KC,MIA,0,1,0,1,
1995-12-16,1995,16,REG,1995_16_GB_SF,nfl-doug-brien,Doug Brien,SF,GB,2,2,1,2,43
1995-12-17,1995,16,REG,1995_16_ARI_PHI,nfl-gary-anderson,Gary Anderson,PHI,ARI,3,3,0,1,
1995-12-17,1995,16,REG,1995_16_ATL_CAR,nfl-john-kasay,John Kasay,CAR,ATL,3,3,0,0,
1995-12-17,1995,16,REG,1995_16_ATL_CAR,nfl-morten-andersen,Morten Andersen,ATL,CAR,2,2,1,1,34
1995-12-17,1995,16,REG,1995_16_CIN_CLE,nfl-doug-pelfrey,Doug Pelfrey,CIN,CLE,1,1,1,2,30
1995-12-17,1995,16,REG,1995_16_DEN_KC,nfl-jason-elam,Jason Elam,DEN,KC,2,2,1,1,49
1995-12-17,1995,16,REG,1995_16_DEN_KC,nfl-lin-elliott,Lin Elliott,KC,DEN,2,2,0,1,
1995-12-17,1995,16,REG,1995_16_JAX_DET,nfl-mike-hollis,Mike Hollis,JAX,DET,0,0,0,1,
1995-12-17,1995,16,REG,1995_16_OAK_SEA,nfl-jeff-jaeger,Jeff Jaeger,OAK,SEA,1,1,1,1,42
1995-12-17,1995,16,REG,1995_16_TB_CHI,nfl-kevin-butler,Kevin Butler,CHI,TB,4,4,1,2,23
1995-12-17,1995,16,REG,1995_16_TB_CHI,nfl-michael-husted,Michael Husted,TB,CHI,1,1,1,1,50
1995-12-17,1995,16,REG,1995_16_WAS_STL,nfl-dean-biasucci,Dean Biasucci,STL,WAS,2,2,1,2,25
1995-12-17,1995,16,REG,1995_16_WAS_STL,nfl-eddie-murray,Eddie Murray,WAS,STL,5,5,0,0,
1995-12-18,1995,16,REG,1995_16_MIN_SF,nfl-jeff-wilkins,Jeff Wilkins,SF,MIN,2,4,1,1,20
1995-12-23,1995,17,REG,1995_17_DET_TB,nfl-michael-husted,Michael Husted,TB,DET,1,1,1,1,27
1995-12-23,1995,17,REG,1995_17_NE_IND,nfl-cary-blanchard,Cary Blanchard,IND,NE,1,1,1,3,30
1995-12-23,1995,17,REG,1995_17_NE_IND,nfl-matt-bahr,Matt Bahr,NE,IND,1,1,0,3,
1995-12-23,1995,17,REG,1995_17_SD_NYG,nfl-brad-daluiso,Brad Daluiso,NYG,SD,2,2,1,2,30
1995-12-24,1995,17,REG,1995_17_CAR_WAS,nfl-john-kasay,John Kasay,CAR,WAS,2,2,1,1,42
1995-12-24,1995,17,REG,1995_17_CLE_JAX,nfl-matt-stover,Matt Stover,CLE,JAX,3,3,0,1,
1995-12-24,1995,17,REG,1995_17_DEN_OAK,nfl-jeff-jaeger,Jeff Jaeger,OAK,DEN,4,4,0,0,
1995-12-24,1995,17,REG,1995_17_HOU_BUF,nfl-steve-christie,Steve Christie,BUF,HOU,2,2,1,1,44
1995-12-24,1995,17,REG,1995_17_MIN_CIN,nfl-fuad-reveiz,Fuad Reveiz,MIN,CIN,3,3,1,3,20
1995-12-24,1995,17,REG,1995_17_PHI_CHI,nfl-gary-anderson,Gary Anderson,PHI,CHI,2,2,0,0,
1995-12-24,1995,17,REG,1995_17_PIT_GB,nfl-chris-jacke,Chris Jacke,GB,PIT,3,3,1,1,47
1995-12-24,1995,17,REG,1995_17_SEA_KC,nfl-todd-peterson-2,Todd Peterson,SEA,KC,0,0,1,1,34
1996-09-01,1996,1,REG,1996_01_DET_MIN,nfl-scott-sisson,Scott Sisson,MIN,DET,2,2,1,2,25
1996-09-01,1996,1,REG,1996_01_GB_TB,nfl-michael-husted,Michael Husted,TB,GB,0,0,1,1,48
1996-09-01,1996,1,REG,1996_01_NE_MIA,nfl-adam-vinatieri,Adam Vinatieri,NE,MIA,1,1,1,1,25
1996-09-01,1996,1,REG,1996_01_NE_MIA,nfl-joe-nedney,Joe Nedney,MIA,NE,3,3,1,1,34
1996-09-01,1996,1,REG,1996_01_NO_SF,nfl-doug-brien,Doug Brien,NO,SF,0,0,1,1,35
1996-09-01,1996,1,REG,1996_01_NYJ_DEN,nfl-jason-elam,Jason Elam,DEN,NYJ,4,4,1,1,28
1996-09-01,1996,1,REG,1996_01_OAK_BAL,nfl-cole-ford,Cole Ford,OAK,BAL,2,2,0,0,
1996-09-01,1996,1,REG,1996_01_PHI_WAS,nfl-gary-anderson,Gary Anderson,PHI,WAS,2,2,1,1,26
1996-09-01,1996,1,REG,1996_01_PHI_WAS,nfl-scott-blanton,Scott Blanton,WAS,PHI,2,2,0,1,
1996-09-01,1996,1,REG,1996_01_PIT_JAX,nfl-mike-hollis,Mike Hollis,JAX,PIT,3,3,1,1,52
1996-09-01,1996,1,REG,1996_01_SEA_SD,nfl-todd-peterson-2,Todd Peterson,SEA,SD,1,1,0,0,
1996-09-08,1996,2,REG,1996_02_BAL_PIT,nfl-matt-stover,Matt Stover,BAL,PIT,2,2,1,1,29
1996-09-08,1996,2,REG,1996_02_BAL_PIT,nfl-norm-johnson,Norm Johnson,PIT,BAL,4,4,1,1,35
1996-09-08,1996,2,REG,1996_02_CHI_WAS,nfl-carlos-huerta,Carlos Huerta,CHI,WAS,0,0,1,2,37
1996-09-08,1996,2,REG,1996_02_CHI_WAS,nfl-scott-blanton,Scott Blanton,WAS,CHI,1,1,1,2,50
1996-09-08,1996,2,REG,1996_02_CIN_SD,nfl-doug-pelfrey,Doug Pelfrey,CIN,SD,2,2,0,0,
1996-09-08,1996,2,REG,1996_02_IND_NYJ,nfl-cary-blanchard,Cary Blanchard,IND,NYJ,3,3,0,0,
1996-09-08,1996,2,REG,1996_02_IND_NYJ,nfl-nick-lowery,Nick Lowery,NYJ,IND,1,1,0,0,
1996-09-08,1996,2,REG,1996_02_MIA_ARI,nfl-greg-davis,Greg Davis,ARI,MIA,1,1,1,1,26
1996-09-08,1996,2,REG,1996_02_MIA_ARI,nfl-joe-nedney,Joe Nedney,MIA,ARI,5,5,1,3,36
1996-09-08,1996,2,REG,1996_02_MIN_ATL,nfl-morten-andersen,Morten Andersen,ATL,MIN,2,2,1,2,20
1996-09-08,1996,2,REG,1996_02_NE_BUF,nfl-adam-vinatieri,Adam Vinatieri,NE,BUF,1,1,1,4,42
1996-09-08,1996,2,REG,1996_02_NE_BUF,nfl-steve-christie,Steve Christie,BUF,NE,2,2,1,2,33
1996-09-08,1996,2,REG,1996_02_OAK_KC,nfl-cole-ford,Cole Ford,OAK,KC,0,0,1,2,38
1996-09-08,1996,2,REG,1996_02_OAK_KC,nfl-pete-stoyanovich,Pete Stoyanovich,KC,OAK,2,2,1,2,23
1996-09-08,1996,2,REG,1996_02_TB_DET,nfl-jason-hanson-2,Jason Hanson,DET,TB,3,3,0,1,
1996-09-09,1996,2,REG,1996_02_PHI_GB,nfl-gary-anderson,Gary Anderson,PHI,GB,1,1,0,0,
1996-09-15,1996,3,REG,1996_03_ARI_NE,nfl-adam-vinatieri,Adam Vinatieri,NE,ARI,2,3,1,2,31
1996-09-15,1996,3,REG,1996_03_BAL_HOU,nfl-matt-stover,Matt Stover,BAL,HOU,1,1,0,0,
1996-09-15,1996,3,REG,1996_03_DET_PHI,nfl-gary-anderson,Gary Anderson,PHI,DET,3,3,1,2,39
1996-09-15,1996,3,REG,1996_03_DET_PHI,nfl-jason-hanson-2,Jason Hanson,DET,PHI,2,2,1,1,51
1996-09-15,1996,3,REG,1996_03_IND_DAL,nfl-chris-boniol,Chris Boniol,DAL,IND,3,3,1,3,52
1996-09-15,1996,3,REG,1996_03_JAX_OAK,nfl-cole-ford,Cole Ford,OAK,JAX,2,2,1,1,32
1996-09-15,1996,3,REG,1996_03_JAX_OAK,nfl-mike-hollis,Mike Hollis,JAX,OAK,0,0,1,1,33
1996-09-15,1996,3,REG,1996_03_KC_SEA,nfl-pete-stoyanovich,Pete Stoyanovich,KC,SEA,5,5,0,0,
1996-09-15,1996,3,REG,1996_03_KC_SEA,nfl-todd-peterson-2,Todd Peterson,SEA,KC,2,2,1,2,47
1996-09-15,1996,3,REG,1996_03_MIN_CHI,nfl-carlos-huerta,Carlos Huerta,CHI,MIN,2,2,0,1,
1996-09-15,1996,3,REG,1996_03_NYJ_MIA,nfl-joe-nedney,Joe Nedney,MIA,NYJ,3,4,1,2,29
1996-09-15,1996,3,REG,1996_03_NYJ_MIA,nfl-nick-lowery,Nick Lowery,NYJ,MIA,3,3,0,1,
1996-09-15,1996,3,REG,1996_03_SD_GB,nfl-chris-jacke,Chris Jacke,GB,SD,6,6,0,1,
1996-09-15,1996,3,REG,1996_03_SD_GB,nfl-john-carney,John Carney,SD,GB,1,1,1,2,43
1996-09-15,1996,3,REG,1996_03_WAS_NYG,nfl-brad-daluiso,Brad Daluiso,NYG,WAS,1,1,1,2,19
1996-09-15,1996,3,REG,1996_03_WAS_NYG,nfl-scott-blanton,Scott Blanton,WAS,NYG,4,4,1,1,36
1996-09-16,1996,3,REG,1996_03_BUF_PIT,nfl-norm-johnson,Norm Johnson,PIT,BUF,3,3,1,3,30
1996-09-22,1996,4,REG,1996_04_ARI_NO,nfl-doug-brien,Doug Brien,NO,ARI,2,2,0,0,
1996-09-22,1996,4,REG,1996_04_CHI_DET,nfl-jason-hanson-2,Jason Hanson,DET,CHI,5,5,0,0,
1996-09-22,1996,4,REG,1996_04_CHI_DET,nfl-jeff-jaeger,Jeff Jaeger,CHI,DET,1,1,1,1,46
1996-09-22,1996,4,REG,1996_04_DAL_BUF,nfl-chris-boniol,Chris Boniol,DAL,BUF,1,1,0,1,
1996-09-22,1996,4,REG,1996_04_DAL_BUF,nfl-steve-christie,Steve Christie,BUF,DAL,1,1,1,1,32
1996-09-22,1996,4,REG,1996_04_DEN_KC,nfl-jason-elam,Jason Elam,DEN,KC,2,2,0,2,
1996-09-22,1996,4,REG,1996_04_DEN_KC,nfl-pete-stoyanovich,Pete Stoyanovich,KC,DEN,2,2,1,1,37
1996-09-22,1996,4,REG,1996_04_GB_MIN,nfl-chris-jacke,Chris Jacke,GB,MIN,3,3,0,0,
1996-09-22,1996,4,REG,1996_04_JAX_NE,nfl-mike-hollis,Mike Hollis,JAX,NE,2,2,1,2,27
1996-09-22,1996,4,REG,1996_04_PHI_ATL,nfl-morten-andersen,Morten Andersen,ATL,PHI,1,1,1,1,43
1996-09-22,1996,4,REG,1996_04_SD_OAK,nfl-cole-ford,Cole Ford,OAK,SD,4,4,0,2,
1996-09-22,1996,4,REG,1996_04_SEA_TB,nfl-todd-peterson-2,Todd Peterson,SEA,TB,2,2,1,1,33
1996-09-22,1996,4,REG,1996_04_SF_CAR,nfl-jeff-wilkins,Jeff Wilkins,SF,CAR,1,1,0,0,
1996-09-22,1996,4,REG,1996_04_WAS_STL,nfl-chip-lohmiller,Chip Lohmiller,STL,WAS,1,1,1,2,19
1996-09-22,1996,4,REG,1996_04_WAS_STL,nfl-scott-blanton,Scott Blanton,WAS,STL,2,2,1,1,38
1996-09-23,1996,4,REG,1996_04_MIA_IND,nfl-cary-blanchard,Cary Blanchard,IND,MIA,1,1,1,1,18
1996-09-29,1996,5,REG,1996_05_ATL_SF,nfl-morten-andersen,Morten Andersen,ATL,SF,2,2,1,1,20
1996-09-29,1996,5,REG,1996_05_CAR_JAX,nfl-john-kasay,John Kasay,CAR,JAX,0,1,0,1,
1996-09-29,1996,5,REG,1996_05_CAR_JAX,nfl-mike-hollis,Mike Hollis,JAX,CAR,3,3,1,1,53
1996-09-29,1996,5,REG,1996_05_DEN_CIN,nfl-doug-pelfrey,Doug Pelfrey,CIN,DEN,1,1,1,1,44
1996-09-29,1996,5,REG,1996_05_DEN_CIN,nfl-jason-elam,Jason Elam,DEN,CIN,2,2,0,0,
1996-09-29,1996,5,REG,1996_05_GB_SEA,nfl-chris-jacke,Chris Jacke,GB,SEA,4,4,1,2,36
1996-09-29,1996,5,REG,1996_05_GB_SEA,nfl-todd-peterson-2,Todd Peterson,SEA,GB,1,1,1,1,44
1996-09-29,1996,5,REG,1996_05_HOU_PIT,nfl-al-del-greco,Al Del Greco,HOU,PIT,2,2,0,1,
1996-09-29,1996,5,REG,1996_05_MIN_NYG,nfl-scott-sisson,Scott Sisson,MIN,NYG,1,1,1,1,28
1996-09-29,1996,5,REG,1996_05_NO_BAL,nfl-doug-brien,Doug Brien,NO,BAL,1,1,1,2,23
1996-09-29,1996,5,REG,1996_05_NO_BAL,nfl-matt-stover,Matt Stover,BAL,NO,2,2,1,3,38
1996-09-29,1996,5,REG,1996_05_NYJ_WAS,nfl-scott-blanton,Scott Blanton,WAS,NYJ,4,4,1,1,28
1996-09-29,1996,5,REG,1996_05_OAK_CHI,nfl-cole-ford,Cole Ford,OAK,CHI,2,2,1,1,28
1996-09-29,1996,5,REG,1996_05_STL_ARI,nfl-chip-lohmiller,Chip Lohmiller,STL,ARI,4,4,0,0,
1996-09-29,1996,5,REG,1996_05_STL_ARI,nfl-greg-davis,Greg Davis,ARI,STL,4,4,1,2,24
1996-09-30,1996,5,REG,1996_05_DAL_PHI,nfl-gary-anderson,Gary Anderson,PHI,DAL,2,2,1,2,46
1996-10-06,1996,6,REG,1996_06_ATL_DET,nfl-jason-hanson-2,Jason Hanson,DET,ATL,4,4,0,0,
1996-10-06,1996,6,REG,1996_06_ATL_DET,nfl-morten-andersen,Morten Andersen,ATL,DET,3,3,1,1,47
1996-10-06,1996,6,REG,1996_06_CAR_MIN,nfl-john-kasay,John Kasay,CAR,MIN,1,1,1,1,22
1996-10-06,1996,6,REG,1996_06_CAR_MIN,nfl-scott-sisson,Scott Sisson,MIN,CAR,2,2,0,1,
1996-10-06,1996,6,REG,1996_06_GB_CHI,nfl-chris-jacke,Chris Jacke,GB,CHI,4,5,1,1,32
1996-10-06,1996,6,REG,1996_06_JAX_NO,nfl-doug-brien,Doug Brien,NO,JAX,2,2,1,1,27
1996-10-06,1996,6,REG,1996_06_NE_BAL,nfl-matt-stover,Matt Stover,BAL,NE,2,2,0,0,
1996-10-06,1996,6,REG,1996_06_SD_DEN,nfl-jason-elam,Jason Elam,DEN,SD,4,4,0,0,
1996-10-06,1996,6,REG,1996_06_SD_DEN,nfl-john-carney,John Carney,SD,DEN,2,2,1,1,27
1996-10-06,1996,6,REG,1996_06_SEA_MIA,nfl-joe-nedney,Joe Nedney,MIA,SEA,0,0,1,1,20
1996-10-06,1996,6,REG,1996_06_SEA_MIA,nfl-todd-peterson-2,Todd Peterson,SEA,MIA,2,2,0,0,
1996-10-06,1996,6,REG,1996_06_SF_STL,nfl-chip-lohmiller,Chip Lohmiller,STL,SF,0,0,1,1,28
1996-10-06,1996,6,REG,1996_06_SF_STL,nfl-jeff-wilkins,Jeff Wilkins,SF,STL,4,4,0,1,
1996-10-07,1996,6,REG,1996_06_PIT_KC,nfl-pete-stoyanovich,Pete Stoyanovich,KC,PIT,1,1,0,1,
1996-10-13,1996,7,REG,1996_07_ARI_DAL,nfl-chris-boniol,Chris Boniol,DAL,ARI,2,2,1,1,23
1996-10-13,1996,7,REG,1996_07_ARI_DAL,nfl-greg-davis,Greg Davis,ARI,DAL,0,0,1,1,49
1996-10-13,1996,7,REG,1996_07_BAL_IND,nfl-matt-stover,Matt Stover,BAL,IND,3,3,0,0,
1996-10-13,1996,7,REG,1996_07_CHI_NO,nfl-jeff-jaeger,Jeff Jaeger,CHI,NO,3,3,1,2,28
1996-10-13,1996,7,REG,1996_07_CIN_PIT,nfl-doug-pelfrey,Doug Pelfrey,CIN,PIT,1,1,1,1,19
1996-10-13,1996,7,REG,1996_07_DET_OAK,nfl-jason-hanson-2,Jason Hanson,DET,OAK,3,3,0,0,
1996-10-13,1996,7,REG,1996_07_HOU_ATL,nfl-morten-andersen,Morten Andersen,ATL,HOU,1,1,0,0,
1996-10-13,1996,7,REG,1996_07_MIA_BUF,nfl-joe-nedney,Joe Nedney,MIA,BUF,3,3,0,1,
1996-10-13,1996,7,REG,1996_07_MIA_BUF,nfl-steve-christie,Steve Christie,BUF,MIA,1,1,0,0,
1996-10-13,1996,7,REG,1996_07_MIN_TB,nfl-michael-husted,Michael Husted,TB,MIN,3,3,1,2,35
1996-10-13,1996,7,REG,1996_07_NYJ_JAX,nfl-nick-lowery,Nick Lowery,NYJ,JAX,2,2,1,2,20
1996-10-13,1996,7,REG,1996_07_PHI_NYG,nfl-brad-daluiso,Brad Daluiso,NYG,PHI,1,1,1,1,39
1996-10-13,1996,7,REG,1996_07_STL_CAR,nfl-chip-lohmiller,Chip Lohmiller,STL,CAR,1,2,0,0,
1996-10-13,1996,7,REG,1996_07_STL_CAR,nfl-john-kasay,John Kasay,CAR,STL,6,6,1,3,22
1996-10-17,1996,8,REG,1996_08_SEA_KC,nfl-todd-peterson-2,Todd Peterson,SEA,KC,1,1,1,1,24
1996-10-20,1996,8,REG,1996_08_ATL_DAL,nfl-chris-boniol,Chris Boniol,DAL,ATL,3,3,1,1,49
1996-10-20,1996,8,REG,1996_08_BAL_DEN,nfl-jason-elam,Jason Elam,DEN,BAL,6,6,1,1,34
1996-10-20,1996,8,REG,1996_08_BUF_NYJ,nfl-nick-lowery,Nick Lowery,NYJ,BUF,2,2,0,1,
1996-10-20,1996,8,REG,1996_08_CIN_SF,nfl-doug-pelfrey,Doug Pelfrey,CIN,SF,3,3,0,0,
1996-10-20,1996,8,REG,1996_08_CIN_SF,nfl-jeff-wilkins,Jeff Wilkins,SF,CIN,4,4,0,0,
1996-10-20,1996,8,REG,1996_08_JAX_STL,nfl-chip-lohmiller,Chip Lohmiller,STL,JAX,2,2,1,1,25
1996-10-20,1996,8,REG,1996_08_JAX_STL,nfl-mike-hollis,Mike Hollis,JAX,STL,2,2,0,0,
1996-10-20,1996,8,REG,1996_08_MIA_PHI,nfl-gary-anderson,Gary Anderson,PHI,MIA,5,5,0,0,
1996-10-20,1996,8,REG,1996_08_NO_CAR,nfl-doug-brien,Doug Brien,NO,CAR,1,1,0,0,
1996-10-20,1996,8,REG,1996_08_NYG_WAS,nfl-brad-daluiso,Brad Daluiso,NYG,WAS,3,3,0,1,
1996-10-20,1996,8,REG,1996_08_NYG_WAS,nfl-scott-blanton,Scott Blanton,WAS,NYG,4,4,1,1,45
1996-10-20,1996,8,REG,1996_08_TB_ARI,nfl-michael-husted,Michael Husted,TB,ARI,0,1,1,3,41
1996-10-21,1996,8,REG,1996_08_OAK_SD,nfl-john-carney,John Carney,SD,OAK,2,2,0,1,
1996-10-27,1996,9,REG,1996_09_BUF_NE,nfl-steve-christie,Steve Christie,BUF,NE,2,2,1,1,33
1996-10-27,1996,9,REG,1996_09_DAL_MIA,nfl-joe-nedney,Joe Nedney,MIA,DAL,1,1,1,1,26
1996-10-27,1996,9,REG,1996_09_IND_WAS,nfl-scott-blanton,Scott Blanton,WAS,IND,4,4,1,1,20
1996-10-27,1996,9,REG,1996_09_JAX_CIN,nfl-doug-pelfrey,Doug Pelfrey,CIN,JAX,4,4,0,0,
1996-10-27,1996,9,REG,1996_09_JAX_CIN,nfl-mike-hollis,Mike Hollis,JAX,CIN,3,3,0,0,
1996-10-27,1996,9,REG,1996_09_KC_DEN,nfl-pete-stoyanovich,Pete Stoyanovich,KC,DEN,1,1,0,1,
1996-10-27,1996,9,REG,1996_09_NYG_DET,nfl-jason-hanson-2,Jason Hanson,DET,NYG,1,1,0,0,
1996-10-27,1996,9,REG,1996_09_NYJ_ARI,nfl-greg-davis,Greg Davis,ARI,NYJ,3,3,0,2,
1996-10-27,1996,9,REG,1996_09_NYJ_ARI,nfl-nick-lowery,Nick Lowery,NYJ,ARI,4,4,1,1,37
1996-10-27,1996,9,REG,1996_09_PIT_ATL,nfl-morten-andersen,Morten Andersen,ATL,PIT,2,2,1,1,41
1996-10-27,1996,9,REG,1996_09_SF_HOU,nfl-jeff-wilkins,Jeff Wilkins,SF,HOU,1,1,1,1,27
1996-10-27,1996,9,REG,1996_09_STL_BAL,nfl-matt-stover,Matt Stover,BAL,STL,2,3,1,3,50
1996-10-27,1996,9,REG,1996_09_TB_GB,nfl-michael-husted,Michael Husted,TB,GB,1,1,0,1,
1996-11-03,1996,10,REG,1996_10_ARI_NYG,nfl-greg-davis,Greg Davis,ARI,NYG,0,0,0,1,
1996-11-03,1996,10,REG,1996_10_CAR_ATL,nfl-john-kasay,John Kasay,CAR,ATL,2,2,1,1,40
1996-11-03,1996,10,REG,1996_10_CIN_BAL,nfl-matt-stover,Matt Stover,BAL,CIN,3,3,0,0,
1996-11-03,1996,10,REG,1996_10_DET_GB,nfl-chris-jacke,Chris Jacke,GB,DET,4,4,0,0,
1996-11-03,1996,10,REG,1996_10_DET_GB,nfl-jason-hanson-2,Jason Hanson,DET,GB,1,1,1,1,48
1996-11-03,1996,10,REG,1996_10_KC_MIN,nfl-pete-stoyanovich,Pete Stoyanovich,KC,MIN,3,3,0,2,
1996-11-03,1996,10,REG,1996_10_KC_MIN,nfl-scott-sisson,Scott Sisson,MIN,KC,0,0,0,1,
1996-11-03,1996,10,REG,1996_10_MIA_NE,nfl-adam-vinatieri,Adam Vinatieri,NE,MIA,6,6,0,0,
1996-11-03,1996,10,REG,1996_10_MIA_NE,nfl-joe-nedney,Joe Nedney,MIA,NE,2,2,1,2,39
1996-11-03,1996,10,REG,1996_10_PHI_DAL,nfl-gary-anderson,Gary Anderson,PHI,DAL,4,4,1,1,30
1996-11-03,1996,10,REG,1996_10_SF_NO,nfl-doug-brien,Doug Brien,NO,SF,2,2,1,1,37
1996-11-03,1996,10,REG,1996_10_STL_PIT,nfl-norm-johnson,Norm Johnson,PIT,STL,6,6,0,0,
1996-11-03,1996,10,REG,1996_10_TB_CHI,nfl-michael-husted,Michael Husted,TB,CHI,1,1,1,1,45
1996-11-03,1996,10,REG,1996_10_WAS_BUF,nfl-scott-blanton,Scott Blanton,WAS,BUF,1,1,0,0,
1996-11-03,1996,10,REG,1996_10_WAS_BUF,nfl-steve-christie,Steve Christie,BUF,WAS,5,5,1,2,33
1996-11-04,1996,10,REG,1996_10_DEN_OAK,nfl-cole-ford,Cole Ford,OAK,DEN,3,3,0,1,
1996-11-10,1996,11,REG,1996_11_ATL_STL,nfl-chip-lohmiller,Chip Lohmiller,STL,ATL,8,8,1,1,42
1996-11-10,1996,11,REG,1996_11_ATL_STL,nfl-morten-andersen,Morten Andersen,ATL,STL,1,1,1,1,47
1996-11-10,1996,11,REG,1996_11_BUF_PHI,nfl-gary-anderson,Gary Anderson,PHI,BUF,2,2,1,1,23
1996-11-10,1996,11,REG,1996_11_BUF_PHI,nfl-steve-christie,Steve Christie,BUF,PHI,3,3,1,1,38
1996-11-10,1996,11,REG,1996_11_CHI_DEN,nfl-jason-elam,Jason Elam,DEN,CHI,2,2,1,1,24
1996-11-10,1996,11,REG,1996_11_DAL_SF,nfl-jeff-wilkins,Jeff Wilkins,SF,DAL,2,2,1,1,28
1996-11-10,1996,11,REG,1996_11_HOU_NO,nfl-al-del-greco,Al Del Greco,HOU,NO,4,4,1,1,25
1996-11-10,1996,11,REG,1996_11_IND_MIA,nfl-joe-nedney,Joe Nedney,MIA,IND,5,5,0,1,
1996-11-10,1996,11,REG,1996_11_MIN_SEA,nfl-scott-sisson,Scott Sisson,MIN,SEA,1,1,0,0,
1996-11-10,1996,11,REG,1996_11_NE_NYJ,nfl-adam-vinatieri,Adam Vinatieri,NE,NYJ,4,4,1,1,30
1996-11-10,1996,11,REG,1996_11_NYG_CAR,nfl-brad-daluiso,Brad Daluiso,NYG,CAR,2,2,1,1,22
1996-11-10,1996,11,REG,1996_11_OAK_TB,nfl-cole-ford,Cole Ford,OAK,TB,2,2,1,2,45
1996-11-10,1996,11,REG,1996_11_PIT_CIN,nfl-norm-johnson,Norm Johnson,PIT,CIN,3,3,1,2,46
1996-11-11,1996,11,REG,1996_11_DET_SD,nfl-jason-hanson-2,Jason Hanson,DET,SD,3,3,0,1,
1996-11-17,1996,12,REG,1996_12_BAL_SF,nfl-jeff-wilkins,Jeff Wilkins,SF,BAL,5,5,1,1,27
1996-11-17,1996,12,REG,1996_12_CAR_STL,nfl-chip-lohmiller,Chip Lohmiller,STL,CAR,1,1,1,2,41
1996-11-17,1996,12,REG,1996_12_CHI_KC,nfl-jeff-jaeger,Jeff Jaeger,CHI,KC,1,1,1,1,49
1996-11-17,1996,12,REG,1996_12_CHI_KC,nfl-pete-stoyanovich,Pete Stoyanovich,KC,CHI,2,2,0,0,
1996-11-17,1996,12,REG,1996_12_CIN_BUF,nfl-doug-pelfrey,Doug Pelfrey,CIN,BUF,2,2,1,1,30
1996-11-17,1996,12,REG,1996_12_CIN_BUF,nfl-steve-christie,Steve Christie,BUF,CIN,4,4,1,1,22
1996-11-17,1996,12,REG,1996_12_DEN_NE,nfl-adam-vinatieri,Adam Vinatieri,NE,DEN,0,0,0,1,
1996-11-17,1996,12,REG,1996_12_JAX_PIT,nfl-mike-hollis,Mike Hollis,JAX,PIT,0,0,1,1,40
1996-11-17,1996,12,REG,1996_12_JAX_PIT,nfl-norm-johnson,Norm Johnson,PIT,JAX,4,4,0,1,
1996-11-17,1996,12,REG,1996_12_NO_ATL,nfl-morten-andersen,Morten Andersen,ATL,NO,2,2,1,4,38
1996-11-17,1996,12,REG,1996_12_NYG_ARI,nfl-kevin-butler,Kevin Butler,ARI,NYG,4,4,1,1,18
1996-11-17,1996,12,REG,1996_12_NYJ_IND,nfl-nick-lowery,Nick Lowery,NYJ,IND,0,1,1,1,23
1996-11-17,1996,12,REG,1996_12_SEA_DET,nfl-jason-hanson-2,Jason Hanson,DET,SEA,2,2,1,1,43
1996-11-17,1996,12,REG,1996_12_TB_SD,nfl-john-carney,John Carney,SD,TB,2,2,1,1,42
1996-11-17,1996,12,REG,1996_12_WAS_PHI,nfl-gary-anderson,Gary Anderson,PHI,WAS,3,3,0,0,
1996-11-18,1996,12,REG,1996_12_GB_DAL,nfl-chris-jacke,Chris Jacke,GB,DAL,0,0,0,1,
1996-11-24,1996,13,REG,1996_13_ATL_CIN,nfl-morten-andersen,Morten Andersen,ATL,CIN,4,4,1,2,33
1996-11-24,1996,13,REG,1996_13_CAR_HOU,nfl-john-kasay,John Kasay,CAR,HOU,4,4,1,1,49
1996-11-24,1996,13,REG,1996_13_DEN_MIN,nfl-jason-elam,Jason Elam,DEN,MIN,3,3,0,1,
1996-11-24,1996,13,REG,1996_13_DEN_MIN,nfl-scott-sisson,Scott Sisson,MIN,DEN,2,2,1,1,27
1996-11-24,1996,13,REG,1996_13_DET_CHI,nfl-jason-hanson-2,Jason Hanson,DET,CHI,2,2,0,0,
1996-11-24,1996,13,REG,1996_13_DET_CHI,nfl-jeff-jaeger,Jeff Jaeger,CHI,DET,4,4,1,1,42
1996-11-24,1996,13,REG,1996_13_GB_STL,nfl-chip-lohmiller,Chip Lohmiller,STL,GB,1,1,0,0,
1996-11-24,1996,13,REG,1996_13_GB_STL,nfl-chris-jacke,Chris Jacke,GB,STL,3,3,1,1,37
1996-11-24,1996,13,REG,1996_13_NO_TB,nfl-doug-brien,Doug Brien,NO,TB,1,1,0,0,
1996-11-24,1996,13,REG,1996_13_NYJ_BUF,nfl-nick-lowery,Nick Lowery,NYJ,BUF,1,1,1,1,25
1996-11-24,1996,13,REG,1996_13_NYJ_BUF,nfl-steve-christie,Steve Christie,BUF,NYJ,5,5,0,0,
1996-11-24,1996,13,REG,1996_13_SD_KC,nfl-john-carney,John Carney,SD,KC,4,4,0,1,
1996-11-24,1996,13,REG,1996_13_SD_KC,nfl-pete-stoyanovich,Pete Stoyanovich,KC,SD,2,2,0,0,
1996-11-25,1996,13,REG,1996_13_PIT_MIA,nfl-joe-nedney,Joe Nedney,MIA,PIT,2,2,1,3,41
1996-11-25,1996,13,REG,1996_13_PIT_MIA,nfl-norm-johnson,Norm Johnson,PIT,MIA,3,3,1,2,47
1996-11-28,1996,14,REG,1996_14_KC_DET,nfl-jason-hanson-2,Jason Hanson,DET,KC,3,3,1,1,21
1996-11-28,1996,14,REG,1996_14_KC_DET,nfl-pete-stoyanovich,Pete Stoyanovich,KC,DET,4,4,0,0,
1996-11-28,1996,14,REG,1996_14_WAS_DAL,nfl-chris-boniol,Chris Boniol,DAL,WAS,3,3,0,0,
1996-11-28,1996,14,REG,1996_14_WAS_DAL,nfl-scott-blanton,Scott Blanton,WAS,DAL,1,1,1,2,21
1996-12-01,1996,14,REG,1996_14_ARI_MIN,nfl-kevin-butler,Kevin Butler,ARI,MIN,2,2,1,1,38
1996-12-01,1996,14,REG,1996_14_BUF_IND,nfl-steve-christie,Steve Christie,BUF,IND,1,1,1,1,24
1996-12-01,1996,14,REG,1996_14_CHI_GB,nfl-chris-jacke,Chris Jacke,GB,CHI,4,4,0,1,
1996-12-01,1996,14,REG,1996_14_CHI_GB,nfl-jeff-jaeger,Jeff Jaeger,CHI,GB,2,2,1,1,34
1996-12-01,1996,14,REG,1996_14_HOU_NYJ,nfl-al-del-greco,Al Del Greco,HOU,NYJ,5,5,0,0,
1996-12-01,1996,14,REG,1996_14_HOU_NYJ,nfl-nick-lowery,Nick Lowery,NYJ,HOU,1,1,1,1,30
1996-12-01,1996,14,REG,1996_14_MIA_OAK,nfl-cole-ford,Cole Ford,OAK,MIA,2,2,1,2,38
1996-12-01,1996,14,REG,1996_14_MIA_OAK,nfl-joe-nedney,Joe Nedney,MIA,OAK,1,1,0,1,
1996-12-01,1996,14,REG,1996_14_NE_SD,nfl-adam-vinatieri,Adam Vinatieri,NE,SD,6,6,1,1,47
1996-12-01,1996,14,REG,1996_14_NE_SD,nfl-john-carney,John Carney,SD,NE,1,1,0,0,
1996-12-01,1996,14,REG,1996_14_NYG_PHI,nfl-gary-anderson,Gary Anderson,PHI,NYG,3,3,1,2,44
1996-12-01,1996,14,REG,1996_14_PIT_BAL,nfl-matt-stover,Matt Stover,BAL,PIT,4,4,1,1,40
1996-12-01,1996,14,REG,1996_14_PIT_BAL,nfl-norm-johnson,Norm Johnson,PIT,BAL,2,2,1,1,22
1996-12-01,1996,14,REG,1996_14_SEA_DEN,nfl-todd-peterson-2,Todd Peterson,SEA,DEN,1,1,0,0,
1996-12-01,1996,14,REG,1996_14_STL_NO,nfl-doug-brien,Doug Brien,NO,STL,1,1,1,2,30
1996-12-01,1996,14,REG,1996_14_TB_CAR,nfl-john-kasay,John Kasay,CAR,TB,3,3,1,1,23
1996-12-02,1996,14,REG,1996_14_SF_ATL,nfl-morten-andersen,Morten Andersen,ATL,SF,1,1,1,1,32
1996-12-05,1996,15,REG,1996_15_PHI_IND,nfl-gary-anderson,Gary Anderson,PHI,IND,1,1,1,1,31
1996-12-08,1996,15,REG,1996_15_ATL_NO,nfl-doug-brien,Doug Brien,NO,ATL,0,0,1,2,34
1996-12-08,1996,15,REG,1996_15_ATL_NO,nfl-morten-andersen,Morten Andersen,ATL,NO,4,4,1,1,33
1996-12-08,1996,15,REG,1996_15_BAL_CIN,nfl-matt-stover,Matt Stover,BAL,CIN,2,2,0,1,
1996-12-08,1996,15,REG,1996_15_BUF_SEA,nfl-steve-christie,Steve Christie,BUF,SEA,1,1,1,1,22
1996-12-08,1996,15,REG,1996_15_CAR_SF,nfl-jeff-wilkins,Jeff Wilkins,SF,CAR,3,3,1,1,31
1996-12-08,1996,15,REG,1996_15_DAL_ARI,nfl-chris-boniol,Chris Boniol,DAL,ARI,1,1,1,1,31
1996-12-08,1996,15,REG,1996_15_JAX_HOU,nfl-al-del-greco,Al Del Greco,HOU,JAX,2,2,1,2,27
1996-12-08,1996,15,REG,1996_15_MIN_DET,nfl-scott-sisson,Scott Sisson,MIN,DET,3,3,1,1,31
1996-12-08,1996,15,REG,1996_15_NYG_MIA,nfl-brad-daluiso,Brad Daluiso,NYG,MIA,2,2,1,1,37
1996-12-08,1996,15,REG,1996_15_NYG_MIA,nfl-joe-nedney,Joe Nedney,MIA,NYG,1,1,0,0,
1996-12-08,1996,15,REG,1996_15_NYJ_NE,nfl-nick-lowery,Nick Lowery,NYJ,NE,1,1,1,1,27
1996-12-08,1996,15,REG,1996_15_SD_PIT,nfl-john-carney,John Carney,SD,PIT,0,0,1,1,25
1996-12-08,1996,15,REG,1996_15_STL_CHI,nfl-chip-lohmiller,Chip Lohmiller,STL,CHI,0,0,1,2,25
1996-12-08,1996,15,REG,1996_15_STL_CHI,nfl-jeff-jaeger,Jeff Jaeger,CHI,STL,5,5,0,0,
1996-12-08,1996,15,REG,1996_15_WAS_TB,nfl-scott-blanton,Scott Blanton,WAS,TB,1,1,1,2,29
1996-12-09,1996,15,REG,1996_15_KC_OAK,nfl-cole-ford,Cole Ford,OAK,KC,3,3,1,2,43
1996-12-09,1996,15,REG,1996_15_KC_OAK,nfl-pete-stoyanovich,Pete Stoyanovich,KC,OAK,1,1,0,1,
1996-12-14,1996,16,REG,1996_16_PHI_NYJ,nfl-gary-anderson,Gary Anderson,PHI,NYJ,3,3,0,1,
1996-12-14,1996,16,REG,1996_16_SD_CHI,nfl-john-carney,John Carney,SD,CHI,2,2,0,2,
1996-12-15,1996,16,REG,1996_16_CIN_HOU,nfl-doug-pelfrey,Doug Pelfrey,CIN,HOU,3,3,0,1,
1996-12-15,1996,16,REG,1996_16_GB_DET,nfl-chris-jacke,Chris Jacke,GB,DET,2,3,1,1,20
1996-12-15,1996,16,REG,1996_16_GB_DET,nfl-jason-hanson-2,Jason Hanson,DET,GB,0,0,1,1,39
1996-12-15,1996,16,REG,1996_16_IND_KC,nfl-cary-blanchard,Cary Blanchard,IND,KC,3,3,1,1,22
1996-12-15,1996,16,REG,1996_16_NO_NYG,nfl-brad-daluiso,Brad Daluiso,NYG,NO,0,0,1,1,30
1996-12-15,1996,16,REG,1996_16_NO_NYG,nfl-doug-brien,Doug Brien,NO,NYG,2,2,1,2,51
1996-12-15,1996,16,REG,1996_16_OAK_DEN,nfl-jason-elam,Jason Elam,DEN,OAK,3,3,1,2,28
1996-12-15,1996,16,REG,1996_16_SF_PIT,nfl-jeff-wilkins,Jeff Wilkins,SF,PIT,2,2,1,2,22
1996-12-15,1996,16,REG,1996_16_SF_PIT,nfl-norm-johnson,Norm Johnson,PIT,SF,1,1,0,0,
1996-12-15,1996,16,REG,1996_16_TB_MIN,nfl-michael-husted,Michael Husted,TB,MIN,1,1,1,1,36
1996-12-15,1996,16,REG,1996_16_TB_MIN,nfl-scott-sisson,Scott Sisson,MIN,TB,3,3,0,0,
1996-12-16,1996,16,REG,1996_16_BUF_MIA,nfl-steve-christie,Steve Christie,BUF,MIA,2,2,0,1,
1996-12-21,1996,17,REG,1996_17_NE_NYG,nfl-adam-vinatieri,Adam Vinatieri,NE,NYG,2,2,1,1,40
1996-12-21,1996,17,REG,1996_17_NO_CHI,nfl-carlos-huerta,Carlos Huerta,CHI,NO,2,2,0,0,
1996-12-22,1996,17,REG,1996_17_ATL_JAX,nfl-morten-andersen,Morten Andersen,ATL,JAX,2,2,1,2,46
1996-12-22,1996,17,REG,1996_17_CHI_TB,nfl-jeff-jaeger,Jeff Jaeger,CHI,TB,1,1,0,0,
1996-12-22,1996,17,REG,1996_17_DAL_WAS,nfl-chris-boniol,Chris Boniol,DAL,WAS,1,1,1,1,34
1996-12-22,1996,17,REG,1996_17_DEN_SD,nfl-jason-elam,Jason Elam,DEN,SD,1,1,1,2,51
1996-12-22,1996,17,REG,1996_17_HOU_BAL,nfl-al-del-greco,Al Del Greco,HOU,BAL,3,3,1,1,37
1996-12-22,1996,17,REG,1996_17_HOU_BAL,nfl-matt-stover,Matt Stover,BAL,HOU,3,3,0,0,
1996-12-22,1996,17,REG,1996_17_IND_CIN,nfl-cary-blanchard,Cary Blanchard,IND,CIN,3,3,1,1,32
1996-12-22,1996,17,REG,1996_17_IND_CIN,nfl-doug-pelfrey,Doug Pelfrey,CIN,IND,4,4,1,1,25
1996-12-22,1996,17,REG,1996_17_MIA_NYJ,nfl-joe-nedney,Joe Nedney,MIA,NYJ,4,4,1,1,37
1996-12-22,1996,17,REG,1996_17_MIA_NYJ,nfl-nick-lowery,Nick Lowery,NYJ,MIA,4,4,0,0,
1996-12-22,1996,17,REG,1996_17_MIN_GB,nfl-chris-jacke,Chris Jacke,GB,MIN,5,5,1,1,35
1996-12-22,1996,17,REG,1996_17_MIN_GB,nfl-scott-sisson,Scott Sisson,MIN,GB,1,1,1,1,34
1996-12-22,1996,17,REG,1996_17_PIT_CAR,nfl-norm-johnson,Norm Johnson,PIT,CAR,2,2,0,0,
1996-12-23,1996,17,REG,1996_17_DET_SF,nfl-jason-hanson-2,Jason Hanson,DET,SF,2,2,0,1,
1996-12-23,1996,17,REG,1996_17_DET_SF,nfl-jeff-wilkins,Jeff Wilkins,SF,DET,3,3,1,1,49
1997-08-31,1997,1,REG,1997_01_ARI_CIN,nfl-doug-pelfrey,Doug Pelfrey,CIN,ARI,1,1,1,1,38
1997-08-31,1997,1,REG,1997_01_ARI_CIN,nfl-kevin-butler,Kevin Butler,ARI,CIN,3,3,0,0,
1997-08-31,1997,1,REG,1997_01_ATL_DET,nfl-jason-hanson-2,Jason Hanson,DET,ATL,4,4,0,0,
1997-08-31,1997,1,REG,1997_01_ATL_DET,nfl-morten-andersen,Morten Andersen,ATL,DET,2,2,1,2,30
1997-08-31,1997,1,REG,1997_01_DAL_PIT,nfl-norm-johnson,Norm Johnson,PIT,DAL,1,1,0,0,
1997-08-31,1997,1,REG,1997_01_IND_MIA,nfl-cary-blanchard,Cary Blanchard,IND,MIA,1,1,1,4,35
1997-08-31,1997,1,REG,1997_01_JAX_BAL,nfl-mike-hollis,Mike Hollis,JAX,BAL,4,4,0,1,
1997-08-31,1997,1,REG,1997_01_KC_DEN,nfl-pete-stoyanovich,Pete Stoyanovich,KC,DEN,0,0,1,1,20
1997-08-31,1997,1,REG,1997_01_NO_STL,nfl-jeff-wilkins,Jeff Wilkins,STL,NO,5,5,1,2,36
1997-08-31,1997,1,REG,1997_01_NYJ_SEA,nfl-todd-peterson-2,Todd Peterson,SEA,NYJ,0,0,1,1,31
1997-08-31,1997,1,REG,1997_01_OAK_TEN,nfl-cole-ford,Cole Ford,OAK,TEN,3,3,0,1,
1997-08-31,1997,1,REG,1997_01_PHI_NYG,nfl-brad-daluiso,Brad Daluiso,NYG,PHI,4,4,1,2,39
1997-08-31,1997,1,REG,1997_01_PHI_NYG,nfl-chris-boniol,Chris Boniol,PHI,NYG,2,2,1,1,48
1997-08-31,1997,1,REG,1997_01_SD_NE,nfl-john-carney,John Carney,SD,NE,1,1,0,0,
1997-08-31,1997,1,REG,1997_01_WAS_CAR,nfl-john-kasay,John Kasay,CAR,WAS,1,1,1,1,52
1997-08-31,1997,1,REG,1997_01_WAS_CAR,nfl-scott-blanton,Scott Blanton,WAS,CAR,3,3,1,1,38
1997-09-01,1997,1,REG,1997_01_CHI_GB,nfl-jeff-jaeger,Jeff Jaeger,CHI,GB,1,1,1,1,42
1997-09-07,1997,2,REG,1997_02_BUF_NYJ,nfl-steve-christie,Steve Christie,BUF,NYJ,4,4,0,0,
1997-09-07,1997,2,REG,1997_02_CIN_BAL,nfl-doug-pelfrey,Doug Pelfrey,CIN,BAL,1,1,1,4,46
1997-09-07,1997,2,REG,1997_02_DAL_ARI,nfl-kevin-butler,Kevin Butler,ARI,DAL,2,2,1,1,20
1997-09-07,1997,2,REG,1997_02_DEN_SEA,nfl-todd-peterson-2,Todd Peterson,SEA,DEN,2,2,0,0,
1997-09-07,1997,2,REG,1997_02_GB_PHI,nfl-chris-boniol,Chris Boniol,PHI,GB,1,1,1,2,32
1997-09-07,1997,2,REG,1997_02_MIN_CHI,nfl-jeff-jaeger,Jeff Jaeger,CHI,MIN,3,3,1,1,39
1997-09-07,1997,2,REG,1997_02_NE_IND,nfl-adam-vinatieri,Adam Vinatieri,NE,IND,4,4,1,1,21
1997-09-07,1997,2,REG,1997_02_NYG_JAX,nfl-brad-daluiso,Brad Daluiso,NYG,JAX,1,1,0,0,
1997-09-07,1997,2,REG,1997_02_SF_STL,nfl-gary-anderson,Gary Anderson,SF,STL,1,1,0,1,
1997-09-07,1997,2,REG,1997_02_TB_DET,nfl-jason-hanson-2,Jason Hanson,DET,TB,2,2,1,2,48
1997-09-07,1997,2,REG,1997_02_TB_DET,nfl-michael-husted,Michael Husted,TB,DET,3,3,1,1,41
1997-09-07,1997,2,REG,1997_02_WAS_PIT,nfl-norm-johnson,Norm Johnson,PIT,WAS,2,2,0,0,
1997-09-14,1997,3,REG,1997_03_BAL_NYG,nfl-brad-daluiso,Brad Daluiso,NYG,BAL,0,1,1,3,27
1997-09-14,1997,3,REG,1997_03_BAL_NYG,nfl-matt-stover,Matt Stover,BAL,NYG,3,3,1,1,37
1997-09-14,1997,3,REG,1997_03_CAR_SD,nfl-john-carney,John Carney,SD,CAR,1,1,0,0,
1997-09-14,1997,3,REG,1997_03_DET_CHI,nfl-jeff-jaeger,Jeff Jaeger,CHI,DET,1,1,0,0,
1997-09-14,1997,3,REG,1997_03_NO_SF,nfl-doug-brien,Doug Brien,NO,SF,1,1,0,0,
1997-09-14,1997,3,REG,1997_03_NYJ_NE,nfl-john-hall,John Hall,NYJ,NE,3,3,1,2,27
1997-09-14,1997,3,REG,1997_03_OAK_ATL,nfl-morten-andersen,Morten Andersen,ATL,OAK,4,4,1,1,51
1997-09-14,1997,3,REG,1997_03_SEA_IND,nfl-cary-blanchard,Cary Blanchard,IND,SEA,0,0,1,1,46
1997-09-14,1997,3,REG,1997_03_SEA_IND,nfl-todd-peterson-2,Todd Peterson,SEA,IND,4,4,1,1,27
1997-09-14,1997,3,REG,1997_03_STL_DEN,nfl-jason-elam,Jason Elam,DEN,STL,5,5,0,1,
1997-09-14,1997,3,REG,1997_03_STL_DEN,nfl-jeff-wilkins,Jeff Wilkins,STL,DEN,2,2,0,1,
1997-09-14,1997,3,REG,1997_03_TB_MIN,nfl-michael-husted,Michael Husted,TB,MIN,4,4,0,0,
1997-09-21,1997,4,REG,1997_04_ATL_SF,nfl-morten-andersen,Morten Andersen,ATL,SF,1,1,0,0,
1997-09-21,1997,4,REG,1997_04_BAL_TEN,nfl-al-del-greco,Al Del Greco,TEN,BAL,1,1,1,2,45
1997-09-21,1997,4,REG,1997_04_CHI_NE,nfl-adam-vinatieri,Adam Vinatieri,NE,CHI,4,4,1,1,27
1997-09-21,1997,4,REG,1997_04_CHI_NE,nfl-jeff-jaeger,Jeff Jaeger,CHI,NE,0,0,1,1,38
1997-09-21,1997,4,REG,1997_04_CIN_DEN,nfl-jason-elam,Jason Elam,DEN,CIN,5,5,1,1,25
1997-09-21,1997,4,REG,1997_04_DET_NO,nfl-doug-brien,Doug Brien,NO,DET,5,5,0,2,
1997-09-21,1997,4,REG,1997_04_DET_NO,nfl-jason-hanson-2,Jason Hanson,DET,NO,2,2,1,1,47
1997-09-21,1997,4,REG,1997_04_IND_BUF,nfl-steve-christie,Steve Christie,BUF,IND,4,4,1,1,27
1997-09-21,1997,4,REG,1997_04_KC_CAR,nfl-john-kasay,John Kasay,CAR,KC,2,2,0,2,
1997-09-21,1997,4,REG,1997_04_KC_CAR,nfl-pete-stoyanovich,Pete Stoyanovich,KC,CAR,5,5,0,0,
1997-09-21,1997,4,REG,1997_04_MIA_TB,nfl-michael-husted,Michael Husted,TB,MIA,4,4,1,1,22
1997-09-21,1997,4,REG,1997_04_MIA_TB,nfl-olindo-mare,Olindo Mare,MIA,TB,3,3,0,1,
1997-09-21,1997,4,REG,1997_04_MIN_GB,nfl-greg-davis,Greg Davis,MIN,GB,3,3,1,2,31
1997-09-21,1997,4,REG,1997_04_MIN_GB,nfl-ryan-longwell,Ryan Longwell,GB,MIN,5,5,1,1,34
1997-09-21,1997,4,REG,1997_04_NYG_STL,nfl-brad-daluiso,Brad Daluiso,NYG,STL,0,0,1,3,47
1997-09-21,1997,4,REG,1997_04_OAK_NYJ,nfl-cole-ford,Cole Ford,OAK,NYJ,1,2,1,5,43
1997-09-22,1997,4,REG,1997_04_PIT_JAX,nfl-norm-johnson,Norm Johnson,PIT,JAX,3,3,0,1,
1997-09-28,1997,5,REG,1997_05_ARI_TB,nfl-kevin-butler,Kevin Butler,ARI,TB,1,1,1,3,37
1997-09-28,1997,5,REG,1997_05_ARI_TB,nfl-michael-husted,Michael Husted,TB,ARI,1,2,0,0,
1997-09-28,1997,5,REG,1997_05_BAL_MIN,nfl-greg-davis,Greg Davis,MIN,BAL,3,3,0,1,
1997-09-28,1997,5,REG,1997_05_CHI_DAL,nfl-jeff-jaeger,Jeff Jaeger,CHI,DAL,0,0,1,1,21
1997-09-28,1997,5,REG,1997_05_DEN_ATL,nfl-jason-elam,Jason Elam,DEN,ATL,1,1,0,0,
1997-09-28,1997,5,REG,1997_05_DEN_ATL,nfl-morten-andersen,Morten Andersen,ATL,DEN,3,3,0,1,
1997-09-28,1997,5,REG,1997_05_JAX_WAS,nfl-scott-blanton,Scott Blanton,WAS,JAX,3,3,1,2,41
1997-09-28,1997,5,REG,1997_05_NO_NYG,nfl-brad-daluiso,Brad Daluiso,NYG,NO,2,2,0,1,
1997-09-28,1997,5,REG,1997_05_NYJ_CIN,nfl-doug-pelfrey,Doug Pelfrey,CIN,NYJ,2,2,0,0,
1997-09-28,1997,5,REG,1997_05_NYJ_CIN,nfl-john-hall,John Hall,NYJ,CIN,4,4,1,2,44
1997-09-28,1997,5,REG,1997_05_PHI_MIN,nfl-eddie-murray,Eddie Murray,MIN,PHI,4,4,0,0,
1997-09-28,1997,5,REG,1997_05_SEA_KC,nfl-todd-peterson-2,Todd Peterson,SEA,KC,2,2,1,3,44
1997-09-28,1997,5,REG,1997_05_STL_OAK,nfl-cole-ford,Cole Ford,OAK,STL,3,3,0,0,
1997-09-28,1997,5,REG,1997_05_STL_OAK,nfl-jeff-wilkins,Jeff Wilkins,STL,OAK,2,2,1,1,38
1997-09-29,1997,5,REG,1997_05_SF_CAR,nfl-john-kasay,John Kasay,CAR,SF,3,3,0,0,
1997-10-05,1997,6,REG,1997_06_CIN_JAX,nfl-doug-pelfrey,Doug Pelfrey,CIN,JAX,1,2,0,0,
1997-10-05,1997,6,REG,1997_06_CIN_JAX,nfl-mike-hollis,Mike Hollis,JAX,CIN,3,3,0,1,
1997-10-05,1997,6,REG,1997_06_KC_MIA,nfl-olindo-mare,Olindo Mare,MIA,KC,2,2,1,2,26
1997-10-05,1997,6,REG,1997_06_KC_MIA,nfl-pete-stoyanovich,Pete Stoyanovich,KC,MIA,2,2,0,0,
1997-10-05,1997,6,REG,1997_06_NO_CHI,nfl-jeff-jaeger,Jeff Jaeger,CHI,NO,2,2,1,1,23
1997-10-05,1997,6,REG,1997_06_NYJ_IND,nfl-cary-blanchard,Cary Blanchard,IND,NYJ,1,1,1,1,48
1997-10-05,1997,6,REG,1997_06_PIT_BAL,nfl-matt-stover,Matt Stover,BAL,PIT,3,3,1,1,34
1997-10-05,1997,6,REG,1997_06_PIT_BAL,nfl-norm-johnson,Norm Johnson,PIT,BAL,6,6,0,0,
1997-10-05,1997,6,REG,1997_06_SD_OAK,nfl-cole-ford,Cole Ford,OAK,SD,1,1,1,1,24
1997-10-05,1997,6,REG,1997_06_TB_GB,nfl-michael-husted,Michael Husted,TB,GB,1,1,1,1,23
1997-10-05,1997,6,REG,1997_06_TB_GB,nfl-ryan-longwell,Ryan Longwell,GB,TB,3,3,0,1,
1997-10-05,1997,6,REG,1997_06_TEN_SEA,nfl-todd-peterson-2,Todd Peterson,SEA,TEN,1,1,1,1,38
1997-10-05,1997,6,REG,1997_06_WAS_PHI,nfl-chris-boniol,Chris Boniol,PHI,WAS,3,3,1,1,34
1997-10-05,1997,6,REG,1997_06_WAS_PHI,nfl-scott-blanton,Scott Blanton,WAS,PHI,1,1,1,1,37
1997-10-12,1997,7,REG,1997_07_ATL_NO,nfl-doug-brien,Doug Brien,NO,ATL,2,2,1,1,35
1997-10-12,1997,7,REG,1997_07_BUF_NE,nfl-steve-christie,Steve Christie,BUF,NE,0,0,0,1,
1997-10-12,1997,7,REG,1997_07_CAR_MIN,nfl-eddie-murray,Eddie Murray,MIN,CAR,3,3,0,0,
1997-10-12,1997,7,REG,1997_07_CAR_MIN,nfl-john-kasay,John Kasay,CAR,MIN,2,2,0,0,
1997-10-12,1997,7,REG,1997_07_CIN_TEN,nfl-doug-pelfrey,Doug Pelfrey,CIN,TEN,1,1,0,0,
1997-10-12,1997,7,REG,1997_07_DET_TB,nfl-michael-husted,Michael Husted,TB,DET,0,1,1,1,25
1997-10-12,1997,7,REG,1997_07_GB_CHI,nfl-jeff-jaeger,Jeff Jaeger,CHI,GB,2,2,1,1,41
1997-10-12,1997,7,REG,1997_07_GB_CHI,nfl-ryan-longwell,Ryan Longwell,GB,CHI,3,3,1,1,37
1997-10-12,1997,7,REG,1997_07_IND_PIT,nfl-norm-johnson,Norm Johnson,PIT,IND,3,3,1,1,23
1997-10-12,1997,7,REG,1997_07_MIA_NYJ,nfl-john-hall,John Hall,NYJ,MIA,2,2,0,1,
1997-10-12,1997,7,REG,1997_07_MIA_NYJ,nfl-olindo-mare,Olindo Mare,MIA,NYJ,4,4,1,2,23
1997-10-12,1997,7,REG,1997_07_NYG_ARI,nfl-kevin-butler,Kevin Butler,ARI,NYG,1,2,0,0,
1997-10-12,1997,7,REG,1997_07_PHI_JAX,nfl-chris-boniol,Chris Boniol,PHI,JAX,3,3,0,1,
1997-10-12,1997,7,REG,1997_07_PHI_JAX,nfl-mike-hollis,Mike Hollis,JAX,PHI,5,5,1,1,38
1997-10-12,1997,7,REG,1997_07_STL_SF,nfl-jeff-wilkins,Jeff Wilkins,STL,SF,1,1,1,1,34
1997-10-13,1997,7,REG,1997_07_DAL_WAS,nfl-richie-cunningham,Richie Cunningham,DAL,WAS,1,1,1,1,19
1997-10-13,1997,7,REG,1997_07_DAL_WAS,nfl-scott-blanton,Scott Blanton,WAS,DAL,3,3,0,0,
1997-10-16,1997,8,REG,1997_08_MIN_KC,nfl-greg-davis,Greg Davis,MIN,KC,0,0,1,1,26
1997-10-16,1997,8,REG,1997_08_SD_KC,nfl-pete-stoyanovich,Pete Stoyanovich,KC,SD,4,4,1,1,45
1997-10-19,1997,8,REG,1997_08_ARI_PHI,nfl-joe-nedney,Joe Nedney,ARI,PHI,1,1,1,2,23
1997-10-19,1997,8,REG,1997_08_DEN_OAK,nfl-cole-ford,Cole Ford,OAK,DEN,4,4,0,0,
1997-10-19,1997,8,REG,1997_08_DEN_OAK,nfl-jason-elam,Jason Elam,DEN,OAK,2,2,1,3,44
1997-10-19,1997,8,REG,1997_08_JAX_DAL,nfl-mike-hollis,Mike Hollis,JAX,DAL,2,2,0,0,
1997-10-19,1997,8,REG,1997_08_MIA_BAL,nfl-olindo-mare,Olindo Mare,MIA,BAL,3,3,1,1,23
1997-10-19,1997,8,REG,1997_08_NE_NYJ,nfl-adam-vinatieri,Adam Vinatieri,NE,NYJ,2,2,1,1,24
1997-10-19,1997,8,REG,1997_08_NE_NYJ,nfl-john-hall,John Hall,NYJ,NE,3,3,1,4,35
1997-10-19,1997,8,REG,1997_08_PIT_CIN,nfl-doug-pelfrey,Doug Pelfrey,CIN,PIT,1,1,1,1,33
1997-10-19,1997,8,REG,1997_08_SEA_STL,nfl-todd-peterson-2,Todd Peterson,SEA,STL,2,2,1,1,24
1997-10-19,1997,8,REG,1997_08_SF_ATL,nfl-gary-anderson,Gary Anderson,SF,ATL,3,3,0,0,
1997-10-19,1997,8,REG,1997_08_SF_ATL,nfl-morten-andersen,Morten Andersen,ATL,SF,4,4,0,0,
1997-10-19,1997,8,REG,1997_08_WAS_TEN,nfl-al-del-greco,Al Del Greco,TEN,WAS,4,4,0,0,
1997-10-19,1997,8,REG,1997_08_WAS_TEN,nfl-scott-blanton,Scott Blanton,WAS,TEN,2,2,0,1,
1997-10-26,1997,9,REG,1997_09_ATL_CAR,nfl-john-kasay,John Kasay,CAR,ATL,3,3,0,0,
1997-10-26,1997,9,REG,1997_09_BAL_WAS,nfl-scott-blanton,Scott Blanton,WAS,BAL,2,2,1,1,26
1997-10-26,1997,9,REG,1997_09_CIN_NYG,nfl-brad-daluiso,Brad Daluiso,NYG,CIN,2,2,1,1,35
1997-10-26,1997,9,REG,1997_09_CIN_NYG,nfl-doug-pelfrey,Doug Pelfrey,CIN,NYG,3,3,0,0,
1997-10-26,1997,9,REG,1997_09_IND_SD,nfl-cary-blanchard,Cary Blanchard,IND,SD,1,1,0,0,
1997-10-26,1997,9,REG,1997_09_JAX_PIT,nfl-mike-hollis,Mike Hollis,JAX,PIT,2,2,1,1,20
1997-10-26,1997,9,REG,1997_09_JAX_PIT,nfl-norm-johnson,Norm Johnson,PIT,JAX,2,2,1,1,19
1997-10-26,1997,9,REG,1997_09_MIN_TB,nfl-eddie-murray,Eddie Murray,MIN,TB,1,1,1,2,28
1997-10-26,1997,9,REG,1997_09_MIN_TB,nfl-michael-husted,Michael Husted,TB,MIN,0,1,0,0,
1997-10-26,1997,9,REG,1997_09_TEN_ARI,nfl-joe-nedney,Joe Nedney,ARI,TEN,2,2,0,0,
1997-10-27,1997,9,REG,1997_09_CHI_MIA,nfl-olindo-mare,Olindo Mare,MIA,CHI,3,3,0,0,
1997-10-27,1997,9,REG,1997_09_GB_NE,nfl-adam-vinatieri,Adam Vinatieri,NE,GB,1,1,1,1,38
1997-10-27,1997,9,REG,1997_09_GB_NE,nfl-ryan-longwell,Ryan Longwell,GB,NE,4,4,0,0,
1997-11-02,1997,10,REG,1997_10_DAL_SF,nfl-gary-anderson,Gary Anderson,SF,DAL,2,2,1,1,28
1997-11-02,1997,10,REG,1997_10_DAL_SF,nfl-richie-cunningham,Richie Cunningham,DAL,SF,1,1,1,1,21
1997-11-02,1997,10,REG,1997_10_DET_GB,nfl-jason-hanson-2,Jason Hanson,DET,GB,1,1,1,1,34
1997-11-02,1997,10,REG,1997_10_JAX_TEN,nfl-al-del-greco,Al Del Greco,TEN,JAX,3,3,1,3,36
1997-11-02,1997,10,REG,1997_10_MIN_CIN,nfl-greg-davis,Greg Davis,MIN,CIN,4,4,1,1,45
1997-11-02,1997,10,REG,1997_10_OAK_CAR,nfl-cole-ford,Cole Ford,OAK,CAR,2,2,0,1,
1997-11-02,1997,10,REG,1997_10_OAK_CAR,nfl-john-kasay,John Kasay,CAR,OAK,5,5,1,1,54
1997-11-02,1997,10,REG,1997_10_PHI_ARI,nfl-chris-boniol,Chris Boniol,PHI,ARI,3,3,0,1,
1997-11-02,1997,10,REG,1997_10_PHI_ARI,nfl-joe-nedney,Joe Nedney,ARI,PHI,4,4,1,3,45
1997-11-02,1997,10,REG,1997_10_SD_CIN,nfl-doug-pelfrey,Doug Pelfrey,CIN,SD,5,5,1,1,27
1997-11-02,1997,10,REG,1997_10_STL_ATL,nfl-jeff-wilkins,Jeff Wilkins,STL,ATL,4,4,1,1,38
1997-11-02,1997,10,REG,1997_10_TB_IND,nfl-michael-husted,Michael Husted,TB,IND,4,4,1,1,36
1997-11-02,1997,10,REG,1997_10_WAS_CHI,nfl-scott-blanton,Scott Blanton,WAS,CHI,4,4,1,1,38
1997-11-03,1997,10,REG,1997_10_PIT_KC,nfl-norm-johnson,Norm Johnson,PIT,KC,1,1,1,1,27
1997-11-09,1997,11,REG,1997_11_ARI_DAL,nfl-richie-cunningham,Richie Cunningham,DAL,ARI,3,3,1,1,23
1997-11-09,1997,11,REG,1997_11_CHI_MIN,nfl-eddie-murray,Eddie Murray,MIN,CHI,3,3,0,1,
1997-11-09,1997,11,REG,1997_11_CIN_IND,nfl-doug-pelfrey,Doug Pelfrey,CIN,IND,4,4,0,0,
1997-11-09,1997,11,REG,1997_11_DET_WAS,nfl-jason-hanson-2,Jason Hanson,DET,WAS,1,1,0,0,
1997-11-09,1997,11,REG,1997_11_KC_JAX,nfl-mike-hollis,Mike Hollis,JAX,KC,3,3,1,1,52
1997-11-09,1997,11,REG,1997_11_KC_JAX,nfl-pete-stoyanovich,Pete Stoyanovich,KC,JAX,1,1,1,1,45
1997-11-09,1997,11,REG,1997_11_NE_BUF,nfl-adam-vinatieri,Adam Vinatieri,NE,BUF,4,4,1,3,42
1997-11-09,1997,11,REG,1997_11_NE_BUF,nfl-steve-christie,Steve Christie,BUF,NE,1,1,1,1,23
1997-11-09,1997,11,REG,1997_11_NO_OAK,nfl-cole-ford,Cole Ford,OAK,NO,1,1,1,1,43
1997-11-09,1997,11,REG,1997_11_NYG_TEN,nfl-al-del-greco,Al Del Greco,TEN,NYG,1,1,1,2,31
1997-11-09,1997,11,REG,1997_11_NYJ_MIA,nfl-john-hall,John Hall,NYJ,MIA,2,2,1,2,29
1997-11-09,1997,11,REG,1997_11_NYJ_MIA,nfl-olindo-mare,Olindo Mare,MIA,NYJ,3,3,1,1,21
1997-11-09,1997,11,REG,1997_11_SEA_MIN,nfl-greg-davis,Greg Davis,MIN,SEA,4,4,1,1,33
1997-11-09,1997,11,REG,1997_11_STL_GB,nfl-jeff-wilkins,Jeff Wilkins,STL,GB,1,1,0,2,
1997-11-09,1997,11,REG,1997_11_STL_GB,nfl-ryan-longwell,Ryan Longwell,GB,STL,2,2,1,1,44
1997-11-09,1997,11,REG,1997_11_TB_ATL,nfl-michael-husted,Michael Husted,TB,ATL,4,4,1,1,54
1997-11-09,1997,11,REG,1997_11_TB_ATL,nfl-morten-andersen,Morten Andersen,ATL,TB,1,1,1,1,34
1997-11-10,1997,11,REG,1997_11_SF_PHI,nfl-gary-anderson,Gary Anderson,SF,PHI,3,3,1,2,31
1997-11-16,1997,12,REG,1997_12_ARI_NYG,nfl-joe-nedney,Joe Nedney,ARI,NYG,1,1,1,1,34
1997-11-16,1997,12,REG,1997_12_ATL_STL,nfl-jeff-wilkins,Jeff Wilkins,STL,ATL,3,3,0,2,
1997-11-16,1997,12,REG,1997_12_CIN_PIT,nfl-doug-pelfrey,Doug Pelfrey,CIN,PIT,0,0,1,1,25
1997-11-16,1997,12,REG,1997_12_DEN_KC,nfl-pete-stoyanovich,Pete Stoyanovich,KC,DEN,3,3,1,1,54
1997-11-16,1997,12,REG,1997_12_GB_IND,nfl-ryan-longwell,Ryan Longwell,GB,IND,5,5,1,1,18
1997-11-16,1997,12,REG,1997_12_MIN_DET,nfl-eddie-murray,Eddie Murray,MIN,DET,1,1,0,0,
1997-11-16,1997,12,REG,1997_12_MIN_DET,nfl-jason-hanson-2,Jason Hanson,DET,MIN,5,5,1,1,27
1997-11-16,1997,12,REG,1997_12_NE_TB,nfl-adam-vinatieri,Adam Vinatieri,NE,TB,1,1,0,0,
1997-11-16,1997,12,REG,1997_12_NYJ_CHI,nfl-jeff-jaeger,Jeff Jaeger,CHI,NYJ,1,1,0,2,
1997-11-16,1997,12,REG,1997_12_OAK_SD,nfl-cole-ford,Cole Ford,OAK,SD,5,5,1,1,23
1997-11-16,1997,12,REG,1997_12_PHI_BAL,nfl-chris-boniol,Chris Boniol,PHI,BAL,1,1,1,2,33
1997-11-16,1997,12,REG,1997_12_PHI_BAL,nfl-matt-stover,Matt Stover,BAL,PHI,1,1,1,2,23
1997-11-16,1997,12,REG,1997_12_SEA_NO,nfl-todd-peterson-2,Todd Peterson,SEA,NO,2,2,1,3,36
1997-11-16,1997,12,REG,1997_12_TEN_JAX,nfl-al-del-greco,Al Del Greco,TEN,JAX,0,0,1,2,35
1997-11-16,1997,12,REG,1997_12_TEN_JAX,nfl-mike-hollis,Mike Hollis,JAX,TEN,2,2,1,1,23
1997-11-16,1997,12,REG,1997_12_WAS_DAL,nfl-scott-blanton,Scott Blanton,WAS,DAL,2,2,0,0,
1997-11-23,1997,13,REG,1997_13_BUF_TEN,nfl-al-del-greco,Al Del Greco,TEN,BUF,4,4,1,1,51
1997-11-23,1997,13,REG,1997_13_BUF_TEN,nfl-steve-christie,Steve Christie,BUF,TEN,2,2,0,1,
1997-11-23,1997,13,REG,1997_13_CAR_STL,nfl-jeff-wilkins,Jeff Wilkins,STL,CAR,1,1,1,2,26
1997-11-23,1997,13,REG,1997_13_DAL_GB,nfl-richie-cunningham,Richie Cunningham,DAL,GB,2,2,1,1,29
1997-11-23,1997,13,REG,1997_13_DAL_GB,nfl-ryan-longwell,Ryan Longwell,GB,DAL,6,6,1,2,32
1997-11-23,1997,13,REG,1997_13_IND_DET,nfl-cary-blanchard,Cary Blanchard,IND,DET,1,1,1,1,35
1997-11-23,1997,13,REG,1997_13_JAX_CIN,nfl-doug-pelfrey,Doug Pelfrey,CIN,JAX,4,4,1,1,20
1997-11-23,1997,13,REG,1997_13_KC_SEA,nfl-pete-stoyanovich,Pete Stoyanovich,KC,SEA,2,2,1,1,22
1997-11-23,1997,13,REG,1997_13_KC_SEA,nfl-todd-peterson-2,Todd Peterson,SEA,KC,2,2,0,0,
1997-11-23,1997,13,REG,1997_13_MIA_NE,nfl-olindo-mare,Olindo Mare,MIA,NE,3,3,1,1,25
1997-11-23,1997,13,REG,1997_13_MIN_NYJ,nfl-eddie-murray,Eddie Murray,MIN,NYJ,1,1,0,1,
1997-11-23,1997,13,REG,1997_13_MIN_SF,nfl-greg-davis,Greg Davis,MIN,SF,1,1,1,2,31
1997-11-23,1997,13,REG,1997_13_NO_ATL,nfl-doug-brien,Doug Brien,NO,ATL,0,0,1,2,22
1997-11-23,1997,13,REG,1997_13_NYG_WAS,nfl-brad-daluiso,Brad Daluiso,NYG,WAS,1,1,0,1,
1997-11-23,1997,13,REG,1997_13_NYG_WAS,nfl-scott-blanton,Scott Blanton,WAS,NYG,1,1,0,2,
1997-11-23,1997,13,REG,1997_13_SD_SF,nfl-gary-anderson,Gary Anderson,SF,SD,2,2,1,1,29
1997-11-23,1997,13,REG,1997_13_TB_CHI,nfl-michael-husted,Michael Husted,TB,CHI,1,1,0,2,
1997-11-24,1997,13,REG,1997_13_OAK_DEN,nfl-cole-ford,Cole Ford,OAK,DEN,0,0,1,1,41
1997-11-24,1997,13,REG,1997_13_OAK_DEN,nfl-jason-elam,Jason Elam,DEN,OAK,4,4,1,1,36
1997-11-27,1997,14,REG,1997_14_TEN_DAL,nfl-richie-cunningham,Richie Cunningham,DAL,TEN,2,2,0,0,
1997-11-30,1997,14,REG,1997_14_ATL_SEA,nfl-morten-andersen,Morten Andersen,ATL,SEA,3,3,1,1,18
1997-11-30,1997,14,REG,1997_14_ATL_SEA,nfl-todd-peterson-2,Todd Peterson,SEA,ATL,2,2,1,2,35
1997-11-30,1997,14,REG,1997_14_BAL_JAX,nfl-matt-stover,Matt Stover,BAL,JAX,3,3,0,0,
1997-11-30,1997,14,REG,1997_14_CIN_PHI,nfl-doug-pelfrey,Doug Pelfrey,CIN,PHI,6,6,0,0,
1997-11-30,1997,14,REG,1997_14_DEN_MIN,nfl-greg-davis,Greg Davis,MIN,DEN,4,4,0,0,
1997-11-30,1997,14,REG,1997_14_DEN_SD,nfl-jason-elam,Jason Elam,DEN,SD,5,5,1,2,32
1997-11-30,1997,14,REG,1997_14_IND_NE,nfl-cary-blanchard,Cary Blanchard,IND,NE,2,2,1,2,24
1997-11-30,1997,14,REG,1997_14_MIA_OAK,nfl-cole-ford,Cole Ford,OAK,MIA,1,2,1,2,44
1997-11-30,1997,14,REG,1997_14_NYJ_BUF,nfl-john-hall,John Hall,NYJ,BUF,1,1,1,2,22
1997-11-30,1997,14,REG,1997_14_SF_KC,nfl-pete-stoyanovich,Pete Stoyanovich,KC,SF,6,6,0,0,
1997-11-30,1997,14,REG,1997_14_TB_NYG,nfl-michael-husted,Michael Husted,TB,NYG,2,2,0,0,
1997-12-01,1997,14,REG,1997_14_GB_MIN,nfl-eddie-murray,Eddie Murray,MIN,GB,0,0,1,2,42
1997-12-04,1997,15,REG,1997_15_TEN_CIN,nfl-al-del-greco,Al Del Greco,TEN,CIN,2,2,0,0,
1997-12-07,1997,15,REG,1997_15_ATL_MIN,nfl-greg-davis,Greg Davis,MIN,ATL,0,0,1,2,37
1997-12-07,1997,15,REG,1997_15_ATL_SD,nfl-morten-andersen,Morten Andersen,ATL,SD,2,2,0,0,
1997-12-07,1997,15,REG,1997_15_BUF_CHI,nfl-steve-christie,Steve Christie,BUF,CHI,0,0,1,2,43
1997-12-07,1997,15,REG,1997_15_DEN_PIT,nfl-jason-elam,Jason Elam,DEN,PIT,3,3,1,2,35
1997-12-07,1997,15,REG,1997_15_DEN_PIT,nfl-norm-johnson,Norm Johnson,PIT,DEN,5,5,0,1,
1997-12-07,1997,15,REG,1997_15_DET_MIA,nfl-jason-hanson-2,Jason Hanson,DET,MIA,1,2,1,1,26
1997-12-07,1997,15,REG,1997_15_GB_TB,nfl-ryan-longwell,Ryan Longwell,GB,TB,2,2,1,2,27
1997-12-07,1997,15,REG,1997_15_IND_NYJ,nfl-john-hall,John Hall,NYJ,IND,2,2,0,1,
1997-12-07,1997,15,REG,1997_15_MIN_SF,nfl-eddie-murray,Eddie Murray,MIN,SF,2,2,1,1,42
1997-12-07,1997,15,REG,1997_15_MIN_SF,nfl-gary-anderson,Gary Anderson,SF,MIN,4,4,0,2,
1997-12-07,1997,15,REG,1997_15_NE_JAX,nfl-mike-hollis,Mike Hollis,JAX,NE,2,2,0,1,
1997-12-07,1997,15,REG,1997_15_NYG_PHI,nfl-brad-daluiso,Brad Daluiso,NYG,PHI,4,4,1,2,19
1997-12-07,1997,15,REG,1997_15_NYG_PHI,nfl-chris-boniol,Chris Boniol,PHI,NYG,3,3,0,1,
1997-12-07,1997,15,REG,1997_15_OAK_KC,nfl-cole-ford,Cole Ford,OAK,KC,0,0,0,1,
1997-12-07,1997,15,REG,1997_15_SEA_BAL,nfl-matt-stover,Matt Stover,BAL,SEA,4,4,1,3,24
1997-12-07,1997,15,REG,1997_15_SEA_BAL,nfl-todd-peterson-2,Todd Peterson,SEA,BAL,2,2,0,0,
1997-12-07,1997,15,REG,1997_15_WAS_ARI,nfl-joe-nedney,Joe Nedney,ARI,WAS,4,4,0,0,
1997-12-07,1997,15,REG,1997_15_WAS_ARI,nfl-scott-blanton,Scott Blanton,WAS,ARI,5,5,1,1,40
1997-12-13,1997,16,REG,1997_16_PIT_NE,nfl-adam-vinatieri,Adam Vinatieri,NE,PIT,3,3,0,0,
1997-12-13,1997,16,REG,1997_16_WAS_NYG,nfl-scott-blanton,Scott Blanton,WAS,NYG,1,1,1,1,33
1997-12-14,1997,16,REG,1997_16_ARI_NO,nfl-joe-nedney,Joe Nedney,ARI,NO,1,1,1,1,30
1997-12-14,1997,16,REG,1997_16_CHI_STL,nfl-jeff-wilkins,Jeff Wilkins,STL,CHI,1,1,1,2,28
1997-12-14,1997,16,REG,1997_16_DAL_CIN,nfl-doug-pelfrey,Doug Pelfrey,CIN,DAL,4,4,1,1,42
1997-12-14,1997,16,REG,1997_16_DAL_CIN,nfl-richie-cunningham,Richie Cunningham,DAL,CIN,3,3,1,1,23
1997-12-14,1997,16,REG,1997_16_DET_MIN,nfl-jason-hanson-2,Jason Hanson,DET,MIN,2,2,0,2,
1997-12-14,1997,16,REG,1997_16_GB_CAR,nfl-john-kasay,John Kasay,CAR,GB,1,1,1,1,43
1997-12-14,1997,16,REG,1997_16_GB_CAR,nfl-ryan-longwell,Ryan Longwell,GB,CAR,4,4,1,1,31
1997-12-14,1997,16,REG,1997_16_KC_MIN,nfl-greg-davis,Greg Davis,MIN,KC,1,1,0,0,
1997-12-14,1997,16,REG,1997_16_MIA_IND,nfl-olindo-mare,Olindo Mare,MIA,IND,0,0,0,1,
1997-12-14,1997,16,REG,1997_16_PHI_ATL,nfl-chris-boniol,Chris Boniol,PHI,ATL,2,2,1,1,39
1997-12-14,1997,16,REG,1997_16_SEA_OAK,nfl-cole-ford,Cole Ford,OAK,SEA,3,3,0,1,
1997-12-14,1997,16,REG,1997_16_TB_NYJ,nfl-john-hall,John Hall,NYJ,TB,4,4,1,1,32
1997-12-14,1997,16,REG,1997_16_TB_NYJ,nfl-michael-husted,Michael Husted,TB,NYJ,0,0,0,1,
1997-12-14,1997,16,REG,1997_16_TEN_BAL,nfl-matt-stover,Matt Stover,BAL,TEN,3,3,0,2,
1997-12-15,1997,16,REG,1997_16_DEN_SF,nfl-jason-elam,Jason Elam,DEN,SF,2,2,1,3,49
1997-12-20,1997,17,REG,1997_17_BUF_GB,nfl-ryan-longwell,Ryan Longwell,GB,BUF,4,4,1,2,35
1997-12-20,1997,17,REG,1997_17_BUF_GB,nfl-steve-christie,Steve Christie,BUF,GB,1,1,0,0,
1997-12-21,1997,17,REG,1997_17_ATL_ARI,nfl-joe-nedney,Joe Nedney,ARI,ATL,3,3,0,0,
1997-12-21,1997,17,REG,1997_17_BAL_CIN,nfl-doug-pelfrey,Doug Pelfrey,CIN,BAL,1,2,1,1,44
1997-12-21,1997,17,REG,1997_17_BAL_CIN,nfl-matt-stover,Matt Stover,BAL,CIN,2,2,0,1,
1997-12-21,1997,17,REG,1997_17_CHI_TB,nfl-jeff-jaeger,Jeff Jaeger,CHI,TB,1,1,0,0,
1997-12-21,1997,17,REG,1997_17_CHI_TB,nfl-michael-husted,Michael Husted,TB,CHI,4,4,1,1,20
1997-12-21,1997,17,REG,1997_17_JAX_OAK,nfl-cole-ford,Cole Ford,OAK,JAX,0,0,1,1,33
1997-12-21,1997,17,REG,1997_17_MIN_DEN,nfl-greg-davis,Greg Davis,MIN,DEN,0,0,1,1,26
1997-12-21,1997,17,REG,1997_17_NO_KC,nfl-doug-brien,Doug Brien,NO,KC,1,1,0,1,
1997-12-21,1997,17,REG,1997_17_NYG_DAL,nfl-richie-cunningham,Richie Cunningham,DAL,NYG,1,1,0,1,
1997-12-21,1997,17,REG,1997_17_NYJ_DET,nfl-john-hall,John Hall,NYJ,DET,1,1,1,1,32
1997-12-21,1997,17,REG,1997_17_PHI_WAS,nfl-chris-boniol,Chris Boniol,PHI,WAS,3,3,1,1,33
1997-12-21,1997,17,REG,1997_17_PHI_WAS,nfl-chris-jacke,Chris Jacke,WAS,PHI,5,5,0,0,
1997-12-21,1997,17,REG,1997_17_SD_DEN,nfl-jason-elam,Jason Elam,DEN,SD,5,5,1,1,25
1997-12-21,1997,17,REG,1997_17_SF_SEA,nfl-todd-peterson-2,Todd Peterson,SEA,SF,5,5,1,1,39
1997-12-22,1997,17,REG,1997_17_NE_MIA,nfl-adam-vinatieri,Adam Vinatieri,NE,MIA,2,2,0,0,
1998-09-06,1998,1,REG,1998_01_ARI_DAL,nfl-joe-nedney,Joe Nedney,ARI,DAL,1,1,1,1,22
1998-09-06,1998,1,REG,1998_01_ARI_DAL,nfl-richie-cunningham,Richie Cunningham,DAL,ARI,5,5,1,1,25
1998-09-06,1998,1,REG,1998_01_ATL_CAR,nfl-john-kasay,John Kasay,CAR,ATL,2,2,0,0,
1998-09-06,1998,1,REG,1998_01_ATL_CAR,nfl-morten-andersen,Morten Andersen,ATL,CAR,2,2,1,1,43
1998-09-06,1998,1,REG,1998_01_BUF_SD,nfl-steve-christie,Steve Christie,BUF,SD,2,2,0,2,
1998-09-06,1998,1,REG,1998_01_DET_GB,nfl-ryan-longwell,Ryan Longwell,GB,DET,5,5,1,1,32
1998-09-06,1998,1,REG,1998_01_JAX_CHI,nfl-mike-hollis,Mike Hollis,JAX,CHI,3,3,1,1,23
1998-09-06,1998,1,REG,1998_01_MIA_IND,nfl-olindo-mare,Olindo Mare,MIA,IND,3,3,1,2,22
1998-09-06,1998,1,REG,1998_01_NO_STL,nfl-doug-brien,Doug Brien,NO,STL,3,3,1,1,36
1998-09-06,1998,1,REG,1998_01_NO_STL,nfl-jeff-wilkins,Jeff Wilkins,STL,NO,2,2,1,1,34
1998-09-06,1998,1,REG,1998_01_NYJ_SF,nfl-wade-richey,Wade Richey,SF,NYJ,3,4,1,2,22
1998-09-06,1998,1,REG,1998_01_OAK_KC,nfl-greg-davis,Greg Davis,OAK,KC,0,0,0,2,
1998-09-06,1998,1,REG,1998_01_SEA_PHI,nfl-todd-peterson-2,Todd Peterson,SEA,PHI,5,5,1,1,42
1998-09-06,1998,1,REG,1998_01_TB_MIN,nfl-gary-anderson,Gary Anderson,MIN,TB,4,4,1,1,43
1998-09-06,1998,1,REG,1998_01_TB_MIN,nfl-michael-husted,Michael Husted,TB,MIN,1,1,0,1,
1998-09-06,1998,1,REG,1998_01_TEN_CIN,nfl-doug-pelfrey,Doug Pelfrey,CIN,TEN,2,2,0,0,
1998-09-06,1998,1,REG,1998_01_WAS_NYG,nfl-brad-daluiso,Brad Daluiso,NYG,WAS,4,4,1,1,35
1998-09-06,1998,1,REG,1998_01_WAS_NYG,nfl-scott-blanton,Scott Blanton,WAS,NYG,3,3,1,1,46
1998-09-07,1998,1,REG,1998_01_NE_DEN,nfl-adam-vinatieri,Adam Vinatieri,NE,DEN,3,3,0,2,
1998-09-13,1998,2,REG,1998_02_ARI_SEA,nfl-joe-nedney,Joe Nedney,ARI,SEA,2,2,0,0,
1998-09-13,1998,2,REG,1998_02_BAL_NYJ,nfl-john-hall,John Hall,NYJ,BAL,1,1,1,2,20
1998-09-13,1998,2,REG,1998_02_BAL_NYJ,nfl-matt-stover,Matt Stover,BAL,NYJ,3,3,1,2,29
1998-09-13,1998,2,REG,1998_02_BUF_MIA,nfl-steve-christie,Steve Christie,BUF,MIA,1,1,0,0,
1998-09-13,1998,2,REG,1998_02_CAR_NO,nfl-john-kasay,John Kasay,CAR,NO,2,2,0,1,
1998-09-13,1998,2,REG,1998_02_CHI_PIT,nfl-norm-johnson,Norm Johnson,PIT,CHI,2,2,1,1,49
1998-09-13,1998,2,REG,1998_02_CIN_DET,nfl-doug-pelfrey,Doug Pelfrey,CIN,DET,4,4,0,2,
1998-09-13,1998,2,REG,1998_02_CIN_DET,nfl-jason-hanson-2,Jason Hanson,DET,CIN,4,4,0,0,
1998-09-13,1998,2,REG,1998_02_DAL_DEN,nfl-jason-elam,Jason Elam,DEN,DAL,6,6,0,0,
1998-09-13,1998,2,REG,1998_02_KC_JAX,nfl-mike-hollis,Mike Hollis,JAX,KC,3,3,0,2,
1998-09-13,1998,2,REG,1998_02_MIN_STL,nfl-gary-anderson,Gary Anderson,MIN,STL,5,5,1,1,24
1998-09-13,1998,2,REG,1998_02_MIN_STL,nfl-jeff-wilkins,Jeff Wilkins,STL,MIN,4,4,1,1,53
1998-09-13,1998,2,REG,1998_02_NYG_OAK,nfl-brad-daluiso,Brad Daluiso,NYG,OAK,2,2,1,2,43
1998-09-13,1998,2,REG,1998_02_PHI_ATL,nfl-morten-andersen,Morten Andersen,ATL,PHI,2,2,1,1,23
1998-09-13,1998,2,REG,1998_02_SD_TEN,nfl-al-del-greco,Al Del Greco,TEN,SD,1,1,0,0,
1998-09-13,1998,2,REG,1998_02_TB_GB,nfl-michael-husted,Michael Husted,TB,GB,1,1,0,0,
1998-09-14,1998,2,REG,1998_02_SF_WAS,nfl-scott-blanton,Scott Blanton,WAS,SF,1,1,1,3,37
1998-09-14,1998,2,REG,1998_02_SF_WAS,nfl-wade-richey,Wade Richey,SF,WAS,6,6,1,1,22
1998-09-20,1998,3,REG,1998_03_BAL_JAX,nfl-matt-stover,Matt Stover,BAL,JAX,1,1,1,1,25
1998-09-20,1998,3,REG,1998_03_BAL_JAX,nfl-mike-hollis,Mike Hollis,JAX,BAL,3,3,1,2,34
1998-09-20,1998,3,REG,1998_03_CHI_TB,nfl-michael-husted,Michael Husted,TB,CHI,1,1,0,0,
1998-09-20,1998,3,REG,1998_03_DEN_OAK,nfl-greg-davis,Greg Davis,OAK,DEN,2,2,1,1,44
1998-09-20,1998,3,REG,1998_03_IND_NYJ,nfl-john-hall,John Hall,NYJ,IND,5,6,1,1,36
1998-09-20,1998,3,REG,1998_03_PHI_ARI,nfl-chris-boniol,Chris Boniol,PHI,ARI,0,0,1,1,29
1998-09-20,1998,3,REG,1998_03_PHI_ARI,nfl-joe-nedney,Joe Nedney,ARI,PHI,2,2,1,2,47
1998-09-20,1998,3,REG,1998_03_PIT_MIA,nfl-norm-johnson,Norm Johnson,PIT,MIA,0,0,0,1,
1998-09-20,1998,3,REG,1998_03_PIT_MIA,nfl-olindo-mare,Olindo Mare,MIA,PIT,3,3,0,0,
1998-09-20,1998,3,REG,1998_03_SD_KC,nfl-john-carney,John Carney,SD,KC,1,1,0,0,
1998-09-20,1998,3,REG,1998_03_STL_BUF,nfl-steve-christie,Steve Christie,BUF,STL,4,4,1,1,36
1998-09-20,1998,3,REG,1998_03_WAS_SEA,nfl-david-akers,David Akers,WAS,SEA,2,2,0,2,
1998-09-20,1998,3,REG,1998_03_WAS_SEA,nfl-todd-peterson-2,Todd Peterson,SEA,WAS,3,3,1,2,32
1998-09-21,1998,3,REG,1998_03_DAL_NYG,nfl-brad-daluiso,Brad Daluiso,NYG,DAL,1,1,0,0,
1998-09-21,1998,3,REG,1998_03_DAL_NYG,nfl-richie-cunningham,Richie Cunningham,DAL,NYG,4,4,1,2,40
1998-09-27,1998,4,REG,1998_04_ARI_STL,nfl-jeff-wilkins,Jeff Wilkins,STL,ARI,2,2,1,2,57
1998-09-27,1998,4,REG,1998_04_ATL_SF,nfl-morten-andersen,Morten Andersen,ATL,SF,2,3,0,0,
1998-09-27,1998,4,REG,1998_04_ATL_SF,nfl-wade-richey,Wade Richey,SF,ATL,4,4,1,2,31
1998-09-27,1998,4,REG,1998_04_CIN_BAL,nfl-doug-pelfrey,Doug Pelfrey,CIN,BAL,3,3,1,1,48
1998-09-27,1998,4,REG,1998_04_CIN_BAL,nfl-matt-stover,Matt Stover,BAL,CIN,4,4,1,1,46
1998-09-27,1998,4,REG,1998_04_DEN_WAS,nfl-cary-blanchard,Cary Blanchard,WAS,DEN,1,1,1,2,37
1998-09-27,1998,4,REG,1998_04_DEN_WAS,nfl-jason-elam,Jason Elam,DEN,WAS,5,5,1,1,37
1998-09-27,1998,4,REG,1998_04_GB_CAR,nfl-ryan-longwell,Ryan Longwell,GB,CAR,4,5,1,1,41
1998-09-27,1998,4,REG,1998_04_KC_PHI,nfl-chris-boniol,Chris Boniol,PHI,KC,3,3,0,0,
1998-09-27,1998,4,REG,1998_04_KC_PHI,nfl-pete-stoyanovich,Pete Stoyanovich,KC,PHI,3,3,1,2,21
1998-09-27,1998,4,REG,1998_04_MIN_CHI,nfl-gary-anderson,Gary Anderson,MIN,CHI,4,4,1,1,50
1998-09-27,1998,4,REG,1998_04_MIN_CHI,nfl-jeff-jaeger,Jeff Jaeger,CHI,MIN,4,4,0,0,
1998-09-27,1998,4,REG,1998_04_OAK_DAL,nfl-richie-cunningham,Richie Cunningham,DAL,OAK,1,1,1,2,40
1998-09-27,1998,4,REG,1998_04_SEA_PIT,nfl-todd-peterson-2,Todd Peterson,SEA,PIT,1,1,1,2,47
1998-10-04,1998,5,REG,1998_05_CAR_ATL,nfl-john-kasay,John Kasay,CAR,ATL,0,1,1,2,28
1998-10-04,1998,5,REG,1998_05_DAL_WAS,nfl-cary-blanchard,Cary Blanchard,WAS,DAL,1,1,1,1,31
1998-10-04,1998,5,REG,1998_05_DAL_WAS,nfl-richie-cunningham,Richie Cunningham,DAL,WAS,4,4,1,1,42
1998-10-04,1998,5,REG,1998_05_DET_CHI,nfl-jeff-jaeger,Jeff Jaeger,CHI,DET,4,4,1,1,23
1998-10-04,1998,5,REG,1998_05_MIA_NYJ,nfl-olindo-mare,Olindo Mare,MIA,NYJ,0,0,1,1,46
1998-10-04,1998,5,REG,1998_05_NYG_TB,nfl-brad-daluiso,Brad Daluiso,NYG,TB,0,0,1,1,22
1998-10-04,1998,5,REG,1998_05_PHI_DEN,nfl-chris-boniol,Chris Boniol,PHI,DEN,2,2,0,0,
1998-10-04,1998,5,REG,1998_05_PHI_DEN,nfl-jason-elam,Jason Elam,DEN,PHI,5,5,0,0,
1998-10-04,1998,5,REG,1998_05_SEA_KC,nfl-pete-stoyanovich,Pete Stoyanovich,KC,SEA,2,2,1,1,22
1998-10-04,1998,5,REG,1998_05_SF_BUF,nfl-wade-richey,Wade Richey,SF,BUF,1,1,0,1,
1998-10-05,1998,5,REG,1998_05_MIN_GB,nfl-ryan-longwell,Ryan Longwell,GB,MIN,3,3,1,1,40
1998-10-11,1998,6,REG,1998_06_BUF_IND,nfl-steve-christie,Steve Christie,BUF,IND,4,4,1,2,39
1998-10-11,1998,6,REG,1998_06_CAR_DAL,nfl-john-kasay,John Kasay,CAR,DAL,2,3,0,0,
1998-10-11,1998,6,REG,1998_06_CHI_ARI,nfl-jeff-jaeger,Jeff Jaeger,CHI,ARI,1,1,0,0,
1998-10-11,1998,6,REG,1998_06_DEN_SEA,nfl-jason-elam,Jason Elam,DEN,SEA,3,3,0,0,
1998-10-11,1998,6,REG,1998_06_DEN_SEA,nfl-todd-peterson-2,Todd Peterson,SEA,DEN,1,1,1,1,23
1998-10-11,1998,6,REG,1998_06_KC_NE,nfl-pete-stoyanovich,Pete Stoyanovich,KC,NE,1,1,1,1,33
1998-10-11,1998,6,REG,1998_06_NYJ_STL,nfl-john-hall,John Hall,NYJ,STL,1,1,1,1,54
1998-10-11,1998,6,REG,1998_06_SD_OAK,nfl-greg-davis,Greg Davis,OAK,SD,1,1,0,0,
1998-10-11,1998,6,REG,1998_06_WAS_PHI,nfl-chris-boniol,Chris Boniol,PHI,WAS,2,2,1,2,44
1998-10-12,1998,6,REG,1998_06_MIA_JAX,nfl-mike-hollis,Mike Hollis,JAX,MIA,4,4,0,1,
1998-10-12,1998,6,REG,1998_06_MIA_JAX,nfl-olindo-mare,Olindo Mare,MIA,JAX,3,3,0,1,
1998-10-18,1998,7,REG,1998_07_ARI_NYG,nfl-joe-nedney,Joe Nedney,ARI,NYG,1,1,0,0,
1998-10-18,1998,7,REG,1998_07_CAR_TB,nfl-michael-husted,Michael Husted,TB,CAR,1,2,1,1,33
1998-10-18,1998,7,REG,1998_07_CIN_TEN,nfl-doug-pelfrey,Doug Pelfrey,CIN,TEN,2,2,0,0,
1998-10-18,1998,7,REG,1998_07_IND_SF,nfl-mike-vanderjagt,Mike Vanderjagt,IND,SF,4,4,1,2,38
1998-10-18,1998,7,REG,1998_07_JAX_BUF,nfl-steve-christie,Steve Christie,BUF,JAX,2,2,1,1,24
1998-10-18,1998,7,REG,1998_07_NO_ATL,nfl-doug-brien,Doug Brien,NO,ATL,3,3,0,0,
1998-10-18,1998,7,REG,1998_07_NO_ATL,nfl-morten-andersen,Morten Andersen,ATL,NO,4,4,1,2,22
1998-10-18,1998,7,REG,1998_07_PHI_SD,nfl-chris-boniol,Chris Boniol,PHI,SD,1,1,1,2,35
1998-10-18,1998,7,REG,1998_07_STL_MIA,nfl-olindo-mare,Olindo Mare,MIA,STL,2,2,0,0,
1998-10-18,1998,7,REG,1998_07_WAS_MIN,nfl-cary-blanchard,Cary Blanchard,WAS,MIN,1,1,0,1,
1998-10-19,1998,7,REG,1998_07_NYJ_NE,nfl-adam-vinatieri,Adam Vinatieri,NE,NYJ,2,2,0,0,
1998-10-19,1998,7,REG,1998_07_NYJ_NE,nfl-john-hall,John Hall,NYJ,NE,3,3,1,2,23
1998-10-25,1998,8,REG,1998_08_ATL_NYJ,nfl-john-hall,John Hall,NYJ,ATL,4,4,0,0,
1998-10-25,1998,8,REG,1998_08_ATL_NYJ,nfl-morten-andersen,Morten Andersen,ATL,NYJ,0,0,1,1,53
1998-10-25,1998,8,REG,1998_08_BAL_GB,nfl-matt-stover,Matt Stover,BAL,GB,1,1,1,2,38
1998-10-25,1998,8,REG,1998_08_BAL_GB,nfl-ryan-longwell,Ryan Longwell,GB,BAL,4,4,0,0,
1998-10-25,1998,8,REG,1998_08_BUF_CAR,nfl-john-kasay,John Kasay,CAR,BUF,2,2,0,0,
1998-10-25,1998,8,REG,1998_08_CIN_OAK,nfl-doug-pelfrey,Doug Pelfrey,CIN,OAK,1,1,1,2,51
1998-10-25,1998,8,REG,1998_08_JAX_DEN,nfl-mike-hollis,Mike Hollis,JAX,DEN,3,3,1,2,45
1998-10-25,1998,8,REG,1998_08_SF_STL,nfl-jeff-wilkins,Jeff Wilkins,STL,SF,1,1,1,1,46
1998-10-25,1998,8,REG,1998_08_SF_STL,nfl-wade-richey,Wade Richey,SF,STL,4,4,0,0,
1998-10-25,1998,8,REG,1998_08_TB_NO,nfl-michael-husted,Michael Husted,TB,NO,0,0,1,3,52
1998-11-01,1998,9,REG,1998_09_ARI_DET,nfl-joe-nedney,Joe Nedney,ARI,DET,2,2,1,2,53
1998-11-01,1998,9,REG,1998_09_JAX_BAL,nfl-matt-stover,Matt Stover,BAL,JAX,1,1,0,0,
1998-11-01,1998,9,REG,1998_09_JAX_BAL,nfl-mike-hollis,Mike Hollis,JAX,BAL,6,6,1,1,33
1998-11-01,1998,9,REG,1998_09_MIA_BUF,nfl-olindo-mare,Olindo Mare,MIA,BUF,3,3,1,1,38
1998-11-01,1998,9,REG,1998_09_MIN_TB,nfl-gary-anderson,Gary Anderson,MIN,TB,3,3,1,1,44
1998-11-01,1998,9,REG,1998_09_NE_IND,nfl-adam-vinatieri,Adam Vinatieri,NE,IND,3,3,0,0,
1998-11-01,1998,9,REG,1998_09_NE_IND,nfl-mike-vanderjagt,Mike Vanderjagt,IND,NE,1,1,1,1,50
1998-11-01,1998,9,REG,1998_09_NO_CAR,nfl-doug-brien,Doug Brien,NO,CAR,2,2,1,1,49
1998-11-01,1998,9,REG,1998_09_NO_CAR,nfl-john-kasay,John Kasay,CAR,NO,4,4,1,1,54
1998-11-01,1998,9,REG,1998_09_NYG_WAS,nfl-brad-daluiso,Brad Daluiso,NYG,WAS,2,2,0,0,
1998-11-01,1998,9,REG,1998_09_NYG_WAS,nfl-cary-blanchard,Cary Blanchard,WAS,NYG,3,3,0,0,
1998-11-01,1998,9,REG,1998_09_NYJ_KC,nfl-pete-stoyanovich,Pete Stoyanovich,KC,NYJ,2,2,1,1,42
1998-11-01,1998,9,REG,1998_09_OAK_SEA,nfl-greg-davis,Greg Davis,OAK,SEA,4,4,1,1,35
1998-11-01,1998,9,REG,1998_09_OAK_SEA,nfl-todd-peterson-2,Todd Peterson,SEA,OAK,1,1,1,1,38
1998-11-01,1998,9,REG,1998_09_SF_GB,nfl-wade-richey,Wade Richey,SF,GB,1,2,1,2,20
1998-11-01,1998,9,REG,1998_09_STL_ATL,nfl-jeff-wilkins,Jeff Wilkins,STL,ATL,1,1,0,0,
1998-11-01,1998,9,REG,1998_09_TEN_PIT,nfl-norm-johnson,Norm Johnson,PIT,TEN,1,1,0,1,
1998-11-08,1998,10,REG,1998_10_ATL_NE,nfl-adam-vinatieri,Adam Vinatieri,NE,ATL,1,1,1,1,40
1998-11-08,1998,10,REG,1998_10_CAR_SF,nfl-wade-richey,Wade Richey,SF,CAR,2,2,1,1,46
1998-11-08,1998,10,REG,1998_10_CIN_JAX,nfl-doug-pelfrey,Doug Pelfrey,CIN,JAX,0,0,1,1,50
1998-11-08,1998,10,REG,1998_10_CIN_JAX,nfl-mike-hollis,Mike Hollis,JAX,CIN,3,3,1,1,39
1998-11-08,1998,10,REG,1998_10_DET_PHI,nfl-chris-boniol,Chris Boniol,PHI,DET,1,1,1,1,39
1998-11-08,1998,10,REG,1998_10_KC_SEA,nfl-todd-peterson-2,Todd Peterson,SEA,KC,3,3,1,1,38
1998-11-08,1998,10,REG,1998_10_NO_MIN,nfl-doug-brien,Doug Brien,NO,MIN,3,3,1,1,20
1998-11-08,1998,10,REG,1998_10_NO_MIN,nfl-gary-anderson,Gary Anderson,MIN,NO,4,4,1,1,28
1998-11-08,1998,10,REG,1998_10_OAK_BAL,nfl-greg-davis,Greg Davis,OAK,BAL,1,1,1,1,23
1998-11-08,1998,10,REG,1998_10_STL_CHI,nfl-jeff-jaeger,Jeff Jaeger,CHI,STL,1,1,1,1,31
1998-11-08,1998,10,REG,1998_10_TEN_TB,nfl-al-del-greco,Al Del Greco,TEN,TB,4,4,1,2,45
1998-11-15,1998,11,REG,1998_11_BAL_SD,nfl-john-carney,John Carney,SD,BAL,2,2,0,0,
1998-11-15,1998,11,REG,1998_11_CHI_DET,nfl-jeff-jaeger,Jeff Jaeger,CHI,DET,0,0,1,2,31
1998-11-15,1998,11,REG,1998_11_CIN_MIN,nfl-doug-pelfrey,Doug Pelfrey,CIN,MIN,0,0,1,1,37
1998-11-15,1998,11,REG,1998_11_CIN_MIN,nfl-gary-anderson,Gary Anderson,MIN,CIN,3,3,1,1,32
1998-11-15,1998,11,REG,1998_11_DAL_ARI,nfl-joe-nedney,Joe Nedney,ARI,DAL,4,4,0,1,
1998-11-15,1998,11,REG,1998_11_DAL_ARI,nfl-richie-cunningham,Richie Cunningham,DAL,ARI,5,5,0,0,
1998-11-15,1998,11,REG,1998_11_GB_NYG,nfl-brad-daluiso,Brad Daluiso,NYG,GB,0,0,1,1,24
1998-11-15,1998,11,REG,1998_11_NE_BUF,nfl-adam-vinatieri,Adam Vinatieri,NE,BUF,1,1,1,3,38
1998-11-15,1998,11,REG,1998_11_NYJ_IND,nfl-mike-vanderjagt,Mike Vanderjagt,IND,NYJ,3,3,1,2,31
1998-11-15,1998,11,REG,1998_11_PHI_WAS,nfl-cary-blanchard,Cary Blanchard,WAS,PHI,4,4,0,1,
1998-11-15,1998,11,REG,1998_11_PHI_WAS,nfl-chris-boniol,Chris Boniol,PHI,WAS,0,0,1,1,19
1998-11-15,1998,11,REG,1998_11_PIT_TEN,nfl-matt-george,Matt George,PIT,TEN,2,2,0,1,
1998-11-15,1998,11,REG,1998_11_SEA_OAK,nfl-todd-peterson-2,Todd Peterson,SEA,OAK,2,2,1,1,22
1998-11-15,1998,11,REG,1998_11_SF_ATL,nfl-morten-andersen,Morten Andersen,ATL,SF,4,4,1,1,37
1998-11-15,1998,11,REG,1998_11_STL_NO,nfl-doug-brien,Doug Brien,NO,STL,3,3,1,1,26
1998-11-15,1998,11,REG,1998_11_STL_NO,nfl-jeff-wilkins,Jeff Wilkins,STL,NO,0,0,1,2,33
1998-11-15,1998,11,REG,1998_11_TB_JAX,nfl-michael-husted,Michael Husted,TB,JAX,3,3,1,1,34
1998-11-16,1998,11,REG,1998_11_DEN_KC,nfl-pete-stoyanovich,Pete Stoyanovich,KC,DEN,1,1,0,0,
1998-11-22,1998,12,REG,1998_12_ARI_WAS,nfl-cary-blanchard,Cary Blanchard,WAS,ARI,4,5,0,2,
1998-11-22,1998,12,REG,1998_12_ARI_WAS,nfl-joe-nedney,Joe Nedney,ARI,WAS,6,6,1,1,26
1998-11-22,1998,12,REG,1998_12_CAR_STL,nfl-john-kasay,John Kasay,CAR,STL,3,3,1,1,35
1998-11-22,1998,12,REG,1998_12_DET_TB,nfl-jason-hanson-2,Jason Hanson,DET,TB,4,4,0,0,
1998-11-22,1998,12,REG,1998_12_DET_TB,nfl-michael-husted,Michael Husted,TB,DET,2,2,1,1,33
1998-11-22,1998,12,REG,1998_12_GB_MIN,nfl-ryan-longwell,Ryan Longwell,GB,MIN,2,2,0,0,
1998-11-22,1998,12,REG,1998_12_IND_BUF,nfl-mike-vanderjagt,Mike Vanderjagt,IND,BUF,0,0,1,1,27
1998-11-22,1998,12,REG,1998_12_JAX_PIT,nfl-mike-hollis,Mike Hollis,JAX,PIT,1,1,0,0,
1998-11-22,1998,12,REG,1998_12_KC_SD,nfl-john-carney,John Carney,SD,KC,5,5,1,1,31
1998-11-22,1998,12,REG,1998_12_NO_SF,nfl-wade-richey,Wade Richey,SF,NO,4,4,1,1,45
1998-11-22,1998,12,REG,1998_12_NYJ_TEN,nfl-al-del-greco,Al Del Greco,TEN,NYJ,0,0,1,1,34
1998-11-22,1998,12,REG,1998_12_NYJ_TEN,nfl-john-hall,John Hall,NYJ,TEN,3,3,1,2,43
1998-11-22,1998,12,REG,1998_12_OAK_DEN,nfl-greg-davis,Greg Davis,OAK,DEN,2,2,0,0,
1998-11-22,1998,12,REG,1998_12_PHI_NYG,nfl-chris-boniol,Chris Boniol,PHI,NYG,0,0,0,1,
1998-11-22,1998,12,REG,1998_12_SEA_DAL,nfl-todd-peterson-2,Todd Peterson,SEA,DAL,2,2,0,0,
1998-11-23,1998,12,REG,1998_12_MIA_NE,nfl-olindo-mare,Olindo Mare,MIA,NE,2,2,1,1,21
1998-11-26,1998,13,REG,1998_13_MIN_DAL,nfl-gary-anderson,Gary Anderson,MIN,DAL,5,5,1,1,45
1998-11-29,1998,13,REG,1998_13_ARI_KC,nfl-joe-nedney,Joe Nedney,ARI,KC,3,3,1,2,37
1998-11-29,1998,13,REG,1998_13_ATL_STL,nfl-jeff-wilkins,Jeff Wilkins,STL,ATL,1,1,1,3,39
1998-11-29,1998,13,REG,1998_13_BUF_NE,nfl-adam-vinatieri,Adam Vinatieri,NE,BUF,2,2,1,2,44
1998-11-29,1998,13,REG,1998_13_CAR_NYJ,nfl-john-kasay,John Kasay,CAR,NYJ,3,3,0,0,
1998-11-29,1998,13,REG,1998_13_DEN_SD,nfl-jason-elam,Jason Elam,DEN,SD,4,4,1,1,34
1998-11-29,1998,13,REG,1998_13_DEN_SD,nfl-john-carney,John Carney,SD,DEN,1,1,1,1,27
1998-11-29,1998,13,REG,1998_13_IND_BAL,nfl-mike-vanderjagt,Mike Vanderjagt,IND,BAL,4,4,1,2,53
1998-11-29,1998,13,REG,1998_13_JAX_CIN,nfl-doug-pelfrey,Doug Pelfrey,CIN,JAX,2,2,1,2,30
1998-11-29,1998,13,REG,1998_13_NO_MIA,nfl-doug-brien,Doug Brien,NO,MIA,1,1,1,1,43
1998-11-29,1998,13,REG,1998_13_PHI_GB,nfl-chris-boniol,Chris Boniol,PHI,GB,1,2,1,1,34
1998-11-29,1998,13,REG,1998_13_PHI_GB,nfl-ryan-longwell,Ryan Longwell,GB,PHI,3,3,1,1,33
1998-11-29,1998,13,REG,1998_13_TB_CHI,nfl-jeff-jaeger,Jeff Jaeger,CHI,TB,2,2,1,1,33
1998-11-29,1998,13,REG,1998_13_TB_CHI,nfl-michael-husted,Michael Husted,TB,CHI,4,4,1,1,28
1998-11-29,1998,13,REG,1998_13_WAS_OAK,nfl-greg-davis,Greg Davis,OAK,WAS,1,1,0,0,
1998-11-30,1998,13,REG,1998_13_NYG_SF,nfl-brad-daluiso,Brad Daluiso,NYG,SF,1,1,0,2,
1998-11-30,1998,13,REG,1998_13_NYG_SF,nfl-wade-richey,Wade Richey,SF,NYG,4,4,1,3,39
1998-12-03,1998,14,REG,1998_14_STL_PHI,nfl-chris-boniol,Chris Boniol,PHI,STL,2,2,1,2,50
1998-12-06,1998,14,REG,1998_14_BAL_TEN,nfl-matt-stover,Matt Stover,BAL,TEN,2,2,0,0,
1998-12-06,1998,14,REG,1998_14_BUF_CIN,nfl-doug-pelfrey,Doug Pelfrey,CIN,BUF,2,2,0,0,
1998-12-06,1998,14,REG,1998_14_CHI_MIN,nfl-jeff-jaeger,Jeff Jaeger,CHI,MIN,2,2,0,0,
1998-12-06,1998,14,REG,1998_14_DAL_NO,nfl-richie-cunningham,Richie Cunningham,DAL,NO,0,0,1,1,33
1998-12-06,1998,14,REG,1998_14_IND_ATL,nfl-mike-vanderjagt,Mike Vanderjagt,IND,ATL,3,3,0,0,
1998-12-06,1998,14,REG,1998_14_IND_ATL,nfl-morten-andersen,Morten Andersen,ATL,IND,4,4,0,1,
1998-12-06,1998,14,REG,1998_14_KC_DEN,nfl-jason-elam,Jason Elam,DEN,KC,5,5,0,1,
1998-12-06,1998,14,REG,1998_14_KC_DEN,nfl-pete-stoyanovich,Pete Stoyanovich,KC,DEN,4,4,1,1,20
1998-12-06,1998,14,REG,1998_14_MIA_OAK,nfl-greg-davis,Greg Davis,OAK,MIA,2,2,1,2,40
1998-12-06,1998,14,REG,1998_14_NYG_ARI,nfl-chris-jacke,Chris Jacke,ARI,NYG,2,2,1,1,21
1998-12-06,1998,14,REG,1998_14_SD_WAS,nfl-cary-blanchard,Cary Blanchard,WAS,SD,3,3,1,1,35
1998-12-06,1998,14,REG,1998_14_SEA_NYJ,nfl-todd-peterson-2,Todd Peterson,SEA,NYJ,4,4,1,1,50
1998-12-06,1998,14,REG,1998_14_SF_CAR,nfl-john-kasay,John Kasay,CAR,SF,4,4,0,1,
1998-12-06,1998,14,REG,1998_14_SF_CAR,nfl-wade-richey,Wade Richey,SF,CAR,4,4,1,1,23
1998-12-07,1998,14,REG,1998_14_GB_TB,nfl-michael-husted,Michael Husted,TB,GB,3,3,1,2,46
1998-12-13,1998,15,REG,1998_15_ARI_PHI,nfl-chris-boniol,Chris Boniol,PHI,ARI,2,2,1,2,19
1998-12-13,1998,15,REG,1998_15_ATL_NO,nfl-doug-brien,Doug Brien,NO,ATL,2,2,1,1,36
1998-12-13,1998,15,REG,1998_15_CHI_GB,nfl-jeff-jaeger,Jeff Jaeger,CHI,GB,2,2,0,0,
1998-12-13,1998,15,REG,1998_15_CIN_IND,nfl-mike-vanderjagt,Mike Vanderjagt,IND,CIN,4,4,1,1,50
1998-12-13,1998,15,REG,1998_15_DAL_KC,nfl-richie-cunningham,Richie Cunningham,DAL,KC,2,2,1,1,32
1998-12-13,1998,15,REG,1998_15_MIN_BAL,nfl-matt-stover,Matt Stover,BAL,MIN,2,2,0,0,
1998-12-13,1998,15,REG,1998_15_NE_STL,nfl-jeff-wilkins,Jeff Wilkins,STL,NE,3,3,1,1,48
1998-12-13,1998,15,REG,1998_15_NYJ_MIA,nfl-john-hall,John Hall,NYJ,MIA,3,3,0,1,
1998-12-13,1998,15,REG,1998_15_NYJ_MIA,nfl-olindo-mare,Olindo Mare,MIA,NYJ,1,1,1,1,24
1998-12-13,1998,15,REG,1998_15_OAK_BUF,nfl-greg-davis,Greg Davis,OAK,BUF,3,3,0,0,
1998-12-13,1998,15,REG,1998_15_PIT_TB,nfl-norm-johnson,Norm Johnson,PIT,TB,0,0,1,1,27
1998-12-13,1998,15,REG,1998_15_SD_SEA,nfl-john-carney,John Carney,SD,SEA,2,2,1,1,21
1998-12-13,1998,15,REG,1998_15_SD_SEA,nfl-todd-peterson-2,Todd Peterson,SEA,SD,5,5,1,1,29
1998-12-13,1998,15,REG,1998_15_WAS_CAR,nfl-cary-blanchard,Cary Blanchard,WAS,CAR,4,4,0,0,
1998-12-13,1998,15,REG,1998_15_WAS_CAR,nfl-john-kasay,John Kasay,CAR,WAS,2,2,1,1,26
1998-12-14,1998,15,REG,1998_15_DET_SF,nfl-jason-hanson-2,Jason Hanson,DET,SF,1,2,0,0,
1998-12-14,1998,15,REG,1998_15_DET_SF,nfl-wade-richey,Wade Richey,SF,DET,5,5,0,0,
1998-12-19,1998,16,REG,1998_16_NYJ_BUF,nfl-john-hall,John Hall,NYJ,BUF,2,2,1,2,48
1998-12-19,1998,16,REG,1998_16_NYJ_BUF,nfl-steve-christie,Steve Christie,BUF,NYJ,1,1,1,2,44
1998-12-20,1998,16,REG,1998_16_ATL_DET,nfl-jason-hanson-2,Jason Hanson,DET,ATL,2,2,1,1,30
1998-12-20,1998,16,REG,1998_16_ATL_DET,nfl-morten-andersen,Morten Andersen,ATL,DET,3,3,1,1,34
1998-12-20,1998,16,REG,1998_16_BAL_CHI,nfl-jeff-jaeger,Jeff Jaeger,CHI,BAL,3,3,1,1,20
1998-12-20,1998,16,REG,1998_16_BAL_CHI,nfl-matt-stover,Matt Stover,BAL,CHI,0,0,1,2,27
1998-12-20,1998,16,REG,1998_16_CIN_PIT,nfl-norm-johnson,Norm Johnson,PIT,CIN,3,3,1,1,22
1998-12-20,1998,16,REG,1998_16_JAX_MIN,nfl-mike-hollis,Mike Hollis,JAX,MIN,1,1,1,1,25
1998-12-20,1998,16,REG,1998_16_KC_NYG,nfl-brad-daluiso,Brad Daluiso,NYG,KC,4,4,0,2,
1998-12-20,1998,16,REG,1998_16_KC_NYG,nfl-pete-stoyanovich,Pete Stoyanovich,KC,NYG,1,1,0,0,
1998-12-20,1998,16,REG,1998_16_NO_ARI,nfl-doug-brien,Doug Brien,NO,ARI,2,2,1,2,28
1998-12-20,1998,16,REG,1998_16_OAK_SD,nfl-greg-davis,Greg Davis,OAK,SD,2,2,1,3,25
1998-12-20,1998,16,REG,1998_16_OAK_SD,nfl-john-carney,John Carney,SD,OAK,1,1,1,2,28
1998-12-20,1998,16,REG,1998_16_SF_NE,nfl-adam-vinatieri,Adam Vinatieri,NE,SF,3,3,1,2,35
1998-12-20,1998,16,REG,1998_16_SF_NE,nfl-wade-richey,Wade Richey,SF,NE,3,3,0,1,
1998-12-20,1998,16,REG,1998_16_TEN_GB,nfl-al-del-greco,Al Del Greco,TEN,GB,2,2,0,0,
1998-12-21,1998,16,REG,1998_16_DEN_MIA,nfl-olindo-mare,Olindo Mare,MIA,DEN,4,4,1,2,42
1998-12-26,1998,17,REG,1998_17_KC_OAK,nfl-greg-davis,Greg Davis,OAK,KC,3,3,1,2,44
1998-12-26,1998,17,REG,1998_17_KC_OAK,nfl-pete-stoyanovich,Pete Stoyanovich,KC,OAK,4,4,1,2,30
1998-12-27,1998,17,REG,1998_17_BUF_NO,nfl-doug-brien,Doug Brien,NO,BUF,3,3,0,0,
1998-12-27,1998,17,REG,1998_17_BUF_NO,nfl-steve-christie,Steve Christie,BUF,NO,6,6,1,1,35
1998-12-27,1998,17,REG,1998_17_DET_BAL,nfl-jason-hanson-2,Jason Hanson,DET,BAL,1,1,1,1,39
1998-12-27,1998,17,REG,1998_17_DET_BAL,nfl-matt-stover,Matt Stover,BAL,DET,2,2,1,1,30
1998-12-27,1998,17,REG,1998_17_GB_CHI,nfl-ryan-longwell,Ryan Longwell,GB,CHI,1,2,1,2,18
1998-12-27,1998,17,REG,1998_17_MIA_ATL,nfl-morten-andersen,Morten Andersen,ATL,MIA,5,5,1,2,35
1998-12-27,1998,17,REG,1998_17_MIA_ATL,nfl-olindo-mare,Olindo Mare,MIA,ATL,1,2,1,1,26
1998-12-27,1998,17,REG,1998_17_NE_NYJ,nfl-adam-vinatieri,Adam Vinatieri,NE,NYJ,1,1,1,1,19
1998-12-27,1998,17,REG,1998_17_NE_NYJ,nfl-john-hall,John Hall,NYJ,NE,4,4,1,1,36
1998-12-27,1998,17,REG,1998_17_NYG_PHI,nfl-chris-boniol,Chris Boniol,PHI,NYG,1,1,1,1,19
1998-12-27,1998,17,REG,1998_17_SEA_DEN,nfl-jason-elam,Jason Elam,DEN,SEA,4,4,0,2,
1998-12-27,1998,17,REG,1998_17_SEA_DEN,nfl-todd-peterson-2,Todd Peterson,SEA,DEN,3,3,0,0,
1998-12-27,1998,17,REG,1998_17_STL_SF,nfl-jeff-wilkins,Jeff Wilkins,STL,SF,1,2,0,0,
1998-12-27,1998,17,REG,1998_17_TB_CIN,nfl-doug-pelfrey,Doug Pelfrey,CIN,TB,0,0,0,1,
1998-12-27,1998,17,REG,1998_17_TB_CIN,nfl-michael-husted,Michael Husted,TB,CIN,5,5,0,1,
1998-12-27,1998,17,REG,1998_17_WAS_DAL,nfl-cary-blanchard,Cary Blanchard,WAS,DAL,1,1,0,0,
1998-12-28,1998,17,REG,1998_17_PIT_JAX,nfl-mike-hollis,Mike Hollis,JAX,PIT,3,3,0,0,
1998-12-28,1998,17,REG,1998_17_PIT_JAX,nfl-norm-johnson,Norm Johnson,PIT,JAX,0,0,1,2,24
